{"type": "FeatureCollection", "features": [{"id": "0", "type": "Feature", "properties": {"wfo": "CAE", "type": "0", "magf": null, "l": "(\"2024-09-26 04:48:00-05\",0,,\"2 N Vidette\",Burke,GA,\"Emergency Mngr\",\"Burke County EM reported trees and power lines down along HWY 305 between Vidette and Gough. Damage possibly from a tornado.\",CAE,\"TROPICAL CYCLONE\",0101000020E61000008FC2F5285C8F54C048E17A14AE874040,202409261132-KCAE-NWUS52-LSRCAE,\"2024-09-26 06:32:00-05\",,,75455,)", "county": "Burke", "typetext": "TROPICAL CYCLONE", "state": "GA", "remark": "Burke County EM reported trees and power lines down along HWY 305 between Vidette and Gough. Damage possibly from a tornado.", "city": "2 N Vidette", "source": "Emergency Mngr", "unit": null, "valid": "2024-09-26T09:48:00Z", "lon": -82.24, "lat": 33.06, "qualifier": null, "product_id": "202409261132-KCAE-NWUS52-LSRCAE", "st": "GA", "magnitude": ""}, "geometry": {"type": "Point", "coordinates": [-82.24, 33.06]}}, {"id": "1", "type": "Feature", "properties": {"wfo": "CAE", "type": "0", "magf": null, "l": "(\"2024-09-26 06:20:00-05\",0,,Waynesboro,Burke,GA,\"Emergency Mngr\",\"Burke County EM reported tree down in Waynesboro along Ward St.\",CAE,\"TROPICAL CYCLONE\",0101000020E6100000E17A14AE478154C0EC51B81E858B4040,202409261134-KCAE-NWUS52-LSRCAE,\"2024-09-26 06:34:00-05\",,,75455,)", "county": "Burke", "typetext": "TROPICAL CYCLONE", "state": "GA", "remark": "Burke County EM reported tree down in Waynesboro along Ward St.", "city": "Waynesboro", "source": "Emergency Mngr", "unit": null, "valid": "2024-09-26T11:20:00Z", "lon": -82.02, "lat": 33.09, "qualifier": null, "product_id": "202409261134-KCAE-NWUS52-LSRCAE", "st": "GA", "magnitude": ""}, "geometry": {"type": "Point", "coordinates": [-82.02, 33.09]}}, {"id": "2", "type": "Feature", "properties": {"wfo": "CAE", "type": "0", "magf": null, "l": "(\"2024-09-26 17:45:00-05\",0,,\"1 WNW Chesterfield\",Chesterfield,SC,\"Trained Spotter\",\"Trees and powerlines down at Redfearn and Oak Street.\",CAE,\"TROPICAL CYCLONE\",0101000020E610000066666666660654C01F85EB51B85E4140,202409262358-KCAE-NWUS52-LSRCAE,\"2024-09-26 18:58:00-05\",,,77462,)", "county": "Chesterfield", "typetext": "TROPICAL CYCLONE", "state": "SC", "remark": "Trees and powerlines down at Redfearn and Oak Street.", "city": "1 WNW Chesterfield", "source": "Trained Spotter", "unit": null, "valid": "2024-09-26T22:45:00Z", "lon": -80.1, "lat": 34.74, "qualifier": null, "product_id": "202409262358-KCAE-NWUS52-LSRCAE", "st": "SC", "magnitude": ""}, "geometry": {"type": "Point", "coordinates": [-80.1, 34.74]}}, {"id": "3", "type": "Feature", "properties": {"wfo": "CAE", "type": "0", "magf": null, "l": "(\"2024-09-26 18:39:00-05\",0,,\"3 SW White Rock\",Lexington,SC,\"Law Enforcement\",\"Tree and power lines down at 1998 Old Lexington Highway.\",CAE,\"TROPICAL CYCLONE\",0101000020E610000014AE47E17A5454C0AE47E17A140E4140,202409262354-KCAE-NWUS52-LSRCAE,\"2024-09-26 18:54:00-05\",,,77481,)", "county": "Lexington", "typetext": "TROPICAL CYCLONE", "state": "SC", "remark": "Tree and power lines down at 1998 Old Lexington Highway.", "city": "3 SW White Rock", "source": "Law Enforcement", "unit": null, "valid": "2024-09-26T23:39:00Z", "lon": -81.32, "lat": 34.11, "qualifier": null, "product_id": "202409262354-KCAE-NWUS52-LSRCAE", "st": "SC", "magnitude": ""}, "geometry": {"type": "Point", "coordinates": [-81.32, 34.11]}}, {"id": "4", "type": "Feature", "properties": {"wfo": "CAE", "type": "0", "magf": null, "l": "(\"2024-09-26 19:45:00-05\",0,,\"1 SSW Mcbee\",Chesterfield,SC,\"Trained Spotter\",\"Large tree down on Highway 1 about 3 blocks west of highway 151.\",CAE,\"TROPICAL CYCLONE\",0101000020E6100000713D0AD7A31054C07B14AE47E13A4140,202409270047-KCAE-NWUS52-LSRCAE,\"2024-09-26 19:47:00-05\",,,77462,)", "county": "Chesterfield", "typetext": "TROPICAL CYCLONE", "state": "SC", "remark": "Large tree down on Highway 1 about 3 blocks west of highway 151.", "city": "1 SSW Mcbee", "source": "Trained Spotter", "unit": null, "valid": "2024-09-27T00:45:00Z", "lon": -80.26, "lat": 34.46, "qualifier": null, "product_id": "202409270047-KCAE-NWUS52-LSRCAE", "st": "SC", "magnitude": ""}, "geometry": {"type": "Point", "coordinates": [-80.26, 34.46]}}, {"id": "5", "type": "Feature", "properties": {"wfo": "CAE", "type": "0", "magf": null, "l": "(\"2024-09-27 01:23:00-05\",0,,\"2 NW Hephzibah\",Richmond,GA,\"Local Official\",\"Trees down on Keysville Rd and Murphy Rd.\",CAE,\"TROPICAL CYCLONE\",0101000020E6100000B81E85EB518854C06666666666A64040,202409270645-KCAE-NWUS52-LSRCAE,\"2024-09-27 01:45:00-05\",,,75559,)", "county": "Richmond", "typetext": "TROPICAL CYCLONE", "state": "GA", "remark": "Trees down on Keysville Rd and Murphy Rd.", "city": "2 NW Hephzibah", "source": "Local Official", "unit": null, "valid": "2024-09-27T06:23:00Z", "lon": -82.13, "lat": 33.3, "qualifier": null, "product_id": "202409270645-KCAE-NWUS52-LSRCAE", "st": "GA", "magnitude": ""}, "geometry": {"type": "Point", "coordinates": [-82.13, 33.3]}}, {"id": "6", "type": "Feature", "properties": {"wfo": "CAE", "type": "0", "magf": null, "l": "(\"2024-09-27 02:33:00-05\",0,,\"3 ESE Keysville\",Burke,GA,\"Emergency Mngr\",\"Trees and power lines down in several areas. Farmers Bridge Road near Perkins Mill Road, Seven Oaks Roads near Cates Mead Road, and Highway 80 East near River Road.\",CAE,\"TROPICAL CYCLONE\",0101000020E6100000EC51B81E858B54C07B14AE47E19A4040,202409270735-KCAE-NWUS52-LSRCAE,\"2024-09-27 02:35:00-05\",,,75455,)", "county": "Burke", "typetext": "TROPICAL CYCLONE", "state": "GA", "remark": "Trees and power lines down in several areas. Farmers Bridge Road near Perkins Mill Road, Seven Oaks Roads near Cates Mead Road, and Highway 80 East near River Road.", "city": "3 ESE Keysville", "source": "Emergency Mngr", "unit": null, "valid": "2024-09-27T07:33:00Z", "lon": -82.18, "lat": 33.21, "qualifier": null, "product_id": "202409270735-KCAE-NWUS52-LSRCAE", "st": "GA", "magnitude": ""}, "geometry": {"type": "Point", "coordinates": [-82.18, 33.21]}}, {"id": "7", "type": "Feature", "properties": {"wfo": "CAE", "type": "0", "magf": null, "l": "(\"2024-09-27 03:10:00-05\",0,,\"2 W Augusta Daniel Fiel\",Richmond,GA,Public,\"Public reported trees down and power flashes along Sibley Rd in Augusta.\",CAE,\"TROPICAL CYCLONE\",0101000020E610000014AE47E17A8454C05C8FC2F528BC4040,202409270816-KCAE-NWUS52-LSRCAE,\"2024-09-27 03:16:00-05\",,,75559,)", "county": "Richmond", "typetext": "TROPICAL CYCLONE", "state": "GA", "remark": "Public reported trees down and power flashes along Sibley Rd in Augusta.", "city": "2 W Augusta Daniel Fiel", "source": "Public", "unit": null, "valid": "2024-09-27T08:10:00Z", "lon": -82.07, "lat": 33.47, "qualifier": null, "product_id": "202409270816-KCAE-NWUS52-LSRCAE", "st": "GA", "magnitude": ""}, "geometry": {"type": "Point", "coordinates": [-82.07, 33.47]}}, {"id": "8", "type": "Feature", "properties": {"wfo": "CAE", "type": "0", "magf": null, "l": "(\"2024-09-27 03:25:00-05\",0,,\"3 ENE Bowman\",Orangeburg,SC,\"Emergency Mngr\",\"Orangeburg County EM reports trees down along Baxley Rd.\",CAE,\"TROPICAL CYCLONE\",0101000020E6100000295C8FC2F52854C08FC2F5285CAF4040,202409270830-KCAE-NWUS52-LSRCAE,\"2024-09-27 03:30:00-05\",,,77487,)", "county": "Orangeburg", "typetext": "TROPICAL CYCLONE", "state": "SC", "remark": "Orangeburg County EM reports trees down along Baxley Rd.", "city": "3 ENE Bowman", "source": "Emergency Mngr", "unit": null, "valid": "2024-09-27T08:25:00Z", "lon": -80.64, "lat": 33.37, "qualifier": null, "product_id": "202409270830-KCAE-NWUS52-LSRCAE", "st": "SC", "magnitude": ""}, "geometry": {"type": "Point", "coordinates": [-80.64, 33.37]}}, {"id": "9", "type": "Feature", "properties": {"wfo": "CAE", "type": "0", "magf": null, "l": "(\"2024-09-27 03:25:00-05\",0,,\"4 SE Bowman\",Orangeburg,SC,\"Emergency Mngr\",\"Orangeburg County EM reports trees down along Two Church Rd.\",CAE,\"TROPICAL CYCLONE\",0101000020E6100000B81E85EB512854C048E17A14AEA74040,202409270830-KCAE-NWUS52-LSRCAE,\"2024-09-27 03:30:00-05\",,,77487,)", "county": "Orangeburg", "typetext": "TROPICAL CYCLONE", "state": "SC", "remark": "Orangeburg County EM reports trees down along Two Church Rd.", "city": "4 SE Bowman", "source": "Emergency Mngr", "unit": null, "valid": "2024-09-27T08:25:00Z", "lon": -80.63, "lat": 33.31, "qualifier": null, "product_id": "202409270830-KCAE-NWUS52-LSRCAE", "st": "SC", "magnitude": ""}, "geometry": {"type": "Point", "coordinates": [-80.63, 33.31]}}, {"id": "10", "type": "Feature", "properties": {"wfo": "CAE", "type": "0", "magf": null, "l": "(\"2024-09-27 03:28:00-05\",0,,\"6 ESE Camden\",Kershaw,SC,\"Emergency Mngr\",\"Tree on Power Lines.\",CAE,\"TROPICAL CYCLONE\",0101000020E6100000E17A14AE472154C05C8FC2F5281C4140,202409271011-KCAE-NWUS52-LSRCAE,\"2024-09-27 05:11:00-05\",,,77477,)", "county": "Kershaw", "typetext": "TROPICAL CYCLONE", "state": "SC", "remark": "Tree on Power Lines.", "city": "6 ESE Camden", "source": "Emergency Mngr", "unit": null, "valid": "2024-09-27T08:28:00Z", "lon": -80.52, "lat": 34.22, "qualifier": null, "product_id": "202409271011-KCAE-NWUS52-LSRCAE", "st": "SC", "magnitude": ""}, "geometry": {"type": "Point", "coordinates": [-80.52, 34.22]}}, {"id": "11", "type": "Feature", "properties": {"wfo": "CAE", "type": "0", "magf": null, "l": "(\"2024-09-27 03:41:00-05\",0,,\"1 NE Bowman\",Orangeburg,SC,\"Emergency Mngr\",\"Trees down.\",CAE,\"TROPICAL CYCLONE\",0101000020E61000007B14AE47E12A54C0AE47E17A14AE4040,202409270847-KCAE-NWUS52-LSRCAE,\"2024-09-27 03:47:00-05\",,,77487,)", "county": "Orangeburg", "typetext": "TROPICAL CYCLONE", "state": "SC", "remark": "Trees down.", "city": "1 NE Bowman", "source": "Emergency Mngr", "unit": null, "valid": "2024-09-27T08:41:00Z", "lon": -80.67, "lat": 33.36, "qualifier": null, "product_id": "202409270847-KCAE-NWUS52-LSRCAE", "st": "SC", "magnitude": ""}, "geometry": {"type": "Point", "coordinates": [-80.67, 33.36]}}, {"id": "12", "type": "Feature", "properties": {"wfo": "CAE", "type": "0", "magf": null, "l": "(\"2024-09-27 03:41:00-05\",0,,\"3 ESE Cope\",Orangeburg,SC,Public,\"Trees down.\",CAE,\"TROPICAL CYCLONE\",0101000020E6100000CDCCCCCCCC3C54C0AE47E17A14AE4040,202409270849-KCAE-NWUS52-LSRCAE,\"2024-09-27 03:49:00-05\",,,77487,)", "county": "Orangeburg", "typetext": "TROPICAL CYCLONE", "state": "SC", "remark": "Trees down.", "city": "3 ESE Cope", "source": "Public", "unit": null, "valid": "2024-09-27T08:41:00Z", "lon": -80.95, "lat": 33.36, "qualifier": null, "product_id": "202409270849-KCAE-NWUS52-LSRCAE", "st": "SC", "magnitude": ""}, "geometry": {"type": "Point", "coordinates": [-80.95, 33.36]}}, {"id": "13", "type": "Feature", "properties": {"wfo": "CAE", "type": "0", "magf": null, "l": "(\"2024-09-27 03:44:00-05\",0,,\"5 WSW Rowesville\",Orangeburg,SC,\"Emergency Mngr\",\"Trees down.\",CAE,\"TROPICAL CYCLONE\",0101000020E61000007B14AE47E13A54C0CDCCCCCCCCAC4040,202409270845-KCAE-NWUS52-LSRCAE,\"2024-09-27 03:45:00-05\",,,77487,)", "county": "Orangeburg", "typetext": "TROPICAL CYCLONE", "state": "SC", "remark": "Trees down.", "city": "5 WSW Rowesville", "source": "Emergency Mngr", "unit": null, "valid": "2024-09-27T08:44:00Z", "lon": -80.92, "lat": 33.35, "qualifier": null, "product_id": "202409270845-KCAE-NWUS52-LSRCAE", "st": "SC", "magnitude": ""}, "geometry": {"type": "Point", "coordinates": [-80.92, 33.35]}}, {"id": "14", "type": "Feature", "properties": {"wfo": "CAE", "type": "0", "magf": null, "l": "(\"2024-09-27 04:00:00-05\",0,,\"1 ENE Thomson\",McDuffie,GA,\"Broadcast Media\",\"*** 3 FATAL *** A mom and two infants were killed in their house by a falling tree in Thomson.\",CAE,\"TROPICAL CYCLONE\",0101000020E6100000AE47E17A149E54C05C8FC2F528BC4040,202410021543-KCAE-NWUS52-LSRCAE,\"2024-10-02 10:43:00-05\",,,75532,)", "county": "McDuffie", "typetext": "TROPICAL CYCLONE", "state": "GA", "remark": "*** 3 FATAL *** A mom and two infants were killed in their house by a falling tree in Thomson.", "city": "1 ENE Thomson", "source": "Broadcast Media", "unit": null, "valid": "2024-09-27T09:00:00Z", "lon": -82.47, "lat": 33.47, "qualifier": null, "product_id": "202410021543-KCAE-NWUS52-LSRCAE", "st": "GA", "magnitude": ""}, "geometry": {"type": "Point", "coordinates": [-82.47, 33.47]}}, {"id": "15", "type": "Feature", "properties": {"wfo": "CAE", "type": "0", "magf": null, "l": "(\"2024-09-27 04:00:00-05\",0,,\"1 NW Martinez\",Columbia,GA,\"Trained Spotter\",\"Storm Spotter reported numerous trees down on Clark Pointe near River Watch Parkway. Damage widespread.\",CAE,\"TROPICAL CYCLONE\",0101000020E610000066666666668654C0A4703D0AD7C34040,202409271359-KCAE-NWUS52-LSRCAE,\"2024-09-27 08:59:00-05\",,,75474,)", "county": "Columbia", "typetext": "TROPICAL CYCLONE", "state": "GA", "remark": "Storm Spotter reported numerous trees down on Clark Pointe near River Watch Parkway. Damage widespread.", "city": "1 NW Martinez", "source": "Trained Spotter", "unit": null, "valid": "2024-09-27T09:00:00Z", "lon": -82.1, "lat": 33.53, "qualifier": null, "product_id": "202409271359-KCAE-NWUS52-LSRCAE", "st": "GA", "magnitude": ""}, "geometry": {"type": "Point", "coordinates": [-82.1, 33.53]}}, {"id": "16", "type": "Feature", "properties": {"wfo": "CAE", "type": "0", "magf": null, "l": "(\"2024-09-27 04:00:00-05\",0,,\"2 NNE Aiken\",Aiken,SC,\"Emergency Mngr\",\"Emergency Manager reported widespread trees down with some trees on homes in Aiken County.\",CAE,\"TROPICAL CYCLONE\",0101000020E6100000AE47E17A146E54C0295C8FC2F5C84040,202409271001-KCAE-NWUS52-LSRCAE,\"2024-09-27 05:01:00-05\",,,77451,)", "county": "Aiken", "typetext": "TROPICAL CYCLONE", "state": "SC", "remark": "Emergency Manager reported widespread trees down with some trees on homes in Aiken County.", "city": "2 NNE Aiken", "source": "Emergency Mngr", "unit": null, "valid": "2024-09-27T09:00:00Z", "lon": -81.72, "lat": 33.57, "qualifier": null, "product_id": "202409271001-KCAE-NWUS52-LSRCAE", "st": "SC", "magnitude": ""}, "geometry": {"type": "Point", "coordinates": [-81.72, 33.57]}}, {"id": "17", "type": "Feature", "properties": {"wfo": "CAE", "type": "0", "magf": null, "l": "(\"2024-09-27 04:00:00-05\",0,,\"8 WSW Dreher Island SP\",Saluda,SC,\"Dept of Highways\",\"SC Dept of Public Safety reported multiple trees down along Columbia Hwy in Saluda county. Time an approximate average of all of the reports.\",CAE,\"TROPICAL CYCLONE\",0101000020E610000052B81E85EB6154C085EB51B81E054140,202409271156-KCAE-NWUS52-LSRCAE,\"2024-09-27 06:56:00-05\",,,77490,)", "county": "Saluda", "typetext": "TROPICAL CYCLONE", "state": "SC", "remark": "SC Dept of Public Safety reported multiple trees down along Columbia Hwy in Saluda county. Time an approximate average of all of the reports.", "city": "8 WSW Dreher Island SP", "source": "Dept of Highways", "unit": null, "valid": "2024-09-27T09:00:00Z", "lon": -81.53, "lat": 34.04, "qualifier": null, "product_id": "202409271156-KCAE-NWUS52-LSRCAE", "st": "SC", "magnitude": ""}, "geometry": {"type": "Point", "coordinates": [-81.53, 34.04]}}, {"id": "18", "type": "Feature", "properties": {"wfo": "CAE", "type": "0", "magf": null, "l": "(\"2024-09-27 04:02:00-05\",0,,\"1 NNE Jackson\",Aiken,SC,\"Dept of Highways\",\"SC Dept of Public Safety reports multiple trees in roadways near Jackson in Aiken county.\",CAE,\"TROPICAL CYCLONE\",0101000020E610000052B81E85EB7154C0EC51B81E85AB4040,202409271129-KCAE-NWUS52-LSRCAE,\"2024-09-27 06:29:00-05\",,,77451,)", "county": "Aiken", "typetext": "TROPICAL CYCLONE", "state": "SC", "remark": "SC Dept of Public Safety reports multiple trees in roadways near Jackson in Aiken county.", "city": "1 NNE Jackson", "source": "Dept of Highways", "unit": null, "valid": "2024-09-27T09:02:00Z", "lon": -81.78, "lat": 33.34, "qualifier": null, "product_id": "202409271129-KCAE-NWUS52-LSRCAE", "st": "SC", "magnitude": ""}, "geometry": {"type": "Point", "coordinates": [-81.78, 33.34]}}, {"id": "19", "type": "Feature", "properties": {"wfo": "CAE", "type": "0", "magf": null, "l": "(\"2024-09-27 04:03:00-05\",0,,\"Augusta Bush Field\",Richmond,GA,Public,\"74 mph wind gust.\",CAE,\"TROPICAL CYCLONE\",0101000020E6100000AE47E17A147E54C08FC2F5285CAF4040,202409270907-KCAE-NWUS52-LSRCAE,\"2024-09-27 04:07:00-05\",,,75559,)", "county": "Richmond", "typetext": "TROPICAL CYCLONE", "state": "GA", "remark": "74 mph wind gust.", "city": "Augusta Bush Field", "source": "Public", "unit": null, "valid": "2024-09-27T09:03:00Z", "lon": -81.97, "lat": 33.37, "qualifier": null, "product_id": "202409270907-KCAE-NWUS52-LSRCAE", "st": "GA", "magnitude": ""}, "geometry": {"type": "Point", "coordinates": [-81.97, 33.37]}}, {"id": "20", "type": "Feature", "properties": {"wfo": "CAE", "type": "0", "magf": null, "l": "(\"2024-09-27 04:15:00-05\",0,,Grovetown,Columbia,GA,\"County Official\",\"*** 1 FATAL *** One killed by falling tree in Grovetown.\",CAE,\"TROPICAL CYCLONE\",0101000020E61000003D0AD7A3708D54C09A99999999B94040,202410021543-KCAE-NWUS52-LSRCAE,\"2024-10-02 10:43:00-05\",,,75474,)", "county": "Columbia", "typetext": "TROPICAL CYCLONE", "state": "GA", "remark": "*** 1 FATAL *** One killed by falling tree in Grovetown.", "city": "Grovetown", "source": "County Official", "unit": null, "valid": "2024-09-27T09:15:00Z", "lon": -82.21, "lat": 33.45, "qualifier": null, "product_id": "202410021543-KCAE-NWUS52-LSRCAE", "st": "GA", "magnitude": ""}, "geometry": {"type": "Point", "coordinates": [-82.21, 33.45]}}, {"id": "21", "type": "Feature", "properties": {"wfo": "CAE", "type": "0", "magf": null, "l": "(\"2024-09-27 04:30:00-05\",0,,\"1 N Elgin\",Kershaw,SC,\"Fire Dept/Rescue\",\"Kershaw county fire reports numerous trees down in and around Elgin.\",CAE,\"TROPICAL CYCLONE\",0101000020E6100000C3F5285C8F3254C0D7A3703D0A174140,202409271218-KCAE-NWUS52-LSRCAE,\"2024-09-27 07:18:00-05\",,,77477,)", "county": "Kershaw", "typetext": "TROPICAL CYCLONE", "state": "SC", "remark": "Kershaw county fire reports numerous trees down in and around Elgin.", "city": "1 N Elgin", "source": "Fire Dept/Rescue", "unit": null, "valid": "2024-09-27T09:30:00Z", "lon": -80.79, "lat": 34.18, "qualifier": null, "product_id": "202409271218-KCAE-NWUS52-LSRCAE", "st": "SC", "magnitude": ""}, "geometry": {"type": "Point", "coordinates": [-80.79, 34.18]}}, {"id": "22", "type": "Feature", "properties": {"wfo": "CAE", "type": "0", "magf": null, "l": "(\"2024-09-27 04:30:00-05\",0,,\"2 SSE Clearwater\",Aiken,SC,\"Dept of Highways\",\"SC Dept of Public Safety reported widespread trees down around Clearwater in Aiken County.\",CAE,\"TROPICAL CYCLONE\",0101000020E6100000295C8FC2F57854C03D0AD7A370BD4040,202409271131-KCAE-NWUS52-LSRCAE,\"2024-09-27 06:31:00-05\",,,77451,)", "county": "Aiken", "typetext": "TROPICAL CYCLONE", "state": "SC", "remark": "SC Dept of Public Safety reported widespread trees down around Clearwater in Aiken County.", "city": "2 SSE Clearwater", "source": "Dept of Highways", "unit": null, "valid": "2024-09-27T09:30:00Z", "lon": -81.89, "lat": 33.48, "qualifier": null, "product_id": "202409271131-KCAE-NWUS52-LSRCAE", "st": "SC", "magnitude": ""}, "geometry": {"type": "Point", "coordinates": [-81.89, 33.48]}}, {"id": "23", "type": "Feature", "properties": {"wfo": "CAE", "type": "0", "magf": null, "l": "(\"2024-09-27 04:30:00-05\",0,,\"6 ESE Hephzibah\",Richmond,GA,\"Broadcast Media\",\"*** 2 FATAL *** Two killed in 5000 block of Old Waynesboro Road by falling tree on their home.\",CAE,\"TROPICAL CYCLONE\",0101000020E6100000713D0AD7A38054C0E17A14AE47A14040,202410021543-KCAE-NWUS52-LSRCAE,\"2024-10-02 10:43:00-05\",,,75559,)", "county": "Richmond", "typetext": "TROPICAL CYCLONE", "state": "GA", "remark": "*** 2 FATAL *** Two killed in 5000 block of Old Waynesboro Road by falling tree on their home.", "city": "6 ESE Hephzibah", "source": "Broadcast Media", "unit": null, "valid": "2024-09-27T09:30:00Z", "lon": -82.01, "lat": 33.26, "qualifier": null, "product_id": "202410021543-KCAE-NWUS52-LSRCAE", "st": "GA", "magnitude": ""}, "geometry": {"type": "Point", "coordinates": [-82.01, 33.26]}}, {"id": "24", "type": "Feature", "properties": {"wfo": "CAE", "type": "0", "magf": null, "l": "(\"2024-09-27 04:37:00-05\",0,,\"Augusta Bush Field\",Richmond,GA,ASOS,\"82 mph wind gust. ASOS stop transmitting data.\",CAE,\"TROPICAL CYCLONE\",0101000020E6100000AE47E17A147E54C08FC2F5285CAF4040,202409270943-KCAE-NWUS52-LSRCAE,\"2024-09-27 04:43:00-05\",,,75559,)", "county": "Richmond", "typetext": "TROPICAL CYCLONE", "state": "GA", "remark": "82 mph wind gust. ASOS stop transmitting data.", "city": "Augusta Bush Field", "source": "ASOS", "unit": null, "valid": "2024-09-27T09:37:00Z", "lon": -81.97, "lat": 33.37, "qualifier": null, "product_id": "202409270943-KCAE-NWUS52-LSRCAE", "st": "GA", "magnitude": ""}, "geometry": {"type": "Point", "coordinates": [-81.97, 33.37]}}, {"id": "25", "type": "Feature", "properties": {"wfo": "CAE", "type": "0", "magf": null, "l": "(\"2024-09-27 04:40:00-05\",0,,\"3 S Stateburg\",Sumter,SC,\"Emergency Mngr\",\"Tree down Yorkridge Drive and N. Kings Highway.\",CAE,\"TROPICAL CYCLONE\",0101000020E6100000E17A14AE472154C0B81E85EB51F84040,202409270940-KCAE-NWUS52-LSRCAE,\"2024-09-27 04:40:00-05\",,,77492,)", "county": "Sumter", "typetext": "TROPICAL CYCLONE", "state": "SC", "remark": "Tree down Yorkridge Drive and N. Kings Highway.", "city": "3 S Stateburg", "source": "Emergency Mngr", "unit": null, "valid": "2024-09-27T09:40:00Z", "lon": -80.52, "lat": 33.94, "qualifier": null, "product_id": "202409270940-KCAE-NWUS52-LSRCAE", "st": "SC", "magnitude": ""}, "geometry": {"type": "Point", "coordinates": [-80.52, 33.94]}}, {"id": "26", "type": "Feature", "properties": {"wfo": "CAE", "type": "0", "magf": null, "l": "(\"2024-09-27 04:45:00-05\",0,,\"2 NE Augusta Daniel Fie\",Richmond,GA,\"Broadcast Media\",\"*** 1 FATAL *** One killed by falling tree in the 2200 block of Morningside Drive.\",CAE,\"TROPICAL CYCLONE\",0101000020E6100000713D0AD7A38054C01F85EB51B8BE4040,202410021543-KCAE-NWUS52-LSRCAE,\"2024-10-02 10:43:00-05\",,,75559,)", "county": "Richmond", "typetext": "TROPICAL CYCLONE", "state": "GA", "remark": "*** 1 FATAL *** One killed by falling tree in the 2200 block of Morningside Drive.", "city": "2 NE Augusta Daniel Fie", "source": "Broadcast Media", "unit": null, "valid": "2024-09-27T09:45:00Z", "lon": -82.01, "lat": 33.49, "qualifier": null, "product_id": "202410021543-KCAE-NWUS52-LSRCAE", "st": "GA", "magnitude": ""}, "geometry": {"type": "Point", "coordinates": [-82.01, 33.49]}}, {"id": "27", "type": "Feature", "properties": {"wfo": "CAE", "type": "0", "magf": null, "l": "(\"2024-09-27 04:45:00-05\",0,,\"2 NW Augusta\",Richmond,GA,\"Broadcast Media\",\"*** 1 FATAL *** One killed by falling tree on home in the 2100 block of Lake Avenue.\",CAE,\"TROPICAL CYCLONE\",0101000020E610000000000000008054C01F85EB51B8BE4040,202410021543-KCAE-NWUS52-LSRCAE,\"2024-10-02 10:43:00-05\",,,75559,)", "county": "Richmond", "typetext": "TROPICAL CYCLONE", "state": "GA", "remark": "*** 1 FATAL *** One killed by falling tree on home in the 2100 block of Lake Avenue.", "city": "2 NW Augusta", "source": "Broadcast Media", "unit": null, "valid": "2024-09-27T09:45:00Z", "lon": -82.0, "lat": 33.49, "qualifier": null, "product_id": "202410021543-KCAE-NWUS52-LSRCAE", "st": "GA", "magnitude": ""}, "geometry": {"type": "Point", "coordinates": [-82.0, 33.49]}}, {"id": "28", "type": "Feature", "properties": {"wfo": "CAE", "type": "0", "magf": null, "l": "(\"2024-09-27 04:45:00-05\",0,,\"2 WNW Augusta Daniel Fi\",Richmond,GA,\"County Official\",\"*** 1 FATAL *** One killed by falling tree on home in the 3300 block of Wedgewood Drive.\",CAE,\"TROPICAL CYCLONE\",0101000020E610000085EB51B81E8554C05C8FC2F528BC4040,202410021543-KCAE-NWUS52-LSRCAE,\"2024-10-02 10:43:00-05\",,,75559,)", "county": "Richmond", "typetext": "TROPICAL CYCLONE", "state": "GA", "remark": "*** 1 FATAL *** One killed by falling tree on home in the 3300 block of Wedgewood Drive.", "city": "2 WNW Augusta Daniel Fi", "source": "County Official", "unit": null, "valid": "2024-09-27T09:45:00Z", "lon": -82.08, "lat": 33.47, "qualifier": null, "product_id": "202410021543-KCAE-NWUS52-LSRCAE", "st": "GA", "magnitude": ""}, "geometry": {"type": "Point", "coordinates": [-82.08, 33.47]}}, {"id": "29", "type": "Feature", "properties": {"wfo": "CAE", "type": "0", "magf": null, "l": "(\"2024-09-27 04:45:00-05\",0,,\"4 ESE Paxville\",Clarendon,SC,\"Dept of Highways\",\"SC Dept of Public Safety reported multiple trees down in Clarendon County. Time an approximate average of all of the reports.\",CAE,\"TROPICAL CYCLONE\",0101000020E610000033333333331354C05C8FC2F528DC4040,202409271203-KCAE-NWUS52-LSRCAE,\"2024-09-27 07:03:00-05\",,,77463,)", "county": "Clarendon", "typetext": "TROPICAL CYCLONE", "state": "SC", "remark": "SC Dept of Public Safety reported multiple trees down in Clarendon County. Time an approximate average of all of the reports.", "city": "4 ESE Paxville", "source": "Dept of Highways", "unit": null, "valid": "2024-09-27T09:45:00Z", "lon": -80.3, "lat": 33.72, "qualifier": null, "product_id": "202409271203-KCAE-NWUS52-LSRCAE", "st": "SC", "magnitude": ""}, "geometry": {"type": "Point", "coordinates": [-80.3, 33.72]}}, {"id": "30", "type": "Feature", "properties": {"wfo": "CAE", "type": "0", "magf": null, "l": "(\"2024-09-27 04:46:00-05\",0,,\"2 NNW Grovetown\",Columbia,GA,Mesonet,\"GA DOT Mesonet recorded a peak wind gust of 62 mph at 5:46a.\",CAE,\"TROPICAL CYCLONE\",0101000020E61000003D0AD7A3708D54C03D0AD7A370BD4040,202409271137-KCAE-NWUS52-LSRCAE,\"2024-09-27 06:37:00-05\",,,75474,)", "county": "Columbia", "typetext": "TROPICAL CYCLONE", "state": "GA", "remark": "GA DOT Mesonet recorded a peak wind gust of 62 mph at 5:46a.", "city": "2 NNW Grovetown", "source": "Mesonet", "unit": null, "valid": "2024-09-27T09:46:00Z", "lon": -82.21, "lat": 33.48, "qualifier": null, "product_id": "202409271137-KCAE-NWUS52-LSRCAE", "st": "GA", "magnitude": ""}, "geometry": {"type": "Point", "coordinates": [-82.21, 33.48]}}, {"id": "31", "type": "Feature", "properties": {"wfo": "CAE", "type": "0", "magf": null, "l": "(\"2024-09-27 04:46:00-05\",0,,Elgin,Kershaw,SC,\"Fire Dept/Rescue\",\"Kershaw county fire reported a tree down blocking the roadway along Cherry Ln.\",CAE,\"TROPICAL CYCLONE\",0101000020E6100000C3F5285C8F3254C0F6285C8FC2154140,202409271217-KCAE-NWUS52-LSRCAE,\"2024-09-27 07:17:00-05\",,,77477,)", "county": "Kershaw", "typetext": "TROPICAL CYCLONE", "state": "SC", "remark": "Kershaw county fire reported a tree down blocking the roadway along Cherry Ln.", "city": "Elgin", "source": "Fire Dept/Rescue", "unit": null, "valid": "2024-09-27T09:46:00Z", "lon": -80.79, "lat": 34.17, "qualifier": null, "product_id": "202409271217-KCAE-NWUS52-LSRCAE", "st": "SC", "magnitude": ""}, "geometry": {"type": "Point", "coordinates": [-80.79, 34.17]}}, {"id": "32", "type": "Feature", "properties": {"wfo": "CAE", "type": "0", "magf": null, "l": "(\"2024-09-27 04:47:00-05\",0,,\"2 W Blythewood\",Richland,SC,Public,\"Large tree blocking Blythewood Road by Muller Road Middle School.\",CAE,\"TROPICAL CYCLONE\",0101000020E6100000713D0AD7A34054C07B14AE47E11A4140,202409270956-KCAE-NWUS52-LSRCAE,\"2024-09-27 04:56:00-05\",,,77489,)", "county": "Richland", "typetext": "TROPICAL CYCLONE", "state": "SC", "remark": "Large tree blocking Blythewood Road by Muller Road Middle School.", "city": "2 W Blythewood", "source": "Public", "unit": null, "valid": "2024-09-27T09:47:00Z", "lon": -81.01, "lat": 34.21, "qualifier": null, "product_id": "202409270956-KCAE-NWUS52-LSRCAE", "st": "SC", "magnitude": ""}, "geometry": {"type": "Point", "coordinates": [-81.01, 34.21]}}, {"id": "33", "type": "Feature", "properties": {"wfo": "CAE", "type": "0", "magf": null, "l": "(\"2024-09-27 04:56:00-05\",0,,\"4 ENE Martinez\",Richmond,GA,Mesonet,\"GA DOT Mesonet recorded a peak wind gust of 72 mph at 5:56a.\",CAE,\"TROPICAL CYCLONE\",0101000020E6100000E17A14AE478154C0A4703D0AD7C34040,202409271136-KCAE-NWUS52-LSRCAE,\"2024-09-27 06:36:00-05\",,,75559,)", "county": "Richmond", "typetext": "TROPICAL CYCLONE", "state": "GA", "remark": "GA DOT Mesonet recorded a peak wind gust of 72 mph at 5:56a.", "city": "4 ENE Martinez", "source": "Mesonet", "unit": null, "valid": "2024-09-27T09:56:00Z", "lon": -82.02, "lat": 33.53, "qualifier": null, "product_id": "202409271136-KCAE-NWUS52-LSRCAE", "st": "GA", "magnitude": ""}, "geometry": {"type": "Point", "coordinates": [-82.02, 33.53]}}, {"id": "34", "type": "Feature", "properties": {"wfo": "CAE", "type": "0", "magf": null, "l": "(\"2024-09-27 04:58:00-05\",0,,\"1 N Oakland\",Sumter,SC,\"Emergency Mngr\",\"Trees down Highway 261 N near Fish and Racoon Roads.\",CAE,\"TROPICAL CYCLONE\",0101000020E610000000000000002054C00000000000004140,202409270958-KCAE-NWUS52-LSRCAE,\"2024-09-27 04:58:00-05\",,,77492,)", "county": "Sumter", "typetext": "TROPICAL CYCLONE", "state": "SC", "remark": "Trees down Highway 261 N near Fish and Racoon Roads.", "city": "1 N Oakland", "source": "Emergency Mngr", "unit": null, "valid": "2024-09-27T09:58:00Z", "lon": -80.5, "lat": 34.0, "qualifier": null, "product_id": "202409270958-KCAE-NWUS52-LSRCAE", "st": "SC", "magnitude": ""}, "geometry": {"type": "Point", "coordinates": [-80.5, 34.0]}}, {"id": "35", "type": "Feature", "properties": {"wfo": "CAE", "type": "0", "magf": null, "l": "(\"2024-09-27 05:00:00-05\",0,,\"4 S Burnettown\",Aiken,SC,\"County Official\",\"*** 1 FATAL *** One killed by falling tree in the 300 block of Casnette Road in Beech Island.\",CAE,\"TROPICAL CYCLONE\",0101000020E610000066666666667654C07B14AE47E1BA4040,202410021543-KCAE-NWUS52-LSRCAE,\"2024-10-02 10:43:00-05\",,,77451,)", "county": "Aiken", "typetext": "TROPICAL CYCLONE", "state": "SC", "remark": "*** 1 FATAL *** One killed by falling tree in the 300 block of Casnette Road in Beech Island.", "city": "4 S Burnettown", "source": "County Official", "unit": null, "valid": "2024-09-27T10:00:00Z", "lon": -81.85, "lat": 33.46, "qualifier": null, "product_id": "202410021543-KCAE-NWUS52-LSRCAE", "st": "SC", "magnitude": ""}, "geometry": {"type": "Point", "coordinates": [-81.85, 33.46]}}, {"id": "36", "type": "Feature", "properties": {"wfo": "CAE", "type": "0", "magf": null, "l": "(\"2024-09-27 05:00:00-05\",0,,\"6 NE Aiken Municipal Ap\",Aiken,SC,\"Dept of Highways\",\"SC Dept of Public Safety reports numerous trees down along I20 in Aiken County.\",CAE,\"TROPICAL CYCLONE\",0101000020E610000066666666666654C09A99999999D94040,202409271133-KCAE-NWUS52-LSRCAE,\"2024-09-27 06:33:00-05\",,,77451,)", "county": "Aiken", "typetext": "TROPICAL CYCLONE", "state": "SC", "remark": "SC Dept of Public Safety reports numerous trees down along I20 in Aiken County.", "city": "6 NE Aiken Municipal Ap", "source": "Dept of Highways", "unit": null, "valid": "2024-09-27T10:00:00Z", "lon": -81.6, "lat": 33.7, "qualifier": null, "product_id": "202409271133-KCAE-NWUS52-LSRCAE", "st": "SC", "magnitude": ""}, "geometry": {"type": "Point", "coordinates": [-81.6, 33.7]}}, {"id": "37", "type": "Feature", "properties": {"wfo": "CAE", "type": "0", "magf": null, "l": "(\"2024-09-27 05:00:00-05\",0,,Clearwater,Aiken,SC,Public,\"Public report of a large tree falling on a carport along Terrace Rd in North Augusta. Time estimated.\",CAE,\"TROPICAL CYCLONE\",0101000020E61000000AD7A3703D7A54C00000000000C04040,202409271411-KCAE-NWUS52-LSRCAE,\"2024-09-27 09:11:00-05\",,,77451,)", "county": "Aiken", "typetext": "TROPICAL CYCLONE", "state": "SC", "remark": "Public report of a large tree falling on a carport along Terrace Rd in North Augusta. Time estimated.", "city": "Clearwater", "source": "Public", "unit": null, "valid": "2024-09-27T10:00:00Z", "lon": -81.91, "lat": 33.5, "qualifier": null, "product_id": "202409271411-KCAE-NWUS52-LSRCAE", "st": "SC", "magnitude": ""}, "geometry": {"type": "Point", "coordinates": [-81.91, 33.5]}}, {"id": "38", "type": "Feature", "properties": {"wfo": "CAE", "type": "0", "magf": null, "l": "(\"2024-09-27 05:01:00-05\",0,,\"4 N Blythe\",Richmond,GA,Mesonet,\"Fort Eisenhower RAWS recorded a peak wind gust of 58 mph at 6:01a.\",CAE,\"TROPICAL CYCLONE\",0101000020E61000003D0AD7A3708D54C0CDCCCCCCCCAC4040,202409271141-KCAE-NWUS52-LSRCAE,\"2024-09-27 06:41:00-05\",,,75559,)", "county": "Richmond", "typetext": "TROPICAL CYCLONE", "state": "GA", "remark": "Fort Eisenhower RAWS recorded a peak wind gust of 58 mph at 6:01a.", "city": "4 N Blythe", "source": "Mesonet", "unit": null, "valid": "2024-09-27T10:01:00Z", "lon": -82.21, "lat": 33.35, "qualifier": null, "product_id": "202409271141-KCAE-NWUS52-LSRCAE", "st": "GA", "magnitude": ""}, "geometry": {"type": "Point", "coordinates": [-82.21, 33.35]}}, {"id": "39", "type": "Feature", "properties": {"wfo": "CAE", "type": "0", "magf": null, "l": "(\"2024-09-27 05:09:00-05\",0,,\"Columbia Metro Apt\",Lexington,SC,\"Official NWS Obs\",\"KCAE recorded a peak gust of 67 mph.\",CAE,\"TROPICAL CYCLONE\",0101000020E610000048E17A14AE4754C0B81E85EB51F84040,202409271144-KCAE-NWUS52-LSRCAE,\"2024-09-27 06:44:00-05\",,,77481,)", "county": "Lexington", "typetext": "TROPICAL CYCLONE", "state": "SC", "remark": "KCAE recorded a peak gust of 67 mph.", "city": "Columbia Metro Apt", "source": "Official NWS Obs", "unit": null, "valid": "2024-09-27T10:09:00Z", "lon": -81.12, "lat": 33.94, "qualifier": null, "product_id": "202409271144-KCAE-NWUS52-LSRCAE", "st": "SC", "magnitude": ""}, "geometry": {"type": "Point", "coordinates": [-81.12, 33.94]}}, {"id": "40", "type": "Feature", "properties": {"wfo": "CAE", "type": "0", "magf": null, "l": "(\"2024-09-27 05:15:00-05\",0,,\"1 WSW Lexington\",Lexington,SC,\"Dept of Highways\",\"SC Dept of Public Safety reported numerous trees down blocking roadways in and around Lexington. Time an approximate average of all of the reports.\",CAE,\"TROPICAL CYCLONE\",0101000020E61000008FC2F5285C4F54C03D0AD7A370FD4040,202409271149-KCAE-NWUS52-LSRCAE,\"2024-09-27 06:49:00-05\",,,77481,)", "county": "Lexington", "typetext": "TROPICAL CYCLONE", "state": "SC", "remark": "SC Dept of Public Safety reported numerous trees down blocking roadways in and around Lexington. Time an approximate average of all of the reports.", "city": "1 WSW Lexington", "source": "Dept of Highways", "unit": null, "valid": "2024-09-27T10:15:00Z", "lon": -81.24, "lat": 33.98, "qualifier": null, "product_id": "202409271149-KCAE-NWUS52-LSRCAE", "st": "SC", "magnitude": ""}, "geometry": {"type": "Point", "coordinates": [-81.24, 33.98]}}, {"id": "41", "type": "Feature", "properties": {"wfo": "CAE", "type": "0", "magf": null, "l": "(\"2024-09-27 05:20:00-05\",0,,\"1 S Pelion\",Lexington,SC,\"Dept of Highways\",\"SC Dept of Public Safety reported numerous trees down in and around the community of Pelion. Time an approximate average of all of the reports.\",CAE,\"TROPICAL CYCLONE\",0101000020E61000008FC2F5285C4F54C0E17A14AE47E14040,202409271148-KCAE-NWUS52-LSRCAE,\"2024-09-27 06:48:00-05\",,,77481,)", "county": "Lexington", "typetext": "TROPICAL CYCLONE", "state": "SC", "remark": "SC Dept of Public Safety reported numerous trees down in and around the community of Pelion. Time an approximate average of all of the reports.", "city": "1 S Pelion", "source": "Dept of Highways", "unit": null, "valid": "2024-09-27T10:20:00Z", "lon": -81.24, "lat": 33.76, "qualifier": null, "product_id": "202409271148-KCAE-NWUS52-LSRCAE", "st": "SC", "magnitude": ""}, "geometry": {"type": "Point", "coordinates": [-81.24, 33.76]}}, {"id": "42", "type": "Feature", "properties": {"wfo": "CAE", "type": "0", "magf": null, "l": "(\"2024-09-27 05:30:00-05\",0,,\"2 N Chapin\",Lexington,SC,\"Dept of Highways\",\"SC Dept of Public Safety reported numerous trees down along I20 near Chapin. Time an approximate average of all of the reports.\",CAE,\"TROPICAL CYCLONE\",0101000020E6100000F6285C8FC25554C0B81E85EB51184140,202409271153-KCAE-NWUS52-LSRCAE,\"2024-09-27 06:53:00-05\",,,77481,)", "county": "Lexington", "typetext": "TROPICAL CYCLONE", "state": "SC", "remark": "SC Dept of Public Safety reported numerous trees down along I20 near Chapin. Time an approximate average of all of the reports.", "city": "2 N Chapin", "source": "Dept of Highways", "unit": null, "valid": "2024-09-27T10:30:00Z", "lon": -81.34, "lat": 34.19, "qualifier": null, "product_id": "202409271153-KCAE-NWUS52-LSRCAE", "st": "SC", "magnitude": ""}, "geometry": {"type": "Point", "coordinates": [-81.34, 34.19]}}, {"id": "43", "type": "Feature", "properties": {"wfo": "CAE", "type": "0", "magf": null, "l": "(\"2024-09-27 05:30:00-05\",0,,\"2 N Seven Oaks\",Richland,SC,\"NWS Employee\",\"Tree across the road. Road impassable.\",CAE,\"TROPICAL CYCLONE\",0101000020E6100000295C8FC2F54854C0295C8FC2F5084140,202409271207-KCAE-NWUS52-LSRCAE,\"2024-09-27 07:07:00-05\",,,77489,)", "county": "Richland", "typetext": "TROPICAL CYCLONE", "state": "SC", "remark": "Tree across the road. Road impassable.", "city": "2 N Seven Oaks", "source": "NWS Employee", "unit": null, "valid": "2024-09-27T10:30:00Z", "lon": -81.14, "lat": 34.07, "qualifier": null, "product_id": "202409271207-KCAE-NWUS52-LSRCAE", "st": "SC", "magnitude": ""}, "geometry": {"type": "Point", "coordinates": [-81.14, 34.07]}}, {"id": "44", "type": "Feature", "properties": {"wfo": "CAE", "type": "0", "magf": null, "l": "(\"2024-09-27 05:30:00-05\",0,,\"3 WNW Batesburg\",Saluda,SC,\"Fire Dept/Rescue\",\"*** 2 FATAL *** Two firefighters were killed in their truck by a falling tree along Beulah Road.\",CAE,\"TROPICAL CYCLONE\",0101000020E6100000F6285C8FC26554C0D7A3703D0AF74040,202410021543-KCAE-NWUS52-LSRCAE,\"2024-10-02 10:43:00-05\",,,77490,)", "county": "Saluda", "typetext": "TROPICAL CYCLONE", "state": "SC", "remark": "*** 2 FATAL *** Two firefighters were killed in their truck by a falling tree along Beulah Road.", "city": "3 WNW Batesburg", "source": "Fire Dept/Rescue", "unit": null, "valid": "2024-09-27T10:30:00Z", "lon": -81.59, "lat": 33.93, "qualifier": null, "product_id": "202410021543-KCAE-NWUS52-LSRCAE", "st": "SC", "magnitude": ""}, "geometry": {"type": "Point", "coordinates": [-81.59, 33.93]}}, {"id": "45", "type": "Feature", "properties": {"wfo": "CAE", "type": "0", "magf": null, "l": "(\"2024-09-27 05:30:00-05\",0,,\"4 N New Ellenton\",Aiken,SC,\"Broadcast Media\",\"*** 2 FATAL *** Two killed by falling tree on their home along the 300 block of Talatha Church Road in Aiken County.\",CAE,\"TROPICAL CYCLONE\",0101000020E6100000EC51B81E856B54C03D0AD7A370BD4040,202410021543-KCAE-NWUS52-LSRCAE,\"2024-10-02 10:43:00-05\",,,77451,)", "county": "Aiken", "typetext": "TROPICAL CYCLONE", "state": "SC", "remark": "*** 2 FATAL *** Two killed by falling tree on their home along the 300 block of Talatha Church Road in Aiken County.", "city": "4 N New Ellenton", "source": "Broadcast Media", "unit": null, "valid": "2024-09-27T10:30:00Z", "lon": -81.68, "lat": 33.48, "qualifier": null, "product_id": "202410021543-KCAE-NWUS52-LSRCAE", "st": "SC", "magnitude": ""}, "geometry": {"type": "Point", "coordinates": [-81.68, 33.48]}}, {"id": "46", "type": "Feature", "properties": {"wfo": "CAE", "type": "0", "magf": null, "l": "(\"2024-09-27 05:30:00-05\",0,,Barnwell,Barnwell,SC,\"Dept of Highways\",\"SC Dept of Public Safety reported numerous trees/powerlines down in Barnwell County. Time an approximate average of all of the reports.\",CAE,\"TROPICAL CYCLONE\",0101000020E6100000D7A3703D0A5754C01F85EB51B89E4040,202409271200-KCAE-NWUS52-LSRCAE,\"2024-09-27 07:00:00-05\",,,77455,)", "county": "Barnwell", "typetext": "TROPICAL CYCLONE", "state": "SC", "remark": "SC Dept of Public Safety reported numerous trees/powerlines down in Barnwell County. Time an approximate average of all of the reports.", "city": "Barnwell", "source": "Dept of Highways", "unit": null, "valid": "2024-09-27T10:30:00Z", "lon": -81.36, "lat": 33.24, "qualifier": null, "product_id": "202409271200-KCAE-NWUS52-LSRCAE", "st": "SC", "magnitude": ""}, "geometry": {"type": "Point", "coordinates": [-81.36, 33.24]}}, {"id": "47", "type": "Feature", "properties": {"wfo": "CAE", "type": "0", "magf": null, "l": "(\"2024-09-27 05:40:00-05\",0,,\"1 NNW Seven Oaks\",Lexington,SC,\"Dept of Highways\",\"SC Dept of Public Safety reported numerous trees/powerlines down in and around Seven Oaks and Irmo. Time an approximate average of all of the reports.\",CAE,\"TROPICAL CYCLONE\",0101000020E61000009A999999994954C048E17A14AE074140,202409271150-KCAE-NWUS52-LSRCAE,\"2024-09-27 06:50:00-05\",,,77481,)", "county": "Lexington", "typetext": "TROPICAL CYCLONE", "state": "SC", "remark": "SC Dept of Public Safety reported numerous trees/powerlines down in and around Seven Oaks and Irmo. Time an approximate average of all of the reports.", "city": "1 NNW Seven Oaks", "source": "Dept of Highways", "unit": null, "valid": "2024-09-27T10:40:00Z", "lon": -81.15, "lat": 34.06, "qualifier": null, "product_id": "202409271150-KCAE-NWUS52-LSRCAE", "st": "SC", "magnitude": ""}, "geometry": {"type": "Point", "coordinates": [-81.15, 34.06]}}, {"id": "48", "type": "Feature", "properties": {"wfo": "CAE", "type": "0", "magf": null, "l": "(\"2024-09-27 05:45:00-05\",0,,\"1 SE Aiken Municipal Ap\",Aiken,SC,\"County Official\",\"*** 1 FATAL *** One killed in Metts Park Circle by falling tree on a house.\",CAE,\"TROPICAL CYCLONE\",0101000020E6100000EC51B81E856B54C052B81E85EBD14040,202410021543-KCAE-NWUS52-LSRCAE,\"2024-10-02 10:43:00-05\",,,77451,)", "county": "Aiken", "typetext": "TROPICAL CYCLONE", "state": "SC", "remark": "*** 1 FATAL *** One killed in Metts Park Circle by falling tree on a house.", "city": "1 SE Aiken Municipal Ap", "source": "County Official", "unit": null, "valid": "2024-09-27T10:45:00Z", "lon": -81.68, "lat": 33.64, "qualifier": null, "product_id": "202410021543-KCAE-NWUS52-LSRCAE", "st": "SC", "magnitude": ""}, "geometry": {"type": "Point", "coordinates": [-81.68, 33.64]}}, {"id": "49", "type": "Feature", "properties": {"wfo": "CAE", "type": "0", "magf": null, "l": "(\"2024-09-27 05:53:00-05\",0,,\"Orangeburg Mun Apt\",Orangeburg,SC,\"Official NWS Obs\",\"KOGB recorded a peak wind gust of 58 mph.\",CAE,\"TROPICAL CYCLONE\",0101000020E610000066666666663654C05C8FC2F528BC4040,202409271147-KCAE-NWUS52-LSRCAE,\"2024-09-27 06:47:00-05\",,,77487,)", "county": "Orangeburg", "typetext": "TROPICAL CYCLONE", "state": "SC", "remark": "KOGB recorded a peak wind gust of 58 mph.", "city": "Orangeburg Mun Apt", "source": "Official NWS Obs", "unit": null, "valid": "2024-09-27T10:53:00Z", "lon": -80.85, "lat": 33.47, "qualifier": null, "product_id": "202409271147-KCAE-NWUS52-LSRCAE", "st": "SC", "magnitude": ""}, "geometry": {"type": "Point", "coordinates": [-80.85, 33.47]}}, {"id": "50", "type": "Feature", "properties": {"wfo": "CAE", "type": "0", "magf": null, "l": "(\"2024-09-27 05:55:00-05\",0,,\"5 SSW Irwin\",Lancaster,SC,\"Dept of Highways\",\"SC Dept of Public Safety reports trees down blocking roads near Great Falls Hwy in Lancaster County.\",CAE,\"TROPICAL CYCLONE\",0101000020E6100000F6285C8FC23554C0713D0AD7A3504140,202409271242-KCAE-NWUS52-LSRCAE,\"2024-09-27 07:42:00-05\",,,77478,)", "county": "Lancaster", "typetext": "TROPICAL CYCLONE", "state": "SC", "remark": "SC Dept of Public Safety reports trees down blocking roads near Great Falls Hwy in Lancaster County.", "city": "5 SSW Irwin", "source": "Dept of Highways", "unit": null, "valid": "2024-09-27T10:55:00Z", "lon": -80.84, "lat": 34.63, "qualifier": null, "product_id": "202409271242-KCAE-NWUS52-LSRCAE", "st": "SC", "magnitude": ""}, "geometry": {"type": "Point", "coordinates": [-80.84, 34.63]}}, {"id": "51", "type": "Feature", "properties": {"wfo": "CAE", "type": "0", "magf": null, "l": "(\"2024-09-27 06:00:00-05\",0,,\"3 SW Bishopville\",Lee,SC,\"911 Call Center\",\"Lee County dispatch reported numerous downed trees across the county throughout the morning hours.\",CAE,\"TROPICAL CYCLONE\",0101000020E610000052B81E85EB1154C09A99999999194140,202409271906-KCAE-NWUS52-LSRCAE,\"2024-09-27 14:06:00-05\",,,77480,)", "county": "Lee", "typetext": "TROPICAL CYCLONE", "state": "SC", "remark": "Lee County dispatch reported numerous downed trees across the county throughout the morning hours.", "city": "3 SW Bishopville", "source": "911 Call Center", "unit": null, "valid": "2024-09-27T11:00:00Z", "lon": -80.28, "lat": 34.2, "qualifier": null, "product_id": "202409271906-KCAE-NWUS52-LSRCAE", "st": "SC", "magnitude": ""}, "geometry": {"type": "Point", "coordinates": [-80.28, 34.2]}}, {"id": "52", "type": "Feature", "properties": {"wfo": "CAE", "type": "0", "magf": null, "l": "(\"2024-09-27 06:06:00-05\",0,,\"9 W Saint Matthews\",Calhoun,SC,\"Dept of Highways\",\"SC Dept of Public Safety reported a tree down in the road at the intersection of Bull Swamp Rd and Fringetree Rd.\",CAE,\"TROPICAL CYCLONE\",0101000020E6100000EC51B81E853B54C0D7A3703D0AD74040,202409271246-KCAE-NWUS52-LSRCAE,\"2024-09-27 07:46:00-05\",,,77458,)", "county": "Calhoun", "typetext": "TROPICAL CYCLONE", "state": "SC", "remark": "SC Dept of Public Safety reported a tree down in the road at the intersection of Bull Swamp Rd and Fringetree Rd.", "city": "9 W Saint Matthews", "source": "Dept of Highways", "unit": null, "valid": "2024-09-27T11:06:00Z", "lon": -80.93, "lat": 33.68, "qualifier": null, "product_id": "202409271246-KCAE-NWUS52-LSRCAE", "st": "SC", "magnitude": ""}, "geometry": {"type": "Point", "coordinates": [-80.93, 33.68]}}, {"id": "53", "type": "Feature", "properties": {"wfo": "CAE", "type": "0", "magf": null, "l": "(\"2024-09-27 06:09:00-05\",0,,\"2 E Martinez\",Richmond,GA,\"NWS Employee\",\"NWS employee reported multiple trees down at Hunters Xing and Autumn Chase rd.\",CAE,\"TROPICAL CYCLONE\",0101000020E6100000A4703D0AD78354C0C3F5285C8FC24040,202409271127-KCAE-NWUS52-LSRCAE,\"2024-09-27 06:27:00-05\",,,75559,)", "county": "Richmond", "typetext": "TROPICAL CYCLONE", "state": "GA", "remark": "NWS employee reported multiple trees down at Hunters Xing and Autumn Chase rd.", "city": "2 E Martinez", "source": "NWS Employee", "unit": null, "valid": "2024-09-27T11:09:00Z", "lon": -82.06, "lat": 33.52, "qualifier": null, "product_id": "202409271127-KCAE-NWUS52-LSRCAE", "st": "GA", "magnitude": ""}, "geometry": {"type": "Point", "coordinates": [-82.06, 33.52]}}, {"id": "54", "type": "Feature", "properties": {"wfo": "CAE", "type": "0", "magf": null, "l": "(\"2024-09-27 06:13:00-05\",0,,\"4 N Newberry\",Newberry,SC,\"Dept of Highways\",\"SC Dept of Public Safety reported numerous trees along I26 in Newberry county.\",CAE,\"TROPICAL CYCLONE\",0101000020E610000048E17A14AE6754C0EC51B81E852B4140,202409271239-KCAE-NWUS52-LSRCAE,\"2024-09-27 07:39:00-05\",,,77485,)", "county": "Newberry", "typetext": "TROPICAL CYCLONE", "state": "SC", "remark": "SC Dept of Public Safety reported numerous trees along I26 in Newberry county.", "city": "4 N Newberry", "source": "Dept of Highways", "unit": null, "valid": "2024-09-27T11:13:00Z", "lon": -81.62, "lat": 34.34, "qualifier": null, "product_id": "202409271239-KCAE-NWUS52-LSRCAE", "st": "SC", "magnitude": ""}, "geometry": {"type": "Point", "coordinates": [-81.62, 34.34]}}, {"id": "55", "type": "Feature", "properties": {"wfo": "CAE", "type": "0", "magf": null, "l": "(\"2024-09-27 06:38:00-05\",0,,\"2 N Aiken\",Aiken,SC,Mesonet,\"Mesonet site in Aiken County recorded a peak wind gust of 72 mph at 7:20a.\",CAE,\"TROPICAL CYCLONE\",0101000020E61000001F85EB51B86E54C0295C8FC2F5C84040,202409271139-KCAE-NWUS52-LSRCAE,\"2024-09-27 06:39:00-05\",,,77451,)", "county": "Aiken", "typetext": "TROPICAL CYCLONE", "state": "SC", "remark": "Mesonet site in Aiken County recorded a peak wind gust of 72 mph at 7:20a.", "city": "2 N Aiken", "source": "Mesonet", "unit": null, "valid": "2024-09-27T11:38:00Z", "lon": -81.73, "lat": 33.57, "qualifier": null, "product_id": "202409271139-KCAE-NWUS52-LSRCAE", "st": "SC", "magnitude": ""}, "geometry": {"type": "Point", "coordinates": [-81.73, 33.57]}}, {"id": "56", "type": "Feature", "properties": {"wfo": "CAE", "type": "0", "magf": null, "l": "(\"2024-09-27 06:39:00-05\",0,,\"4 SSW Dearing\",McDuffie,GA,Mesonet,\"UGA Mesonet site in Dearing, GA recorded a peak wind gust of 61 mph.\",CAE,\"TROPICAL CYCLONE\",0101000020E61000009A999999999954C08FC2F5285CAF4040,202409271140-KCAE-NWUS52-LSRCAE,\"2024-09-27 06:40:00-05\",,,75532,)", "county": "McDuffie", "typetext": "TROPICAL CYCLONE", "state": "GA", "remark": "UGA Mesonet site in Dearing, GA recorded a peak wind gust of 61 mph.", "city": "4 SSW Dearing", "source": "Mesonet", "unit": null, "valid": "2024-09-27T11:39:00Z", "lon": -82.4, "lat": 33.37, "qualifier": null, "product_id": "202409271140-KCAE-NWUS52-LSRCAE", "st": "GA", "magnitude": ""}, "geometry": {"type": "Point", "coordinates": [-82.4, 33.37]}}, {"id": "57", "type": "Feature", "properties": {"wfo": "CAE", "type": "0", "magf": null, "l": "(\"2024-09-27 06:50:00-05\",0,,\"1 ESE Oakland\",Sumter,SC,\"Dept of Highways\",\"SC Dept of Public Safety reported multiple trees down along Hwy 441 near Shaw AFB. Time an approximate average of all of the reports.\",CAE,\"TROPICAL CYCLONE\",0101000020E61000008FC2F5285C1F54C03D0AD7A370FD4040,202409271220-KCAE-NWUS52-LSRCAE,\"2024-09-27 07:20:00-05\",,,77492,)", "county": "Sumter", "typetext": "TROPICAL CYCLONE", "state": "SC", "remark": "SC Dept of Public Safety reported multiple trees down along Hwy 441 near Shaw AFB. Time an approximate average of all of the reports.", "city": "1 ESE Oakland", "source": "Dept of Highways", "unit": null, "valid": "2024-09-27T11:50:00Z", "lon": -80.49, "lat": 33.98, "qualifier": null, "product_id": "202409271220-KCAE-NWUS52-LSRCAE", "st": "SC", "magnitude": ""}, "geometry": {"type": "Point", "coordinates": [-80.49, 33.98]}}, {"id": "58", "type": "Feature", "properties": {"wfo": "CAE", "type": "0", "magf": null, "l": "(\"2024-09-27 07:00:00-05\",0,,\"2 ESE Ridgeway\",Fairfield,SC,\"Dept of Highways\",\"SC Dept of Public Safety reported a tree down blocking SC34 near Ridgeway.\",CAE,\"TROPICAL CYCLONE\",0101000020E61000005C8FC2F5283C54C085EB51B81E254140,202409271240-KCAE-NWUS52-LSRCAE,\"2024-09-27 07:40:00-05\",,,77469,)", "county": "Fairfield", "typetext": "TROPICAL CYCLONE", "state": "SC", "remark": "SC Dept of Public Safety reported a tree down blocking SC34 near Ridgeway.", "city": "2 ESE Ridgeway", "source": "Dept of Highways", "unit": null, "valid": "2024-09-27T12:00:00Z", "lon": -80.94, "lat": 34.29, "qualifier": null, "product_id": "202409271240-KCAE-NWUS52-LSRCAE", "st": "SC", "magnitude": ""}, "geometry": {"type": "Point", "coordinates": [-80.94, 34.29]}}, {"id": "59", "type": "Feature", "properties": {"wfo": "CAE", "type": "0", "magf": null, "l": "(\"2024-09-27 07:01:00-05\",0,,\"4 NW Brookdale\",Orangeburg,SC,\"Emergency Mngr\",\"Orangeburg County EM reports trees down throughout the county.\",CAE,\"TROPICAL CYCLONE\",0101000020E6100000295C8FC2F53854C06666666666C64040,202409271201-KCAE-NWUS52-LSRCAE,\"2024-09-27 07:01:00-05\",,,77487,)", "county": "Orangeburg", "typetext": "TROPICAL CYCLONE", "state": "SC", "remark": "Orangeburg County EM reports trees down throughout the county.", "city": "4 NW Brookdale", "source": "Emergency Mngr", "unit": null, "valid": "2024-09-27T12:01:00Z", "lon": -80.89, "lat": 33.55, "qualifier": null, "product_id": "202409271201-KCAE-NWUS52-LSRCAE", "st": "SC", "magnitude": ""}, "geometry": {"type": "Point", "coordinates": [-80.89, 33.55]}}, {"id": "60", "type": "Feature", "properties": {"wfo": "CAE", "type": "0", "magf": null, "l": "(\"2024-09-27 07:41:00-05\",0,,\"2 SSW Ridgeway\",Fairfield,SC,\"Trained Spotter\",\"Trained spotter reported a large tree uprooted and on a house south of Ridgeway.\",CAE,\"TROPICAL CYCLONE\",0101000020E61000001F85EB51B83E54C0A4703D0AD7234140,202409271349-KCAE-NWUS52-LSRCAE,\"2024-09-27 08:49:00-05\",,,77469,)", "county": "Fairfield", "typetext": "TROPICAL CYCLONE", "state": "SC", "remark": "Trained spotter reported a large tree uprooted and on a house south of Ridgeway.", "city": "2 SSW Ridgeway", "source": "Trained Spotter", "unit": null, "valid": "2024-09-27T12:41:00Z", "lon": -80.98, "lat": 34.28, "qualifier": null, "product_id": "202409271349-KCAE-NWUS52-LSRCAE", "st": "SC", "magnitude": ""}, "geometry": {"type": "Point", "coordinates": [-80.98, 34.28]}}, {"id": "61", "type": "Feature", "properties": {"wfo": "CAE", "type": "0", "magf": null, "l": "(\"2024-09-27 07:42:00-05\",0,,Jefferson,Chesterfield,SC,\"Emergency Mngr\",\"Chesterfield County EM reported multiple trees down in Jefferson.\",CAE,\"TROPICAL CYCLONE\",0101000020E6100000295C8FC2F51854C014AE47E17A544140,202409271316-KCAE-NWUS52-LSRCAE,\"2024-09-27 08:16:00-05\",,,77462,)", "county": "Chesterfield", "typetext": "TROPICAL CYCLONE", "state": "SC", "remark": "Chesterfield County EM reported multiple trees down in Jefferson.", "city": "Jefferson", "source": "Emergency Mngr", "unit": null, "valid": "2024-09-27T12:42:00Z", "lon": -80.39, "lat": 34.66, "qualifier": null, "product_id": "202409271316-KCAE-NWUS52-LSRCAE", "st": "SC", "magnitude": ""}, "geometry": {"type": "Point", "coordinates": [-80.39, 34.66]}}, {"id": "62", "type": "Feature", "properties": {"wfo": "CAE", "type": "0", "magf": null, "l": "(\"2024-09-27 07:42:00-05\",0,,Pageland,Chesterfield,SC,\"Emergency Mngr\",\"Chesterfield County EM reported numerous trees down in Pageland.\",CAE,\"TROPICAL CYCLONE\",0101000020E6100000B81E85EB511854C0C3F5285C8F624140,202409271314-KCAE-NWUS52-LSRCAE,\"2024-09-27 08:14:00-05\",,,77462,)", "county": "Chesterfield", "typetext": "TROPICAL CYCLONE", "state": "SC", "remark": "Chesterfield County EM reported numerous trees down in Pageland.", "city": "Pageland", "source": "Emergency Mngr", "unit": null, "valid": "2024-09-27T12:42:00Z", "lon": -80.38, "lat": 34.77, "qualifier": null, "product_id": "202409271314-KCAE-NWUS52-LSRCAE", "st": "SC", "magnitude": ""}, "geometry": {"type": "Point", "coordinates": [-80.38, 34.77]}}, {"id": "63", "type": "Feature", "properties": {"wfo": "CAE", "type": "0", "magf": null, "l": "(\"2024-09-27 08:00:00-05\",0,,\"3 N Augusta Daniel Fiel\",Richmond,GA,\"Broadcast Media\",\"Augusta news media shared videos of significant tree and structural damage along Washington Rd at Bertram Rd in Augusta.\",CAE,\"TROPICAL CYCLONE\",0101000020E610000052B81E85EB8154C0E17A14AE47C14040,202409271312-KCAE-NWUS52-LSRCAE,\"2024-09-27 08:12:00-05\",,,75559,)", "county": "Richmond", "typetext": "TROPICAL CYCLONE", "state": "GA", "remark": "Augusta news media shared videos of significant tree and structural damage along Washington Rd at Bertram Rd in Augusta.", "city": "3 N Augusta Daniel Fiel", "source": "Broadcast Media", "unit": null, "valid": "2024-09-27T13:00:00Z", "lon": -82.03, "lat": 33.51, "qualifier": null, "product_id": "202409271312-KCAE-NWUS52-LSRCAE", "st": "GA", "magnitude": ""}, "geometry": {"type": "Point", "coordinates": [-82.03, 33.51]}}, {"id": "64", "type": "Feature", "properties": {"wfo": "CAE", "type": "0", "magf": null, "l": "(\"2024-09-27 08:23:00-05\",0,,\"1 ENE Cheraw\",Chesterfield,SC,Public,\"Chesterfield County EM reported numerous trees & powerlines down in Cheraw.\",CAE,\"TROPICAL CYCLONE\",0101000020E6100000B81E85EB51F853C09A99999999594140,202409271324-KCAE-NWUS52-LSRCAE,\"2024-09-27 08:24:00-05\",,,77462,)", "county": "Chesterfield", "typetext": "TROPICAL CYCLONE", "state": "SC", "remark": "Chesterfield County EM reported numerous trees & powerlines down in Cheraw.", "city": "1 ENE Cheraw", "source": "Public", "unit": null, "valid": "2024-09-27T13:23:00Z", "lon": -79.88, "lat": 34.7, "qualifier": null, "product_id": "202409271324-KCAE-NWUS52-LSRCAE", "st": "SC", "magnitude": ""}, "geometry": {"type": "Point", "coordinates": [-79.88, 34.7]}}, {"id": "65", "type": "Feature", "properties": {"wfo": "CAE", "type": "0", "magf": null, "l": "(\"2024-09-27 08:23:00-05\",0,,Chesterfield,Chesterfield,SC,\"Emergency Mngr\",\"Chesterfield County EM reported numerous trees down in Chesterfield.\",CAE,\"TROPICAL CYCLONE\",0101000020E6100000F6285C8FC20554C03D0AD7A3705D4140,202409271323-KCAE-NWUS52-LSRCAE,\"2024-09-27 08:23:00-05\",,,77462,)", "county": "Chesterfield", "typetext": "TROPICAL CYCLONE", "state": "SC", "remark": "Chesterfield County EM reported numerous trees down in Chesterfield.", "city": "Chesterfield", "source": "Emergency Mngr", "unit": null, "valid": "2024-09-27T13:23:00Z", "lon": -80.09, "lat": 34.73, "qualifier": null, "product_id": "202409271323-KCAE-NWUS52-LSRCAE", "st": "SC", "magnitude": ""}, "geometry": {"type": "Point", "coordinates": [-80.09, 34.73]}}, {"id": "66", "type": "Feature", "properties": {"wfo": "CAE", "type": "0", "magf": null, "l": "(\"2024-09-27 08:30:00-05\",0,,\"4 SSW Dreher Island SP\",Lexington,SC,Public,\"Public reported numerous trees uprooted with some on homes in Gilbert, SC.\",CAE,\"TROPICAL CYCLONE\",0101000020E61000007B14AE47E15A54C0A4703D0AD7034140,202409271335-KCAE-NWUS52-LSRCAE,\"2024-09-27 08:35:00-05\",,,77481,)", "county": "Lexington", "typetext": "TROPICAL CYCLONE", "state": "SC", "remark": "Public reported numerous trees uprooted with some on homes in Gilbert, SC.", "city": "4 SSW Dreher Island SP", "source": "Public", "unit": null, "valid": "2024-09-27T13:30:00Z", "lon": -81.42, "lat": 34.03, "qualifier": null, "product_id": "202409271335-KCAE-NWUS52-LSRCAE", "st": "SC", "magnitude": ""}, "geometry": {"type": "Point", "coordinates": [-81.42, 34.03]}}, {"id": "67", "type": "Feature", "properties": {"wfo": "CAE", "type": "E", "magf": null, "l": "(\"2024-09-26 07:30:00-05\",E,,\"4 NW Evans\",Columbia,GA,\"911 Call Center\",\"Street flooding reported on William Few Parkway and Windmill Parkway. Parking lot flooded at Parkway Elementary School.\",CAE,FLOOD,0101000020E6100000CDCCCCCCCC8C54C06666666666C64040,202409261251-KCAE-NWUS52-LSRCAE,\"2024-09-26 07:51:00-05\",,,75474,)", "county": "Columbia", "typetext": "FLOOD", "state": "GA", "remark": "Street flooding reported on William Few Parkway and Windmill Parkway. Parking lot flooded at Parkway Elementary School.", "city": "4 NW Evans", "source": "911 Call Center", "unit": null, "valid": "2024-09-26T12:30:00Z", "lon": -82.2, "lat": 33.55, "qualifier": null, "product_id": "202409261251-KCAE-NWUS52-LSRCAE", "st": "GA", "magnitude": ""}, "geometry": {"type": "Point", "coordinates": [-82.2, 33.55]}}, {"id": "68", "type": "Feature", "properties": {"wfo": "CAE", "type": "F", "magf": null, "l": "(\"2024-09-26 10:50:00-05\",F,,\"1 W Owens Field\",Richland,SC,\"Emergency Mngr\",\"Richland County EM reported car flooded at Key Rd near Market St.\",CAE,\"FLASH FLOOD\",0101000020E6100000E17A14AE474154C05C8FC2F528FC4040,202409261711-KCAE-NWUS52-LSRCAE,\"2024-09-26 12:11:00-05\",,,77489,)", "county": "Richland", "typetext": "FLASH FLOOD", "state": "SC", "remark": "Richland County EM reported car flooded at Key Rd near Market St.", "city": "1 W Owens Field", "source": "Emergency Mngr", "unit": null, "valid": "2024-09-26T15:50:00Z", "lon": -81.02, "lat": 33.97, "qualifier": null, "product_id": "202409261711-KCAE-NWUS52-LSRCAE", "st": "SC", "magnitude": ""}, "geometry": {"type": "Point", "coordinates": [-81.02, 33.97]}}, {"id": "69", "type": "Feature", "properties": {"wfo": "CAE", "type": "F", "magf": null, "l": "(\"2024-09-26 10:58:00-05\",F,,\"1 SSE Columbia\",Richland,SC,\"Other Federal\",\"The USGS gage along Rocky Branch Creek at the intersection of Whaley Street and Main Street crested at 9.56 feet. Flood Stage was reached at 1130 am this morning. The roadway was closed with flooding occurring in the area.\",CAE,\"FLASH FLOOD\",0101000020E610000052B81E85EB4154C01F85EB51B8FE4040,202409261711-KCAE-NWUS52-LSRCAE,\"2024-09-26 12:11:00-05\",,,77489,)", "county": "Richland", "typetext": "FLASH FLOOD", "state": "SC", "remark": "The USGS gage along Rocky Branch Creek at the intersection of Whaley Street and Main Street crested at 9.56 feet. Flood Stage was reached at 1130 am this morning. The roadway was closed with flooding occurring in the area.", "city": "1 SSE Columbia", "source": "Other Federal", "unit": null, "valid": "2024-09-26T15:58:00Z", "lon": -81.03, "lat": 33.99, "qualifier": null, "product_id": "202409261711-KCAE-NWUS52-LSRCAE", "st": "SC", "magnitude": ""}, "geometry": {"type": "Point", "coordinates": [-81.03, 33.99]}}, {"id": "70", "type": "Feature", "properties": {"wfo": "CAE", "type": "F", "magf": null, "l": "(\"2024-09-26 12:20:00-05\",F,,\"2 ENE Govan\",Bamberg,SC,\"Dept of Highways\",\"SCDOT closed Middle Place Rd due to flooding near Govan Rd.\",CAE,\"FLASH FLOOD\",0101000020E6100000295C8FC2F54854C03D0AD7A3709D4040,202409261741-KCAE-NWUS52-LSRCAE,\"2024-09-26 12:41:00-05\",,,77454,)", "county": "Bamberg", "typetext": "FLASH FLOOD", "state": "SC", "remark": "SCDOT closed Middle Place Rd due to flooding near Govan Rd.", "city": "2 ENE Govan", "source": "Dept of Highways", "unit": null, "valid": "2024-09-26T17:20:00Z", "lon": -81.14, "lat": 33.23, "qualifier": null, "product_id": "202409261741-KCAE-NWUS52-LSRCAE", "st": "SC", "magnitude": ""}, "geometry": {"type": "Point", "coordinates": [-81.14, 33.23]}}, {"id": "71", "type": "Feature", "properties": {"wfo": "CAE", "type": "F", "magf": null, "l": "(\"2024-09-26 13:15:00-05\",F,,\"1 SSE Columbia\",Richland,SC,\"Other Federal\",\"The USGS stream gage along Rocky Branch Creek went above flood stage at 215 pm this afternoon at Whaley Street. Flooding can be seen on the webcam at Whaley Street and Main Street. The stream crested at 10.32 feet as of 310 pm. The intersection and adjacent roadways are covered in water.\",CAE,\"FLASH FLOOD\",0101000020E610000052B81E85EB4154C01F85EB51B8FE4040,202409261912-KCAE-NWUS52-LSRCAE,\"2024-09-26 14:12:00-05\",,,77489,)", "county": "Richland", "typetext": "FLASH FLOOD", "state": "SC", "remark": "The USGS stream gage along Rocky Branch Creek went above flood stage at 215 pm this afternoon at Whaley Street. Flooding can be seen on the webcam at Whaley Street and Main Street. The stream crested at 10.32 feet as of 310 pm. The intersection and adjacent roadways are covered in water.", "city": "1 SSE Columbia", "source": "Other Federal", "unit": null, "valid": "2024-09-26T18:15:00Z", "lon": -81.03, "lat": 33.99, "qualifier": null, "product_id": "202409261912-KCAE-NWUS52-LSRCAE", "st": "SC", "magnitude": ""}, "geometry": {"type": "Point", "coordinates": [-81.03, 33.99]}}, {"id": "72", "type": "Feature", "properties": {"wfo": "CAE", "type": "F", "magf": null, "l": "(\"2024-09-26 13:22:00-05\",F,,\"4 NE Sesquicentennial S\",Richland,SC,\"Dept of Highways\",\"Roadway washout.\",CAE,\"FLASH FLOOD\",0101000020E6100000D7A3703D0A3754C0713D0AD7A3104140,202409261827-KCAE-NWUS52-LSRCAE,\"2024-09-26 13:27:00-05\",,,77489,)", "county": "Richland", "typetext": "FLASH FLOOD", "state": "SC", "remark": "Roadway washout.", "city": "4 NE Sesquicentennial S", "source": "Dept of Highways", "unit": null, "valid": "2024-09-26T18:22:00Z", "lon": -80.86, "lat": 34.13, "qualifier": null, "product_id": "202409261827-KCAE-NWUS52-LSRCAE", "st": "SC", "magnitude": ""}, "geometry": {"type": "Point", "coordinates": [-80.86, 34.13]}}, {"id": "73", "type": "Feature", "properties": {"wfo": "CAE", "type": "F", "magf": null, "l": "(\"2024-09-26 13:23:00-05\",F,,\"7 N Midville\",Burke,GA,\"Emergency Mngr\",\"Burke County EM reported Hwy 305 near McGruder Rd washed out.\",CAE,\"FLASH FLOOD\",0101000020E61000008FC2F5285C8F54C0F6285C8FC2754040,202409261834-KCAE-NWUS52-LSRCAE,\"2024-09-26 13:34:00-05\",,,75455,)", "county": "Burke", "typetext": "FLASH FLOOD", "state": "GA", "remark": "Burke County EM reported Hwy 305 near McGruder Rd washed out.", "city": "7 N Midville", "source": "Emergency Mngr", "unit": null, "valid": "2024-09-26T18:23:00Z", "lon": -82.24, "lat": 32.92, "qualifier": null, "product_id": "202409261834-KCAE-NWUS52-LSRCAE", "st": "GA", "magnitude": ""}, "geometry": {"type": "Point", "coordinates": [-82.24, 32.92]}}, {"id": "74", "type": "Feature", "properties": {"wfo": "CAE", "type": "F", "magf": null, "l": "(\"2024-09-26 13:39:00-05\",F,,Bamberg,Bamberg,SC,\"County Official\",\"Bamberg County government reported significant flooding along Hwy 301 in the town of Bamberg.\",CAE,\"FLASH FLOOD\",0101000020E6100000C3F5285C8F4254C06666666666A64040,202409261905-KCAE-NWUS52-LSRCAE,\"2024-09-26 14:05:00-05\",,,77454,)", "county": "Bamberg", "typetext": "FLASH FLOOD", "state": "SC", "remark": "Bamberg County government reported significant flooding along Hwy 301 in the town of Bamberg.", "city": "Bamberg", "source": "County Official", "unit": null, "valid": "2024-09-26T18:39:00Z", "lon": -81.04, "lat": 33.3, "qualifier": null, "product_id": "202409261905-KCAE-NWUS52-LSRCAE", "st": "SC", "magnitude": ""}, "geometry": {"type": "Point", "coordinates": [-81.04, 33.3]}}, {"id": "75", "type": "Feature", "properties": {"wfo": "CAE", "type": "F", "magf": null, "l": "(\"2024-09-26 13:40:00-05\",F,,\"1 WSW Grovetown\",Columbia,GA,\"Trained Spotter\",\"Reported Old Brezelia Road closed due to high water. Other areas of the roadway with running running across the roadway.\",CAE,\"FLASH FLOOD\",0101000020E61000003D0AD7A3708D54C09A99999999B94040,202409261957-KCAE-NWUS52-LSRCAE,\"2024-09-26 14:57:00-05\",,,75474,)", "county": "Columbia", "typetext": "FLASH FLOOD", "state": "GA", "remark": "Reported Old Brezelia Road closed due to high water. Other areas of the roadway with running running across the roadway.", "city": "1 WSW Grovetown", "source": "Trained Spotter", "unit": null, "valid": "2024-09-26T18:40:00Z", "lon": -82.21, "lat": 33.45, "qualifier": null, "product_id": "202409261957-KCAE-NWUS52-LSRCAE", "st": "GA", "magnitude": ""}, "geometry": {"type": "Point", "coordinates": [-82.21, 33.45]}}, {"id": "76", "type": "Feature", "properties": {"wfo": "CAE", "type": "F", "magf": null, "l": "(\"2024-09-26 13:45:00-05\",F,,\"1 SSW Columbia\",Richland,SC,\"Law Enforcement\",\"Columbia Police closed the intersection of Blossom and Huger St due to flooding.\",CAE,\"FLASH FLOOD\",0101000020E6100000C3F5285C8F4254C01F85EB51B8FE4040,202409261846-KCAE-NWUS52-LSRCAE,\"2024-09-26 13:46:00-05\",,,77489,)", "county": "Richland", "typetext": "FLASH FLOOD", "state": "SC", "remark": "Columbia Police closed the intersection of Blossom and Huger St due to flooding.", "city": "1 SSW Columbia", "source": "Law Enforcement", "unit": null, "valid": "2024-09-26T18:45:00Z", "lon": -81.04, "lat": 33.99, "qualifier": null, "product_id": "202409261846-KCAE-NWUS52-LSRCAE", "st": "SC", "magnitude": ""}, "geometry": {"type": "Point", "coordinates": [-81.04, 33.99]}}, {"id": "77", "type": "Feature", "properties": {"wfo": "CAE", "type": "F", "magf": null, "l": "(\"2024-09-26 13:45:00-05\",F,,\"4 N Midville\",Burke,GA,\"Emergency Mngr\",\"Hwy 305 closed from Vidette to Midville due to flooding.\",CAE,\"FLASH FLOOD\",0101000020E61000008FC2F5285C8F54C0713D0AD7A3704040,202409261851-KCAE-NWUS52-LSRCAE,\"2024-09-26 13:51:00-05\",,,75455,)", "county": "Burke", "typetext": "FLASH FLOOD", "state": "GA", "remark": "Hwy 305 closed from Vidette to Midville due to flooding.", "city": "4 N Midville", "source": "Emergency Mngr", "unit": null, "valid": "2024-09-26T18:45:00Z", "lon": -82.24, "lat": 32.88, "qualifier": null, "product_id": "202409261851-KCAE-NWUS52-LSRCAE", "st": "GA", "magnitude": ""}, "geometry": {"type": "Point", "coordinates": [-82.24, 32.88]}}, {"id": "78", "type": "Feature", "properties": {"wfo": "CAE", "type": "F", "magf": null, "l": "(\"2024-09-26 13:45:00-05\",F,,\"7 NE Vidette\",Burke,GA,\"Emergency Mngr\",\"Burke County EM reported Hwy 80 west at Coursey Rd flooded.\",CAE,\"FLASH FLOOD\",0101000020E61000009A999999998954C0CDCCCCCCCC8C4040,202409261851-KCAE-NWUS52-LSRCAE,\"2024-09-26 13:51:00-05\",,,75455,)", "county": "Burke", "typetext": "FLASH FLOOD", "state": "GA", "remark": "Burke County EM reported Hwy 80 west at Coursey Rd flooded.", "city": "7 NE Vidette", "source": "Emergency Mngr", "unit": null, "valid": "2024-09-26T18:45:00Z", "lon": -82.15, "lat": 33.1, "qualifier": null, "product_id": "202409261851-KCAE-NWUS52-LSRCAE", "st": "GA", "magnitude": ""}, "geometry": {"type": "Point", "coordinates": [-82.15, 33.1]}}, {"id": "79", "type": "Feature", "properties": {"wfo": "CAE", "type": "F", "magf": null, "l": "(\"2024-09-26 14:16:00-05\",F,,\"6 ENE Vidette\",Burke,GA,\"Amateur Radio\",\"Flooding on Highway 24 near Margaret Lane.\",CAE,\"FLASH FLOOD\",0101000020E61000009A999999998954C048E17A14AE874040,202409262000-KCAE-NWUS52-LSRCAE,\"2024-09-26 15:00:00-05\",,,75455,)", "county": "Burke", "typetext": "FLASH FLOOD", "state": "GA", "remark": "Flooding on Highway 24 near Margaret Lane.", "city": "6 ENE Vidette", "source": "Amateur Radio", "unit": null, "valid": "2024-09-26T19:16:00Z", "lon": -82.15, "lat": 33.06, "qualifier": null, "product_id": "202409262000-KCAE-NWUS52-LSRCAE", "st": "GA", "magnitude": ""}, "geometry": {"type": "Point", "coordinates": [-82.15, 33.06]}}, {"id": "80", "type": "Feature", "properties": {"wfo": "CAE", "type": "F", "magf": null, "l": "(\"2024-09-26 14:25:00-05\",F,,\"2 N Dentsville\",Richland,SC,Public,\"Flood waters going into yards and close to covering LeGrand Road.\",CAE,\"FLASH FLOOD\",0101000020E6100000CDCCCCCCCC3C54C0CDCCCCCCCC0C4140,202409261931-KCAE-NWUS52-LSRCAE,\"2024-09-26 14:31:00-05\",,,77489,)", "county": "Richland", "typetext": "FLASH FLOOD", "state": "SC", "remark": "Flood waters going into yards and close to covering LeGrand Road.", "city": "2 N Dentsville", "source": "Public", "unit": null, "valid": "2024-09-26T19:25:00Z", "lon": -80.95, "lat": 34.1, "qualifier": null, "product_id": "202409261931-KCAE-NWUS52-LSRCAE", "st": "SC", "magnitude": ""}, "geometry": {"type": "Point", "coordinates": [-80.95, 34.1]}}, {"id": "81", "type": "Feature", "properties": {"wfo": "CAE", "type": "F", "magf": null, "l": "(\"2024-09-26 14:30:00-05\",F,,\"1 SSW Forest Acres\",Richland,SC,\"Other Federal\",\"The USGS gage along Pen Branch at Brentwood Drive crested at 8.11 feet. Reports of flooding along the creek.\",CAE,\"FLASH FLOOD\",0101000020E61000001F85EB51B83E54C0E17A14AE47014140,202409262141-KCAE-NWUS52-LSRCAE,\"2024-09-26 16:41:00-05\",,,77489,)", "county": "Richland", "typetext": "FLASH FLOOD", "state": "SC", "remark": "The USGS gage along Pen Branch at Brentwood Drive crested at 8.11 feet. Reports of flooding along the creek.", "city": "1 SSW Forest Acres", "source": "Other Federal", "unit": null, "valid": "2024-09-26T19:30:00Z", "lon": -80.98, "lat": 34.01, "qualifier": null, "product_id": "202409262141-KCAE-NWUS52-LSRCAE", "st": "SC", "magnitude": ""}, "geometry": {"type": "Point", "coordinates": [-80.98, 34.01]}}, {"id": "82", "type": "Feature", "properties": {"wfo": "CAE", "type": "F", "magf": null, "l": "(\"2024-09-26 14:45:00-05\",F,,\"1 NNW Forest Acres\",Richland,SC,Public,\"Covenant Road impassable near the Dollar General Store.\",CAE,\"FLASH FLOOD\",0101000020E61000001F85EB51B83E54C085EB51B81E054140,202409261946-KCAE-NWUS52-LSRCAE,\"2024-09-26 14:46:00-05\",,,77489,)", "county": "Richland", "typetext": "FLASH FLOOD", "state": "SC", "remark": "Covenant Road impassable near the Dollar General Store.", "city": "1 NNW Forest Acres", "source": "Public", "unit": null, "valid": "2024-09-26T19:45:00Z", "lon": -80.98, "lat": 34.04, "qualifier": null, "product_id": "202409261946-KCAE-NWUS52-LSRCAE", "st": "SC", "magnitude": ""}, "geometry": {"type": "Point", "coordinates": [-80.98, 34.04]}}, {"id": "83", "type": "Feature", "properties": {"wfo": "CAE", "type": "F", "magf": null, "l": "(\"2024-09-26 14:47:00-05\",F,,\"Forest Acres\",Richland,SC,Public,\"Homes taking on water near the Timmerman School near Atascadero Drive.\",CAE,\"FLASH FLOOD\",0101000020E61000001F85EB51B83E54C0A4703D0AD7034140,202409261949-KCAE-NWUS52-LSRCAE,\"2024-09-26 14:49:00-05\",,,77489,)", "county": "Richland", "typetext": "FLASH FLOOD", "state": "SC", "remark": "Homes taking on water near the Timmerman School near Atascadero Drive.", "city": "Forest Acres", "source": "Public", "unit": null, "valid": "2024-09-26T19:47:00Z", "lon": -80.98, "lat": 34.03, "qualifier": null, "product_id": "202409261949-KCAE-NWUS52-LSRCAE", "st": "SC", "magnitude": ""}, "geometry": {"type": "Point", "coordinates": [-80.98, 34.03]}}, {"id": "84", "type": "Feature", "properties": {"wfo": "CAE", "type": "F", "magf": null, "l": "(\"2024-09-26 15:00:00-05\",F,,\"Earlewood Park\",Richland,SC,\"Other Federal\",\"The USGS gage along Smith Branch at N. Main Street crested at 10.65 feet in the Moderate Flood Level. Moderate Flooding begins at 10.0 feet. Flood Stage at this gage is 9.0 feet.\",CAE,\"FLASH FLOOD\",0101000020E6100000C3F5285C8F4254C0A4703D0AD7034140,202409262141-KCAE-NWUS52-LSRCAE,\"2024-09-26 16:41:00-05\",,,77489,)", "county": "Richland", "typetext": "FLASH FLOOD", "state": "SC", "remark": "The USGS gage along Smith Branch at N. Main Street crested at 10.65 feet in the Moderate Flood Level. Moderate Flooding begins at 10.0 feet. Flood Stage at this gage is 9.0 feet.", "city": "Earlewood Park", "source": "Other Federal", "unit": null, "valid": "2024-09-26T20:00:00Z", "lon": -81.04, "lat": 34.03, "qualifier": null, "product_id": "202409262141-KCAE-NWUS52-LSRCAE", "st": "SC", "magnitude": ""}, "geometry": {"type": "Point", "coordinates": [-81.04, 34.03]}}, {"id": "85", "type": "Feature", "properties": {"wfo": "CAE", "type": "F", "magf": null, "l": "(\"2024-09-26 15:00:00-05\",F,,\"Forest Acres\",Richland,SC,\"Broadcast Media\",\"Through social media and broadcast media reports of flooding along Atascadero Driver at Eight Mile Branch. Pictures indicate that the roadway is flooded.\",CAE,\"FLASH FLOOD\",0101000020E61000001F85EB51B83E54C0A4703D0AD7034140,202409262039-KCAE-NWUS52-LSRCAE,\"2024-09-26 15:39:00-05\",,,77489,)", "county": "Richland", "typetext": "FLASH FLOOD", "state": "SC", "remark": "Through social media and broadcast media reports of flooding along Atascadero Driver at Eight Mile Branch. Pictures indicate that the roadway is flooded.", "city": "Forest Acres", "source": "Broadcast Media", "unit": null, "valid": "2024-09-26T20:00:00Z", "lon": -80.98, "lat": 34.03, "qualifier": null, "product_id": "202409262039-KCAE-NWUS52-LSRCAE", "st": "SC", "magnitude": ""}, "geometry": {"type": "Point", "coordinates": [-80.98, 34.03]}}, {"id": "86", "type": "Feature", "properties": {"wfo": "CAE", "type": "F", "magf": null, "l": "(\"2024-09-26 15:10:00-05\",F,,\"1 SE Forest Acres\",Richland,SC,Public,\"Reports of flooding along Gills Creek in Forest Acres along Forest Drive. Picture indicates a vehicle stuck in flood water along the creek. This area is where Eight Mile Branch meets Gills Creek.\",CAE,\"FLASH FLOOD\",0101000020E61000003D0AD7A3703D54C0C3F5285C8F024140,202409262039-KCAE-NWUS52-LSRCAE,\"2024-09-26 15:39:00-05\",,,77489,)", "county": "Richland", "typetext": "FLASH FLOOD", "state": "SC", "remark": "Reports of flooding along Gills Creek in Forest Acres along Forest Drive. Picture indicates a vehicle stuck in flood water along the creek. This area is where Eight Mile Branch meets Gills Creek.", "city": "1 SE Forest Acres", "source": "Public", "unit": null, "valid": "2024-09-26T20:10:00Z", "lon": -80.96, "lat": 34.02, "qualifier": null, "product_id": "202409262039-KCAE-NWUS52-LSRCAE", "st": "SC", "magnitude": ""}, "geometry": {"type": "Point", "coordinates": [-80.96, 34.02]}}, {"id": "87", "type": "Feature", "properties": {"wfo": "CAE", "type": "F", "magf": null, "l": "(\"2024-09-26 15:17:00-05\",F,,\"2 WSW Evans\",Columbia,GA,\"Trained Spotter\",\"Reported roadway flooding along N. Old Belair Road near Columbia Road. Areas of the roadway covered with 3 to 4 inches of water with some deeper areas off the shoulder.\",CAE,\"FLASH FLOOD\",0101000020E61000007B14AE47E18A54C0E17A14AE47C14040,202409262024-KCAE-NWUS52-LSRCAE,\"2024-09-26 15:24:00-05\",,,75474,)", "county": "Columbia", "typetext": "FLASH FLOOD", "state": "GA", "remark": "Reported roadway flooding along N. Old Belair Road near Columbia Road. Areas of the roadway covered with 3 to 4 inches of water with some deeper areas off the shoulder.", "city": "2 WSW Evans", "source": "Trained Spotter", "unit": null, "valid": "2024-09-26T20:17:00Z", "lon": -82.17, "lat": 33.51, "qualifier": null, "product_id": "202409262024-KCAE-NWUS52-LSRCAE", "st": "GA", "magnitude": ""}, "geometry": {"type": "Point", "coordinates": [-82.17, 33.51]}}, {"id": "88", "type": "Feature", "properties": {"wfo": "CAE", "type": "F", "magf": null, "l": "(\"2024-09-27 06:30:00-05\",F,,\"5 W Murphys Estates\",Edgefield,SC,\"Trained Spotter\",\"Spotter sent pictures of flash flooding off of Stevens Creek from rainfall that occurred in the core of Helene. Report delayed due to long-duration power outages.\",CAE,\"FLASH FLOOD\",0101000020E6100000E17A14AE478154C0AE47E17A14CE4040,202410231704-KCAE-NWUS52-LSRCAE,\"2024-10-23 12:04:00-05\",,,77468,)", "county": "Edgefield", "typetext": "FLASH FLOOD", "state": "SC", "remark": "Spotter sent pictures of flash flooding off of Stevens Creek from rainfall that occurred in the core of Helene. Report delayed due to long-duration power outages.", "city": "5 W Murphys Estates", "source": "Trained Spotter", "unit": null, "valid": "2024-09-27T11:30:00Z", "lon": -82.02, "lat": 33.61, "qualifier": null, "product_id": "202410231704-KCAE-NWUS52-LSRCAE", "st": "SC", "magnitude": ""}, "geometry": {"type": "Point", "coordinates": [-82.02, 33.61]}}, {"id": "89", "type": "Feature", "properties": {"wfo": "CAE", "type": "T", "magf": null, "l": "(\"2024-09-26 04:53:00-05\",T,,Vidette,Burke,GA,\"Emergency Mngr\",\"A brief tornado touched down just east of Vidette, GA on 9/26/24. This was in association with the initial outer bands of Hurricane Helene. The tornado is radar/EM confirmed as the widespread damage to trees and infrastructure in Burke County, GA made it impossible to survey this tornado after the fact. The tornado produced tree and powerline damage along its path before lifting just north of State Route 305. We`d like to thank Burke County Emergency Management for the timely reports shortly after this tornado touched down. The tornado had peak winds of 80 mph with a path length of 2.27 miles.\",CAE,TORNADO,0101000020E61000008FC2F5285C8F54C085EB51B81E854040,202409302343-KCAE-NWUS52-LSRCAE,\"2024-09-30 18:43:00-05\",,,75455,)", "county": "Burke", "typetext": "TORNADO", "state": "GA", "remark": "A brief tornado touched down just east of Vidette, GA on 9/26/24. This was in association with the initial outer bands of Hurricane Helene. The tornado is radar/EM confirmed as the widespread damage to trees and infrastructure in Burke County, GA made it impossible to survey this tornado after the fact. The tornado produced tree and powerline damage along its path before lifting just north of State Route 305. We`d like to thank Burke County Emergency Management for the timely reports shortly after this tornado touched down. The tornado had peak winds of 80 mph with a path length of 2.27 miles.", "city": "Vidette", "source": "Emergency Mngr", "unit": null, "valid": "2024-09-26T09:53:00Z", "lon": -82.24, "lat": 33.04, "qualifier": null, "product_id": "202409302343-KCAE-NWUS52-LSRCAE", "st": "GA", "magnitude": ""}, "geometry": {"type": "Point", "coordinates": [-82.24, 33.04]}}, {"id": "90", "type": "Feature", "properties": {"wfo": "CAE", "type": "T", "magf": null, "l": "(\"2024-09-26 09:39:00-05\",T,,\"5 WSW Rowesville\",Orangeburg,SC,\"NWS Storm Survey\",\"A long-track, EF1 tornado touched down east of Canaan, SC on 9/26/24. It produced widespread tree damage along its path northwestward, producing EF1 damage to trees in multiple spots west of Cordova, SC. It finally lifted near Gravel Hill, SC after producing mostly tree damage near the small town.\",CAE,TORNADO,0101000020E61000000AD7A3703D3A54C0EC51B81E85AB4040,202409300049-KCAE-NWUS52-LSRCAE,\"2024-09-29 19:49:00-05\",,,77487,)", "county": "Orangeburg", "typetext": "TORNADO", "state": "SC", "remark": "A long-track, EF1 tornado touched down east of Canaan, SC on 9/26/24. It produced widespread tree damage along its path northwestward, producing EF1 damage to trees in multiple spots west of Cordova, SC. It finally lifted near Gravel Hill, SC after producing mostly tree damage near the small town.", "city": "5 WSW Rowesville", "source": "NWS Storm Survey", "unit": null, "valid": "2024-09-26T14:39:00Z", "lon": -80.91, "lat": 33.34, "qualifier": null, "product_id": "202409300049-KCAE-NWUS52-LSRCAE", "st": "SC", "magnitude": ""}, "geometry": {"type": "Point", "coordinates": [-80.91, 33.34]}}, {"id": "91", "type": "Feature", "properties": {"wfo": "CAE", "type": "T", "magf": null, "l": "(\"2024-09-26 12:03:00-05\",T,,\"1 SE Ehrhardt\",Bamberg,SC,\"NWS Storm Survey\",\"A short lived tornado ahead of Hurricane Helene touched down near Gabriel Road in northern Colleton County with a few tree limbs down and a tree snapped at the trunk. As the tornado approached 641, multiple trees were snapped at the trunk on the northern side, facing Ashton Branch of Willow Swamp. The tornado continued to the northwest where multiple tree branches were broken along Ashton Road, with additional tree branch and limb damage persisting along Ralphs Road as well. The tornado then turned more northward and passed to the east of Ehrhardt, SC in Bamberg County, where several trees were noted snapped at the trunk along Bells Highway and Morningstar Lane. The tornado then lifted near or just east of 601, near Baucham Road.\",CAE,TORNADO,0101000020E610000000000000004054C0EC51B81E858B4040,202409292250-KCAE-NWUS52-LSRCAE,\"2024-09-29 17:50:00-05\",,,77454,)", "county": "Bamberg", "typetext": "TORNADO", "state": "SC", "remark": "A short lived tornado ahead of Hurricane Helene touched down near Gabriel Road in northern Colleton County with a few tree limbs down and a tree snapped at the trunk. As the tornado approached 641, multiple trees were snapped at the trunk on the northern side, facing Ashton Branch of Willow Swamp. The tornado continued to the northwest where multiple tree branches were broken along Ashton Road, with additional tree branch and limb damage persisting along Ralphs Road as well. The tornado then turned more northward and passed to the east of Ehrhardt, SC in Bamberg County, where several trees were noted snapped at the trunk along Bells Highway and Morningstar Lane. The tornado then lifted near or just east of 601, near Baucham Road.", "city": "1 SE Ehrhardt", "source": "NWS Storm Survey", "unit": null, "valid": "2024-09-26T17:03:00Z", "lon": -81.0, "lat": 33.09, "qualifier": null, "product_id": "202409292250-KCAE-NWUS52-LSRCAE", "st": "SC", "magnitude": ""}, "geometry": {"type": "Point", "coordinates": [-81.0, 33.09]}}, {"id": "92", "type": "Feature", "properties": {"wfo": "CAE", "type": "T", "magf": null, "l": "(\"2024-09-26 21:17:00-05\",T,,\"8 ESE Summerton\",Clarendon,SC,\"NWS Storm Survey\",\"A brief EF0 tornado touched down along the northeastern side of Lake Marion on Sept 27, 2024. The tornado began near Russel Dr and produced minor tree damage along its path before lifting north of Pearson Rd. The tornado had peak winds of 80 mph with a path length of 1.31 miles.\",CAE,TORNADO,0101000020E61000001F85EB51B80E54C048E17A14AEC74040,202409302343-KCAE-NWUS52-LSRCAE,\"2024-09-30 18:43:00-05\",,,77463,)", "county": "Clarendon", "typetext": "TORNADO", "state": "SC", "remark": "A brief EF0 tornado touched down along the northeastern side of Lake Marion on Sept 27, 2024. The tornado began near Russel Dr and produced minor tree damage along its path before lifting north of Pearson Rd. The tornado had peak winds of 80 mph with a path length of 1.31 miles.", "city": "8 ESE Summerton", "source": "NWS Storm Survey", "unit": null, "valid": "2024-09-27T02:17:00Z", "lon": -80.23, "lat": 33.56, "qualifier": null, "product_id": "202409302343-KCAE-NWUS52-LSRCAE", "st": "SC", "magnitude": ""}, "geometry": {"type": "Point", "coordinates": [-80.23, 33.56]}}, {"id": "93", "type": "Feature", "properties": {"wfo": "CAE", "type": "T", "magf": null, "l": "(\"2024-09-26 23:33:00-05\",T,,\"7 ENE Bowman\",Orangeburg,SC,\"NWS Storm Survey\",\"A long track EF-1 tornado occurred in eastern Orangeburg and western Calhoun counties from an outer band of Tropical Storm Helene. The tornado began west of Providence near Little Bull Swamp and then continued northwest crossing Five Chop Road. Moving northwest, EF-1 tree damage was observed along Wild Hearts Road, Whisperwood Road, and Sleepy Hollow Road. The tornado then crossed Cameron Road northeast of Orangeburg. Scattered EF-0 tree was then observed northwest all along Highway 176. The tornado lifted along Highway 176 near Big Beaver Creek. The tornado had peak winds of 90 mph with a path length of 33.11 miles.\",CAE,TORNADO,0101000020E610000014AE47E17A2454C052B81E85EBB14040,202409302343-KCAE-NWUS52-LSRCAE,\"2024-09-30 18:43:00-05\",,,77487,)", "county": "Orangeburg", "typetext": "TORNADO", "state": "SC", "remark": "A long track EF-1 tornado occurred in eastern Orangeburg and western Calhoun counties from an outer band of Tropical Storm Helene. The tornado began west of Providence near Little Bull Swamp and then continued northwest crossing Five Chop Road. Moving northwest, EF-1 tree damage was observed along Wild Hearts Road, Whisperwood Road, and Sleepy Hollow Road. The tornado then crossed Cameron Road northeast of Orangeburg. Scattered EF-0 tree was then observed northwest all along Highway 176. The tornado lifted along Highway 176 near Big Beaver Creek. The tornado had peak winds of 90 mph with a path length of 33.11 miles.", "city": "7 ENE Bowman", "source": "NWS Storm Survey", "unit": null, "valid": "2024-09-27T04:33:00Z", "lon": -80.57, "lat": 33.39, "qualifier": null, "product_id": "202409302343-KCAE-NWUS52-LSRCAE", "st": "SC", "magnitude": ""}, "geometry": {"type": "Point", "coordinates": [-80.57, 33.39]}}, {"id": "94", "type": "Feature", "properties": {"wfo": "CAE", "type": "T", "magf": null, "l": "(\"2024-09-27 00:17:00-05\",T,,\"5 ESE Branchville\",Orangeburg,SC,\"NWS Storm Survey\",\"A weak tornado developed early on 9/27/24 in association with Hurricane Helenes outer rain bands. Weak, EF0 tree damage began near Highway 78 just inside the Orangeburg county and then moved north-northwestward. The tornado crossed Cattle Creek Road, then turned slightly more northerly before crossing Bowman Branch Highway. Continuing north, the tornado caused damage along Funchess Rd and continued north-northwestward before ending near Garland Road north of Rowesville.\",CAE,TORNADO,0101000020E61000001F85EB51B82E54C03D0AD7A3709D4040,202409300049-KCAE-NWUS52-LSRCAE,\"2024-09-29 19:49:00-05\",,,77487,)", "county": "Orangeburg", "typetext": "TORNADO", "state": "SC", "remark": "A weak tornado developed early on 9/27/24 in association with Hurricane Helenes outer rain bands. Weak, EF0 tree damage began near Highway 78 just inside the Orangeburg county and then moved north-northwestward. The tornado crossed Cattle Creek Road, then turned slightly more northerly before crossing Bowman Branch Highway. Continuing north, the tornado caused damage along Funchess Rd and continued north-northwestward before ending near Garland Road north of Rowesville.", "city": "5 ESE Branchville", "source": "NWS Storm Survey", "unit": null, "valid": "2024-09-27T05:17:00Z", "lon": -80.73, "lat": 33.23, "qualifier": null, "product_id": "202409300049-KCAE-NWUS52-LSRCAE", "st": "SC", "magnitude": ""}, "geometry": {"type": "Point", "coordinates": [-80.73, 33.23]}}, {"id": "95", "type": "Feature", "properties": {"wfo": "CAE", "type": "T", "magf": null, "l": "(\"2024-09-27 00:54:00-05\",T,,\"8 E Woodford\",Calhoun,SC,\"NWS Storm Survey\",\"An EF1 tornado touched down early on 9/27/24 as Hurricane Helenes outer bands worked through the region. The tornado touched down south of Stanley Crossroads, producing EF1 damage to trees along Bull Swamp Rd. The tornado quickly continued northwestward, producing EF0 tree damage along its path into Lexington and Calhoun counties. It lifted southeast of Gaston, SC after producing some EF0 tree damage near Enos, SC.\",CAE,TORNADO,0101000020E6100000AE47E17A143E54C0F6285C8FC2D54040,202409300049-KCAE-NWUS52-LSRCAE,\"2024-09-29 19:49:00-05\",,,77458,)", "county": "Calhoun", "typetext": "TORNADO", "state": "SC", "remark": "An EF1 tornado touched down early on 9/27/24 as Hurricane Helenes outer bands worked through the region. The tornado touched down south of Stanley Crossroads, producing EF1 damage to trees along Bull Swamp Rd. The tornado quickly continued northwestward, producing EF0 tree damage along its path into Lexington and Calhoun counties. It lifted southeast of Gaston, SC after producing some EF0 tree damage near Enos, SC.", "city": "8 E Woodford", "source": "NWS Storm Survey", "unit": null, "valid": "2024-09-27T05:54:00Z", "lon": -80.97, "lat": 33.67, "qualifier": null, "product_id": "202409300049-KCAE-NWUS52-LSRCAE", "st": "SC", "magnitude": ""}, "geometry": {"type": "Point", "coordinates": [-80.97, 33.67]}}, {"id": "96", "type": "Feature", "properties": {"wfo": "CAE", "type": "T", "magf": null, "l": "(\"2024-09-27 03:17:00-05\",T,,\"6 S Bowman\",Orangeburg,SC,\"NWS Storm Survey\",\"A weak tornado occurred on 9/27/24 in association with Hurricane Helenes outer rain bands. This tornado began just inside the Orangeburg county line along Reevesville Rd near Rigby Rd. EF0 tree damage was most common along the path as the tornado moved northward, crossing Wayside Dr and Highway 210. The tornado then turned northwestward along Highway 178 then veering back north before dissipating on the north side of Highway 301.\",CAE,TORNADO,0101000020E61000007B14AE47E12A54C0E17A14AE47A14040,202409300049-KCAE-NWUS52-LSRCAE,\"2024-09-29 19:49:00-05\",,,77487,)", "county": "Orangeburg", "typetext": "TORNADO", "state": "SC", "remark": "A weak tornado occurred on 9/27/24 in association with Hurricane Helenes outer rain bands. This tornado began just inside the Orangeburg county line along Reevesville Rd near Rigby Rd. EF0 tree damage was most common along the path as the tornado moved northward, crossing Wayside Dr and Highway 210. The tornado then turned northwestward along Highway 178 then veering back north before dissipating on the north side of Highway 301.", "city": "6 S Bowman", "source": "NWS Storm Survey", "unit": null, "valid": "2024-09-27T08:17:00Z", "lon": -80.67, "lat": 33.26, "qualifier": null, "product_id": "202409300049-KCAE-NWUS52-LSRCAE", "st": "SC", "magnitude": ""}, "geometry": {"type": "Point", "coordinates": [-80.67, 33.26]}}, {"id": "97", "type": "Feature", "properties": {"wfo": "CAE", "type": "T", "magf": null, "l": "(\"2024-09-27 03:56:00-05\",T,,\"2 ENE Eutawville\",Orangeburg,SC,\"NWS Storm Survey\",\"A brief, EF0 tornado touched down northwest of the town of Eutaw Springs on Sept 27, 2024. It began along Sinkler Avenue and produced minor tree damage along its path before lifting along Belvedere Dr near Fountain Lake. The tornado had peak winds of 77 mph with a path length of 1.53 miles.\",CAE,TORNADO,0101000020E6100000A4703D0AD71354C014AE47E17AB44040,202409302343-KCAE-NWUS52-LSRCAE,\"2024-09-30 18:43:00-05\",,,77487,)", "county": "Orangeburg", "typetext": "TORNADO", "state": "SC", "remark": "A brief, EF0 tornado touched down northwest of the town of Eutaw Springs on Sept 27, 2024. It began along Sinkler Avenue and produced minor tree damage along its path before lifting along Belvedere Dr near Fountain Lake. The tornado had peak winds of 77 mph with a path length of 1.53 miles.", "city": "2 ENE Eutawville", "source": "NWS Storm Survey", "unit": null, "valid": "2024-09-27T08:56:00Z", "lon": -80.31, "lat": 33.41, "qualifier": null, "product_id": "202409302343-KCAE-NWUS52-LSRCAE", "st": "SC", "magnitude": ""}, "geometry": {"type": "Point", "coordinates": [-80.31, 33.41]}}, {"id": "98", "type": "Feature", "properties": {"wfo": "CAE", "type": "T", "magf": null, "l": "(\"2024-09-27 04:32:00-05\",T,,\"3 N Wedgewood\",Sumter,SC,\"NWS Storm Survey\",\"A brief but wide tornado associated with Hurricane Helene began near Squaw Valley Road north of Wedgefield in Sumter County at 532 AM. The tornado uprooted multiple trees and snapped large branches as it moved north across Cane Savannah Rd and eventually Route 76/378. It continued into a neighborhood causing additional large tree damage, with a tree falling across Brookland Drive. One home on Brookland Drive suffered damage from a large tree falling on it, while other yards had multiple large limbs snapped and/or trees uprooted. The tornado continued northwest causing a large tree to uproot and fall across powerlines and North Kings Highway which caused traffic delays. The tornado turned slightly more northward where it uprooted trees and snapped large limbs near the Beech Creek Golf Club before it lifted around 538 AM.\",CAE,TORNADO,0101000020E610000000000000002054C0D7A3703D0AF74040,202409292313-KCAE-NWUS52-LSRCAE,\"2024-09-29 18:13:00-05\",,,77492,)", "county": "Sumter", "typetext": "TORNADO", "state": "SC", "remark": "A brief but wide tornado associated with Hurricane Helene began near Squaw Valley Road north of Wedgefield in Sumter County at 532 AM. The tornado uprooted multiple trees and snapped large branches as it moved north across Cane Savannah Rd and eventually Route 76/378. It continued into a neighborhood causing additional large tree damage, with a tree falling across Brookland Drive. One home on Brookland Drive suffered damage from a large tree falling on it, while other yards had multiple large limbs snapped and/or trees uprooted. The tornado continued northwest causing a large tree to uproot and fall across powerlines and North Kings Highway which caused traffic delays. The tornado turned slightly more northward where it uprooted trees and snapped large limbs near the Beech Creek Golf Club before it lifted around 538 AM.", "city": "3 N Wedgewood", "source": "NWS Storm Survey", "unit": null, "valid": "2024-09-27T09:32:00Z", "lon": -80.5, "lat": 33.93, "qualifier": null, "product_id": "202409292313-KCAE-NWUS52-LSRCAE", "st": "SC", "magnitude": ""}, "geometry": {"type": "Point", "coordinates": [-80.5, 33.93]}}, {"id": "99", "type": "Feature", "properties": {"wfo": "CAE", "type": "T", "magf": null, "l": "(\"2024-09-27 04:36:00-05\",T,,\"4 NE Santee\",Clarendon,SC,\"NWS Storm Survey\",\"A brief EF0 tornado touched down on the east side of I95, crossing over and doing minor tree damage along Saint Paul Rd and Cooper Lane. The tornado had peak winds of 75 mph with a path length of 0.29 miles.\",CAE,TORNADO,0101000020E6100000EC51B81E851B54C0C3F5285C8FC24040,202409302343-KCAE-NWUS52-LSRCAE,\"2024-09-30 18:43:00-05\",,,77463,)", "county": "Clarendon", "typetext": "TORNADO", "state": "SC", "remark": "A brief EF0 tornado touched down on the east side of I95, crossing over and doing minor tree damage along Saint Paul Rd and Cooper Lane. The tornado had peak winds of 75 mph with a path length of 0.29 miles.", "city": "4 NE Santee", "source": "NWS Storm Survey", "unit": null, "valid": "2024-09-27T09:36:00Z", "lon": -80.43, "lat": 33.52, "qualifier": null, "product_id": "202409302343-KCAE-NWUS52-LSRCAE", "st": "SC", "magnitude": ""}, "geometry": {"type": "Point", "coordinates": [-80.43, 33.52]}}, {"id": "100", "type": "Feature", "properties": {"wfo": "CHS", "type": "0", "magf": null, "l": "(\"2024-09-26 09:49:00-05\",0,,\"4 WNW Ridgeland\",Jasper,SC,\"Emergency Mngr\",\"Tree down on Bailey Mill Road.\",CHS,\"TROPICAL CYCLONE\",0101000020E610000033333333334354C00000000000404040,202409261544-KCHS-NWUS52-LSRCHS,\"2024-09-27 03:24:00-05\",,,77476,202409270824-KCHS-NWUS52-LSRCHS)", "county": "Jasper", "typetext": "TROPICAL CYCLONE", "state": "SC", "remark": "Tree down on Bailey Mill Road.", "city": "4 WNW Ridgeland", "source": "Emergency Mngr", "unit": null, "valid": "2024-09-26T14:49:00Z", "lon": -81.05, "lat": 32.5, "qualifier": null, "product_id": "202409270824-KCHS-NWUS52-LSRCHS", "st": "SC", "magnitude": ""}, "geometry": {"type": "Point", "coordinates": [-81.05, 32.5]}}, {"id": "101", "type": "Feature", "properties": {"wfo": "CHS", "type": "0", "magf": null, "l": "(\"2024-09-26 09:49:00-05\",0,,\"4 WNW Ridgeland\",Jasper,SC,\"Emergency Mngr\",\"Tree down on Bailey Mill Road.\",CHS,\"TROPICAL CYCLONE\",0101000020E610000033333333334354C00000000000404040,202409301433-KCHS-NWUS52-LSRCHS,\"2024-09-30 09:33:00-05\",,,77476,202409301433-KCHS-NWUS52-LSRCHS)", "county": "Jasper", "typetext": "TROPICAL CYCLONE", "state": "SC", "remark": "Tree down on Bailey Mill Road.", "city": "4 WNW Ridgeland", "source": "Emergency Mngr", "unit": null, "valid": "2024-09-26T14:49:00Z", "lon": -81.05, "lat": 32.5, "qualifier": null, "product_id": "202409301433-KCHS-NWUS52-LSRCHS", "st": "SC", "magnitude": ""}, "geometry": {"type": "Point", "coordinates": [-81.05, 32.5]}}, {"id": "102", "type": "Feature", "properties": {"wfo": "CHS", "type": "0", "magf": null, "l": "(\"2024-09-26 11:43:00-05\",0,,\"3 SSE Ashton\",Colleton,SC,\"Emergency Mngr\",\"Tree down blocking both lanes at Lodge Highway and Cross Swamp Road.\",CHS,\"TROPICAL CYCLONE\",0101000020E61000003D0AD7A3703D54C05C8FC2F5287C4040,202409261813-KCHS-NWUS52-LSRCHS,\"2024-09-27 03:24:00-05\",,,77464,202409270824-KCHS-NWUS52-LSRCHS)", "county": "Colleton", "typetext": "TROPICAL CYCLONE", "state": "SC", "remark": "Tree down blocking both lanes at Lodge Highway and Cross Swamp Road.", "city": "3 SSE Ashton", "source": "Emergency Mngr", "unit": null, "valid": "2024-09-26T16:43:00Z", "lon": -80.96, "lat": 32.97, "qualifier": null, "product_id": "202409270824-KCHS-NWUS52-LSRCHS", "st": "SC", "magnitude": ""}, "geometry": {"type": "Point", "coordinates": [-80.96, 32.97]}}, {"id": "103", "type": "Feature", "properties": {"wfo": "CHS", "type": "0", "magf": null, "l": "(\"2024-09-26 11:43:00-05\",0,,\"3 SSE Ashton\",Colleton,SC,\"Emergency Mngr\",\"Tree down blocking both lanes at Lodge Highway and Cross Swamp Road.\",CHS,\"TROPICAL CYCLONE\",0101000020E61000003D0AD7A3703D54C05C8FC2F5287C4040,202409301433-KCHS-NWUS52-LSRCHS,\"2024-09-30 09:33:00-05\",,,77464,202409301433-KCHS-NWUS52-LSRCHS)", "county": "Colleton", "typetext": "TROPICAL CYCLONE", "state": "SC", "remark": "Tree down blocking both lanes at Lodge Highway and Cross Swamp Road.", "city": "3 SSE Ashton", "source": "Emergency Mngr", "unit": null, "valid": "2024-09-26T16:43:00Z", "lon": -80.96, "lat": 32.97, "qualifier": null, "product_id": "202409301433-KCHS-NWUS52-LSRCHS", "st": "SC", "magnitude": ""}, "geometry": {"type": "Point", "coordinates": [-80.96, 32.97]}}, {"id": "104", "type": "Feature", "properties": {"wfo": "CHS", "type": "0", "magf": null, "l": "(\"2024-09-26 14:23:00-05\",0,,\"2 S Sheldon\",Beaufort,SC,\"Emergency Mngr\",\"Beaufort Emergency Manager reported a tree down at the intersection of Paige Point Road and Paige Point Blf in Sheldon due to Hurricane Helene.\",CHS,\"TROPICAL CYCLONE\",0101000020E6100000C3F5285C8F3254C0295C8FC2F5484040,202409270350-KCHS-NWUS52-LSRCHS,\"2024-09-27 03:24:00-05\",,,77456,202409270824-KCHS-NWUS52-LSRCHS)", "county": "Beaufort", "typetext": "TROPICAL CYCLONE", "state": "SC", "remark": "Beaufort Emergency Manager reported a tree down at the intersection of Paige Point Road and Paige Point Blf in Sheldon due to Hurricane Helene.", "city": "2 S Sheldon", "source": "Emergency Mngr", "unit": null, "valid": "2024-09-26T19:23:00Z", "lon": -80.79, "lat": 32.57, "qualifier": null, "product_id": "202409270824-KCHS-NWUS52-LSRCHS", "st": "SC", "magnitude": ""}, "geometry": {"type": "Point", "coordinates": [-80.79, 32.57]}}, {"id": "105", "type": "Feature", "properties": {"wfo": "CHS", "type": "0", "magf": null, "l": "(\"2024-09-26 14:23:00-05\",0,,\"2 S Sheldon\",Beaufort,SC,\"Emergency Mngr\",\"Beaufort Emergency Manager reported a tree down at the intersection of Paige Point Road and Paige Point Blf in Sheldon due to Hurricane Helene.\",CHS,\"TROPICAL CYCLONE\",0101000020E6100000C3F5285C8F3254C0295C8FC2F5484040,202409301433-KCHS-NWUS52-LSRCHS,\"2024-09-30 09:33:00-05\",,,77456,202409301433-KCHS-NWUS52-LSRCHS)", "county": "Beaufort", "typetext": "TROPICAL CYCLONE", "state": "SC", "remark": "Beaufort Emergency Manager reported a tree down at the intersection of Paige Point Road and Paige Point Blf in Sheldon due to Hurricane Helene.", "city": "2 S Sheldon", "source": "Emergency Mngr", "unit": null, "valid": "2024-09-26T19:23:00Z", "lon": -80.79, "lat": 32.57, "qualifier": null, "product_id": "202409301433-KCHS-NWUS52-LSRCHS", "st": "SC", "magnitude": ""}, "geometry": {"type": "Point", "coordinates": [-80.79, 32.57]}}, {"id": "106", "type": "Feature", "properties": {"wfo": "CHS", "type": "0", "magf": null, "l": "(\"2024-09-26 18:58:00-05\",0,,\"4 SSE Ruffin\",Colleton,SC,\"Emergency Mngr\",\"Colleton County Emergency manager reported a tree down at the intersection of Bell's Highway and Azalea Patch Road due to Hurricane Helene.\",CHS,\"TROPICAL CYCLONE\",0101000020E6100000C3F5285C8F3254C07B14AE47E17A4040,202409270024-KCHS-NWUS52-LSRCHS,\"2024-09-27 03:24:00-05\",,,77464,202409270824-KCHS-NWUS52-LSRCHS)", "county": "Colleton", "typetext": "TROPICAL CYCLONE", "state": "SC", "remark": "Colleton County Emergency manager reported a tree down at the intersection of Bell's Highway and Azalea Patch Road due to Hurricane Helene.", "city": "4 SSE Ruffin", "source": "Emergency Mngr", "unit": null, "valid": "2024-09-26T23:58:00Z", "lon": -80.79, "lat": 32.96, "qualifier": null, "product_id": "202409270824-KCHS-NWUS52-LSRCHS", "st": "SC", "magnitude": ""}, "geometry": {"type": "Point", "coordinates": [-80.79, 32.96]}}, {"id": "107", "type": "Feature", "properties": {"wfo": "CHS", "type": "0", "magf": null, "l": "(\"2024-09-26 18:58:00-05\",0,,\"4 SSE Ruffin\",Colleton,SC,\"Emergency Mngr\",\"Colleton County Emergency manager reported a tree down at the intersection of Bell's Highway and Azalea Patch Road due to Hurricane Helene.\",CHS,\"TROPICAL CYCLONE\",0101000020E6100000C3F5285C8F3254C07B14AE47E17A4040,202409301433-KCHS-NWUS52-LSRCHS,\"2024-09-30 09:33:00-05\",,,77464,202409301433-KCHS-NWUS52-LSRCHS)", "county": "Colleton", "typetext": "TROPICAL CYCLONE", "state": "SC", "remark": "Colleton County Emergency manager reported a tree down at the intersection of Bell's Highway and Azalea Patch Road due to Hurricane Helene.", "city": "4 SSE Ruffin", "source": "Emergency Mngr", "unit": null, "valid": "2024-09-26T23:58:00Z", "lon": -80.79, "lat": 32.96, "qualifier": null, "product_id": "202409301433-KCHS-NWUS52-LSRCHS", "st": "SC", "magnitude": ""}, "geometry": {"type": "Point", "coordinates": [-80.79, 32.96]}}, {"id": "108", "type": "Feature", "properties": {"wfo": "CHS", "type": "0", "magf": null, "l": "(\"2024-09-26 21:58:00-05\",0,,\"5 SSE Hardeeville\",Jasper,SC,\"Dept of Highways\",\"South Carolina Highway Patrol reported a tree down on Freedom Parkway due to Hurricane Helene.\",CHS,\"TROPICAL CYCLONE\",0101000020E610000033333333334354C05C8FC2F5281C4040,202409270639-KCHS-NWUS52-LSRCHS,\"2024-09-27 03:24:00-05\",,,77476,202409270824-KCHS-NWUS52-LSRCHS)", "county": "Jasper", "typetext": "TROPICAL CYCLONE", "state": "SC", "remark": "South Carolina Highway Patrol reported a tree down on Freedom Parkway due to Hurricane Helene.", "city": "5 SSE Hardeeville", "source": "Dept of Highways", "unit": null, "valid": "2024-09-27T02:58:00Z", "lon": -81.05, "lat": 32.22, "qualifier": null, "product_id": "202409270824-KCHS-NWUS52-LSRCHS", "st": "SC", "magnitude": ""}, "geometry": {"type": "Point", "coordinates": [-81.05, 32.22]}}, {"id": "109", "type": "Feature", "properties": {"wfo": "CHS", "type": "0", "magf": null, "l": "(\"2024-09-26 21:58:00-05\",0,,\"5 SSE Hardeeville\",Jasper,SC,\"Dept of Highways\",\"South Carolina Highway Patrol reported a tree down on Freedom Parkway due to Hurricane Helene.\",CHS,\"TROPICAL CYCLONE\",0101000020E610000033333333334354C05C8FC2F5281C4040,202409301433-KCHS-NWUS52-LSRCHS,\"2024-09-30 09:33:00-05\",,,77476,202409301433-KCHS-NWUS52-LSRCHS)", "county": "Jasper", "typetext": "TROPICAL CYCLONE", "state": "SC", "remark": "South Carolina Highway Patrol reported a tree down on Freedom Parkway due to Hurricane Helene.", "city": "5 SSE Hardeeville", "source": "Dept of Highways", "unit": null, "valid": "2024-09-27T02:58:00Z", "lon": -81.05, "lat": 32.22, "qualifier": null, "product_id": "202409301433-KCHS-NWUS52-LSRCHS", "st": "SC", "magnitude": ""}, "geometry": {"type": "Point", "coordinates": [-81.05, 32.22]}}, {"id": "110", "type": "Feature", "properties": {"wfo": "CHS", "type": "0", "magf": null, "l": "(\"2024-09-26 22:30:00-05\",0,,\"5 N Yemassee\",Colleton,SC,\"Emergency Mngr\",\"Colleton County Emergency Manager reported a tree down blocking both lands at the 1800 block of Lovley Hill Court due to Hurricane Helene.\",CHS,\"TROPICAL CYCLONE\",0101000020E6100000F6285C8FC23554C0C3F5285C8F624040,202409270344-KCHS-NWUS52-LSRCHS,\"2024-09-27 03:24:00-05\",,,77464,202409270824-KCHS-NWUS52-LSRCHS)", "county": "Colleton", "typetext": "TROPICAL CYCLONE", "state": "SC", "remark": "Colleton County Emergency Manager reported a tree down blocking both lands at the 1800 block of Lovley Hill Court due to Hurricane Helene.", "city": "5 N Yemassee", "source": "Emergency Mngr", "unit": null, "valid": "2024-09-27T03:30:00Z", "lon": -80.84, "lat": 32.77, "qualifier": null, "product_id": "202409270824-KCHS-NWUS52-LSRCHS", "st": "SC", "magnitude": ""}, "geometry": {"type": "Point", "coordinates": [-80.84, 32.77]}}, {"id": "111", "type": "Feature", "properties": {"wfo": "CHS", "type": "0", "magf": null, "l": "(\"2024-09-26 22:30:00-05\",0,,\"5 N Yemassee\",Colleton,SC,\"Emergency Mngr\",\"Colleton County Emergency Manager reported a tree down blocking both lands at the 1800 block of Lovley Hill Court due to Hurricane Helene.\",CHS,\"TROPICAL CYCLONE\",0101000020E6100000F6285C8FC23554C0C3F5285C8F624040,202409301433-KCHS-NWUS52-LSRCHS,\"2024-09-30 09:33:00-05\",,,77464,202409301433-KCHS-NWUS52-LSRCHS)", "county": "Colleton", "typetext": "TROPICAL CYCLONE", "state": "SC", "remark": "Colleton County Emergency Manager reported a tree down blocking both lands at the 1800 block of Lovley Hill Court due to Hurricane Helene.", "city": "5 N Yemassee", "source": "Emergency Mngr", "unit": null, "valid": "2024-09-27T03:30:00Z", "lon": -80.84, "lat": 32.77, "qualifier": null, "product_id": "202409301433-KCHS-NWUS52-LSRCHS", "st": "SC", "magnitude": ""}, "geometry": {"type": "Point", "coordinates": [-80.84, 32.77]}}, {"id": "112", "type": "Feature", "properties": {"wfo": "CHS", "type": "0", "magf": null, "l": "(\"2024-09-26 22:55:00-05\",0,,\"4 SSE Ruffin\",Colleton,SC,\"Emergency Mngr\",\"Colleton County Emergency manager reported a tree down on the 300 block of Azalea Patch Road due to Hurricane Helene.\",CHS,\"TROPICAL CYCLONE\",0101000020E6100000C3F5285C8F3254C09A99999999794040,202409270417-KCHS-NWUS52-LSRCHS,\"2024-09-27 03:24:00-05\",,,77464,202409270824-KCHS-NWUS52-LSRCHS)", "county": "Colleton", "typetext": "TROPICAL CYCLONE", "state": "SC", "remark": "Colleton County Emergency manager reported a tree down on the 300 block of Azalea Patch Road due to Hurricane Helene.", "city": "4 SSE Ruffin", "source": "Emergency Mngr", "unit": null, "valid": "2024-09-27T03:55:00Z", "lon": -80.79, "lat": 32.95, "qualifier": null, "product_id": "202409270824-KCHS-NWUS52-LSRCHS", "st": "SC", "magnitude": ""}, "geometry": {"type": "Point", "coordinates": [-80.79, 32.95]}}, {"id": "113", "type": "Feature", "properties": {"wfo": "CHS", "type": "0", "magf": null, "l": "(\"2024-09-26 22:55:00-05\",0,,\"4 SSE Ruffin\",Colleton,SC,\"Emergency Mngr\",\"Colleton County Emergency manager reported a tree down on the 300 block of Azalea Patch Road due to Hurricane Helene.\",CHS,\"TROPICAL CYCLONE\",0101000020E6100000C3F5285C8F3254C09A99999999794040,202409301433-KCHS-NWUS52-LSRCHS,\"2024-09-30 09:33:00-05\",,,77464,202409301433-KCHS-NWUS52-LSRCHS)", "county": "Colleton", "typetext": "TROPICAL CYCLONE", "state": "SC", "remark": "Colleton County Emergency manager reported a tree down on the 300 block of Azalea Patch Road due to Hurricane Helene.", "city": "4 SSE Ruffin", "source": "Emergency Mngr", "unit": null, "valid": "2024-09-27T03:55:00Z", "lon": -80.79, "lat": 32.95, "qualifier": null, "product_id": "202409301433-KCHS-NWUS52-LSRCHS", "st": "SC", "magnitude": ""}, "geometry": {"type": "Point", "coordinates": [-80.79, 32.95]}}, {"id": "114", "type": "Feature", "properties": {"wfo": "CHS", "type": "0", "magf": null, "l": "(\"2024-09-26 23:30:00-05\",0,,\"2 NW Charleston\",Charleston,SC,\"Emergency Mngr\",\"Trees and lines down on Grove St and Rutledge Ave.\",CHS,\"TROPICAL CYCLONE\",0101000020E6100000CDCCCCCCCCFC53C06666666666664040,202409271137-KCHS-NWUS52-LSRCHS,\"2024-09-27 06:37:00-05\",,,77459,)", "county": "Charleston", "typetext": "TROPICAL CYCLONE", "state": "SC", "remark": "Trees and lines down on Grove St and Rutledge Ave.", "city": "2 NW Charleston", "source": "Emergency Mngr", "unit": null, "valid": "2024-09-27T04:30:00Z", "lon": -79.95, "lat": 32.8, "qualifier": null, "product_id": "202409271137-KCHS-NWUS52-LSRCHS", "st": "SC", "magnitude": ""}, "geometry": {"type": "Point", "coordinates": [-79.95, 32.8]}}, {"id": "115", "type": "Feature", "properties": {"wfo": "CHS", "type": "0", "magf": null, "l": "(\"2024-09-26 23:30:00-05\",0,,\"2 NW Charleston\",Charleston,SC,\"Emergency Mngr\",\"Trees and lines down on Grove St and Rutledge Ave.\",CHS,\"TROPICAL CYCLONE\",0101000020E6100000CDCCCCCCCCFC53C06666666666664040,202409301433-KCHS-NWUS52-LSRCHS,\"2024-09-30 09:33:00-05\",,,77459,202409301433-KCHS-NWUS52-LSRCHS)", "county": "Charleston", "typetext": "TROPICAL CYCLONE", "state": "SC", "remark": "Trees and lines down on Grove St and Rutledge Ave.", "city": "2 NW Charleston", "source": "Emergency Mngr", "unit": null, "valid": "2024-09-27T04:30:00Z", "lon": -79.95, "lat": 32.8, "qualifier": null, "product_id": "202409301433-KCHS-NWUS52-LSRCHS", "st": "SC", "magnitude": ""}, "geometry": {"type": "Point", "coordinates": [-79.95, 32.8]}}, {"id": "116", "type": "Feature", "properties": {"wfo": "CHS", "type": "0", "magf": null, "l": "(\"2024-09-26 23:30:00-05\",0,,Charleston,Charleston,SC,\"Emergency Mngr\",\"Charleston County Emergency Manager reported trees down on River Road, Edenvale Road, Maybank Highway, Maybank at 2400-2600 block, Grove Street, and Rutledge Avenue. Also, they reported power lines down at 1660 Savannah Highway.\",CHS,\"TROPICAL CYCLONE\",0101000020E61000005C8FC2F528FC53C0A4703D0AD7634040,202409271008-KCHS-NWUS52-LSRCHS,\"2024-09-27 05:08:00-05\",,,77459,)", "county": "Charleston", "typetext": "TROPICAL CYCLONE", "state": "SC", "remark": "Charleston County Emergency Manager reported trees down on River Road, Edenvale Road, Maybank Highway, Maybank at 2400-2600 block, Grove Street, and Rutledge Avenue. Also, they reported power lines down at 1660 Savannah Highway.", "city": "Charleston", "source": "Emergency Mngr", "unit": null, "valid": "2024-09-27T04:30:00Z", "lon": -79.94, "lat": 32.78, "qualifier": null, "product_id": "202409271008-KCHS-NWUS52-LSRCHS", "st": "SC", "magnitude": ""}, "geometry": {"type": "Point", "coordinates": [-79.94, 32.78]}}, {"id": "117", "type": "Feature", "properties": {"wfo": "CHS", "type": "0", "magf": null, "l": "(\"2024-09-26 23:30:00-05\",0,,Charleston,Charleston,SC,\"Emergency Mngr\",\"Charleston County Emergency Manager reported trees down on River Road, Edenvale Road, Maybank Highway, Maybank at 2400-2600 block, Grove Street, and Rutledge Avenue. Also, they reported power lines down at 1660 Savannah Highway.\",CHS,\"TROPICAL CYCLONE\",0101000020E61000005C8FC2F528FC53C0A4703D0AD7634040,202409301433-KCHS-NWUS52-LSRCHS,\"2024-09-30 09:33:00-05\",,,77459,202409301433-KCHS-NWUS52-LSRCHS)", "county": "Charleston", "typetext": "TROPICAL CYCLONE", "state": "SC", "remark": "Charleston County Emergency Manager reported trees down on River Road, Edenvale Road, Maybank Highway, Maybank at 2400-2600 block, Grove Street, and Rutledge Avenue. Also, they reported power lines down at 1660 Savannah Highway.", "city": "Charleston", "source": "Emergency Mngr", "unit": null, "valid": "2024-09-27T04:30:00Z", "lon": -79.94, "lat": 32.78, "qualifier": null, "product_id": "202409301433-KCHS-NWUS52-LSRCHS", "st": "SC", "magnitude": ""}, "geometry": {"type": "Point", "coordinates": [-79.94, 32.78]}}, {"id": "118", "type": "Feature", "properties": {"wfo": "CHS", "type": "0", "magf": null, "l": "(\"2024-09-27 00:00:00-05\",0,,Keller,Bryan,GA,\"Emergency Mngr\",\"Bryan County Emergency Management reported over 300 calls of trees down across the county. Around 85% of the county is without power. The southern portions of the county experienced the most damage.\",CHS,\"TROPICAL CYCLONE\",0101000020E610000000000000005054C0D7A3703D0AD73F40,202409271623-KCHS-NWUS52-LSRCHS,\"2024-09-27 11:23:00-05\",,,75453,)", "county": "Bryan", "typetext": "TROPICAL CYCLONE", "state": "GA", "remark": "Bryan County Emergency Management reported over 300 calls of trees down across the county. Around 85% of the county is without power. The southern portions of the county experienced the most damage.", "city": "Keller", "source": "Emergency Mngr", "unit": null, "valid": "2024-09-27T05:00:00Z", "lon": -81.25, "lat": 31.84, "qualifier": null, "product_id": "202409271623-KCHS-NWUS52-LSRCHS", "st": "GA", "magnitude": ""}, "geometry": {"type": "Point", "coordinates": [-81.25, 31.84]}}, {"id": "119", "type": "Feature", "properties": {"wfo": "CHS", "type": "0", "magf": null, "l": "(\"2024-09-27 00:00:00-05\",0,,Keller,Bryan,GA,\"Emergency Mngr\",\"Bryan County Emergency Management reported over 300 calls of trees down across the county. Around 85% of the county is without power. The southern portions of the county experienced the most damage.\",CHS,\"TROPICAL CYCLONE\",0101000020E610000000000000005054C0D7A3703D0AD73F40,202409301433-KCHS-NWUS52-LSRCHS,\"2024-09-30 09:33:00-05\",,,75453,202409301433-KCHS-NWUS52-LSRCHS)", "county": "Bryan", "typetext": "TROPICAL CYCLONE", "state": "GA", "remark": "Bryan County Emergency Management reported over 300 calls of trees down across the county. Around 85% of the county is without power. The southern portions of the county experienced the most damage.", "city": "Keller", "source": "Emergency Mngr", "unit": null, "valid": "2024-09-27T05:00:00Z", "lon": -81.25, "lat": 31.84, "qualifier": null, "product_id": "202409301433-KCHS-NWUS52-LSRCHS", "st": "GA", "magnitude": ""}, "geometry": {"type": "Point", "coordinates": [-81.25, 31.84]}}, {"id": "120", "type": "Feature", "properties": {"wfo": "CHS", "type": "0", "magf": null, "l": "(\"2024-09-27 00:17:00-05\",0,,\"3 NNE Canadys\",Dorchester,SC,\"Dept of Highways\",\"South Carolina Highway Patrol reported a tree on US15.\",CHS,\"TROPICAL CYCLONE\",0101000020E610000066666666662654C0CDCCCCCCCC8C4040,202409270628-KCHS-NWUS52-LSRCHS,\"2024-09-27 03:24:00-05\",,,77467,202409270824-KCHS-NWUS52-LSRCHS)", "county": "Dorchester", "typetext": "TROPICAL CYCLONE", "state": "SC", "remark": "South Carolina Highway Patrol reported a tree on US15.", "city": "3 NNE Canadys", "source": "Dept of Highways", "unit": null, "valid": "2024-09-27T05:17:00Z", "lon": -80.6, "lat": 33.1, "qualifier": null, "product_id": "202409270824-KCHS-NWUS52-LSRCHS", "st": "SC", "magnitude": ""}, "geometry": {"type": "Point", "coordinates": [-80.6, 33.1]}}, {"id": "121", "type": "Feature", "properties": {"wfo": "CHS", "type": "0", "magf": null, "l": "(\"2024-09-27 00:17:00-05\",0,,\"3 NNE Canadys\",Dorchester,SC,\"Dept of Highways\",\"South Carolina Highway Patrol reported a tree on US15 due to Hurricane Helene.\",CHS,\"TROPICAL CYCLONE\",0101000020E610000066666666662654C0CDCCCCCCCC8C4040,202409270629-KCHS-NWUS52-LSRCHS,\"2024-09-27 03:24:00-05\",,,77467,202409270824-KCHS-NWUS52-LSRCHS)", "county": "Dorchester", "typetext": "TROPICAL CYCLONE", "state": "SC", "remark": "South Carolina Highway Patrol reported a tree on US15 due to Hurricane Helene.", "city": "3 NNE Canadys", "source": "Dept of Highways", "unit": null, "valid": "2024-09-27T05:17:00Z", "lon": -80.6, "lat": 33.1, "qualifier": null, "product_id": "202409270824-KCHS-NWUS52-LSRCHS", "st": "SC", "magnitude": ""}, "geometry": {"type": "Point", "coordinates": [-80.6, 33.1]}}, {"id": "122", "type": "Feature", "properties": {"wfo": "CHS", "type": "0", "magf": null, "l": "(\"2024-09-27 00:17:00-05\",0,,\"3 NNE Canadys\",Dorchester,SC,\"Dept of Highways\",\"South Carolina Highway Patrol reported a tree on US15 due to Hurricane Helene.\",CHS,\"TROPICAL CYCLONE\",0101000020E610000066666666662654C0CDCCCCCCCC8C4040,202409301433-KCHS-NWUS52-LSRCHS,\"2024-09-30 09:33:00-05\",,,77467,202409301433-KCHS-NWUS52-LSRCHS)", "county": "Dorchester", "typetext": "TROPICAL CYCLONE", "state": "SC", "remark": "South Carolina Highway Patrol reported a tree on US15 due to Hurricane Helene.", "city": "3 NNE Canadys", "source": "Dept of Highways", "unit": null, "valid": "2024-09-27T05:17:00Z", "lon": -80.6, "lat": 33.1, "qualifier": null, "product_id": "202409301433-KCHS-NWUS52-LSRCHS", "st": "SC", "magnitude": ""}, "geometry": {"type": "Point", "coordinates": [-80.6, 33.1]}}, {"id": "123", "type": "Feature", "properties": {"wfo": "CHS", "type": "0", "magf": null, "l": "(\"2024-09-27 00:24:00-05\",0,,\"Savannah Airport\",Chatham,GA,ASOS,\"Savannah/Hilton Head International Airport measured a 65 knot (75 mph) wind gust. The sustained wind speed was 44 knots (51 mph).\",CHS,\"TROPICAL CYCLONE\",0101000020E6100000CDCCCCCCCC4C54C0713D0AD7A3104040,202409270532-KCHS-NWUS52-LSRCHS,\"2024-09-27 03:24:00-05\",,,75463,202409270824-KCHS-NWUS52-LSRCHS)", "county": "Chatham", "typetext": "TROPICAL CYCLONE", "state": "GA", "remark": "Savannah/Hilton Head International Airport measured a 65 knot (75 mph) wind gust. The sustained wind speed was 44 knots (51 mph).", "city": "Savannah Airport", "source": "ASOS", "unit": null, "valid": "2024-09-27T05:24:00Z", "lon": -81.2, "lat": 32.13, "qualifier": null, "product_id": "202409270824-KCHS-NWUS52-LSRCHS", "st": "GA", "magnitude": ""}, "geometry": {"type": "Point", "coordinates": [-81.2, 32.13]}}, {"id": "124", "type": "Feature", "properties": {"wfo": "CHS", "type": "0", "magf": null, "l": "(\"2024-09-27 00:24:00-05\",0,,\"Savannah Airport\",Chatham,GA,ASOS,\"Savannah/Hilton Head International Airport measured a 65 knot (75 mph) wind gust. The sustained wind speed was 44 knots (51 mph).\",CHS,\"TROPICAL CYCLONE\",0101000020E6100000CDCCCCCCCC4C54C0713D0AD7A3104040,202409301433-KCHS-NWUS52-LSRCHS,\"2024-09-30 09:33:00-05\",,,75463,202409301433-KCHS-NWUS52-LSRCHS)", "county": "Chatham", "typetext": "TROPICAL CYCLONE", "state": "GA", "remark": "Savannah/Hilton Head International Airport measured a 65 knot (75 mph) wind gust. The sustained wind speed was 44 knots (51 mph).", "city": "Savannah Airport", "source": "ASOS", "unit": null, "valid": "2024-09-27T05:24:00Z", "lon": -81.2, "lat": 32.13, "qualifier": null, "product_id": "202409301433-KCHS-NWUS52-LSRCHS", "st": "GA", "magnitude": ""}, "geometry": {"type": "Point", "coordinates": [-81.2, 32.13]}}, {"id": "125", "type": "Feature", "properties": {"wfo": "CHS", "type": "0", "magf": null, "l": "(\"2024-09-27 00:30:00-05\",0,,\"3 WSW Beaufort\",Beaufort,SC,\"Fire Dept/Rescue\",\"Burton Fire District reported trees down on six residences in the Burton area.\",CHS,\"TROPICAL CYCLONE\",0101000020E61000001F85EB51B82E54C0F6285C8FC2354040,202409271556-KCHS-NWUS52-LSRCHS,\"2024-09-27 10:56:00-05\",,,77456,)", "county": "Beaufort", "typetext": "TROPICAL CYCLONE", "state": "SC", "remark": "Burton Fire District reported trees down on six residences in the Burton area.", "city": "3 WSW Beaufort", "source": "Fire Dept/Rescue", "unit": null, "valid": "2024-09-27T05:30:00Z", "lon": -80.73, "lat": 32.42, "qualifier": null, "product_id": "202409271556-KCHS-NWUS52-LSRCHS", "st": "SC", "magnitude": ""}, "geometry": {"type": "Point", "coordinates": [-80.73, 32.42]}}, {"id": "126", "type": "Feature", "properties": {"wfo": "CHS", "type": "0", "magf": null, "l": "(\"2024-09-27 00:30:00-05\",0,,\"3 WSW Beaufort\",Beaufort,SC,\"Fire Dept/Rescue\",\"Burton Fire District reported trees down on six residences in the Burton area.\",CHS,\"TROPICAL CYCLONE\",0101000020E61000001F85EB51B82E54C0F6285C8FC2354040,202409301433-KCHS-NWUS52-LSRCHS,\"2024-09-30 09:33:00-05\",,,77456,202409301433-KCHS-NWUS52-LSRCHS)", "county": "Beaufort", "typetext": "TROPICAL CYCLONE", "state": "SC", "remark": "Burton Fire District reported trees down on six residences in the Burton area.", "city": "3 WSW Beaufort", "source": "Fire Dept/Rescue", "unit": null, "valid": "2024-09-27T05:30:00Z", "lon": -80.73, "lat": 32.42, "qualifier": null, "product_id": "202409301433-KCHS-NWUS52-LSRCHS", "st": "SC", "magnitude": ""}, "geometry": {"type": "Point", "coordinates": [-80.73, 32.42]}}, {"id": "127", "type": "Feature", "properties": {"wfo": "CHS", "type": "0", "magf": null, "l": "(\"2024-09-27 00:30:00-05\",0,,Springfield,Effingham,GA,\"Emergency Mngr\",\"Effingham County Emergency Management reported several trees and powerlines down across the county. Most occurred in the midnight to 3 AM window.\",CHS,\"TROPICAL CYCLONE\",0101000020E6100000B81E85EB515854C08FC2F5285C2F4040,202409271534-KCHS-NWUS52-LSRCHS,\"2024-09-27 10:34:00-05\",,,75489,)", "county": "Effingham", "typetext": "TROPICAL CYCLONE", "state": "GA", "remark": "Effingham County Emergency Management reported several trees and powerlines down across the county. Most occurred in the midnight to 3 AM window.", "city": "Springfield", "source": "Emergency Mngr", "unit": null, "valid": "2024-09-27T05:30:00Z", "lon": -81.38, "lat": 32.37, "qualifier": null, "product_id": "202409271534-KCHS-NWUS52-LSRCHS", "st": "GA", "magnitude": ""}, "geometry": {"type": "Point", "coordinates": [-81.38, 32.37]}}, {"id": "128", "type": "Feature", "properties": {"wfo": "CHS", "type": "0", "magf": null, "l": "(\"2024-09-27 00:30:00-05\",0,,Springfield,Effingham,GA,\"Emergency Mngr\",\"Effingham County Emergency Management reported several trees and powerlines down across the county. Most occurred in the midnight to 3 AM window.\",CHS,\"TROPICAL CYCLONE\",0101000020E6100000B81E85EB515854C08FC2F5285C2F4040,202409301433-KCHS-NWUS52-LSRCHS,\"2024-09-30 09:33:00-05\",,,75489,202409301433-KCHS-NWUS52-LSRCHS)", "county": "Effingham", "typetext": "TROPICAL CYCLONE", "state": "GA", "remark": "Effingham County Emergency Management reported several trees and powerlines down across the county. Most occurred in the midnight to 3 AM window.", "city": "Springfield", "source": "Emergency Mngr", "unit": null, "valid": "2024-09-27T05:30:00Z", "lon": -81.38, "lat": 32.37, "qualifier": null, "product_id": "202409301433-KCHS-NWUS52-LSRCHS", "st": "GA", "magnitude": ""}, "geometry": {"type": "Point", "coordinates": [-81.38, 32.37]}}, {"id": "129", "type": "Feature", "properties": {"wfo": "CHS", "type": "0", "magf": null, "l": "(\"2024-09-27 00:50:00-05\",0,,\"1 SE Eden\",Effingham,GA,\"Emergency Mngr\",\"Effingham County Emergency Management reported multiple trees fell near Highway 80 and Creekwood Drive.\",CHS,\"TROPICAL CYCLONE\",0101000020E6100000B81E85EB515854C0F6285C8FC2154040,202409271534-KCHS-NWUS52-LSRCHS,\"2024-09-27 10:34:00-05\",,,75489,)", "county": "Effingham", "typetext": "TROPICAL CYCLONE", "state": "GA", "remark": "Effingham County Emergency Management reported multiple trees fell near Highway 80 and Creekwood Drive.", "city": "1 SE Eden", "source": "Emergency Mngr", "unit": null, "valid": "2024-09-27T05:50:00Z", "lon": -81.38, "lat": 32.17, "qualifier": null, "product_id": "202409271534-KCHS-NWUS52-LSRCHS", "st": "GA", "magnitude": ""}, "geometry": {"type": "Point", "coordinates": [-81.38, 32.17]}}, {"id": "130", "type": "Feature", "properties": {"wfo": "CHS", "type": "0", "magf": null, "l": "(\"2024-09-27 00:50:00-05\",0,,\"1 SE Eden\",Effingham,GA,\"Emergency Mngr\",\"Effingham County Emergency Management reported multiple trees fell near Highway 80 and Creekwood Drive.\",CHS,\"TROPICAL CYCLONE\",0101000020E6100000B81E85EB515854C0F6285C8FC2154040,202409301433-KCHS-NWUS52-LSRCHS,\"2024-09-30 09:33:00-05\",,,75489,202409301433-KCHS-NWUS52-LSRCHS)", "county": "Effingham", "typetext": "TROPICAL CYCLONE", "state": "GA", "remark": "Effingham County Emergency Management reported multiple trees fell near Highway 80 and Creekwood Drive.", "city": "1 SE Eden", "source": "Emergency Mngr", "unit": null, "valid": "2024-09-27T05:50:00Z", "lon": -81.38, "lat": 32.17, "qualifier": null, "product_id": "202409301433-KCHS-NWUS52-LSRCHS", "st": "GA", "magnitude": ""}, "geometry": {"type": "Point", "coordinates": [-81.38, 32.17]}}, {"id": "131", "type": "Feature", "properties": {"wfo": "CHS", "type": "0", "magf": null, "l": "(\"2024-09-27 00:58:00-05\",0,,\"3 WNW Beaufort\",Beaufort,SC,\"Dept of Highways\",\"South Carolina Highway Patrol reported a tree down on US-21 due to Hurricane Helene\",CHS,\"TROPICAL CYCLONE\",0101000020E61000001F85EB51B82E54C09A99999999394040,202409270634-KCHS-NWUS52-LSRCHS,\"2024-09-27 03:24:00-05\",,,77456,202409270824-KCHS-NWUS52-LSRCHS)", "county": "Beaufort", "typetext": "TROPICAL CYCLONE", "state": "SC", "remark": "South Carolina Highway Patrol reported a tree down on US-21 due to Hurricane Helene", "city": "3 WNW Beaufort", "source": "Dept of Highways", "unit": null, "valid": "2024-09-27T05:58:00Z", "lon": -80.73, "lat": 32.45, "qualifier": null, "product_id": "202409270824-KCHS-NWUS52-LSRCHS", "st": "SC", "magnitude": ""}, "geometry": {"type": "Point", "coordinates": [-80.73, 32.45]}}, {"id": "132", "type": "Feature", "properties": {"wfo": "CHS", "type": "0", "magf": null, "l": "(\"2024-09-27 00:58:00-05\",0,,\"3 WNW Beaufort\",Beaufort,SC,\"Dept of Highways\",\"South Carolina Highway Patrol reported a tree down on US-21 due to Hurricane Helene\",CHS,\"TROPICAL CYCLONE\",0101000020E61000001F85EB51B82E54C09A99999999394040,202409301433-KCHS-NWUS52-LSRCHS,\"2024-09-30 09:33:00-05\",,,77456,202409301433-KCHS-NWUS52-LSRCHS)", "county": "Beaufort", "typetext": "TROPICAL CYCLONE", "state": "SC", "remark": "South Carolina Highway Patrol reported a tree down on US-21 due to Hurricane Helene", "city": "3 WNW Beaufort", "source": "Dept of Highways", "unit": null, "valid": "2024-09-27T05:58:00Z", "lon": -80.73, "lat": 32.45, "qualifier": null, "product_id": "202409301433-KCHS-NWUS52-LSRCHS", "st": "SC", "magnitude": ""}, "geometry": {"type": "Point", "coordinates": [-80.73, 32.45]}}, {"id": "133", "type": "Feature", "properties": {"wfo": "CHS", "type": "0", "magf": null, "l": "(\"2024-09-27 01:06:00-05\",0,,\"3 NW Hendersonville\",Colleton,SC,\"Dept of Highways\",\"South Carolina Highway Patrol reported a tree down on I-95 due to Hurricane Helene.\",CHS,\"TROPICAL CYCLONE\",0101000020E610000000000000003054C0295C8FC2F5684040,202409270631-KCHS-NWUS52-LSRCHS,\"2024-09-27 03:24:00-05\",,,77464,202409270824-KCHS-NWUS52-LSRCHS)", "county": "Colleton", "typetext": "TROPICAL CYCLONE", "state": "SC", "remark": "South Carolina Highway Patrol reported a tree down on I-95 due to Hurricane Helene.", "city": "3 NW Hendersonville", "source": "Dept of Highways", "unit": null, "valid": "2024-09-27T06:06:00Z", "lon": -80.75, "lat": 32.82, "qualifier": null, "product_id": "202409270824-KCHS-NWUS52-LSRCHS", "st": "SC", "magnitude": ""}, "geometry": {"type": "Point", "coordinates": [-80.75, 32.82]}}, {"id": "134", "type": "Feature", "properties": {"wfo": "CHS", "type": "0", "magf": null, "l": "(\"2024-09-27 01:06:00-05\",0,,\"3 NW Hendersonville\",Colleton,SC,\"Dept of Highways\",\"South Carolina Highway Patrol reported a tree down on I-95 due to Hurricane Helene.\",CHS,\"TROPICAL CYCLONE\",0101000020E610000000000000003054C0295C8FC2F5684040,202409301433-KCHS-NWUS52-LSRCHS,\"2024-09-30 09:33:00-05\",,,77464,202409301433-KCHS-NWUS52-LSRCHS)", "county": "Colleton", "typetext": "TROPICAL CYCLONE", "state": "SC", "remark": "South Carolina Highway Patrol reported a tree down on I-95 due to Hurricane Helene.", "city": "3 NW Hendersonville", "source": "Dept of Highways", "unit": null, "valid": "2024-09-27T06:06:00Z", "lon": -80.75, "lat": 32.82, "qualifier": null, "product_id": "202409301433-KCHS-NWUS52-LSRCHS", "st": "SC", "magnitude": ""}, "geometry": {"type": "Point", "coordinates": [-80.75, 32.82]}}, {"id": "135", "type": "Feature", "properties": {"wfo": "CHS", "type": "0", "magf": null, "l": "(\"2024-09-27 01:10:00-05\",0,,\"5 S Hardeeville\",Jasper,SC,\"Dept of Highways\",\"South Carolina reported a tree down on Deerfield Road due to Hurricane Helene.\",CHS,\"TROPICAL CYCLONE\",0101000020E6100000F6285C8FC24554C05C8FC2F5281C4040,202409270633-KCHS-NWUS52-LSRCHS,\"2024-09-27 03:24:00-05\",,,77476,202409270824-KCHS-NWUS52-LSRCHS)", "county": "Jasper", "typetext": "TROPICAL CYCLONE", "state": "SC", "remark": "South Carolina reported a tree down on Deerfield Road due to Hurricane Helene.", "city": "5 S Hardeeville", "source": "Dept of Highways", "unit": null, "valid": "2024-09-27T06:10:00Z", "lon": -81.09, "lat": 32.22, "qualifier": null, "product_id": "202409270824-KCHS-NWUS52-LSRCHS", "st": "SC", "magnitude": ""}, "geometry": {"type": "Point", "coordinates": [-81.09, 32.22]}}, {"id": "136", "type": "Feature", "properties": {"wfo": "CHS", "type": "0", "magf": null, "l": "(\"2024-09-27 01:10:00-05\",0,,\"5 S Hardeeville\",Jasper,SC,\"Dept of Highways\",\"South Carolina reported a tree down on Deerfield Road due to Hurricane Helene.\",CHS,\"TROPICAL CYCLONE\",0101000020E6100000F6285C8FC24554C05C8FC2F5281C4040,202409301433-KCHS-NWUS52-LSRCHS,\"2024-09-30 09:33:00-05\",,,77476,202409301433-KCHS-NWUS52-LSRCHS)", "county": "Jasper", "typetext": "TROPICAL CYCLONE", "state": "SC", "remark": "South Carolina reported a tree down on Deerfield Road due to Hurricane Helene.", "city": "5 S Hardeeville", "source": "Dept of Highways", "unit": null, "valid": "2024-09-27T06:10:00Z", "lon": -81.09, "lat": 32.22, "qualifier": null, "product_id": "202409301433-KCHS-NWUS52-LSRCHS", "st": "SC", "magnitude": ""}, "geometry": {"type": "Point", "coordinates": [-81.09, 32.22]}}, {"id": "137", "type": "Feature", "properties": {"wfo": "CHS", "type": "0", "magf": null, "l": "(\"2024-09-27 01:17:00-05\",0,,\"3 NE Blitchton\",Effingham,GA,\"Emergency Mngr\",\"Effingham County Emergency Management reported a tree fell into a house near Sand Hill Road and Stagecoach Avenue. No injuries reported.\",CHS,\"TROPICAL CYCLONE\",0101000020E61000009A999999995954C05C8FC2F5281C4040,202409271534-KCHS-NWUS52-LSRCHS,\"2024-09-27 10:34:00-05\",,,75489,)", "county": "Effingham", "typetext": "TROPICAL CYCLONE", "state": "GA", "remark": "Effingham County Emergency Management reported a tree fell into a house near Sand Hill Road and Stagecoach Avenue. No injuries reported.", "city": "3 NE Blitchton", "source": "Emergency Mngr", "unit": null, "valid": "2024-09-27T06:17:00Z", "lon": -81.4, "lat": 32.22, "qualifier": null, "product_id": "202409271534-KCHS-NWUS52-LSRCHS", "st": "GA", "magnitude": ""}, "geometry": {"type": "Point", "coordinates": [-81.4, 32.22]}}, {"id": "138", "type": "Feature", "properties": {"wfo": "CHS", "type": "0", "magf": null, "l": "(\"2024-09-27 01:17:00-05\",0,,\"3 NE Blitchton\",Effingham,GA,\"Emergency Mngr\",\"Effingham County Emergency Management reported a tree fell into a house near Sand Hill Road and Stagecoach Avenue. No injuries reported.\",CHS,\"TROPICAL CYCLONE\",0101000020E61000009A999999995954C05C8FC2F5281C4040,202409301433-KCHS-NWUS52-LSRCHS,\"2024-09-30 09:33:00-05\",,,75489,202409301433-KCHS-NWUS52-LSRCHS)", "county": "Effingham", "typetext": "TROPICAL CYCLONE", "state": "GA", "remark": "Effingham County Emergency Management reported a tree fell into a house near Sand Hill Road and Stagecoach Avenue. No injuries reported.", "city": "3 NE Blitchton", "source": "Emergency Mngr", "unit": null, "valid": "2024-09-27T06:17:00Z", "lon": -81.4, "lat": 32.22, "qualifier": null, "product_id": "202409301433-KCHS-NWUS52-LSRCHS", "st": "GA", "magnitude": ""}, "geometry": {"type": "Point", "coordinates": [-81.4, 32.22]}}, {"id": "139", "type": "Feature", "properties": {"wfo": "CHS", "type": "0", "magf": null, "l": "(\"2024-09-27 01:18:00-05\",0,,\"1 NNW Eden\",Effingham,GA,\"Emergency Mngr\",\"Effingham County Emergency Management reported a home near Old Darien Road and Elm Street had a roof ripped off.\",CHS,\"TROPICAL CYCLONE\",0101000020E61000009A999999995954C0B81E85EB51184040,202409271534-KCHS-NWUS52-LSRCHS,\"2024-09-27 10:34:00-05\",,,75489,)", "county": "Effingham", "typetext": "TROPICAL CYCLONE", "state": "GA", "remark": "Effingham County Emergency Management reported a home near Old Darien Road and Elm Street had a roof ripped off.", "city": "1 NNW Eden", "source": "Emergency Mngr", "unit": null, "valid": "2024-09-27T06:18:00Z", "lon": -81.4, "lat": 32.19, "qualifier": null, "product_id": "202409271534-KCHS-NWUS52-LSRCHS", "st": "GA", "magnitude": ""}, "geometry": {"type": "Point", "coordinates": [-81.4, 32.19]}}, {"id": "140", "type": "Feature", "properties": {"wfo": "CHS", "type": "0", "magf": null, "l": "(\"2024-09-27 01:18:00-05\",0,,\"1 NNW Eden\",Effingham,GA,\"Emergency Mngr\",\"Effingham County Emergency Management reported a home near Old Darien Road and Elm Street had a roof ripped off.\",CHS,\"TROPICAL CYCLONE\",0101000020E61000009A999999995954C0B81E85EB51184040,202409301433-KCHS-NWUS52-LSRCHS,\"2024-09-30 09:33:00-05\",,,75489,202409301433-KCHS-NWUS52-LSRCHS)", "county": "Effingham", "typetext": "TROPICAL CYCLONE", "state": "GA", "remark": "Effingham County Emergency Management reported a home near Old Darien Road and Elm Street had a roof ripped off.", "city": "1 NNW Eden", "source": "Emergency Mngr", "unit": null, "valid": "2024-09-27T06:18:00Z", "lon": -81.4, "lat": 32.19, "qualifier": null, "product_id": "202409301433-KCHS-NWUS52-LSRCHS", "st": "GA", "magnitude": ""}, "geometry": {"type": "Point", "coordinates": [-81.4, 32.19]}}, {"id": "141", "type": "Feature", "properties": {"wfo": "CHS", "type": "0", "magf": null, "l": "(\"2024-09-27 01:19:00-05\",0,,Ridgeland,Jasper,SC,\"Dept of Highways\",\"South Carolina Highway Patrol reported a tree down on Carters Mill Road due to Hurricane Helene\",CHS,\"TROPICAL CYCLONE\",0101000020E61000008FC2F5285C3F54C03D0AD7A3703D4040,202409270641-KCHS-NWUS52-LSRCHS,\"2024-09-27 03:24:00-05\",,,77476,202409270824-KCHS-NWUS52-LSRCHS)", "county": "Jasper", "typetext": "TROPICAL CYCLONE", "state": "SC", "remark": "South Carolina Highway Patrol reported a tree down on Carters Mill Road due to Hurricane Helene", "city": "Ridgeland", "source": "Dept of Highways", "unit": null, "valid": "2024-09-27T06:19:00Z", "lon": -80.99, "lat": 32.48, "qualifier": null, "product_id": "202409270824-KCHS-NWUS52-LSRCHS", "st": "SC", "magnitude": ""}, "geometry": {"type": "Point", "coordinates": [-80.99, 32.48]}}, {"id": "142", "type": "Feature", "properties": {"wfo": "CHS", "type": "0", "magf": null, "l": "(\"2024-09-27 01:19:00-05\",0,,Ridgeland,Jasper,SC,\"Dept of Highways\",\"South Carolina Highway Patrol reported a tree down on Carters Mill Road due to Hurricane Helene\",CHS,\"TROPICAL CYCLONE\",0101000020E61000008FC2F5285C3F54C03D0AD7A3703D4040,202409301433-KCHS-NWUS52-LSRCHS,\"2024-09-30 09:33:00-05\",,,77476,202409301433-KCHS-NWUS52-LSRCHS)", "county": "Jasper", "typetext": "TROPICAL CYCLONE", "state": "SC", "remark": "South Carolina Highway Patrol reported a tree down on Carters Mill Road due to Hurricane Helene", "city": "Ridgeland", "source": "Dept of Highways", "unit": null, "valid": "2024-09-27T06:19:00Z", "lon": -80.99, "lat": 32.48, "qualifier": null, "product_id": "202409301433-KCHS-NWUS52-LSRCHS", "st": "SC", "magnitude": ""}, "geometry": {"type": "Point", "coordinates": [-80.99, 32.48]}}, {"id": "143", "type": "Feature", "properties": {"wfo": "CHS", "type": "0", "magf": null, "l": "(\"2024-09-27 01:26:00-05\",0,,\"1 NNW Guyton\",Effingham,GA,\"Emergency Mngr\",\"Effingham County Emergency Management reported a tree fell onto a home causing the home to be cut in half near Dilmus Jackson Street and Newborn Street. No injuries reported.\",CHS,\"TROPICAL CYCLONE\",0101000020E61000009A999999995954C0EC51B81E852B4040,202409271534-KCHS-NWUS52-LSRCHS,\"2024-09-27 10:34:00-05\",,,75489,)", "county": "Effingham", "typetext": "TROPICAL CYCLONE", "state": "GA", "remark": "Effingham County Emergency Management reported a tree fell onto a home causing the home to be cut in half near Dilmus Jackson Street and Newborn Street. No injuries reported.", "city": "1 NNW Guyton", "source": "Emergency Mngr", "unit": null, "valid": "2024-09-27T06:26:00Z", "lon": -81.4, "lat": 32.34, "qualifier": null, "product_id": "202409271534-KCHS-NWUS52-LSRCHS", "st": "GA", "magnitude": ""}, "geometry": {"type": "Point", "coordinates": [-81.4, 32.34]}}, {"id": "144", "type": "Feature", "properties": {"wfo": "CHS", "type": "0", "magf": null, "l": "(\"2024-09-27 01:26:00-05\",0,,\"1 NNW Guyton\",Effingham,GA,\"Emergency Mngr\",\"Effingham County Emergency Management reported a tree fell onto a home causing the home to be cut in half near Dilmus Jackson Street and Newborn Street. No injuries reported.\",CHS,\"TROPICAL CYCLONE\",0101000020E61000009A999999995954C0EC51B81E852B4040,202409301433-KCHS-NWUS52-LSRCHS,\"2024-09-30 09:33:00-05\",,,75489,202409301433-KCHS-NWUS52-LSRCHS)", "county": "Effingham", "typetext": "TROPICAL CYCLONE", "state": "GA", "remark": "Effingham County Emergency Management reported a tree fell onto a home causing the home to be cut in half near Dilmus Jackson Street and Newborn Street. No injuries reported.", "city": "1 NNW Guyton", "source": "Emergency Mngr", "unit": null, "valid": "2024-09-27T06:26:00Z", "lon": -81.4, "lat": 32.34, "qualifier": null, "product_id": "202409301433-KCHS-NWUS52-LSRCHS", "st": "GA", "magnitude": ""}, "geometry": {"type": "Point", "coordinates": [-81.4, 32.34]}}, {"id": "145", "type": "Feature", "properties": {"wfo": "CHS", "type": "0", "magf": null, "l": "(\"2024-09-27 01:30:00-05\",0,,\"1 NE Robertville\",Jasper,SC,\"Dept of Highways\",\"South Carolina Highway Patrol reported a tree down on Gillison Branch Road due to Hurricane Helene.\",CHS,\"TROPICAL CYCLONE\",0101000020E6100000EC51B81E854B54C0EC51B81E854B4040,202409270702-KCHS-NWUS52-LSRCHS,\"2024-09-27 03:24:00-05\",,,77476,202409270824-KCHS-NWUS52-LSRCHS)", "county": "Jasper", "typetext": "TROPICAL CYCLONE", "state": "SC", "remark": "South Carolina Highway Patrol reported a tree down on Gillison Branch Road due to Hurricane Helene.", "city": "1 NE Robertville", "source": "Dept of Highways", "unit": null, "valid": "2024-09-27T06:30:00Z", "lon": -81.18, "lat": 32.59, "qualifier": null, "product_id": "202409270824-KCHS-NWUS52-LSRCHS", "st": "SC", "magnitude": ""}, "geometry": {"type": "Point", "coordinates": [-81.18, 32.59]}}, {"id": "146", "type": "Feature", "properties": {"wfo": "CHS", "type": "0", "magf": null, "l": "(\"2024-09-27 01:30:00-05\",0,,\"1 NE Robertville\",Jasper,SC,\"Dept of Highways\",\"South Carolina Highway Patrol reported a tree down on Gillison Branch Road due to Hurricane Helene.\",CHS,\"TROPICAL CYCLONE\",0101000020E6100000EC51B81E854B54C0EC51B81E854B4040,202409301433-KCHS-NWUS52-LSRCHS,\"2024-09-30 09:33:00-05\",,,77476,202409301433-KCHS-NWUS52-LSRCHS)", "county": "Jasper", "typetext": "TROPICAL CYCLONE", "state": "SC", "remark": "South Carolina Highway Patrol reported a tree down on Gillison Branch Road due to Hurricane Helene.", "city": "1 NE Robertville", "source": "Dept of Highways", "unit": null, "valid": "2024-09-27T06:30:00Z", "lon": -81.18, "lat": 32.59, "qualifier": null, "product_id": "202409301433-KCHS-NWUS52-LSRCHS", "st": "SC", "magnitude": ""}, "geometry": {"type": "Point", "coordinates": [-81.18, 32.59]}}, {"id": "147", "type": "Feature", "properties": {"wfo": "CHS", "type": "0", "magf": null, "l": "(\"2024-09-27 01:30:00-05\",0,,Claxton,Evans,GA,\"Emergency Mngr\",\"Evans County Emergency Management reported widespread trees down across the county. It was estimated that at least 40 trees fell on houses. There is 100% power outage across the county. Majority of the calls came in between 230 AM and 5 AM. The hardest hit areas were in the southeast and northwestern portions of the county.\",CHS,\"TROPICAL CYCLONE\",0101000020E61000009A999999997954C014AE47E17A144040,202409271718-KCHS-NWUS52-LSRCHS,\"2024-09-27 12:18:00-05\",,,75492,)", "county": "Evans", "typetext": "TROPICAL CYCLONE", "state": "GA", "remark": "Evans County Emergency Management reported widespread trees down across the county. It was estimated that at least 40 trees fell on houses. There is 100% power outage across the county. Majority of the calls came in between 230 AM and 5 AM. The hardest hit areas were in the southeast and northwestern portions of the county.", "city": "Claxton", "source": "Emergency Mngr", "unit": null, "valid": "2024-09-27T06:30:00Z", "lon": -81.9, "lat": 32.16, "qualifier": null, "product_id": "202409271718-KCHS-NWUS52-LSRCHS", "st": "GA", "magnitude": ""}, "geometry": {"type": "Point", "coordinates": [-81.9, 32.16]}}, {"id": "148", "type": "Feature", "properties": {"wfo": "CHS", "type": "0", "magf": null, "l": "(\"2024-09-27 01:30:00-05\",0,,Claxton,Evans,GA,\"Emergency Mngr\",\"Evans County Emergency Management reported widespread trees down across the county. It was estimated that at least 40 trees fell on houses. There is 100% power outage across the county. Majority of the calls came in between 230 AM and 5 AM. The hardest hit areas were in the southeast and northwestern portions of the county.\",CHS,\"TROPICAL CYCLONE\",0101000020E61000009A999999997954C014AE47E17A144040,202409301433-KCHS-NWUS52-LSRCHS,\"2024-09-30 09:33:00-05\",,,75492,202409301433-KCHS-NWUS52-LSRCHS)", "county": "Evans", "typetext": "TROPICAL CYCLONE", "state": "GA", "remark": "Evans County Emergency Management reported widespread trees down across the county. It was estimated that at least 40 trees fell on houses. There is 100% power outage across the county. Majority of the calls came in between 230 AM and 5 AM. The hardest hit areas were in the southeast and northwestern portions of the county.", "city": "Claxton", "source": "Emergency Mngr", "unit": null, "valid": "2024-09-27T06:30:00Z", "lon": -81.9, "lat": 32.16, "qualifier": null, "product_id": "202409301433-KCHS-NWUS52-LSRCHS", "st": "GA", "magnitude": ""}, "geometry": {"type": "Point", "coordinates": [-81.9, 32.16]}}, {"id": "149", "type": "Feature", "properties": {"wfo": "CHS", "type": "0", "magf": null, "l": "(\"2024-09-27 01:31:00-05\",0,,\"2 ESE Hardeeville\",Jasper,SC,\"Dept of Highways\",\"South Carolina Highway Patrol reported a tree down on Pine Arbor Road due to Hurricane Helene.\",CHS,\"TROPICAL CYCLONE\",0101000020E610000033333333334354C0A4703D0AD7234040,202409270703-KCHS-NWUS52-LSRCHS,\"2024-09-27 03:24:00-05\",,,77476,202409270824-KCHS-NWUS52-LSRCHS)", "county": "Jasper", "typetext": "TROPICAL CYCLONE", "state": "SC", "remark": "South Carolina Highway Patrol reported a tree down on Pine Arbor Road due to Hurricane Helene.", "city": "2 ESE Hardeeville", "source": "Dept of Highways", "unit": null, "valid": "2024-09-27T06:31:00Z", "lon": -81.05, "lat": 32.28, "qualifier": null, "product_id": "202409270824-KCHS-NWUS52-LSRCHS", "st": "SC", "magnitude": ""}, "geometry": {"type": "Point", "coordinates": [-81.05, 32.28]}}, {"id": "150", "type": "Feature", "properties": {"wfo": "CHS", "type": "0", "magf": null, "l": "(\"2024-09-27 01:31:00-05\",0,,\"2 ESE Hardeeville\",Jasper,SC,\"Dept of Highways\",\"South Carolina Highway Patrol reported a tree down on Pine Arbor Road due to Hurricane Helene.\",CHS,\"TROPICAL CYCLONE\",0101000020E610000033333333334354C0A4703D0AD7234040,202409301433-KCHS-NWUS52-LSRCHS,\"2024-09-30 09:33:00-05\",,,77476,202409301433-KCHS-NWUS52-LSRCHS)", "county": "Jasper", "typetext": "TROPICAL CYCLONE", "state": "SC", "remark": "South Carolina Highway Patrol reported a tree down on Pine Arbor Road due to Hurricane Helene.", "city": "2 ESE Hardeeville", "source": "Dept of Highways", "unit": null, "valid": "2024-09-27T06:31:00Z", "lon": -81.05, "lat": 32.28, "qualifier": null, "product_id": "202409301433-KCHS-NWUS52-LSRCHS", "st": "SC", "magnitude": ""}, "geometry": {"type": "Point", "coordinates": [-81.05, 32.28]}}, {"id": "151", "type": "Feature", "properties": {"wfo": "CHS", "type": "0", "magf": null, "l": "(\"2024-09-27 01:34:00-05\",0,,Gillisonville,Jasper,SC,\"Dept of Highways\",\"South Carolina Highway Patrol reported a tree down on Grays Highway due to Hurricane Helene.\",CHS,\"TROPICAL CYCLONE\",0101000020E610000000000000004054C0AE47E17A144E4040,202409270705-KCHS-NWUS52-LSRCHS,\"2024-09-27 03:24:00-05\",,,77476,202409270824-KCHS-NWUS52-LSRCHS)", "county": "Jasper", "typetext": "TROPICAL CYCLONE", "state": "SC", "remark": "South Carolina Highway Patrol reported a tree down on Grays Highway due to Hurricane Helene.", "city": "Gillisonville", "source": "Dept of Highways", "unit": null, "valid": "2024-09-27T06:34:00Z", "lon": -81.0, "lat": 32.61, "qualifier": null, "product_id": "202409270824-KCHS-NWUS52-LSRCHS", "st": "SC", "magnitude": ""}, "geometry": {"type": "Point", "coordinates": [-81.0, 32.61]}}, {"id": "152", "type": "Feature", "properties": {"wfo": "CHS", "type": "0", "magf": null, "l": "(\"2024-09-27 01:34:00-05\",0,,Gillisonville,Jasper,SC,\"Dept of Highways\",\"South Carolina Highway Patrol reported a tree down on Grays Highway due to Hurricane Helene.\",CHS,\"TROPICAL CYCLONE\",0101000020E610000000000000004054C0AE47E17A144E4040,202409301433-KCHS-NWUS52-LSRCHS,\"2024-09-30 09:33:00-05\",,,77476,202409301433-KCHS-NWUS52-LSRCHS)", "county": "Jasper", "typetext": "TROPICAL CYCLONE", "state": "SC", "remark": "South Carolina Highway Patrol reported a tree down on Grays Highway due to Hurricane Helene.", "city": "Gillisonville", "source": "Dept of Highways", "unit": null, "valid": "2024-09-27T06:34:00Z", "lon": -81.0, "lat": 32.61, "qualifier": null, "product_id": "202409301433-KCHS-NWUS52-LSRCHS", "st": "SC", "magnitude": ""}, "geometry": {"type": "Point", "coordinates": [-81.0, 32.61]}}, {"id": "153", "type": "Feature", "properties": {"wfo": "CHS", "type": "0", "magf": null, "l": "(\"2024-09-27 01:35:00-05\",0,,\"5 W Cobbtown\",Tattnall,GA,Public,\"Public relayed image of multiple trees down on Coleman Bridge Road.\",CHS,\"TROPICAL CYCLONE\",0101000020E6100000AE47E17A148E54C0A4703D0AD7234040,202409271914-KCHS-NWUS52-LSRCHS,\"2024-09-27 14:14:00-05\",,,75570,)", "county": "Tattnall", "typetext": "TROPICAL CYCLONE", "state": "GA", "remark": "Public relayed image of multiple trees down on Coleman Bridge Road.", "city": "5 W Cobbtown", "source": "Public", "unit": null, "valid": "2024-09-27T06:35:00Z", "lon": -82.22, "lat": 32.28, "qualifier": null, "product_id": "202409271914-KCHS-NWUS52-LSRCHS", "st": "GA", "magnitude": ""}, "geometry": {"type": "Point", "coordinates": [-82.22, 32.28]}}, {"id": "154", "type": "Feature", "properties": {"wfo": "CHS", "type": "0", "magf": null, "l": "(\"2024-09-27 01:35:00-05\",0,,\"5 W Cobbtown\",Tattnall,GA,Public,\"Public relayed image of multiple trees down on Coleman Bridge Road.\",CHS,\"TROPICAL CYCLONE\",0101000020E6100000AE47E17A148E54C0A4703D0AD7234040,202409301433-KCHS-NWUS52-LSRCHS,\"2024-09-30 09:33:00-05\",,,75570,202409301433-KCHS-NWUS52-LSRCHS)", "county": "Tattnall", "typetext": "TROPICAL CYCLONE", "state": "GA", "remark": "Public relayed image of multiple trees down on Coleman Bridge Road.", "city": "5 W Cobbtown", "source": "Public", "unit": null, "valid": "2024-09-27T06:35:00Z", "lon": -82.22, "lat": 32.28, "qualifier": null, "product_id": "202409301433-KCHS-NWUS52-LSRCHS", "st": "GA", "magnitude": ""}, "geometry": {"type": "Point", "coordinates": [-82.22, 32.28]}}, {"id": "155", "type": "Feature", "properties": {"wfo": "CHS", "type": "0", "magf": null, "l": "(\"2024-09-27 01:35:00-05\",0,,\"Reidsville Airport\",Tattnall,GA,AWOS,\"The Reidsville Municipal Airport (KRVJ) measured a 69 knot (79 mph) wind gust. The sustained wind speed was 41 knots (47 mph).\",CHS,\"TROPICAL CYCLONE\",0101000020E61000009A999999998954C048E17A14AE074040,202409270649-KCHS-NWUS52-LSRCHS,\"2024-09-27 03:24:00-05\",,,75570,202409270824-KCHS-NWUS52-LSRCHS)", "county": "Tattnall", "typetext": "TROPICAL CYCLONE", "state": "GA", "remark": "The Reidsville Municipal Airport (KRVJ) measured a 69 knot (79 mph) wind gust. The sustained wind speed was 41 knots (47 mph).", "city": "Reidsville Airport", "source": "AWOS", "unit": null, "valid": "2024-09-27T06:35:00Z", "lon": -82.15, "lat": 32.06, "qualifier": null, "product_id": "202409270824-KCHS-NWUS52-LSRCHS", "st": "GA", "magnitude": ""}, "geometry": {"type": "Point", "coordinates": [-82.15, 32.06]}}, {"id": "156", "type": "Feature", "properties": {"wfo": "CHS", "type": "0", "magf": null, "l": "(\"2024-09-27 01:35:00-05\",0,,\"Reidsville Airport\",Tattnall,GA,AWOS,\"The Reidsville Municipal Airport (KRVJ) measured a 69 knot (79 mph) wind gust. The sustained wind speed was 41 knots (47 mph).\",CHS,\"TROPICAL CYCLONE\",0101000020E61000009A999999998954C048E17A14AE074040,202409301433-KCHS-NWUS52-LSRCHS,\"2024-09-30 09:33:00-05\",,,75570,202409301433-KCHS-NWUS52-LSRCHS)", "county": "Tattnall", "typetext": "TROPICAL CYCLONE", "state": "GA", "remark": "The Reidsville Municipal Airport (KRVJ) measured a 69 knot (79 mph) wind gust. The sustained wind speed was 41 knots (47 mph).", "city": "Reidsville Airport", "source": "AWOS", "unit": null, "valid": "2024-09-27T06:35:00Z", "lon": -82.15, "lat": 32.06, "qualifier": null, "product_id": "202409301433-KCHS-NWUS52-LSRCHS", "st": "GA", "magnitude": ""}, "geometry": {"type": "Point", "coordinates": [-82.15, 32.06]}}, {"id": "157", "type": "Feature", "properties": {"wfo": "CHS", "type": "0", "magf": null, "l": "(\"2024-09-27 01:39:00-05\",0,,\"2 N Yemassee\",Hampton,SC,\"Dept of Highways\",\"South Carolina Highway Patrol reported a tree down on I-95 due Hurricane Helene.\",CHS,\"TROPICAL CYCLONE\",0101000020E610000066666666663654C05C8FC2F5285C4040,202409270707-KCHS-NWUS52-LSRCHS,\"2024-09-27 03:24:00-05\",,,77474,202409270824-KCHS-NWUS52-LSRCHS)", "county": "Hampton", "typetext": "TROPICAL CYCLONE", "state": "SC", "remark": "South Carolina Highway Patrol reported a tree down on I-95 due Hurricane Helene.", "city": "2 N Yemassee", "source": "Dept of Highways", "unit": null, "valid": "2024-09-27T06:39:00Z", "lon": -80.85, "lat": 32.72, "qualifier": null, "product_id": "202409270824-KCHS-NWUS52-LSRCHS", "st": "SC", "magnitude": ""}, "geometry": {"type": "Point", "coordinates": [-80.85, 32.72]}}, {"id": "158", "type": "Feature", "properties": {"wfo": "CHS", "type": "0", "magf": null, "l": "(\"2024-09-27 01:39:00-05\",0,,\"2 N Yemassee\",Hampton,SC,\"Dept of Highways\",\"South Carolina Highway Patrol reported a tree down on I-95 due Hurricane Helene.\",CHS,\"TROPICAL CYCLONE\",0101000020E610000066666666663654C05C8FC2F5285C4040,202409301433-KCHS-NWUS52-LSRCHS,\"2024-09-30 09:33:00-05\",,,77474,202409301433-KCHS-NWUS52-LSRCHS)", "county": "Hampton", "typetext": "TROPICAL CYCLONE", "state": "SC", "remark": "South Carolina Highway Patrol reported a tree down on I-95 due Hurricane Helene.", "city": "2 N Yemassee", "source": "Dept of Highways", "unit": null, "valid": "2024-09-27T06:39:00Z", "lon": -80.85, "lat": 32.72, "qualifier": null, "product_id": "202409301433-KCHS-NWUS52-LSRCHS", "st": "SC", "magnitude": ""}, "geometry": {"type": "Point", "coordinates": [-80.85, 32.72]}}, {"id": "159", "type": "Feature", "properties": {"wfo": "CHS", "type": "0", "magf": null, "l": "(\"2024-09-27 01:49:00-05\",0,,\"1 NW Hardeeville\",Jasper,SC,\"Dept of Highways\",\"South Carolina Highway Patrol reported a tree down on School Cut Road due to Hurricane Helene.\",CHS,\"TROPICAL CYCLONE\",0101000020E6100000F6285C8FC24554C06666666666264040,202409270720-KCHS-NWUS52-LSRCHS,\"2024-09-27 03:24:00-05\",,,77476,202409270824-KCHS-NWUS52-LSRCHS)", "county": "Jasper", "typetext": "TROPICAL CYCLONE", "state": "SC", "remark": "South Carolina Highway Patrol reported a tree down on School Cut Road due to Hurricane Helene.", "city": "1 NW Hardeeville", "source": "Dept of Highways", "unit": null, "valid": "2024-09-27T06:49:00Z", "lon": -81.09, "lat": 32.3, "qualifier": null, "product_id": "202409270824-KCHS-NWUS52-LSRCHS", "st": "SC", "magnitude": ""}, "geometry": {"type": "Point", "coordinates": [-81.09, 32.3]}}, {"id": "160", "type": "Feature", "properties": {"wfo": "CHS", "type": "0", "magf": null, "l": "(\"2024-09-27 01:49:00-05\",0,,\"1 NW Hardeeville\",Jasper,SC,\"Dept of Highways\",\"South Carolina Highway Patrol reported a tree down on School Cut Road due to Hurricane Helene.\",CHS,\"TROPICAL CYCLONE\",0101000020E6100000F6285C8FC24554C06666666666264040,202409301433-KCHS-NWUS52-LSRCHS,\"2024-09-30 09:33:00-05\",,,77476,202409301433-KCHS-NWUS52-LSRCHS)", "county": "Jasper", "typetext": "TROPICAL CYCLONE", "state": "SC", "remark": "South Carolina Highway Patrol reported a tree down on School Cut Road due to Hurricane Helene.", "city": "1 NW Hardeeville", "source": "Dept of Highways", "unit": null, "valid": "2024-09-27T06:49:00Z", "lon": -81.09, "lat": 32.3, "qualifier": null, "product_id": "202409301433-KCHS-NWUS52-LSRCHS", "st": "SC", "magnitude": ""}, "geometry": {"type": "Point", "coordinates": [-81.09, 32.3]}}, {"id": "161", "type": "Feature", "properties": {"wfo": "CHS", "type": "0", "magf": null, "l": "(\"2024-09-27 01:56:00-05\",0,,\"1 ESE Walterboro\",Colleton,SC,\"Emergency Mngr\",\"Colleton Emergency Manager reported a tree down at the intersection of Carn Street and South Lemacks Street due to Hurricane Helene.\",CHS,\"TROPICAL CYCLONE\",0101000020E61000000AD7A3703D2A54C03333333333734040,202409270659-KCHS-NWUS52-LSRCHS,\"2024-09-27 03:24:00-05\",,,77464,202409270824-KCHS-NWUS52-LSRCHS)", "county": "Colleton", "typetext": "TROPICAL CYCLONE", "state": "SC", "remark": "Colleton Emergency Manager reported a tree down at the intersection of Carn Street and South Lemacks Street due to Hurricane Helene.", "city": "1 ESE Walterboro", "source": "Emergency Mngr", "unit": null, "valid": "2024-09-27T06:56:00Z", "lon": -80.66, "lat": 32.9, "qualifier": null, "product_id": "202409270824-KCHS-NWUS52-LSRCHS", "st": "SC", "magnitude": ""}, "geometry": {"type": "Point", "coordinates": [-80.66, 32.9]}}, {"id": "162", "type": "Feature", "properties": {"wfo": "CHS", "type": "0", "magf": null, "l": "(\"2024-09-27 01:56:00-05\",0,,\"1 ESE Walterboro\",Colleton,SC,\"Emergency Mngr\",\"Colleton Emergency Manager reported a tree down at the intersection of Carn Street and South Lemacks Street due to Hurricane Helene.\",CHS,\"TROPICAL CYCLONE\",0101000020E61000000AD7A3703D2A54C03333333333734040,202409301433-KCHS-NWUS52-LSRCHS,\"2024-09-30 09:33:00-05\",,,77464,202409301433-KCHS-NWUS52-LSRCHS)", "county": "Colleton", "typetext": "TROPICAL CYCLONE", "state": "SC", "remark": "Colleton Emergency Manager reported a tree down at the intersection of Carn Street and South Lemacks Street due to Hurricane Helene.", "city": "1 ESE Walterboro", "source": "Emergency Mngr", "unit": null, "valid": "2024-09-27T06:56:00Z", "lon": -80.66, "lat": 32.9, "qualifier": null, "product_id": "202409301433-KCHS-NWUS52-LSRCHS", "st": "SC", "magnitude": ""}, "geometry": {"type": "Point", "coordinates": [-80.66, 32.9]}}, {"id": "163", "type": "Feature", "properties": {"wfo": "CHS", "type": "0", "magf": null, "l": "(\"2024-09-27 01:56:00-05\",0,,\"5 WSW Gillisonville\",Jasper,SC,\"Dept of Highways\",\"South Carolina Highway Patrol reported atree on Calf Pen Bay Road due to Hurricane Helene.\",CHS,\"TROPICAL CYCLONE\",0101000020E610000014AE47E17A4454C0295C8FC2F5484040,202409270721-KCHS-NWUS52-LSRCHS,\"2024-09-27 03:24:00-05\",,,77476,202409270824-KCHS-NWUS52-LSRCHS)", "county": "Jasper", "typetext": "TROPICAL CYCLONE", "state": "SC", "remark": "South Carolina Highway Patrol reported atree on Calf Pen Bay Road due to Hurricane Helene.", "city": "5 WSW Gillisonville", "source": "Dept of Highways", "unit": null, "valid": "2024-09-27T06:56:00Z", "lon": -81.07, "lat": 32.57, "qualifier": null, "product_id": "202409270824-KCHS-NWUS52-LSRCHS", "st": "SC", "magnitude": ""}, "geometry": {"type": "Point", "coordinates": [-81.07, 32.57]}}, {"id": "164", "type": "Feature", "properties": {"wfo": "CHS", "type": "0", "magf": null, "l": "(\"2024-09-27 01:56:00-05\",0,,\"5 WSW Gillisonville\",Jasper,SC,\"Dept of Highways\",\"South Carolina Highway Patrol reported atree on Calf Pen Bay Road due to Hurricane Helene.\",CHS,\"TROPICAL CYCLONE\",0101000020E610000014AE47E17A4454C0295C8FC2F5484040,202409301433-KCHS-NWUS52-LSRCHS,\"2024-09-30 09:33:00-05\",,,77476,202409301433-KCHS-NWUS52-LSRCHS)", "county": "Jasper", "typetext": "TROPICAL CYCLONE", "state": "SC", "remark": "South Carolina Highway Patrol reported atree on Calf Pen Bay Road due to Hurricane Helene.", "city": "5 WSW Gillisonville", "source": "Dept of Highways", "unit": null, "valid": "2024-09-27T06:56:00Z", "lon": -81.07, "lat": 32.57, "qualifier": null, "product_id": "202409301433-KCHS-NWUS52-LSRCHS", "st": "SC", "magnitude": ""}, "geometry": {"type": "Point", "coordinates": [-81.07, 32.57]}}, {"id": "165", "type": "Feature", "properties": {"wfo": "CHS", "type": "0", "magf": null, "l": "(\"2024-09-27 01:56:00-05\",0,,Ridgeland,Jasper,SC,\"Dept of Highways\",\"South Carolina Highway Patrol reported a tree down on Sisters Ferry Road due to Hurricane Helene.\",CHS,\"TROPICAL CYCLONE\",0101000020E61000001F85EB51B83E54C03D0AD7A3703D4040,202409270723-KCHS-NWUS52-LSRCHS,\"2024-09-27 03:24:00-05\",,,77476,202409270824-KCHS-NWUS52-LSRCHS)", "county": "Jasper", "typetext": "TROPICAL CYCLONE", "state": "SC", "remark": "South Carolina Highway Patrol reported a tree down on Sisters Ferry Road due to Hurricane Helene.", "city": "Ridgeland", "source": "Dept of Highways", "unit": null, "valid": "2024-09-27T06:56:00Z", "lon": -80.98, "lat": 32.48, "qualifier": null, "product_id": "202409270824-KCHS-NWUS52-LSRCHS", "st": "SC", "magnitude": ""}, "geometry": {"type": "Point", "coordinates": [-80.98, 32.48]}}, {"id": "166", "type": "Feature", "properties": {"wfo": "CHS", "type": "0", "magf": null, "l": "(\"2024-09-27 01:56:00-05\",0,,Ridgeland,Jasper,SC,\"Dept of Highways\",\"South Carolina Highway Patrol reported a tree down on Sisters Ferry Road due to Hurricane Helene.\",CHS,\"TROPICAL CYCLONE\",0101000020E61000001F85EB51B83E54C03D0AD7A3703D4040,202409301433-KCHS-NWUS52-LSRCHS,\"2024-09-30 09:33:00-05\",,,77476,202409301433-KCHS-NWUS52-LSRCHS)", "county": "Jasper", "typetext": "TROPICAL CYCLONE", "state": "SC", "remark": "South Carolina Highway Patrol reported a tree down on Sisters Ferry Road due to Hurricane Helene.", "city": "Ridgeland", "source": "Dept of Highways", "unit": null, "valid": "2024-09-27T06:56:00Z", "lon": -80.98, "lat": 32.48, "qualifier": null, "product_id": "202409301433-KCHS-NWUS52-LSRCHS", "st": "SC", "magnitude": ""}, "geometry": {"type": "Point", "coordinates": [-80.98, 32.48]}}, {"id": "167", "type": "Feature", "properties": {"wfo": "CHS", "type": "0", "magf": null, "l": "(\"2024-09-27 01:58:00-05\",0,,\"2 WSW Ridgeland\",Jasper,SC,\"Dept of Highways\",\"South Carolina Highway Patrol reported a tree down on Smiths Xing due to Hurricane Helene.\",CHS,\"TROPICAL CYCLONE\",0101000020E6100000713D0AD7A34054C05C8FC2F5283C4040,202409270725-KCHS-NWUS52-LSRCHS,\"2024-09-27 03:24:00-05\",,,77476,202409270824-KCHS-NWUS52-LSRCHS)", "county": "Jasper", "typetext": "TROPICAL CYCLONE", "state": "SC", "remark": "South Carolina Highway Patrol reported a tree down on Smiths Xing due to Hurricane Helene.", "city": "2 WSW Ridgeland", "source": "Dept of Highways", "unit": null, "valid": "2024-09-27T06:58:00Z", "lon": -81.01, "lat": 32.47, "qualifier": null, "product_id": "202409270824-KCHS-NWUS52-LSRCHS", "st": "SC", "magnitude": ""}, "geometry": {"type": "Point", "coordinates": [-81.01, 32.47]}}, {"id": "168", "type": "Feature", "properties": {"wfo": "CHS", "type": "0", "magf": null, "l": "(\"2024-09-27 01:58:00-05\",0,,\"2 WSW Ridgeland\",Jasper,SC,\"Dept of Highways\",\"South Carolina Highway Patrol reported a tree down on Smiths Xing due to Hurricane Helene.\",CHS,\"TROPICAL CYCLONE\",0101000020E6100000713D0AD7A34054C05C8FC2F5283C4040,202409301433-KCHS-NWUS52-LSRCHS,\"2024-09-30 09:33:00-05\",,,77476,202409301433-KCHS-NWUS52-LSRCHS)", "county": "Jasper", "typetext": "TROPICAL CYCLONE", "state": "SC", "remark": "South Carolina Highway Patrol reported a tree down on Smiths Xing due to Hurricane Helene.", "city": "2 WSW Ridgeland", "source": "Dept of Highways", "unit": null, "valid": "2024-09-27T06:58:00Z", "lon": -81.01, "lat": 32.47, "qualifier": null, "product_id": "202409301433-KCHS-NWUS52-LSRCHS", "st": "SC", "magnitude": ""}, "geometry": {"type": "Point", "coordinates": [-81.01, 32.47]}}, {"id": "169", "type": "Feature", "properties": {"wfo": "CHS", "type": "0", "magf": null, "l": "(\"2024-09-27 02:00:00-05\",0,,\"2 NW Walterboro\",Colleton,SC,\"Emergency Mngr\",\"Colleton County Emergency Manager reported a tree down on 10739 Bells Highway due to Hurricane Helene.\",CHS,\"TROPICAL CYCLONE\",0101000020E6100000EC51B81E852B54C0D7A3703D0A774040,202409270709-KCHS-NWUS52-LSRCHS,\"2024-09-27 03:24:00-05\",,,77464,202409270824-KCHS-NWUS52-LSRCHS)", "county": "Colleton", "typetext": "TROPICAL CYCLONE", "state": "SC", "remark": "Colleton County Emergency Manager reported a tree down on 10739 Bells Highway due to Hurricane Helene.", "city": "2 NW Walterboro", "source": "Emergency Mngr", "unit": null, "valid": "2024-09-27T07:00:00Z", "lon": -80.68, "lat": 32.93, "qualifier": null, "product_id": "202409270824-KCHS-NWUS52-LSRCHS", "st": "SC", "magnitude": ""}, "geometry": {"type": "Point", "coordinates": [-80.68, 32.93]}}, {"id": "170", "type": "Feature", "properties": {"wfo": "CHS", "type": "0", "magf": null, "l": "(\"2024-09-27 02:00:00-05\",0,,\"2 NW Walterboro\",Colleton,SC,\"Emergency Mngr\",\"Colleton County Emergency Manager reported a tree down on 10739 Bells Highway due to Hurricane Helene.\",CHS,\"TROPICAL CYCLONE\",0101000020E6100000EC51B81E852B54C0D7A3703D0A774040,202409301433-KCHS-NWUS52-LSRCHS,\"2024-09-30 09:33:00-05\",,,77464,202409301433-KCHS-NWUS52-LSRCHS)", "county": "Colleton", "typetext": "TROPICAL CYCLONE", "state": "SC", "remark": "Colleton County Emergency Manager reported a tree down on 10739 Bells Highway due to Hurricane Helene.", "city": "2 NW Walterboro", "source": "Emergency Mngr", "unit": null, "valid": "2024-09-27T07:00:00Z", "lon": -80.68, "lat": 32.93, "qualifier": null, "product_id": "202409301433-KCHS-NWUS52-LSRCHS", "st": "SC", "magnitude": ""}, "geometry": {"type": "Point", "coordinates": [-80.68, 32.93]}}, {"id": "171", "type": "Feature", "properties": {"wfo": "CHS", "type": "0", "magf": null, "l": "(\"2024-09-27 02:00:00-05\",0,,\"2 W Skidaway Island\",Chatham,GA,\"Emergency Mngr\",\"Chatham County Emergency Management reported several trees down on Burnside Island.\",CHS,\"TROPICAL CYCLONE\",0101000020E6100000F6285C8FC24554C0AE47E17A14EE3F40,202409271705-KCHS-NWUS52-LSRCHS,\"2024-09-27 12:05:00-05\",,,75463,)", "county": "Chatham", "typetext": "TROPICAL CYCLONE", "state": "GA", "remark": "Chatham County Emergency Management reported several trees down on Burnside Island.", "city": "2 W Skidaway Island", "source": "Emergency Mngr", "unit": null, "valid": "2024-09-27T07:00:00Z", "lon": -81.09, "lat": 31.93, "qualifier": null, "product_id": "202409271705-KCHS-NWUS52-LSRCHS", "st": "GA", "magnitude": ""}, "geometry": {"type": "Point", "coordinates": [-81.09, 31.93]}}, {"id": "172", "type": "Feature", "properties": {"wfo": "CHS", "type": "0", "magf": null, "l": "(\"2024-09-27 02:00:00-05\",0,,\"2 W Skidaway Island\",Chatham,GA,\"Emergency Mngr\",\"Chatham County Emergency Management reported several trees down on Burnside Island.\",CHS,\"TROPICAL CYCLONE\",0101000020E6100000F6285C8FC24554C0AE47E17A14EE3F40,202409301433-KCHS-NWUS52-LSRCHS,\"2024-09-30 09:33:00-05\",,,75463,202409301433-KCHS-NWUS52-LSRCHS)", "county": "Chatham", "typetext": "TROPICAL CYCLONE", "state": "GA", "remark": "Chatham County Emergency Management reported several trees down on Burnside Island.", "city": "2 W Skidaway Island", "source": "Emergency Mngr", "unit": null, "valid": "2024-09-27T07:00:00Z", "lon": -81.09, "lat": 31.93, "qualifier": null, "product_id": "202409301433-KCHS-NWUS52-LSRCHS", "st": "GA", "magnitude": ""}, "geometry": {"type": "Point", "coordinates": [-81.09, 31.93]}}, {"id": "173", "type": "Feature", "properties": {"wfo": "CHS", "type": "0", "magf": null, "l": "(\"2024-09-27 02:00:00-05\",0,,Hampton,Hampton,SC,\"Emergency Mngr\",\"Hampton County Emergency Management reported widespread trees and powerlines down across the county.\",CHS,\"TROPICAL CYCLONE\",0101000020E6100000B81E85EB514854C0713D0AD7A3704040,202409271854-KCHS-NWUS52-LSRCHS,\"2024-09-27 13:54:00-05\",,,77474,)", "county": "Hampton", "typetext": "TROPICAL CYCLONE", "state": "SC", "remark": "Hampton County Emergency Management reported widespread trees and powerlines down across the county.", "city": "Hampton", "source": "Emergency Mngr", "unit": null, "valid": "2024-09-27T07:00:00Z", "lon": -81.13, "lat": 32.88, "qualifier": null, "product_id": "202409271854-KCHS-NWUS52-LSRCHS", "st": "SC", "magnitude": ""}, "geometry": {"type": "Point", "coordinates": [-81.13, 32.88]}}, {"id": "174", "type": "Feature", "properties": {"wfo": "CHS", "type": "0", "magf": null, "l": "(\"2024-09-27 02:00:00-05\",0,,Hampton,Hampton,SC,\"Emergency Mngr\",\"Hampton County Emergency Management reported widespread trees and powerlines down across the county.\",CHS,\"TROPICAL CYCLONE\",0101000020E6100000B81E85EB514854C0713D0AD7A3704040,202409301433-KCHS-NWUS52-LSRCHS,\"2024-09-30 09:33:00-05\",,,77474,202409301433-KCHS-NWUS52-LSRCHS)", "county": "Hampton", "typetext": "TROPICAL CYCLONE", "state": "SC", "remark": "Hampton County Emergency Management reported widespread trees and powerlines down across the county.", "city": "Hampton", "source": "Emergency Mngr", "unit": null, "valid": "2024-09-27T07:00:00Z", "lon": -81.13, "lat": 32.88, "qualifier": null, "product_id": "202409301433-KCHS-NWUS52-LSRCHS", "st": "SC", "magnitude": ""}, "geometry": {"type": "Point", "coordinates": [-81.13, 32.88]}}, {"id": "175", "type": "Feature", "properties": {"wfo": "CHS", "type": "0", "magf": null, "l": "(\"2024-09-27 02:00:00-05\",0,,Hinesville,Liberty,GA,\"Emergency Mngr\",\"Liberty County Emergency Management relayed that there was 132 reports of trees down in the roadway or on powerlines, as well as damage to 24 structures. Impacts were widespread across the county.\",CHS,\"TROPICAL CYCLONE\",0101000020E610000066666666666654C09A99999999D93F40,202409271737-KCHS-NWUS52-LSRCHS,\"2024-09-27 12:37:00-05\",,,75527,)", "county": "Liberty", "typetext": "TROPICAL CYCLONE", "state": "GA", "remark": "Liberty County Emergency Management relayed that there was 132 reports of trees down in the roadway or on powerlines, as well as damage to 24 structures. Impacts were widespread across the county.", "city": "Hinesville", "source": "Emergency Mngr", "unit": null, "valid": "2024-09-27T07:00:00Z", "lon": -81.6, "lat": 31.85, "qualifier": null, "product_id": "202409271737-KCHS-NWUS52-LSRCHS", "st": "GA", "magnitude": ""}, "geometry": {"type": "Point", "coordinates": [-81.6, 31.85]}}, {"id": "176", "type": "Feature", "properties": {"wfo": "CHS", "type": "0", "magf": null, "l": "(\"2024-09-27 02:00:00-05\",0,,Hinesville,Liberty,GA,\"Emergency Mngr\",\"Liberty County Emergency Management relayed that there was 132 reports of trees down in the roadway or on powerlines, as well as damage to 24 structures. Impacts were widespread across the county.\",CHS,\"TROPICAL CYCLONE\",0101000020E610000066666666666654C09A99999999D93F40,202409301433-KCHS-NWUS52-LSRCHS,\"2024-09-30 09:33:00-05\",,,75527,202409301433-KCHS-NWUS52-LSRCHS)", "county": "Liberty", "typetext": "TROPICAL CYCLONE", "state": "GA", "remark": "Liberty County Emergency Management relayed that there was 132 reports of trees down in the roadway or on powerlines, as well as damage to 24 structures. Impacts were widespread across the county.", "city": "Hinesville", "source": "Emergency Mngr", "unit": null, "valid": "2024-09-27T07:00:00Z", "lon": -81.6, "lat": 31.85, "qualifier": null, "product_id": "202409301433-KCHS-NWUS52-LSRCHS", "st": "GA", "magnitude": ""}, "geometry": {"type": "Point", "coordinates": [-81.6, 31.85]}}, {"id": "177", "type": "Feature", "properties": {"wfo": "CHS", "type": "0", "magf": null, "l": "(\"2024-09-27 02:00:00-05\",0,,Sylvania,Screven,GA,\"Emergency Mngr\",\"Screven County Emergency Management reported widespread trees and powerlines down across the county. Power is out for 100% of the county.\",CHS,\"TROPICAL CYCLONE\",0101000020E6100000295C8FC2F56854C00000000000604040,202409271811-KCHS-NWUS52-LSRCHS,\"2024-09-27 13:11:00-05\",,,75562,)", "county": "Screven", "typetext": "TROPICAL CYCLONE", "state": "GA", "remark": "Screven County Emergency Management reported widespread trees and powerlines down across the county. Power is out for 100% of the county.", "city": "Sylvania", "source": "Emergency Mngr", "unit": null, "valid": "2024-09-27T07:00:00Z", "lon": -81.64, "lat": 32.75, "qualifier": null, "product_id": "202409271811-KCHS-NWUS52-LSRCHS", "st": "GA", "magnitude": ""}, "geometry": {"type": "Point", "coordinates": [-81.64, 32.75]}}, {"id": "178", "type": "Feature", "properties": {"wfo": "CHS", "type": "0", "magf": null, "l": "(\"2024-09-27 02:00:00-05\",0,,Sylvania,Screven,GA,\"Emergency Mngr\",\"Screven County Emergency Management reported widespread trees and powerlines down across the county. Power is out for 100% of the county.\",CHS,\"TROPICAL CYCLONE\",0101000020E6100000295C8FC2F56854C00000000000604040,202409301433-KCHS-NWUS52-LSRCHS,\"2024-09-30 09:33:00-05\",,,75562,202409301433-KCHS-NWUS52-LSRCHS)", "county": "Screven", "typetext": "TROPICAL CYCLONE", "state": "GA", "remark": "Screven County Emergency Management reported widespread trees and powerlines down across the county. Power is out for 100% of the county.", "city": "Sylvania", "source": "Emergency Mngr", "unit": null, "valid": "2024-09-27T07:00:00Z", "lon": -81.64, "lat": 32.75, "qualifier": null, "product_id": "202409301433-KCHS-NWUS52-LSRCHS", "st": "GA", "magnitude": ""}, "geometry": {"type": "Point", "coordinates": [-81.64, 32.75]}}, {"id": "179", "type": "Feature", "properties": {"wfo": "CHS", "type": "0", "magf": null, "l": "(\"2024-09-27 02:02:00-05\",0,,\"4 NNE Walterboro\",Colleton,SC,\"Emergency Mngr\",\"Colleton County Emergency Manager reported a tree down on Lakeshore Drive and Pulis Road due to Hurricane Helene.\",CHS,\"TROPICAL CYCLONE\",0101000020E6100000295C8FC2F52854C07B14AE47E17A4040,202409270717-KCHS-NWUS52-LSRCHS,\"2024-09-27 03:24:00-05\",,,77464,202409270824-KCHS-NWUS52-LSRCHS)", "county": "Colleton", "typetext": "TROPICAL CYCLONE", "state": "SC", "remark": "Colleton County Emergency Manager reported a tree down on Lakeshore Drive and Pulis Road due to Hurricane Helene.", "city": "4 NNE Walterboro", "source": "Emergency Mngr", "unit": null, "valid": "2024-09-27T07:02:00Z", "lon": -80.64, "lat": 32.96, "qualifier": null, "product_id": "202409270824-KCHS-NWUS52-LSRCHS", "st": "SC", "magnitude": ""}, "geometry": {"type": "Point", "coordinates": [-80.64, 32.96]}}, {"id": "180", "type": "Feature", "properties": {"wfo": "CHS", "type": "0", "magf": null, "l": "(\"2024-09-27 02:02:00-05\",0,,\"4 NNE Walterboro\",Colleton,SC,\"Emergency Mngr\",\"Colleton County Emergency Manager reported a tree down on Lakeshore Drive and Pulis Road due to Hurricane Helene.\",CHS,\"TROPICAL CYCLONE\",0101000020E6100000295C8FC2F52854C07B14AE47E17A4040,202409301433-KCHS-NWUS52-LSRCHS,\"2024-09-30 09:33:00-05\",,,77464,202409301433-KCHS-NWUS52-LSRCHS)", "county": "Colleton", "typetext": "TROPICAL CYCLONE", "state": "SC", "remark": "Colleton County Emergency Manager reported a tree down on Lakeshore Drive and Pulis Road due to Hurricane Helene.", "city": "4 NNE Walterboro", "source": "Emergency Mngr", "unit": null, "valid": "2024-09-27T07:02:00Z", "lon": -80.64, "lat": 32.96, "qualifier": null, "product_id": "202409301433-KCHS-NWUS52-LSRCHS", "st": "SC", "magnitude": ""}, "geometry": {"type": "Point", "coordinates": [-80.64, 32.96]}}, {"id": "181", "type": "Feature", "properties": {"wfo": "CHS", "type": "0", "magf": null, "l": "(\"2024-09-27 02:30:00-05\",0,,\"3 S West Ashley\",Charleston,SC,\"Emergency Mngr\",\"Tree down on the 2500 block of Maybank.\",CHS,\"TROPICAL CYCLONE\",0101000020E6100000E17A14AE470154C00000000000604040,202409271132-KCHS-NWUS52-LSRCHS,\"2024-09-27 06:32:00-05\",,,77459,)", "county": "Charleston", "typetext": "TROPICAL CYCLONE", "state": "SC", "remark": "Tree down on the 2500 block of Maybank.", "city": "3 S West Ashley", "source": "Emergency Mngr", "unit": null, "valid": "2024-09-27T07:30:00Z", "lon": -80.02, "lat": 32.75, "qualifier": null, "product_id": "202409271132-KCHS-NWUS52-LSRCHS", "st": "SC", "magnitude": ""}, "geometry": {"type": "Point", "coordinates": [-80.02, 32.75]}}, {"id": "182", "type": "Feature", "properties": {"wfo": "CHS", "type": "0", "magf": null, "l": "(\"2024-09-27 02:30:00-05\",0,,\"3 S West Ashley\",Charleston,SC,\"Emergency Mngr\",\"Tree down on the 2500 block of Maybank.\",CHS,\"TROPICAL CYCLONE\",0101000020E6100000E17A14AE470154C00000000000604040,202409301433-KCHS-NWUS52-LSRCHS,\"2024-09-30 09:33:00-05\",,,77459,202409301433-KCHS-NWUS52-LSRCHS)", "county": "Charleston", "typetext": "TROPICAL CYCLONE", "state": "SC", "remark": "Tree down on the 2500 block of Maybank.", "city": "3 S West Ashley", "source": "Emergency Mngr", "unit": null, "valid": "2024-09-27T07:30:00Z", "lon": -80.02, "lat": 32.75, "qualifier": null, "product_id": "202409301433-KCHS-NWUS52-LSRCHS", "st": "SC", "magnitude": ""}, "geometry": {"type": "Point", "coordinates": [-80.02, 32.75]}}, {"id": "183", "type": "Feature", "properties": {"wfo": "CHS", "type": "0", "magf": null, "l": "(\"2024-09-27 02:30:00-05\",0,,\"4 SSE Johns Island\",Charleston,SC,\"Emergency Mngr\",\"Trees down on River Rd and Edenvale Rd.\",CHS,\"TROPICAL CYCLONE\",0101000020E610000033333333330354C0F6285C8FC2554040,202409271127-KCHS-NWUS52-LSRCHS,\"2024-09-27 06:27:00-05\",,,77459,)", "county": "Charleston", "typetext": "TROPICAL CYCLONE", "state": "SC", "remark": "Trees down on River Rd and Edenvale Rd.", "city": "4 SSE Johns Island", "source": "Emergency Mngr", "unit": null, "valid": "2024-09-27T07:30:00Z", "lon": -80.05, "lat": 32.67, "qualifier": null, "product_id": "202409271127-KCHS-NWUS52-LSRCHS", "st": "SC", "magnitude": ""}, "geometry": {"type": "Point", "coordinates": [-80.05, 32.67]}}, {"id": "184", "type": "Feature", "properties": {"wfo": "CHS", "type": "0", "magf": null, "l": "(\"2024-09-27 02:30:00-05\",0,,\"4 SSE Johns Island\",Charleston,SC,\"Emergency Mngr\",\"Trees down on River Rd and Edenvale Rd.\",CHS,\"TROPICAL CYCLONE\",0101000020E610000033333333330354C0F6285C8FC2554040,202409301433-KCHS-NWUS52-LSRCHS,\"2024-09-30 09:33:00-05\",,,77459,202409301433-KCHS-NWUS52-LSRCHS)", "county": "Charleston", "typetext": "TROPICAL CYCLONE", "state": "SC", "remark": "Trees down on River Rd and Edenvale Rd.", "city": "4 SSE Johns Island", "source": "Emergency Mngr", "unit": null, "valid": "2024-09-27T07:30:00Z", "lon": -80.05, "lat": 32.67, "qualifier": null, "product_id": "202409301433-KCHS-NWUS52-LSRCHS", "st": "SC", "magnitude": ""}, "geometry": {"type": "Point", "coordinates": [-80.05, 32.67]}}, {"id": "185", "type": "Feature", "properties": {"wfo": "CHS", "type": "0", "magf": null, "l": "(\"2024-09-27 02:30:00-05\",0,,Midway,Liberty,GA,\"Emergency Mngr\",\"*** 1 Fatal *** Liberty County Emergency Management reported that a female was killed when a tree fell on the camper she was sleeping in. The tree fell during high winds associated with Tropical Storm Helene.\",CHS,\"TROPICAL CYCLONE\",0101000020E6100000EC51B81E855B54C08FC2F5285CCF3F40,202409272330-KCHS-NWUS52-LSRCHS,\"2024-09-27 18:30:00-05\",,,75527,)", "county": "Liberty", "typetext": "TROPICAL CYCLONE", "state": "GA", "remark": "*** 1 Fatal *** Liberty County Emergency Management reported that a female was killed when a tree fell on the camper she was sleeping in. The tree fell during high winds associated with Tropical Storm Helene.", "city": "Midway", "source": "Emergency Mngr", "unit": null, "valid": "2024-09-27T07:30:00Z", "lon": -81.43, "lat": 31.81, "qualifier": null, "product_id": "202409272330-KCHS-NWUS52-LSRCHS", "st": "GA", "magnitude": ""}, "geometry": {"type": "Point", "coordinates": [-81.43, 31.81]}}, {"id": "186", "type": "Feature", "properties": {"wfo": "CHS", "type": "0", "magf": null, "l": "(\"2024-09-27 02:30:00-05\",0,,Midway,Liberty,GA,\"Emergency Mngr\",\"*** 1 FATAL *** Liberty County Emergency Management reported that a female was killed when a tree fell on the camper she was sleeping in. The tree fell during high winds associated with Tropical Storm Helene.\",CHS,\"TROPICAL CYCLONE\",0101000020E6100000EC51B81E855B54C08FC2F5285CCF3F40,202409301433-KCHS-NWUS52-LSRCHS,\"2024-09-30 09:33:00-05\",,,75527,202409301433-KCHS-NWUS52-LSRCHS)", "county": "Liberty", "typetext": "TROPICAL CYCLONE", "state": "GA", "remark": "*** 1 FATAL *** Liberty County Emergency Management reported that a female was killed when a tree fell on the camper she was sleeping in. The tree fell during high winds associated with Tropical Storm Helene.", "city": "Midway", "source": "Emergency Mngr", "unit": null, "valid": "2024-09-27T07:30:00Z", "lon": -81.43, "lat": 31.81, "qualifier": null, "product_id": "202409301433-KCHS-NWUS52-LSRCHS", "st": "GA", "magnitude": ""}, "geometry": {"type": "Point", "coordinates": [-81.43, 31.81]}}, {"id": "187", "type": "Feature", "properties": {"wfo": "CHS", "type": "0", "magf": null, "l": "(\"2024-09-27 02:54:00-05\",0,,\"1 WNW Cottageville\",Colleton,SC,\"Emergency Mngr\",\"Colleton County Emergency Manager reported a tree down blocking both lanes at the intersection of Cottageville Highway and Rehoboth Road due to Hurricane Helene.\",CHS,\"TROPICAL CYCLONE\",0101000020E61000008FC2F5285C1F54C0B81E85EB51784040,202409270829-KCHS-NWUS52-LSRCHS,\"2024-09-27 03:29:00-05\",,,77464,)", "county": "Colleton", "typetext": "TROPICAL CYCLONE", "state": "SC", "remark": "Colleton County Emergency Manager reported a tree down blocking both lanes at the intersection of Cottageville Highway and Rehoboth Road due to Hurricane Helene.", "city": "1 WNW Cottageville", "source": "Emergency Mngr", "unit": null, "valid": "2024-09-27T07:54:00Z", "lon": -80.49, "lat": 32.94, "qualifier": null, "product_id": "202409270829-KCHS-NWUS52-LSRCHS", "st": "SC", "magnitude": ""}, "geometry": {"type": "Point", "coordinates": [-80.49, 32.94]}}, {"id": "188", "type": "Feature", "properties": {"wfo": "CHS", "type": "0", "magf": null, "l": "(\"2024-09-27 02:54:00-05\",0,,\"1 WNW Cottageville\",Colleton,SC,\"Emergency Mngr\",\"Colleton County Emergency Manager reported a tree down blocking both lanes at the intersection of Cottageville Highway and Rehoboth Road due to Hurricane Helene.\",CHS,\"TROPICAL CYCLONE\",0101000020E61000008FC2F5285C1F54C0B81E85EB51784040,202409301433-KCHS-NWUS52-LSRCHS,\"2024-09-30 09:33:00-05\",,,77464,202409301433-KCHS-NWUS52-LSRCHS)", "county": "Colleton", "typetext": "TROPICAL CYCLONE", "state": "SC", "remark": "Colleton County Emergency Manager reported a tree down blocking both lanes at the intersection of Cottageville Highway and Rehoboth Road due to Hurricane Helene.", "city": "1 WNW Cottageville", "source": "Emergency Mngr", "unit": null, "valid": "2024-09-27T07:54:00Z", "lon": -80.49, "lat": 32.94, "qualifier": null, "product_id": "202409301433-KCHS-NWUS52-LSRCHS", "st": "SC", "magnitude": ""}, "geometry": {"type": "Point", "coordinates": [-80.49, 32.94]}}, {"id": "189", "type": "Feature", "properties": {"wfo": "CHS", "type": "0", "magf": null, "l": "(\"2024-09-27 02:55:00-05\",0,,\"3 SSW Hendersonville\",Colleton,SC,\"Emergency Mngr\",\"Tree down blocking both lanes at the intersection of Hendersonville Highway and Combahee Road.\",CHS,\"TROPICAL CYCLONE\",0101000020E610000000000000003054C00000000000604040,202409270900-KCHS-NWUS52-LSRCHS,\"2024-09-27 04:00:00-05\",,,77464,)", "county": "Colleton", "typetext": "TROPICAL CYCLONE", "state": "SC", "remark": "Tree down blocking both lanes at the intersection of Hendersonville Highway and Combahee Road.", "city": "3 SSW Hendersonville", "source": "Emergency Mngr", "unit": null, "valid": "2024-09-27T07:55:00Z", "lon": -80.75, "lat": 32.75, "qualifier": null, "product_id": "202409270900-KCHS-NWUS52-LSRCHS", "st": "SC", "magnitude": ""}, "geometry": {"type": "Point", "coordinates": [-80.75, 32.75]}}, {"id": "190", "type": "Feature", "properties": {"wfo": "CHS", "type": "0", "magf": null, "l": "(\"2024-09-27 02:55:00-05\",0,,\"3 SSW Hendersonville\",Colleton,SC,\"Emergency Mngr\",\"Tree down blocking both lanes at the intersection of Hendersonville Highway and Combahee Road.\",CHS,\"TROPICAL CYCLONE\",0101000020E610000000000000003054C00000000000604040,202409301433-KCHS-NWUS52-LSRCHS,\"2024-09-30 09:33:00-05\",,,77464,202409301433-KCHS-NWUS52-LSRCHS)", "county": "Colleton", "typetext": "TROPICAL CYCLONE", "state": "SC", "remark": "Tree down blocking both lanes at the intersection of Hendersonville Highway and Combahee Road.", "city": "3 SSW Hendersonville", "source": "Emergency Mngr", "unit": null, "valid": "2024-09-27T07:55:00Z", "lon": -80.75, "lat": 32.75, "qualifier": null, "product_id": "202409301433-KCHS-NWUS52-LSRCHS", "st": "SC", "magnitude": ""}, "geometry": {"type": "Point", "coordinates": [-80.75, 32.75]}}, {"id": "191", "type": "Feature", "properties": {"wfo": "CHS", "type": "0", "magf": null, "l": "(\"2024-09-27 03:00:00-05\",0,,\"1 SSW Hardeeville\",Jasper,SC,\"Emergency Mngr\",\"Jasper County Emergency Management reported trees down, with some impacting homes, on Paynesville Road.\",CHS,\"TROPICAL CYCLONE\",0101000020E610000085EB51B81E4554C0A4703D0AD7234040,202409271939-KCHS-NWUS52-LSRCHS,\"2024-09-27 14:39:00-05\",,,77476,)", "county": "Jasper", "typetext": "TROPICAL CYCLONE", "state": "SC", "remark": "Jasper County Emergency Management reported trees down, with some impacting homes, on Paynesville Road.", "city": "1 SSW Hardeeville", "source": "Emergency Mngr", "unit": null, "valid": "2024-09-27T08:00:00Z", "lon": -81.08, "lat": 32.28, "qualifier": null, "product_id": "202409271939-KCHS-NWUS52-LSRCHS", "st": "SC", "magnitude": ""}, "geometry": {"type": "Point", "coordinates": [-81.08, 32.28]}}, {"id": "192", "type": "Feature", "properties": {"wfo": "CHS", "type": "0", "magf": null, "l": "(\"2024-09-27 03:00:00-05\",0,,\"1 SSW Hardeeville\",Jasper,SC,\"Emergency Mngr\",\"Jasper County Emergency Management reported trees down, with some impacting homes, on Paynesville Road.\",CHS,\"TROPICAL CYCLONE\",0101000020E610000085EB51B81E4554C0A4703D0AD7234040,202409301433-KCHS-NWUS52-LSRCHS,\"2024-09-30 09:33:00-05\",,,77476,202409301433-KCHS-NWUS52-LSRCHS)", "county": "Jasper", "typetext": "TROPICAL CYCLONE", "state": "SC", "remark": "Jasper County Emergency Management reported trees down, with some impacting homes, on Paynesville Road.", "city": "1 SSW Hardeeville", "source": "Emergency Mngr", "unit": null, "valid": "2024-09-27T08:00:00Z", "lon": -81.08, "lat": 32.28, "qualifier": null, "product_id": "202409301433-KCHS-NWUS52-LSRCHS", "st": "SC", "magnitude": ""}, "geometry": {"type": "Point", "coordinates": [-81.08, 32.28]}}, {"id": "193", "type": "Feature", "properties": {"wfo": "CHS", "type": "0", "magf": null, "l": "(\"2024-09-27 03:00:00-05\",0,,\"1 W Savannah Airport.\",Chatham,GA,\"Emergency Mngr\",\"Savannah Airport Commission reported several trees down in and around the Savannah/Hilton Head International Airport.\",CHS,\"TROPICAL CYCLONE\",0101000020E6100000AE47E17A144E54C0713D0AD7A3104040,202409271942-KCHS-NWUS52-LSRCHS,\"2024-09-27 14:42:00-05\",,,75463,)", "county": "Chatham", "typetext": "TROPICAL CYCLONE", "state": "GA", "remark": "Savannah Airport Commission reported several trees down in and around the Savannah/Hilton Head International Airport.", "city": "1 W Savannah Airport.", "source": "Emergency Mngr", "unit": null, "valid": "2024-09-27T08:00:00Z", "lon": -81.22, "lat": 32.13, "qualifier": null, "product_id": "202409271942-KCHS-NWUS52-LSRCHS", "st": "GA", "magnitude": ""}, "geometry": {"type": "Point", "coordinates": [-81.22, 32.13]}}, {"id": "194", "type": "Feature", "properties": {"wfo": "CHS", "type": "0", "magf": null, "l": "(\"2024-09-27 03:00:00-05\",0,,\"1 W Savannah Airport.\",Chatham,GA,\"Emergency Mngr\",\"Savannah Airport Commission reported several trees down in and around the Savannah/Hilton Head International Airport.\",CHS,\"TROPICAL CYCLONE\",0101000020E6100000AE47E17A144E54C0713D0AD7A3104040,202409301433-KCHS-NWUS52-LSRCHS,\"2024-09-30 09:33:00-05\",,,75463,202409301433-KCHS-NWUS52-LSRCHS)", "county": "Chatham", "typetext": "TROPICAL CYCLONE", "state": "GA", "remark": "Savannah Airport Commission reported several trees down in and around the Savannah/Hilton Head International Airport.", "city": "1 W Savannah Airport.", "source": "Emergency Mngr", "unit": null, "valid": "2024-09-27T08:00:00Z", "lon": -81.22, "lat": 32.13, "qualifier": null, "product_id": "202409301433-KCHS-NWUS52-LSRCHS", "st": "GA", "magnitude": ""}, "geometry": {"type": "Point", "coordinates": [-81.22, 32.13]}}, {"id": "195", "type": "Feature", "properties": {"wfo": "CHS", "type": "0", "magf": null, "l": "(\"2024-09-27 03:00:00-05\",0,,\"2 NNE Thunderbolt\",Chatham,GA,Public,\"Public relayed report of several trees down in the Runaway Point community.\",CHS,\"TROPICAL CYCLONE\",0101000020E6100000C3F5285C8F4254C048E17A14AE074040,202409271944-KCHS-NWUS52-LSRCHS,\"2024-09-27 14:44:00-05\",,,75463,)", "county": "Chatham", "typetext": "TROPICAL CYCLONE", "state": "GA", "remark": "Public relayed report of several trees down in the Runaway Point community.", "city": "2 NNE Thunderbolt", "source": "Public", "unit": null, "valid": "2024-09-27T08:00:00Z", "lon": -81.04, "lat": 32.06, "qualifier": null, "product_id": "202409271944-KCHS-NWUS52-LSRCHS", "st": "GA", "magnitude": ""}, "geometry": {"type": "Point", "coordinates": [-81.04, 32.06]}}, {"id": "196", "type": "Feature", "properties": {"wfo": "CHS", "type": "0", "magf": null, "l": "(\"2024-09-27 03:00:00-05\",0,,\"2 NNE Thunderbolt\",Chatham,GA,Public,\"Public relayed report of several trees down in the Runaway Point community.\",CHS,\"TROPICAL CYCLONE\",0101000020E6100000C3F5285C8F4254C048E17A14AE074040,202409301433-KCHS-NWUS52-LSRCHS,\"2024-09-30 09:33:00-05\",,,75463,202409301433-KCHS-NWUS52-LSRCHS)", "county": "Chatham", "typetext": "TROPICAL CYCLONE", "state": "GA", "remark": "Public relayed report of several trees down in the Runaway Point community.", "city": "2 NNE Thunderbolt", "source": "Public", "unit": null, "valid": "2024-09-27T08:00:00Z", "lon": -81.04, "lat": 32.06, "qualifier": null, "product_id": "202409301433-KCHS-NWUS52-LSRCHS", "st": "GA", "magnitude": ""}, "geometry": {"type": "Point", "coordinates": [-81.04, 32.06]}}, {"id": "197", "type": "Feature", "properties": {"wfo": "CHS", "type": "0", "magf": null, "l": "(\"2024-09-27 03:00:00-05\",0,,\"Saint George\",Dorchester,SC,\"Emergency Mngr\",\"Dorchester County Emergency Management reported several trees and powerlines down in the Saint George area.\",CHS,\"TROPICAL CYCLONE\",0101000020E610000085EB51B81E2554C0B81E85EB51984040,202409271907-KCHS-NWUS52-LSRCHS,\"2024-09-27 14:07:00-05\",,,77467,)", "county": "Dorchester", "typetext": "TROPICAL CYCLONE", "state": "SC", "remark": "Dorchester County Emergency Management reported several trees and powerlines down in the Saint George area.", "city": "Saint George", "source": "Emergency Mngr", "unit": null, "valid": "2024-09-27T08:00:00Z", "lon": -80.58, "lat": 33.19, "qualifier": null, "product_id": "202409271907-KCHS-NWUS52-LSRCHS", "st": "SC", "magnitude": ""}, "geometry": {"type": "Point", "coordinates": [-80.58, 33.19]}}, {"id": "198", "type": "Feature", "properties": {"wfo": "CHS", "type": "0", "magf": null, "l": "(\"2024-09-27 03:00:00-05\",0,,\"Saint George\",Dorchester,SC,\"Emergency Mngr\",\"Dorchester County Emergency Management reported several trees and powerlines down in the Saint George area.\",CHS,\"TROPICAL CYCLONE\",0101000020E610000085EB51B81E2554C0B81E85EB51984040,202409301433-KCHS-NWUS52-LSRCHS,\"2024-09-30 09:33:00-05\",,,77467,202409301433-KCHS-NWUS52-LSRCHS)", "county": "Dorchester", "typetext": "TROPICAL CYCLONE", "state": "SC", "remark": "Dorchester County Emergency Management reported several trees and powerlines down in the Saint George area.", "city": "Saint George", "source": "Emergency Mngr", "unit": null, "valid": "2024-09-27T08:00:00Z", "lon": -80.58, "lat": 33.19, "qualifier": null, "product_id": "202409301433-KCHS-NWUS52-LSRCHS", "st": "SC", "magnitude": ""}, "geometry": {"type": "Point", "coordinates": [-80.58, 33.19]}}, {"id": "199", "type": "Feature", "properties": {"wfo": "CHS", "type": "0", "magf": null, "l": "(\"2024-09-27 03:02:00-05\",0,,\"1 NE Canadys\",Colleton,SC,\"Emergency Mngr\",\"Tree and power lines down at the intersection of Jefferies Highway and Serenity Bluff Lane.\",CHS,\"TROPICAL CYCLONE\",0101000020E6100000D7A3703D0A2754C048E17A14AE874040,202409270907-KCHS-NWUS52-LSRCHS,\"2024-09-27 04:07:00-05\",,,77464,)", "county": "Colleton", "typetext": "TROPICAL CYCLONE", "state": "SC", "remark": "Tree and power lines down at the intersection of Jefferies Highway and Serenity Bluff Lane.", "city": "1 NE Canadys", "source": "Emergency Mngr", "unit": null, "valid": "2024-09-27T08:02:00Z", "lon": -80.61, "lat": 33.06, "qualifier": null, "product_id": "202409270907-KCHS-NWUS52-LSRCHS", "st": "SC", "magnitude": ""}, "geometry": {"type": "Point", "coordinates": [-80.61, 33.06]}}, {"id": "200", "type": "Feature", "properties": {"wfo": "CHS", "type": "0", "magf": null, "l": "(\"2024-09-27 03:02:00-05\",0,,\"1 NE Canadys\",Colleton,SC,\"Emergency Mngr\",\"Tree and power lines down at the intersection of Jefferies Highway and Serenity Bluff Lane.\",CHS,\"TROPICAL CYCLONE\",0101000020E6100000D7A3703D0A2754C048E17A14AE874040,202409301433-KCHS-NWUS52-LSRCHS,\"2024-09-30 09:33:00-05\",,,77464,202409301433-KCHS-NWUS52-LSRCHS)", "county": "Colleton", "typetext": "TROPICAL CYCLONE", "state": "SC", "remark": "Tree and power lines down at the intersection of Jefferies Highway and Serenity Bluff Lane.", "city": "1 NE Canadys", "source": "Emergency Mngr", "unit": null, "valid": "2024-09-27T08:02:00Z", "lon": -80.61, "lat": 33.06, "qualifier": null, "product_id": "202409301433-KCHS-NWUS52-LSRCHS", "st": "SC", "magnitude": ""}, "geometry": {"type": "Point", "coordinates": [-80.61, 33.06]}}, {"id": "201", "type": "Feature", "properties": {"wfo": "CHS", "type": "0", "magf": null, "l": "(\"2024-09-27 03:06:00-05\",0,,\"3 NW Jacksonboro\",Colleton,SC,\"Emergency Mngr\",\"Tree down at the intersection of Jacksonboro Road and Charleston Highway.\",CHS,\"TROPICAL CYCLONE\",0101000020E61000008FC2F5285C1F54C06666666666664040,202409270929-KCHS-NWUS52-LSRCHS,\"2024-09-27 04:29:00-05\",,,77464,)", "county": "Colleton", "typetext": "TROPICAL CYCLONE", "state": "SC", "remark": "Tree down at the intersection of Jacksonboro Road and Charleston Highway.", "city": "3 NW Jacksonboro", "source": "Emergency Mngr", "unit": null, "valid": "2024-09-27T08:06:00Z", "lon": -80.49, "lat": 32.8, "qualifier": null, "product_id": "202409270929-KCHS-NWUS52-LSRCHS", "st": "SC", "magnitude": ""}, "geometry": {"type": "Point", "coordinates": [-80.49, 32.8]}}, {"id": "202", "type": "Feature", "properties": {"wfo": "CHS", "type": "0", "magf": null, "l": "(\"2024-09-27 03:06:00-05\",0,,\"3 NW Jacksonboro\",Colleton,SC,\"Emergency Mngr\",\"Tree down at the intersection of Jacksonboro Road and Charleston Highway.\",CHS,\"TROPICAL CYCLONE\",0101000020E61000008FC2F5285C1F54C06666666666664040,202409301433-KCHS-NWUS52-LSRCHS,\"2024-09-30 09:33:00-05\",,,77464,202409301433-KCHS-NWUS52-LSRCHS)", "county": "Colleton", "typetext": "TROPICAL CYCLONE", "state": "SC", "remark": "Tree down at the intersection of Jacksonboro Road and Charleston Highway.", "city": "3 NW Jacksonboro", "source": "Emergency Mngr", "unit": null, "valid": "2024-09-27T08:06:00Z", "lon": -80.49, "lat": 32.8, "qualifier": null, "product_id": "202409301433-KCHS-NWUS52-LSRCHS", "st": "SC", "magnitude": ""}, "geometry": {"type": "Point", "coordinates": [-80.49, 32.8]}}, {"id": "203", "type": "Feature", "properties": {"wfo": "CHS", "type": "0", "magf": null, "l": "(\"2024-09-27 03:26:00-05\",0,,\"1 SSE Hendersonville\",Colleton,SC,\"Emergency Mngr\",\"Colleton County Emergency Manager reported debris in road way blocking both lanes.\",CHS,\"TROPICAL CYCLONE\",0101000020E61000003D0AD7A3702D54C0C3F5285C8F624040,202409270832-KCHS-NWUS52-LSRCHS,\"2024-09-27 03:32:00-05\",,,77464,)", "county": "Colleton", "typetext": "TROPICAL CYCLONE", "state": "SC", "remark": "Colleton County Emergency Manager reported debris in road way blocking both lanes.", "city": "1 SSE Hendersonville", "source": "Emergency Mngr", "unit": null, "valid": "2024-09-27T08:26:00Z", "lon": -80.71, "lat": 32.77, "qualifier": null, "product_id": "202409270832-KCHS-NWUS52-LSRCHS", "st": "SC", "magnitude": ""}, "geometry": {"type": "Point", "coordinates": [-80.71, 32.77]}}, {"id": "204", "type": "Feature", "properties": {"wfo": "CHS", "type": "0", "magf": null, "l": "(\"2024-09-27 03:26:00-05\",0,,\"1 SSE Hendersonville\",Colleton,SC,\"Emergency Mngr\",\"Colleton County Emergency Manager reported debris in road way blocking both lanes.\",CHS,\"TROPICAL CYCLONE\",0101000020E61000003D0AD7A3702D54C0C3F5285C8F624040,202409301433-KCHS-NWUS52-LSRCHS,\"2024-09-30 09:33:00-05\",,,77464,202409301433-KCHS-NWUS52-LSRCHS)", "county": "Colleton", "typetext": "TROPICAL CYCLONE", "state": "SC", "remark": "Colleton County Emergency Manager reported debris in road way blocking both lanes.", "city": "1 SSE Hendersonville", "source": "Emergency Mngr", "unit": null, "valid": "2024-09-27T08:26:00Z", "lon": -80.71, "lat": 32.77, "qualifier": null, "product_id": "202409301433-KCHS-NWUS52-LSRCHS", "st": "SC", "magnitude": ""}, "geometry": {"type": "Point", "coordinates": [-80.71, 32.77]}}, {"id": "205", "type": "Feature", "properties": {"wfo": "CHS", "type": "0", "magf": null, "l": "(\"2024-09-27 03:30:00-05\",0,,\"1 SSW Thunderbolt\",Chatham,GA,\"Emergency Mngr\",\"Chatham County Emergency Manager reported over 15 trees down, several power lines down, and structural damage on 3200 block of College Street due to Hurricane Helene.\",CHS,\"TROPICAL CYCLONE\",0101000020E6100000A4703D0AD74354C0A4703D0AD7034040,202409270946-KCHS-NWUS52-LSRCHS,\"2024-09-27 04:46:00-05\",,,75463,)", "county": "Chatham", "typetext": "TROPICAL CYCLONE", "state": "GA", "remark": "Chatham County Emergency Manager reported over 15 trees down, several power lines down, and structural damage on 3200 block of College Street due to Hurricane Helene.", "city": "1 SSW Thunderbolt", "source": "Emergency Mngr", "unit": null, "valid": "2024-09-27T08:30:00Z", "lon": -81.06, "lat": 32.03, "qualifier": null, "product_id": "202409270946-KCHS-NWUS52-LSRCHS", "st": "GA", "magnitude": ""}, "geometry": {"type": "Point", "coordinates": [-81.06, 32.03]}}, {"id": "206", "type": "Feature", "properties": {"wfo": "CHS", "type": "0", "magf": null, "l": "(\"2024-09-27 03:30:00-05\",0,,\"1 SSW Thunderbolt\",Chatham,GA,\"Emergency Mngr\",\"Chatham County Emergency Manager reported over 15 trees down, several power lines down, and structural damage on 3200 block of College Street due to Hurricane Helene.\",CHS,\"TROPICAL CYCLONE\",0101000020E6100000A4703D0AD74354C0A4703D0AD7034040,202409301433-KCHS-NWUS52-LSRCHS,\"2024-09-30 09:33:00-05\",,,75463,202409301433-KCHS-NWUS52-LSRCHS)", "county": "Chatham", "typetext": "TROPICAL CYCLONE", "state": "GA", "remark": "Chatham County Emergency Manager reported over 15 trees down, several power lines down, and structural damage on 3200 block of College Street due to Hurricane Helene.", "city": "1 SSW Thunderbolt", "source": "Emergency Mngr", "unit": null, "valid": "2024-09-27T08:30:00Z", "lon": -81.06, "lat": 32.03, "qualifier": null, "product_id": "202409301433-KCHS-NWUS52-LSRCHS", "st": "GA", "magnitude": ""}, "geometry": {"type": "Point", "coordinates": [-81.06, 32.03]}}, {"id": "207", "type": "Feature", "properties": {"wfo": "CHS", "type": "0", "magf": null, "l": "(\"2024-09-27 03:30:00-05\",0,,\"4 SW Ladson\",Dorchester,SC,Public,\"Public relayed report of 2 small trees and 2 large trees down on Pebble Creek Boulevard.\",CHS,\"TROPICAL CYCLONE\",0101000020E61000009A999999990954C0B81E85EB51784040,202409271518-KCHS-NWUS52-LSRCHS,\"2024-09-27 10:18:00-05\",,,77467,)", "county": "Dorchester", "typetext": "TROPICAL CYCLONE", "state": "SC", "remark": "Public relayed report of 2 small trees and 2 large trees down on Pebble Creek Boulevard.", "city": "4 SW Ladson", "source": "Public", "unit": null, "valid": "2024-09-27T08:30:00Z", "lon": -80.15, "lat": 32.94, "qualifier": null, "product_id": "202409271518-KCHS-NWUS52-LSRCHS", "st": "SC", "magnitude": ""}, "geometry": {"type": "Point", "coordinates": [-80.15, 32.94]}}, {"id": "208", "type": "Feature", "properties": {"wfo": "CHS", "type": "0", "magf": null, "l": "(\"2024-09-27 03:30:00-05\",0,,\"4 SW Ladson\",Dorchester,SC,Public,\"Public relayed report of 2 small trees and 2 large trees down on Pebble Creek Boulevard.\",CHS,\"TROPICAL CYCLONE\",0101000020E61000009A999999990954C0B81E85EB51784040,202409301433-KCHS-NWUS52-LSRCHS,\"2024-09-30 09:33:00-05\",,,77467,202409301433-KCHS-NWUS52-LSRCHS)", "county": "Dorchester", "typetext": "TROPICAL CYCLONE", "state": "SC", "remark": "Public relayed report of 2 small trees and 2 large trees down on Pebble Creek Boulevard.", "city": "4 SW Ladson", "source": "Public", "unit": null, "valid": "2024-09-27T08:30:00Z", "lon": -80.15, "lat": 32.94, "qualifier": null, "product_id": "202409301433-KCHS-NWUS52-LSRCHS", "st": "SC", "magnitude": ""}, "geometry": {"type": "Point", "coordinates": [-80.15, 32.94]}}, {"id": "209", "type": "Feature", "properties": {"wfo": "CHS", "type": "0", "magf": null, "l": "(\"2024-09-27 03:38:00-05\",0,,Colleton,Colleton,SC,\"Emergency Mngr\",\"Colleton County Emergency Manager reported multiple trees down on: the intersection of Rehoboth Road and Van Dye Road, 58000 I-95 South, 2000 block of Rum Gully Road, the intersection of Confederate Highway and Hampton, 2641 Adnah Church Road, 1000 Gibson Road, 1200 block of Green Pond Highway, and the intersection of Scuffletown and Sniders Highway due to Hurricane Helene.\",CHS,\"TROPICAL CYCLONE\",0101000020E6100000B81E85EB513854C085EB51B81E854040,202409270952-KCHS-NWUS52-LSRCHS,\"2024-09-27 04:52:00-05\",,,77464,)", "county": "Colleton", "typetext": "TROPICAL CYCLONE", "state": "SC", "remark": "Colleton County Emergency Manager reported multiple trees down on: the intersection of Rehoboth Road and Van Dye Road, 58000 I-95 South, 2000 block of Rum Gully Road, the intersection of Confederate Highway and Hampton, 2641 Adnah Church Road, 1000 Gibson Road, 1200 block of Green Pond Highway, and the intersection of Scuffletown and Sniders Highway due to Hurricane Helene.", "city": "Colleton", "source": "Emergency Mngr", "unit": null, "valid": "2024-09-27T08:38:00Z", "lon": -80.88, "lat": 33.04, "qualifier": null, "product_id": "202409270952-KCHS-NWUS52-LSRCHS", "st": "SC", "magnitude": ""}, "geometry": {"type": "Point", "coordinates": [-80.88, 33.04]}}, {"id": "210", "type": "Feature", "properties": {"wfo": "CHS", "type": "0", "magf": null, "l": "(\"2024-09-27 03:38:00-05\",0,,Colleton,Colleton,SC,\"Emergency Mngr\",\"Colleton County Emergency Manager reported multiple trees down on: the intersection of Rehoboth Road and Van Dye Road, 58000 I-95 South, 2000 block of Rum Gully Road, the intersection of Confederate Highway and Hampton, 2641 Adnah Church Road, 1000 Gibson Road, 1200 block of Green Pond Highway, and the intersection of Scuffletown and Sniders Highway due to Hurricane Helene.\",CHS,\"TROPICAL CYCLONE\",0101000020E6100000B81E85EB513854C085EB51B81E854040,202409301433-KCHS-NWUS52-LSRCHS,\"2024-09-30 09:33:00-05\",,,77464,202409301433-KCHS-NWUS52-LSRCHS)", "county": "Colleton", "typetext": "TROPICAL CYCLONE", "state": "SC", "remark": "Colleton County Emergency Manager reported multiple trees down on: the intersection of Rehoboth Road and Van Dye Road, 58000 I-95 South, 2000 block of Rum Gully Road, the intersection of Confederate Highway and Hampton, 2641 Adnah Church Road, 1000 Gibson Road, 1200 block of Green Pond Highway, and the intersection of Scuffletown and Sniders Highway due to Hurricane Helene.", "city": "Colleton", "source": "Emergency Mngr", "unit": null, "valid": "2024-09-27T08:38:00Z", "lon": -80.88, "lat": 33.04, "qualifier": null, "product_id": "202409301433-KCHS-NWUS52-LSRCHS", "st": "SC", "magnitude": ""}, "geometry": {"type": "Point", "coordinates": [-80.88, 33.04]}}, {"id": "211", "type": "Feature", "properties": {"wfo": "CHS", "type": "0", "magf": null, "l": "(\"2024-09-27 04:00:00-05\",0,,\"6 NNE College Park\",Berkeley,SC,\"Trained Spotter\",\"Spotter reported a large pine tree down on the 400 block of Eagleview Drive.\",CHS,\"TROPICAL CYCLONE\",0101000020E610000033333333330354C0CDCCCCCCCC8C4040,202409271239-KCHS-NWUS52-LSRCHS,\"2024-09-27 07:39:00-05\",,,77457,)", "county": "Berkeley", "typetext": "TROPICAL CYCLONE", "state": "SC", "remark": "Spotter reported a large pine tree down on the 400 block of Eagleview Drive.", "city": "6 NNE College Park", "source": "Trained Spotter", "unit": null, "valid": "2024-09-27T09:00:00Z", "lon": -80.05, "lat": 33.1, "qualifier": null, "product_id": "202409271239-KCHS-NWUS52-LSRCHS", "st": "SC", "magnitude": ""}, "geometry": {"type": "Point", "coordinates": [-80.05, 33.1]}}, {"id": "212", "type": "Feature", "properties": {"wfo": "CHS", "type": "0", "magf": null, "l": "(\"2024-09-27 04:00:00-05\",0,,\"6 NNE College Park\",Berkeley,SC,\"Trained Spotter\",\"Spotter reported a large pine tree down on the 400 block of Eagleview Drive.\",CHS,\"TROPICAL CYCLONE\",0101000020E610000033333333330354C0CDCCCCCCCC8C4040,202409301433-KCHS-NWUS52-LSRCHS,\"2024-09-30 09:33:00-05\",,,77457,202409301433-KCHS-NWUS52-LSRCHS)", "county": "Berkeley", "typetext": "TROPICAL CYCLONE", "state": "SC", "remark": "Spotter reported a large pine tree down on the 400 block of Eagleview Drive.", "city": "6 NNE College Park", "source": "Trained Spotter", "unit": null, "valid": "2024-09-27T09:00:00Z", "lon": -80.05, "lat": 33.1, "qualifier": null, "product_id": "202409301433-KCHS-NWUS52-LSRCHS", "st": "SC", "magnitude": ""}, "geometry": {"type": "Point", "coordinates": [-80.05, 33.1]}}, {"id": "213", "type": "Feature", "properties": {"wfo": "CHS", "type": "0", "magf": null, "l": "(\"2024-09-27 04:00:00-05\",0,,Dorchester,Dorchester,SC,\"Dept of Highways\",\"South Carolina Highway Patrol reported several trees down on roadways across Dorchester County due to Hurricane Helene.\",CHS,\"TROPICAL CYCLONE\",0101000020E6100000295C8FC2F51854C052B81E85EB914040,202409270930-KCHS-NWUS52-LSRCHS,\"2024-09-27 04:30:00-05\",,,77467,)", "county": "Dorchester", "typetext": "TROPICAL CYCLONE", "state": "SC", "remark": "South Carolina Highway Patrol reported several trees down on roadways across Dorchester County due to Hurricane Helene.", "city": "Dorchester", "source": "Dept of Highways", "unit": null, "valid": "2024-09-27T09:00:00Z", "lon": -80.39, "lat": 33.14, "qualifier": null, "product_id": "202409270930-KCHS-NWUS52-LSRCHS", "st": "SC", "magnitude": ""}, "geometry": {"type": "Point", "coordinates": [-80.39, 33.14]}}, {"id": "214", "type": "Feature", "properties": {"wfo": "CHS", "type": "0", "magf": null, "l": "(\"2024-09-27 04:00:00-05\",0,,Dorchester,Dorchester,SC,\"Dept of Highways\",\"South Carolina Highway Patrol reported several trees down on roadways across Dorchester County due to Hurricane Helene.\",CHS,\"TROPICAL CYCLONE\",0101000020E6100000295C8FC2F51854C052B81E85EB914040,202409301433-KCHS-NWUS52-LSRCHS,\"2024-09-30 09:33:00-05\",,,77467,202409301433-KCHS-NWUS52-LSRCHS)", "county": "Dorchester", "typetext": "TROPICAL CYCLONE", "state": "SC", "remark": "South Carolina Highway Patrol reported several trees down on roadways across Dorchester County due to Hurricane Helene.", "city": "Dorchester", "source": "Dept of Highways", "unit": null, "valid": "2024-09-27T09:00:00Z", "lon": -80.39, "lat": 33.14, "qualifier": null, "product_id": "202409301433-KCHS-NWUS52-LSRCHS", "st": "SC", "magnitude": ""}, "geometry": {"type": "Point", "coordinates": [-80.39, 33.14]}}, {"id": "215", "type": "Feature", "properties": {"wfo": "CHS", "type": "0", "magf": null, "l": "(\"2024-09-27 04:00:00-05\",0,,Jasper,Jasper,SC,\"Dept of Highways\",\"South Carolina reported multiple trees down on roadways across Inland and Coastal Jasper County due to Hurricane Helene.\",CHS,\"TROPICAL CYCLONE\",0101000020E6100000CDCCCCCCCC3C54C0EC51B81E852B4040,202409270928-KCHS-NWUS52-LSRCHS,\"2024-09-27 04:28:00-05\",,,77476,)", "county": "Jasper", "typetext": "TROPICAL CYCLONE", "state": "SC", "remark": "South Carolina reported multiple trees down on roadways across Inland and Coastal Jasper County due to Hurricane Helene.", "city": "Jasper", "source": "Dept of Highways", "unit": null, "valid": "2024-09-27T09:00:00Z", "lon": -80.95, "lat": 32.34, "qualifier": null, "product_id": "202409270928-KCHS-NWUS52-LSRCHS", "st": "SC", "magnitude": ""}, "geometry": {"type": "Point", "coordinates": [-80.95, 32.34]}}, {"id": "216", "type": "Feature", "properties": {"wfo": "CHS", "type": "0", "magf": null, "l": "(\"2024-09-27 04:00:00-05\",0,,Jasper,Jasper,SC,\"Dept of Highways\",\"South Carolina reported multiple trees down on roadways across Inland and Coastal Jasper County due to Hurricane Helene.\",CHS,\"TROPICAL CYCLONE\",0101000020E6100000CDCCCCCCCC3C54C0EC51B81E852B4040,202409301433-KCHS-NWUS52-LSRCHS,\"2024-09-30 09:33:00-05\",,,77476,202409301433-KCHS-NWUS52-LSRCHS)", "county": "Jasper", "typetext": "TROPICAL CYCLONE", "state": "SC", "remark": "South Carolina reported multiple trees down on roadways across Inland and Coastal Jasper County due to Hurricane Helene.", "city": "Jasper", "source": "Dept of Highways", "unit": null, "valid": "2024-09-27T09:00:00Z", "lon": -80.95, "lat": 32.34, "qualifier": null, "product_id": "202409301433-KCHS-NWUS52-LSRCHS", "st": "SC", "magnitude": ""}, "geometry": {"type": "Point", "coordinates": [-80.95, 32.34]}}, {"id": "217", "type": "Feature", "properties": {"wfo": "CHS", "type": "0", "magf": null, "l": "(\"2024-09-27 04:00:00-05\",0,,Metter,Candler,GA,\"Emergency Mngr\",\"Candler County Emergency Management reported widespread damage, downed trees and powerlines across the county. Power is 100% out for the county.\",CHS,\"TROPICAL CYCLONE\",0101000020E6100000A4703D0AD78354C03333333333334040,202409271405-KCHS-NWUS52-LSRCHS,\"2024-09-27 09:05:00-05\",,,75459,)", "county": "Candler", "typetext": "TROPICAL CYCLONE", "state": "GA", "remark": "Candler County Emergency Management reported widespread damage, downed trees and powerlines across the county. Power is 100% out for the county.", "city": "Metter", "source": "Emergency Mngr", "unit": null, "valid": "2024-09-27T09:00:00Z", "lon": -82.06, "lat": 32.4, "qualifier": null, "product_id": "202409271405-KCHS-NWUS52-LSRCHS", "st": "GA", "magnitude": ""}, "geometry": {"type": "Point", "coordinates": [-82.06, 32.4]}}, {"id": "218", "type": "Feature", "properties": {"wfo": "CHS", "type": "0", "magf": null, "l": "(\"2024-09-27 04:00:00-05\",0,,Metter,Candler,GA,\"Emergency Mngr\",\"Candler County Emergency Management reported widespread damage, downed trees and powerlines across the county. Power is 100% out for the county.\",CHS,\"TROPICAL CYCLONE\",0101000020E6100000A4703D0AD78354C03333333333334040,202409301433-KCHS-NWUS52-LSRCHS,\"2024-09-30 09:33:00-05\",,,75459,202409301433-KCHS-NWUS52-LSRCHS)", "county": "Candler", "typetext": "TROPICAL CYCLONE", "state": "GA", "remark": "Candler County Emergency Management reported widespread damage, downed trees and powerlines across the county. Power is 100% out for the county.", "city": "Metter", "source": "Emergency Mngr", "unit": null, "valid": "2024-09-27T09:00:00Z", "lon": -82.06, "lat": 32.4, "qualifier": null, "product_id": "202409301433-KCHS-NWUS52-LSRCHS", "st": "GA", "magnitude": ""}, "geometry": {"type": "Point", "coordinates": [-82.06, 32.4]}}, {"id": "219", "type": "Feature", "properties": {"wfo": "CHS", "type": "0", "magf": null, "l": "(\"2024-09-27 04:00:00-05\",0,,Ridgeland,Jasper,SC,\"Emergency Mngr\",\"Jasper County Emergency Management reported widespread trees and powerlines down across the county. Numerous structures were impacted, with a few total losses.\",CHS,\"TROPICAL CYCLONE\",0101000020E61000001F85EB51B83E54C03D0AD7A3703D4040,202409271937-KCHS-NWUS52-LSRCHS,\"2024-09-27 14:37:00-05\",,,77476,)", "county": "Jasper", "typetext": "TROPICAL CYCLONE", "state": "SC", "remark": "Jasper County Emergency Management reported widespread trees and powerlines down across the county. Numerous structures were impacted, with a few total losses.", "city": "Ridgeland", "source": "Emergency Mngr", "unit": null, "valid": "2024-09-27T09:00:00Z", "lon": -80.98, "lat": 32.48, "qualifier": null, "product_id": "202409271937-KCHS-NWUS52-LSRCHS", "st": "SC", "magnitude": ""}, "geometry": {"type": "Point", "coordinates": [-80.98, 32.48]}}, {"id": "220", "type": "Feature", "properties": {"wfo": "CHS", "type": "0", "magf": null, "l": "(\"2024-09-27 04:00:00-05\",0,,Ridgeland,Jasper,SC,\"Emergency Mngr\",\"Jasper County Emergency Management reported widespread trees and powerlines down across the county. Numerous structures were impacted, with a few total losses.\",CHS,\"TROPICAL CYCLONE\",0101000020E61000001F85EB51B83E54C03D0AD7A3703D4040,202409301433-KCHS-NWUS52-LSRCHS,\"2024-09-30 09:33:00-05\",,,77476,202409301433-KCHS-NWUS52-LSRCHS)", "county": "Jasper", "typetext": "TROPICAL CYCLONE", "state": "SC", "remark": "Jasper County Emergency Management reported widespread trees and powerlines down across the county. Numerous structures were impacted, with a few total losses.", "city": "Ridgeland", "source": "Emergency Mngr", "unit": null, "valid": "2024-09-27T09:00:00Z", "lon": -80.98, "lat": 32.48, "qualifier": null, "product_id": "202409301433-KCHS-NWUS52-LSRCHS", "st": "SC", "magnitude": ""}, "geometry": {"type": "Point", "coordinates": [-80.98, 32.48]}}, {"id": "221", "type": "Feature", "properties": {"wfo": "CHS", "type": "0", "magf": null, "l": "(\"2024-09-27 04:15:00-05\",0,,\"2 ENE West Ashley\",Charleston,SC,\"Fire Dept/Rescue\",\"Tree on apartment building.\",CHS,\"TROPICAL CYCLONE\",0101000020E61000001F85EB51B8FE53C048E17A14AE674040,202409271148-KCHS-NWUS52-LSRCHS,\"2024-09-27 06:48:00-05\",,,77459,)", "county": "Charleston", "typetext": "TROPICAL CYCLONE", "state": "SC", "remark": "Tree on apartment building.", "city": "2 ENE West Ashley", "source": "Fire Dept/Rescue", "unit": null, "valid": "2024-09-27T09:15:00Z", "lon": -79.98, "lat": 32.81, "qualifier": null, "product_id": "202409271148-KCHS-NWUS52-LSRCHS", "st": "SC", "magnitude": ""}, "geometry": {"type": "Point", "coordinates": [-79.98, 32.81]}}, {"id": "222", "type": "Feature", "properties": {"wfo": "CHS", "type": "0", "magf": null, "l": "(\"2024-09-27 04:15:00-05\",0,,\"2 ENE West Ashley\",Charleston,SC,\"Fire Dept/Rescue\",\"Tree on apartment building.\",CHS,\"TROPICAL CYCLONE\",0101000020E61000001F85EB51B8FE53C048E17A14AE674040,202409301433-KCHS-NWUS52-LSRCHS,\"2024-09-30 09:33:00-05\",,,77459,202409301433-KCHS-NWUS52-LSRCHS)", "county": "Charleston", "typetext": "TROPICAL CYCLONE", "state": "SC", "remark": "Tree on apartment building.", "city": "2 ENE West Ashley", "source": "Fire Dept/Rescue", "unit": null, "valid": "2024-09-27T09:15:00Z", "lon": -79.98, "lat": 32.81, "qualifier": null, "product_id": "202409301433-KCHS-NWUS52-LSRCHS", "st": "SC", "magnitude": ""}, "geometry": {"type": "Point", "coordinates": [-79.98, 32.81]}}, {"id": "223", "type": "Feature", "properties": {"wfo": "CHS", "type": "0", "magf": null, "l": "(\"2024-09-27 04:54:00-05\",0,,\"2 E Walterboro\",Colleton,SC,\"Emergency Mngr\",\"Colleton County Emergency Management reported a tree down on building at the 200th block of 7th Street.\",CHS,\"TROPICAL CYCLONE\",0101000020E6100000295C8FC2F52854C03333333333734040,202409271211-KCHS-NWUS52-LSRCHS,\"2024-09-27 07:11:00-05\",,,77464,)", "county": "Colleton", "typetext": "TROPICAL CYCLONE", "state": "SC", "remark": "Colleton County Emergency Management reported a tree down on building at the 200th block of 7th Street.", "city": "2 E Walterboro", "source": "Emergency Mngr", "unit": null, "valid": "2024-09-27T09:54:00Z", "lon": -80.64, "lat": 32.9, "qualifier": null, "product_id": "202409271211-KCHS-NWUS52-LSRCHS", "st": "SC", "magnitude": ""}, "geometry": {"type": "Point", "coordinates": [-80.64, 32.9]}}, {"id": "224", "type": "Feature", "properties": {"wfo": "CHS", "type": "0", "magf": null, "l": "(\"2024-09-27 04:54:00-05\",0,,\"2 E Walterboro\",Colleton,SC,\"Emergency Mngr\",\"Colleton County Emergency Management reported a tree down on building at the 200th block of 7th Street.\",CHS,\"TROPICAL CYCLONE\",0101000020E6100000295C8FC2F52854C03333333333734040,202409301433-KCHS-NWUS52-LSRCHS,\"2024-09-30 09:33:00-05\",,,77464,202409301433-KCHS-NWUS52-LSRCHS)", "county": "Colleton", "typetext": "TROPICAL CYCLONE", "state": "SC", "remark": "Colleton County Emergency Management reported a tree down on building at the 200th block of 7th Street.", "city": "2 E Walterboro", "source": "Emergency Mngr", "unit": null, "valid": "2024-09-27T09:54:00Z", "lon": -80.64, "lat": 32.9, "qualifier": null, "product_id": "202409301433-KCHS-NWUS52-LSRCHS", "st": "SC", "magnitude": ""}, "geometry": {"type": "Point", "coordinates": [-80.64, 32.9]}}, {"id": "225", "type": "Feature", "properties": {"wfo": "CHS", "type": "0", "magf": null, "l": "(\"2024-09-27 05:00:00-05\",0,,\"3 SSW Jasper\",Beaufort,SC,\"Fire Dept/Rescue\",\"Multiple trees down on a house at the 100 block of Robert E. Lee Road. No injuries.\",CHS,\"TROPICAL CYCLONE\",0101000020E61000003D0AD7A3703D54C06666666666264040,202409271324-KCHS-NWUS52-LSRCHS,\"2024-09-27 08:24:00-05\",,,77456,)", "county": "Beaufort", "typetext": "TROPICAL CYCLONE", "state": "SC", "remark": "Multiple trees down on a house at the 100 block of Robert E. Lee Road. No injuries.", "city": "3 SSW Jasper", "source": "Fire Dept/Rescue", "unit": null, "valid": "2024-09-27T10:00:00Z", "lon": -80.96, "lat": 32.3, "qualifier": null, "product_id": "202409271324-KCHS-NWUS52-LSRCHS", "st": "SC", "magnitude": ""}, "geometry": {"type": "Point", "coordinates": [-80.96, 32.3]}}, {"id": "226", "type": "Feature", "properties": {"wfo": "CHS", "type": "0", "magf": null, "l": "(\"2024-09-27 05:00:00-05\",0,,\"3 SSW Jasper\",Beaufort,SC,\"Fire Dept/Rescue\",\"Multiple trees down on a house at the 100 block of Robert E. Lee Road. No injuries.\",CHS,\"TROPICAL CYCLONE\",0101000020E61000003D0AD7A3703D54C06666666666264040,202409301433-KCHS-NWUS52-LSRCHS,\"2024-09-30 09:33:00-05\",,,77456,202409301433-KCHS-NWUS52-LSRCHS)", "county": "Beaufort", "typetext": "TROPICAL CYCLONE", "state": "SC", "remark": "Multiple trees down on a house at the 100 block of Robert E. Lee Road. No injuries.", "city": "3 SSW Jasper", "source": "Fire Dept/Rescue", "unit": null, "valid": "2024-09-27T10:00:00Z", "lon": -80.96, "lat": 32.3, "qualifier": null, "product_id": "202409301433-KCHS-NWUS52-LSRCHS", "st": "SC", "magnitude": ""}, "geometry": {"type": "Point", "coordinates": [-80.96, 32.3]}}, {"id": "227", "type": "Feature", "properties": {"wfo": "CHS", "type": "0", "magf": null, "l": "(\"2024-09-27 05:10:00-05\",0,,\"1 N Mount Pleasant\",Charleston,SC,\"Emergency Mngr\",\"Tree limbs and debris on Highway 17.\",CHS,\"TROPICAL CYCLONE\",0101000020E6100000D7A3703D0AF753C048E17A14AE674040,202409271142-KCHS-NWUS52-LSRCHS,\"2024-09-27 06:42:00-05\",,,77459,)", "county": "Charleston", "typetext": "TROPICAL CYCLONE", "state": "SC", "remark": "Tree limbs and debris on Highway 17.", "city": "1 N Mount Pleasant", "source": "Emergency Mngr", "unit": null, "valid": "2024-09-27T10:10:00Z", "lon": -79.86, "lat": 32.81, "qualifier": null, "product_id": "202409271142-KCHS-NWUS52-LSRCHS", "st": "SC", "magnitude": ""}, "geometry": {"type": "Point", "coordinates": [-79.86, 32.81]}}, {"id": "228", "type": "Feature", "properties": {"wfo": "CHS", "type": "0", "magf": null, "l": "(\"2024-09-27 05:10:00-05\",0,,\"1 N Mount Pleasant\",Charleston,SC,\"Emergency Mngr\",\"Tree limbs and debris on Highway 17.\",CHS,\"TROPICAL CYCLONE\",0101000020E6100000D7A3703D0AF753C048E17A14AE674040,202409301433-KCHS-NWUS52-LSRCHS,\"2024-09-30 09:33:00-05\",,,77459,202409301433-KCHS-NWUS52-LSRCHS)", "county": "Charleston", "typetext": "TROPICAL CYCLONE", "state": "SC", "remark": "Tree limbs and debris on Highway 17.", "city": "1 N Mount Pleasant", "source": "Emergency Mngr", "unit": null, "valid": "2024-09-27T10:10:00Z", "lon": -79.86, "lat": 32.81, "qualifier": null, "product_id": "202409301433-KCHS-NWUS52-LSRCHS", "st": "SC", "magnitude": ""}, "geometry": {"type": "Point", "coordinates": [-79.86, 32.81]}}, {"id": "229", "type": "Feature", "properties": {"wfo": "CHS", "type": "0", "magf": null, "l": "(\"2024-09-27 05:16:00-05\",0,,\"2 SW Folly Field\",Beaufort,SC,\"Emergency Mngr\",\"Several trees down on Hilton Head Island. No structural damage reported.\",CHS,\"TROPICAL CYCLONE\",0101000020E6100000AE47E17A142E54C0D7A3703D0A174040,202409271214-KCHS-NWUS52-LSRCHS,\"2024-09-27 07:14:00-05\",,,77456,)", "county": "Beaufort", "typetext": "TROPICAL CYCLONE", "state": "SC", "remark": "Several trees down on Hilton Head Island. No structural damage reported.", "city": "2 SW Folly Field", "source": "Emergency Mngr", "unit": null, "valid": "2024-09-27T10:16:00Z", "lon": -80.72, "lat": 32.18, "qualifier": null, "product_id": "202409271214-KCHS-NWUS52-LSRCHS", "st": "SC", "magnitude": ""}, "geometry": {"type": "Point", "coordinates": [-80.72, 32.18]}}, {"id": "230", "type": "Feature", "properties": {"wfo": "CHS", "type": "0", "magf": null, "l": "(\"2024-09-27 05:16:00-05\",0,,\"2 SW Folly Field\",Beaufort,SC,\"Emergency Mngr\",\"Several trees down on Hilton Head Island. No structural damage reported.\",CHS,\"TROPICAL CYCLONE\",0101000020E6100000AE47E17A142E54C0D7A3703D0A174040,202409301433-KCHS-NWUS52-LSRCHS,\"2024-09-30 09:33:00-05\",,,77456,202409301433-KCHS-NWUS52-LSRCHS)", "county": "Beaufort", "typetext": "TROPICAL CYCLONE", "state": "SC", "remark": "Several trees down on Hilton Head Island. No structural damage reported.", "city": "2 SW Folly Field", "source": "Emergency Mngr", "unit": null, "valid": "2024-09-27T10:16:00Z", "lon": -80.72, "lat": 32.18, "qualifier": null, "product_id": "202409301433-KCHS-NWUS52-LSRCHS", "st": "SC", "magnitude": ""}, "geometry": {"type": "Point", "coordinates": [-80.72, 32.18]}}, {"id": "231", "type": "Feature", "properties": {"wfo": "CHS", "type": "0", "magf": null, "l": "(\"2024-09-27 05:24:00-05\",0,,\"2 NW Mount Pleasant\",Charleston,SC,\"Emergency Mngr\",\"Mathis Ferry at 6th Avenue closed due to downed powerline.\",CHS,\"TROPICAL CYCLONE\",0101000020E6100000295C8FC2F5F853C048E17A14AE674040,202409271150-KCHS-NWUS52-LSRCHS,\"2024-09-27 06:50:00-05\",,,77459,)", "county": "Charleston", "typetext": "TROPICAL CYCLONE", "state": "SC", "remark": "Mathis Ferry at 6th Avenue closed due to downed powerline.", "city": "2 NW Mount Pleasant", "source": "Emergency Mngr", "unit": null, "valid": "2024-09-27T10:24:00Z", "lon": -79.89, "lat": 32.81, "qualifier": null, "product_id": "202409271150-KCHS-NWUS52-LSRCHS", "st": "SC", "magnitude": ""}, "geometry": {"type": "Point", "coordinates": [-79.89, 32.81]}}, {"id": "232", "type": "Feature", "properties": {"wfo": "CHS", "type": "0", "magf": null, "l": "(\"2024-09-27 05:24:00-05\",0,,\"2 NW Mount Pleasant\",Charleston,SC,\"Emergency Mngr\",\"Mathis Ferry at 6th Avenue closed due to downed powerline.\",CHS,\"TROPICAL CYCLONE\",0101000020E6100000295C8FC2F5F853C048E17A14AE674040,202409301433-KCHS-NWUS52-LSRCHS,\"2024-09-30 09:33:00-05\",,,77459,202409301433-KCHS-NWUS52-LSRCHS)", "county": "Charleston", "typetext": "TROPICAL CYCLONE", "state": "SC", "remark": "Mathis Ferry at 6th Avenue closed due to downed powerline.", "city": "2 NW Mount Pleasant", "source": "Emergency Mngr", "unit": null, "valid": "2024-09-27T10:24:00Z", "lon": -79.89, "lat": 32.81, "qualifier": null, "product_id": "202409301433-KCHS-NWUS52-LSRCHS", "st": "SC", "magnitude": ""}, "geometry": {"type": "Point", "coordinates": [-79.89, 32.81]}}, {"id": "233", "type": "Feature", "properties": {"wfo": "CHS", "type": "0", "magf": null, "l": "(\"2024-09-27 05:54:00-05\",0,,Walterboro,Colleton,SC,\"Emergency Mngr\",\"Colleton County Emergency Manager reported trees down on roads across the county.\",CHS,\"TROPICAL CYCLONE\",0101000020E61000007B14AE47E12A54C014AE47E17A744040,202409271057-KCHS-NWUS52-LSRCHS,\"2024-09-27 05:57:00-05\",,,77464,)", "county": "Colleton", "typetext": "TROPICAL CYCLONE", "state": "SC", "remark": "Colleton County Emergency Manager reported trees down on roads across the county.", "city": "Walterboro", "source": "Emergency Mngr", "unit": null, "valid": "2024-09-27T10:54:00Z", "lon": -80.67, "lat": 32.91, "qualifier": null, "product_id": "202409271057-KCHS-NWUS52-LSRCHS", "st": "SC", "magnitude": ""}, "geometry": {"type": "Point", "coordinates": [-80.67, 32.91]}}, {"id": "234", "type": "Feature", "properties": {"wfo": "CHS", "type": "0", "magf": null, "l": "(\"2024-09-27 05:54:00-05\",0,,Walterboro,Colleton,SC,\"Emergency Mngr\",\"Colleton County Emergency Manager reported trees down on roads across the county.\",CHS,\"TROPICAL CYCLONE\",0101000020E61000007B14AE47E12A54C014AE47E17A744040,202409301433-KCHS-NWUS52-LSRCHS,\"2024-09-30 09:33:00-05\",,,77464,202409301433-KCHS-NWUS52-LSRCHS)", "county": "Colleton", "typetext": "TROPICAL CYCLONE", "state": "SC", "remark": "Colleton County Emergency Manager reported trees down on roads across the county.", "city": "Walterboro", "source": "Emergency Mngr", "unit": null, "valid": "2024-09-27T10:54:00Z", "lon": -80.67, "lat": 32.91, "qualifier": null, "product_id": "202409301433-KCHS-NWUS52-LSRCHS", "st": "SC", "magnitude": ""}, "geometry": {"type": "Point", "coordinates": [-80.67, 32.91]}}, {"id": "235", "type": "Feature", "properties": {"wfo": "CHS", "type": "0", "magf": null, "l": "(\"2024-09-27 05:56:00-05\",0,,Reevesville,Dorchester,SC,\"Emergency Mngr\",\"Dorchester County Emergency Management reported two roads blocked in Reevesville due to a tree and powerline down.\",CHS,\"TROPICAL CYCLONE\",0101000020E61000009A999999992954C07B14AE47E19A4040,202409271907-KCHS-NWUS52-LSRCHS,\"2024-09-27 14:07:00-05\",,,77467,)", "county": "Dorchester", "typetext": "TROPICAL CYCLONE", "state": "SC", "remark": "Dorchester County Emergency Management reported two roads blocked in Reevesville due to a tree and powerline down.", "city": "Reevesville", "source": "Emergency Mngr", "unit": null, "valid": "2024-09-27T10:56:00Z", "lon": -80.65, "lat": 33.21, "qualifier": null, "product_id": "202409271907-KCHS-NWUS52-LSRCHS", "st": "SC", "magnitude": ""}, "geometry": {"type": "Point", "coordinates": [-80.65, 33.21]}}, {"id": "236", "type": "Feature", "properties": {"wfo": "CHS", "type": "0", "magf": null, "l": "(\"2024-09-27 05:56:00-05\",0,,Reevesville,Dorchester,SC,\"Emergency Mngr\",\"Dorchester County Emergency Management reported two roads blocked in Reevesville due to a tree and powerline down.\",CHS,\"TROPICAL CYCLONE\",0101000020E61000009A999999992954C07B14AE47E19A4040,202409301433-KCHS-NWUS52-LSRCHS,\"2024-09-30 09:33:00-05\",,,77467,202409301433-KCHS-NWUS52-LSRCHS)", "county": "Dorchester", "typetext": "TROPICAL CYCLONE", "state": "SC", "remark": "Dorchester County Emergency Management reported two roads blocked in Reevesville due to a tree and powerline down.", "city": "Reevesville", "source": "Emergency Mngr", "unit": null, "valid": "2024-09-27T10:56:00Z", "lon": -80.65, "lat": 33.21, "qualifier": null, "product_id": "202409301433-KCHS-NWUS52-LSRCHS", "st": "SC", "magnitude": ""}, "geometry": {"type": "Point", "coordinates": [-80.65, 33.21]}}, {"id": "237", "type": "Feature", "properties": {"wfo": "CHS", "type": "0", "magf": null, "l": "(\"2024-09-27 06:00:00-05\",0,,\"Johns Island\",Charleston,SC,\"Emergency Mngr\",\"Charleston County Emergency Management reported a tree down on house on Spence Drive.\",CHS,\"TROPICAL CYCLONE\",0101000020E610000085EB51B81E0554C05C8FC2F5285C4040,202409271925-KCHS-NWUS52-LSRCHS,\"2024-09-27 14:25:00-05\",,,77459,)", "county": "Charleston", "typetext": "TROPICAL CYCLONE", "state": "SC", "remark": "Charleston County Emergency Management reported a tree down on house on Spence Drive.", "city": "Johns Island", "source": "Emergency Mngr", "unit": null, "valid": "2024-09-27T11:00:00Z", "lon": -80.08, "lat": 32.72, "qualifier": null, "product_id": "202409271925-KCHS-NWUS52-LSRCHS", "st": "SC", "magnitude": ""}, "geometry": {"type": "Point", "coordinates": [-80.08, 32.72]}}, {"id": "238", "type": "Feature", "properties": {"wfo": "CHS", "type": "0", "magf": null, "l": "(\"2024-09-27 06:00:00-05\",0,,\"Johns Island\",Charleston,SC,\"Emergency Mngr\",\"Charleston County Emergency Management reported a tree down on house on Spence Drive.\",CHS,\"TROPICAL CYCLONE\",0101000020E610000085EB51B81E0554C05C8FC2F5285C4040,202409301433-KCHS-NWUS52-LSRCHS,\"2024-09-30 09:33:00-05\",,,77459,202409301433-KCHS-NWUS52-LSRCHS)", "county": "Charleston", "typetext": "TROPICAL CYCLONE", "state": "SC", "remark": "Charleston County Emergency Management reported a tree down on house on Spence Drive.", "city": "Johns Island", "source": "Emergency Mngr", "unit": null, "valid": "2024-09-27T11:00:00Z", "lon": -80.08, "lat": 32.72, "qualifier": null, "product_id": "202409301433-KCHS-NWUS52-LSRCHS", "st": "SC", "magnitude": ""}, "geometry": {"type": "Point", "coordinates": [-80.08, 32.72]}}, {"id": "239", "type": "Feature", "properties": {"wfo": "CHS", "type": "0", "magf": null, "l": "(\"2024-09-27 06:22:00-05\",0,,Bluffton,Beaufort,SC,\"Fire Dept/Rescue\",\"Bluffton Township Fire District reported numerous roads closed due to downed trees and powerlines.\",CHS,\"TROPICAL CYCLONE\",0101000020E6100000D7A3703D0A3754C01F85EB51B81E4040,202409271143-KCHS-NWUS52-LSRCHS,\"2024-09-27 06:43:00-05\",,,77456,)", "county": "Beaufort", "typetext": "TROPICAL CYCLONE", "state": "SC", "remark": "Bluffton Township Fire District reported numerous roads closed due to downed trees and powerlines.", "city": "Bluffton", "source": "Fire Dept/Rescue", "unit": null, "valid": "2024-09-27T11:22:00Z", "lon": -80.86, "lat": 32.24, "qualifier": null, "product_id": "202409271143-KCHS-NWUS52-LSRCHS", "st": "SC", "magnitude": ""}, "geometry": {"type": "Point", "coordinates": [-80.86, 32.24]}}, {"id": "240", "type": "Feature", "properties": {"wfo": "CHS", "type": "0", "magf": null, "l": "(\"2024-09-27 06:22:00-05\",0,,Bluffton,Beaufort,SC,\"Fire Dept/Rescue\",\"Bluffton Township Fire District reported numerous roads closed due to downed trees and powerlines.\",CHS,\"TROPICAL CYCLONE\",0101000020E6100000D7A3703D0A3754C01F85EB51B81E4040,202409301433-KCHS-NWUS52-LSRCHS,\"2024-09-30 09:33:00-05\",,,77456,202409301433-KCHS-NWUS52-LSRCHS)", "county": "Beaufort", "typetext": "TROPICAL CYCLONE", "state": "SC", "remark": "Bluffton Township Fire District reported numerous roads closed due to downed trees and powerlines.", "city": "Bluffton", "source": "Fire Dept/Rescue", "unit": null, "valid": "2024-09-27T11:22:00Z", "lon": -80.86, "lat": 32.24, "qualifier": null, "product_id": "202409301433-KCHS-NWUS52-LSRCHS", "st": "SC", "magnitude": ""}, "geometry": {"type": "Point", "coordinates": [-80.86, 32.24]}}, {"id": "241", "type": "Feature", "properties": {"wfo": "CHS", "type": "0", "magf": null, "l": "(\"2024-09-27 06:30:00-05\",0,,Bluffton,Beaufort,SC,\"Fire Dept/Rescue\",\"Bluffton FD reports the following roads are closed due to fallen trees in the Bluffton area: Boundary Street, Buck Island, Old Miller Road, May River Road at Palmetto Buff, New Riverside/Prichardville Street, River Road/Rose Dhu and Masters Way.\",CHS,\"TROPICAL CYCLONE\",0101000020E6100000D7A3703D0A3754C01F85EB51B81E4040,202409271225-KCHS-NWUS52-LSRCHS,\"2024-09-27 07:25:00-05\",,,77456,)", "county": "Beaufort", "typetext": "TROPICAL CYCLONE", "state": "SC", "remark": "Bluffton FD reports the following roads are closed due to fallen trees in the Bluffton area: Boundary Street, Buck Island, Old Miller Road, May River Road at Palmetto Buff, New Riverside/Prichardville Street, River Road/Rose Dhu and Masters Way.", "city": "Bluffton", "source": "Fire Dept/Rescue", "unit": null, "valid": "2024-09-27T11:30:00Z", "lon": -80.86, "lat": 32.24, "qualifier": null, "product_id": "202409271225-KCHS-NWUS52-LSRCHS", "st": "SC", "magnitude": ""}, "geometry": {"type": "Point", "coordinates": [-80.86, 32.24]}}, {"id": "242", "type": "Feature", "properties": {"wfo": "CHS", "type": "0", "magf": null, "l": "(\"2024-09-27 06:30:00-05\",0,,Bluffton,Beaufort,SC,\"Fire Dept/Rescue\",\"Bluffton FD reports the following roads are closed due to fallen trees in the Bluffton area: Boundary Street, Buck Island, Old Miller Road, May River Road at Palmetto Buff, New Riverside/Prichardville Street, River Road/Rose Dhu and Masters Way.\",CHS,\"TROPICAL CYCLONE\",0101000020E6100000D7A3703D0A3754C01F85EB51B81E4040,202409301433-KCHS-NWUS52-LSRCHS,\"2024-09-30 09:33:00-05\",,,77456,202409301433-KCHS-NWUS52-LSRCHS)", "county": "Beaufort", "typetext": "TROPICAL CYCLONE", "state": "SC", "remark": "Bluffton FD reports the following roads are closed due to fallen trees in the Bluffton area: Boundary Street, Buck Island, Old Miller Road, May River Road at Palmetto Buff, New Riverside/Prichardville Street, River Road/Rose Dhu and Masters Way.", "city": "Bluffton", "source": "Fire Dept/Rescue", "unit": null, "valid": "2024-09-27T11:30:00Z", "lon": -80.86, "lat": 32.24, "qualifier": null, "product_id": "202409301433-KCHS-NWUS52-LSRCHS", "st": "SC", "magnitude": ""}, "geometry": {"type": "Point", "coordinates": [-80.86, 32.24]}}, {"id": "243", "type": "Feature", "properties": {"wfo": "CHS", "type": "0", "magf": null, "l": "(\"2024-09-27 07:09:00-05\",0,,\"3 E Walterboro\",Colleton,SC,\"Emergency Mngr\",\"Colleton County Emergency Management reported a tree down on house at the 600 block of Bee Drive.\",CHS,\"TROPICAL CYCLONE\",0101000020E610000048E17A14AE2754C03333333333734040,202409271842-KCHS-NWUS52-LSRCHS,\"2024-09-27 13:42:00-05\",,,77464,)", "county": "Colleton", "typetext": "TROPICAL CYCLONE", "state": "SC", "remark": "Colleton County Emergency Management reported a tree down on house at the 600 block of Bee Drive.", "city": "3 E Walterboro", "source": "Emergency Mngr", "unit": null, "valid": "2024-09-27T12:09:00Z", "lon": -80.62, "lat": 32.9, "qualifier": null, "product_id": "202409271842-KCHS-NWUS52-LSRCHS", "st": "SC", "magnitude": ""}, "geometry": {"type": "Point", "coordinates": [-80.62, 32.9]}}, {"id": "244", "type": "Feature", "properties": {"wfo": "CHS", "type": "0", "magf": null, "l": "(\"2024-09-27 07:09:00-05\",0,,\"3 E Walterboro\",Colleton,SC,\"Emergency Mngr\",\"Colleton County Emergency Management reported a tree down on house at the 600 block of Bee Drive.\",CHS,\"TROPICAL CYCLONE\",0101000020E610000048E17A14AE2754C03333333333734040,202409301433-KCHS-NWUS52-LSRCHS,\"2024-09-30 09:33:00-05\",,,77464,202409301433-KCHS-NWUS52-LSRCHS)", "county": "Colleton", "typetext": "TROPICAL CYCLONE", "state": "SC", "remark": "Colleton County Emergency Management reported a tree down on house at the 600 block of Bee Drive.", "city": "3 E Walterboro", "source": "Emergency Mngr", "unit": null, "valid": "2024-09-27T12:09:00Z", "lon": -80.62, "lat": 32.9, "qualifier": null, "product_id": "202409301433-KCHS-NWUS52-LSRCHS", "st": "SC", "magnitude": ""}, "geometry": {"type": "Point", "coordinates": [-80.62, 32.9]}}, {"id": "245", "type": "Feature", "properties": {"wfo": "CHS", "type": "0", "magf": null, "l": "(\"2024-09-27 09:04:00-05\",0,,\"2 NNE Bluffton\",Beaufort,SC,\"Emergency Mngr\",\"Beaufort EMA currently reports between 250 and 300 reports of trees and lines down across the county.\",CHS,\"TROPICAL CYCLONE\",0101000020E610000066666666663654C0E17A14AE47214040,202409271406-KCHS-NWUS52-LSRCHS,\"2024-09-27 09:06:00-05\",,,77456,)", "county": "Beaufort", "typetext": "TROPICAL CYCLONE", "state": "SC", "remark": "Beaufort EMA currently reports between 250 and 300 reports of trees and lines down across the county.", "city": "2 NNE Bluffton", "source": "Emergency Mngr", "unit": null, "valid": "2024-09-27T14:04:00Z", "lon": -80.85, "lat": 32.26, "qualifier": null, "product_id": "202409271406-KCHS-NWUS52-LSRCHS", "st": "SC", "magnitude": ""}, "geometry": {"type": "Point", "coordinates": [-80.85, 32.26]}}, {"id": "246", "type": "Feature", "properties": {"wfo": "CHS", "type": "0", "magf": null, "l": "(\"2024-09-27 09:04:00-05\",0,,\"2 NNE Bluffton\",Beaufort,SC,\"Emergency Mngr\",\"Beaufort EMA currently reports between 250 and 300 reports of trees and lines down across the county.\",CHS,\"TROPICAL CYCLONE\",0101000020E610000066666666663654C0E17A14AE47214040,202409301433-KCHS-NWUS52-LSRCHS,\"2024-09-30 09:33:00-05\",,,77456,202409301433-KCHS-NWUS52-LSRCHS)", "county": "Beaufort", "typetext": "TROPICAL CYCLONE", "state": "SC", "remark": "Beaufort EMA currently reports between 250 and 300 reports of trees and lines down across the county.", "city": "2 NNE Bluffton", "source": "Emergency Mngr", "unit": null, "valid": "2024-09-27T14:04:00Z", "lon": -80.85, "lat": 32.26, "qualifier": null, "product_id": "202409301433-KCHS-NWUS52-LSRCHS", "st": "SC", "magnitude": ""}, "geometry": {"type": "Point", "coordinates": [-80.85, 32.26]}}, {"id": "247", "type": "Feature", "properties": {"wfo": "CHS", "type": "0", "magf": null, "l": "(\"2024-09-27 10:00:00-05\",0,,Summerville,Dorchester,SC,\"Emergency Mngr\",\"Dorchester County Emergency Management reported 6 downed trees and powerlines in the Summerville area.\",CHS,\"TROPICAL CYCLONE\",0101000020E6100000EC51B81E850B54C0C3F5285C8F824040,202409271907-KCHS-NWUS52-LSRCHS,\"2024-09-27 14:07:00-05\",,,77467,)", "county": "Dorchester", "typetext": "TROPICAL CYCLONE", "state": "SC", "remark": "Dorchester County Emergency Management reported 6 downed trees and powerlines in the Summerville area.", "city": "Summerville", "source": "Emergency Mngr", "unit": null, "valid": "2024-09-27T15:00:00Z", "lon": -80.18, "lat": 33.02, "qualifier": null, "product_id": "202409271907-KCHS-NWUS52-LSRCHS", "st": "SC", "magnitude": ""}, "geometry": {"type": "Point", "coordinates": [-80.18, 33.02]}}, {"id": "248", "type": "Feature", "properties": {"wfo": "CHS", "type": "0", "magf": null, "l": "(\"2024-09-27 10:00:00-05\",0,,Summerville,Dorchester,SC,\"Emergency Mngr\",\"Dorchester County Emergency Management reported 6 downed trees and powerlines in the Summerville area.\",CHS,\"TROPICAL CYCLONE\",0101000020E6100000EC51B81E850B54C0C3F5285C8F824040,202409301433-KCHS-NWUS52-LSRCHS,\"2024-09-30 09:33:00-05\",,,77467,202409301433-KCHS-NWUS52-LSRCHS)", "county": "Dorchester", "typetext": "TROPICAL CYCLONE", "state": "SC", "remark": "Dorchester County Emergency Management reported 6 downed trees and powerlines in the Summerville area.", "city": "Summerville", "source": "Emergency Mngr", "unit": null, "valid": "2024-09-27T15:00:00Z", "lon": -80.18, "lat": 33.02, "qualifier": null, "product_id": "202409301433-KCHS-NWUS52-LSRCHS", "st": "SC", "magnitude": ""}, "geometry": {"type": "Point", "coordinates": [-80.18, 33.02]}}, {"id": "249", "type": "Feature", "properties": {"wfo": "CHS", "type": "0", "magf": null, "l": "(\"2024-09-27 11:35:00-05\",0,,\"3 NE Smoaks\",Colleton,SC,\"Emergency Mngr\",\"Colleton County Emergency Management reported a tree down on residence at 50 block of Libby Lane.\",CHS,\"TROPICAL CYCLONE\",0101000020E610000052B81E85EB3154C08FC2F5285C8F4040,202409271842-KCHS-NWUS52-LSRCHS,\"2024-09-27 13:42:00-05\",,,77464,)", "county": "Colleton", "typetext": "TROPICAL CYCLONE", "state": "SC", "remark": "Colleton County Emergency Management reported a tree down on residence at 50 block of Libby Lane.", "city": "3 NE Smoaks", "source": "Emergency Mngr", "unit": null, "valid": "2024-09-27T16:35:00Z", "lon": -80.78, "lat": 33.12, "qualifier": null, "product_id": "202409271842-KCHS-NWUS52-LSRCHS", "st": "SC", "magnitude": ""}, "geometry": {"type": "Point", "coordinates": [-80.78, 33.12]}}, {"id": "250", "type": "Feature", "properties": {"wfo": "CHS", "type": "0", "magf": null, "l": "(\"2024-09-27 11:35:00-05\",0,,\"3 NE Smoaks\",Colleton,SC,\"Emergency Mngr\",\"Colleton County Emergency Management reported a tree down on residence at 50 block of Libby Lane.\",CHS,\"TROPICAL CYCLONE\",0101000020E610000052B81E85EB3154C08FC2F5285C8F4040,202409301433-KCHS-NWUS52-LSRCHS,\"2024-09-30 09:33:00-05\",,,77464,202409301433-KCHS-NWUS52-LSRCHS)", "county": "Colleton", "typetext": "TROPICAL CYCLONE", "state": "SC", "remark": "Colleton County Emergency Management reported a tree down on residence at 50 block of Libby Lane.", "city": "3 NE Smoaks", "source": "Emergency Mngr", "unit": null, "valid": "2024-09-27T16:35:00Z", "lon": -80.78, "lat": 33.12, "qualifier": null, "product_id": "202409301433-KCHS-NWUS52-LSRCHS", "st": "SC", "magnitude": ""}, "geometry": {"type": "Point", "coordinates": [-80.78, 33.12]}}, {"id": "251", "type": "Feature", "properties": {"wfo": "CHS", "type": "0", "magf": null, "l": "(\"2024-09-27 12:32:00-05\",0,,\"3 SE Hanahan\",Charleston,SC,\"Emergency Mngr\",\"Tree down between Lancaster Street and Ashcroft Avenue.\",CHS,\"TROPICAL CYCLONE\",0101000020E61000008FC2F5285CFF53C052B81E85EB714040,202409271837-KCHS-NWUS52-LSRCHS,\"2024-09-27 13:37:00-05\",,,77459,)", "county": "Charleston", "typetext": "TROPICAL CYCLONE", "state": "SC", "remark": "Tree down between Lancaster Street and Ashcroft Avenue.", "city": "3 SE Hanahan", "source": "Emergency Mngr", "unit": null, "valid": "2024-09-27T17:32:00Z", "lon": -79.99, "lat": 32.89, "qualifier": null, "product_id": "202409271837-KCHS-NWUS52-LSRCHS", "st": "SC", "magnitude": ""}, "geometry": {"type": "Point", "coordinates": [-79.99, 32.89]}}, {"id": "252", "type": "Feature", "properties": {"wfo": "CHS", "type": "0", "magf": null, "l": "(\"2024-09-27 12:32:00-05\",0,,\"3 SE Hanahan\",Charleston,SC,\"Emergency Mngr\",\"Tree down between Lancaster Street and Ashcroft Avenue.\",CHS,\"TROPICAL CYCLONE\",0101000020E61000008FC2F5285CFF53C052B81E85EB714040,202409301433-KCHS-NWUS52-LSRCHS,\"2024-09-30 09:33:00-05\",,,77459,202409301433-KCHS-NWUS52-LSRCHS)", "county": "Charleston", "typetext": "TROPICAL CYCLONE", "state": "SC", "remark": "Tree down between Lancaster Street and Ashcroft Avenue.", "city": "3 SE Hanahan", "source": "Emergency Mngr", "unit": null, "valid": "2024-09-27T17:32:00Z", "lon": -79.99, "lat": 32.89, "qualifier": null, "product_id": "202409301433-KCHS-NWUS52-LSRCHS", "st": "SC", "magnitude": ""}, "geometry": {"type": "Point", "coordinates": [-79.99, 32.89]}}, {"id": "253", "type": "Feature", "properties": {"wfo": "CHS", "type": "D", "magf": null, "l": "(\"2024-09-26 23:58:00-05\",D,,\"2 NNE Canadys\",Dorchester,SC,\"Emergency Mngr\",\"Dorchester County Emergency Management reported a tree down on Highway 15 between Grover and the Edisto River.\",CHS,\"TSTM WND DMG\",0101000020E610000066666666662654C00AD7A3703D8A4040,202409270529-KCHS-NWUS52-LSRCHS,\"2024-09-27 03:24:00-05\",,,77467,202409270824-KCHS-NWUS52-LSRCHS)", "county": "Dorchester", "typetext": "TSTM WND DMG", "state": "SC", "remark": "Dorchester County Emergency Management reported a tree down on Highway 15 between Grover and the Edisto River.", "city": "2 NNE Canadys", "source": "Emergency Mngr", "unit": null, "valid": "2024-09-27T04:58:00Z", "lon": -80.6, "lat": 33.08, "qualifier": null, "product_id": "202409270824-KCHS-NWUS52-LSRCHS", "st": "SC", "magnitude": ""}, "geometry": {"type": "Point", "coordinates": [-80.6, 33.08]}}, {"id": "254", "type": "Feature", "properties": {"wfo": "CHS", "type": "D", "magf": null, "l": "(\"2024-09-26 23:58:00-05\",D,,\"2 NNE Canadys\",Dorchester,SC,\"Emergency Mngr\",\"Dorchester County Emergency Management reported a tree down on Highway 15 between Grover and the Edisto River.\",CHS,\"TSTM WND DMG\",0101000020E610000066666666662654C00AD7A3703D8A4040,202409301433-KCHS-NWUS52-LSRCHS,\"2024-09-30 09:33:00-05\",,,77467,202409301433-KCHS-NWUS52-LSRCHS)", "county": "Dorchester", "typetext": "TSTM WND DMG", "state": "SC", "remark": "Dorchester County Emergency Management reported a tree down on Highway 15 between Grover and the Edisto River.", "city": "2 NNE Canadys", "source": "Emergency Mngr", "unit": null, "valid": "2024-09-27T04:58:00Z", "lon": -80.6, "lat": 33.08, "qualifier": null, "product_id": "202409301433-KCHS-NWUS52-LSRCHS", "st": "SC", "magnitude": ""}, "geometry": {"type": "Point", "coordinates": [-80.6, 33.08]}}, {"id": "255", "type": "Feature", "properties": {"wfo": "CHS", "type": "E", "magf": null, "l": "(\"2024-09-26 08:30:00-05\",E,,\"Port Wentworth\",Chatham,GA,\"Emergency Mngr\",\"Emergency management reported four roads closed due to flooding in the Port Wentworth area.\",CHS,FLOOD,0101000020E6100000EC51B81E854B54C03333333333134040,202409262136-KCHS-NWUS52-LSRCHS,\"2024-09-27 03:24:00-05\",,,75463,202409270824-KCHS-NWUS52-LSRCHS)", "county": "Chatham", "typetext": "FLOOD", "state": "GA", "remark": "Emergency management reported four roads closed due to flooding in the Port Wentworth area.", "city": "Port Wentworth", "source": "Emergency Mngr", "unit": null, "valid": "2024-09-26T13:30:00Z", "lon": -81.18, "lat": 32.15, "qualifier": null, "product_id": "202409270824-KCHS-NWUS52-LSRCHS", "st": "GA", "magnitude": ""}, "geometry": {"type": "Point", "coordinates": [-81.18, 32.15]}}, {"id": "256", "type": "Feature", "properties": {"wfo": "CHS", "type": "E", "magf": null, "l": "(\"2024-09-26 08:30:00-05\",E,,\"Port Wentworth\",Chatham,GA,\"Emergency Mngr\",\"Emergency management reported four roads closed due to flooding in the Port Wentworth area.\",CHS,FLOOD,0101000020E6100000EC51B81E854B54C03333333333134040,202409301433-KCHS-NWUS52-LSRCHS,\"2024-09-30 09:33:00-05\",,,75463,202409301433-KCHS-NWUS52-LSRCHS)", "county": "Chatham", "typetext": "FLOOD", "state": "GA", "remark": "Emergency management reported four roads closed due to flooding in the Port Wentworth area.", "city": "Port Wentworth", "source": "Emergency Mngr", "unit": null, "valid": "2024-09-26T13:30:00Z", "lon": -81.18, "lat": 32.15, "qualifier": null, "product_id": "202409301433-KCHS-NWUS52-LSRCHS", "st": "GA", "magnitude": ""}, "geometry": {"type": "Point", "coordinates": [-81.18, 32.15]}}, {"id": "257", "type": "Feature", "properties": {"wfo": "CHS", "type": "E", "magf": null, "l": "(\"2024-09-26 09:30:00-05\",E,,\"Garden City\",Chatham,GA,\"Emergency Mngr\",\"Emergency management reported three roads closed due to flooding in the Garden City area: 7th Street, Market Street, and the 30-40 block of Shady Lane Drive.\",CHS,FLOOD,0101000020E61000007B14AE47E14A54C0CDCCCCCCCC0C4040,202409262137-KCHS-NWUS52-LSRCHS,\"2024-09-27 03:24:00-05\",,,75463,202409270824-KCHS-NWUS52-LSRCHS)", "county": "Chatham", "typetext": "FLOOD", "state": "GA", "remark": "Emergency management reported three roads closed due to flooding in the Garden City area: 7th Street, Market Street, and the 30-40 block of Shady Lane Drive.", "city": "Garden City", "source": "Emergency Mngr", "unit": null, "valid": "2024-09-26T14:30:00Z", "lon": -81.17, "lat": 32.1, "qualifier": null, "product_id": "202409270824-KCHS-NWUS52-LSRCHS", "st": "GA", "magnitude": ""}, "geometry": {"type": "Point", "coordinates": [-81.17, 32.1]}}, {"id": "258", "type": "Feature", "properties": {"wfo": "CHS", "type": "E", "magf": null, "l": "(\"2024-09-26 09:30:00-05\",E,,\"Garden City\",Chatham,GA,\"Emergency Mngr\",\"Emergency management reported three roads closed due to flooding in the Garden City area: 7th Street, Market Street, and the 30-40 block of Shady Lane Drive.\",CHS,FLOOD,0101000020E61000007B14AE47E14A54C0CDCCCCCCCC0C4040,202409301433-KCHS-NWUS52-LSRCHS,\"2024-09-30 09:33:00-05\",,,75463,202409301433-KCHS-NWUS52-LSRCHS)", "county": "Chatham", "typetext": "FLOOD", "state": "GA", "remark": "Emergency management reported three roads closed due to flooding in the Garden City area: 7th Street, Market Street, and the 30-40 block of Shady Lane Drive.", "city": "Garden City", "source": "Emergency Mngr", "unit": null, "valid": "2024-09-26T14:30:00Z", "lon": -81.17, "lat": 32.1, "qualifier": null, "product_id": "202409301433-KCHS-NWUS52-LSRCHS", "st": "GA", "magnitude": ""}, "geometry": {"type": "Point", "coordinates": [-81.17, 32.1]}}, {"id": "259", "type": "Feature", "properties": {"wfo": "CHS", "type": "E", "magf": null, "l": "(\"2024-09-26 09:30:00-05\",E,,Savannah,Chatham,GA,\"Emergency Mngr\",\"Emergency management reported numerous roads closed due to flooding in and around Savannah.\",CHS,FLOOD,0101000020E610000085EB51B81E4554C06666666666064040,202409262135-KCHS-NWUS52-LSRCHS,\"2024-09-27 03:24:00-05\",,,75463,202409270824-KCHS-NWUS52-LSRCHS)", "county": "Chatham", "typetext": "FLOOD", "state": "GA", "remark": "Emergency management reported numerous roads closed due to flooding in and around Savannah.", "city": "Savannah", "source": "Emergency Mngr", "unit": null, "valid": "2024-09-26T14:30:00Z", "lon": -81.08, "lat": 32.05, "qualifier": null, "product_id": "202409270824-KCHS-NWUS52-LSRCHS", "st": "GA", "magnitude": ""}, "geometry": {"type": "Point", "coordinates": [-81.08, 32.05]}}, {"id": "260", "type": "Feature", "properties": {"wfo": "CHS", "type": "E", "magf": null, "l": "(\"2024-09-26 09:30:00-05\",E,,Savannah,Chatham,GA,\"Emergency Mngr\",\"Emergency management reported numerous roads closed due to flooding in and around Savannah.\",CHS,FLOOD,0101000020E610000085EB51B81E4554C06666666666064040,202409301433-KCHS-NWUS52-LSRCHS,\"2024-09-30 09:33:00-05\",,,75463,202409301433-KCHS-NWUS52-LSRCHS)", "county": "Chatham", "typetext": "FLOOD", "state": "GA", "remark": "Emergency management reported numerous roads closed due to flooding in and around Savannah.", "city": "Savannah", "source": "Emergency Mngr", "unit": null, "valid": "2024-09-26T14:30:00Z", "lon": -81.08, "lat": 32.05, "qualifier": null, "product_id": "202409301433-KCHS-NWUS52-LSRCHS", "st": "GA", "magnitude": ""}, "geometry": {"type": "Point", "coordinates": [-81.08, 32.05]}}, {"id": "261", "type": "Feature", "properties": {"wfo": "CHS", "type": "E", "magf": null, "l": "(\"2024-09-26 16:00:00-05\",E,,\"1 WNW Charleston\",Charleston,SC,\"Emergency Mngr\",\"City of Charleston reports several roads closed due to flooding: Barre Street at Beaufain, Concord Street at Cumberland Street, Hagood Avenue at Fishburne Street, Hassell Street at East Bay Street, Morrison Drive at Cooper Street, and Washington Street at Society Street.\",CHS,FLOOD,0101000020E6100000CDCCCCCCCCFC53C085EB51B81E654040,202409262147-KCHS-NWUS52-LSRCHS,\"2024-09-27 03:24:00-05\",,,77459,202409270824-KCHS-NWUS52-LSRCHS)", "county": "Charleston", "typetext": "FLOOD", "state": "SC", "remark": "City of Charleston reports several roads closed due to flooding: Barre Street at Beaufain, Concord Street at Cumberland Street, Hagood Avenue at Fishburne Street, Hassell Street at East Bay Street, Morrison Drive at Cooper Street, and Washington Street at Society Street.", "city": "1 WNW Charleston", "source": "Emergency Mngr", "unit": null, "valid": "2024-09-26T21:00:00Z", "lon": -79.95, "lat": 32.79, "qualifier": null, "product_id": "202409270824-KCHS-NWUS52-LSRCHS", "st": "SC", "magnitude": ""}, "geometry": {"type": "Point", "coordinates": [-79.95, 32.79]}}, {"id": "262", "type": "Feature", "properties": {"wfo": "CHS", "type": "E", "magf": null, "l": "(\"2024-09-26 16:00:00-05\",E,,\"1 WNW Charleston\",Charleston,SC,\"Emergency Mngr\",\"City of Charleston reports several roads closed due to flooding: Barre Street at Beaufain, Concord Street at Cumberland Street, Hagood Avenue at Fishburne Street, Hassell Street at East Bay Street, Morrison Drive at Cooper Street, and Washington Street at Society Street.\",CHS,FLOOD,0101000020E6100000CDCCCCCCCCFC53C085EB51B81E654040,202409301433-KCHS-NWUS52-LSRCHS,\"2024-09-30 09:33:00-05\",,,77459,202409301433-KCHS-NWUS52-LSRCHS)", "county": "Charleston", "typetext": "FLOOD", "state": "SC", "remark": "City of Charleston reports several roads closed due to flooding: Barre Street at Beaufain, Concord Street at Cumberland Street, Hagood Avenue at Fishburne Street, Hassell Street at East Bay Street, Morrison Drive at Cooper Street, and Washington Street at Society Street.", "city": "1 WNW Charleston", "source": "Emergency Mngr", "unit": null, "valid": "2024-09-26T21:00:00Z", "lon": -79.95, "lat": 32.79, "qualifier": null, "product_id": "202409301433-KCHS-NWUS52-LSRCHS", "st": "SC", "magnitude": ""}, "geometry": {"type": "Point", "coordinates": [-79.95, 32.79]}}, {"id": "263", "type": "Feature", "properties": {"wfo": "CHS", "type": "E", "magf": null, "l": "(\"2024-09-26 19:26:00-05\",E,,Charleston,Charleston,SC,\"Emergency Mngr\",\"Charleston Emergency Manager reported 11 roads closed in downtown Charleston due to flooding.\",CHS,FLOOD,0101000020E61000005C8FC2F528FC53C0A4703D0AD7634040,202409270034-KCHS-NWUS52-LSRCHS,\"2024-09-27 03:24:00-05\",,,77459,202409270824-KCHS-NWUS52-LSRCHS)", "county": "Charleston", "typetext": "FLOOD", "state": "SC", "remark": "Charleston Emergency Manager reported 11 roads closed in downtown Charleston due to flooding.", "city": "Charleston", "source": "Emergency Mngr", "unit": null, "valid": "2024-09-27T00:26:00Z", "lon": -79.94, "lat": 32.78, "qualifier": null, "product_id": "202409270824-KCHS-NWUS52-LSRCHS", "st": "SC", "magnitude": ""}, "geometry": {"type": "Point", "coordinates": [-79.94, 32.78]}}, {"id": "264", "type": "Feature", "properties": {"wfo": "CHS", "type": "E", "magf": null, "l": "(\"2024-09-26 19:26:00-05\",E,,Charleston,Charleston,SC,\"Emergency Mngr\",\"Charleston Emergency Manager reported 11 roads closed in downtown Charleston due to flooding.\",CHS,FLOOD,0101000020E61000005C8FC2F528FC53C0A4703D0AD7634040,202409301433-KCHS-NWUS52-LSRCHS,\"2024-09-30 09:33:00-05\",,,77459,202409301433-KCHS-NWUS52-LSRCHS)", "county": "Charleston", "typetext": "FLOOD", "state": "SC", "remark": "Charleston Emergency Manager reported 11 roads closed in downtown Charleston due to flooding.", "city": "Charleston", "source": "Emergency Mngr", "unit": null, "valid": "2024-09-27T00:26:00Z", "lon": -79.94, "lat": 32.78, "qualifier": null, "product_id": "202409301433-KCHS-NWUS52-LSRCHS", "st": "SC", "magnitude": ""}, "geometry": {"type": "Point", "coordinates": [-79.94, 32.78]}}, {"id": "265", "type": "Feature", "properties": {"wfo": "CHS", "type": "E", "magf": null, "l": "(\"2024-09-26 23:21:00-05\",E,,\"2 WNW Canadys\",Colleton,SC,\"Dept of Highways\",\"South Carolina Highway Patrol reported a roadway flooded on I-95.\",CHS,FLOOD,0101000020E61000000AD7A3703D2A54C0295C8FC2F5884040,202409270629-KCHS-NWUS52-LSRCHS,\"2024-09-27 03:24:00-05\",,,77464,202409270824-KCHS-NWUS52-LSRCHS)", "county": "Colleton", "typetext": "FLOOD", "state": "SC", "remark": "South Carolina Highway Patrol reported a roadway flooded on I-95.", "city": "2 WNW Canadys", "source": "Dept of Highways", "unit": null, "valid": "2024-09-27T04:21:00Z", "lon": -80.66, "lat": 33.07, "qualifier": null, "product_id": "202409270824-KCHS-NWUS52-LSRCHS", "st": "SC", "magnitude": ""}, "geometry": {"type": "Point", "coordinates": [-80.66, 33.07]}}, {"id": "266", "type": "Feature", "properties": {"wfo": "CHS", "type": "E", "magf": null, "l": "(\"2024-09-26 23:21:00-05\",E,,\"2 WNW Canadys\",Colleton,SC,\"Dept of Highways\",\"South Carolina Highway Patrol reported a roadway flooded on I-95.\",CHS,FLOOD,0101000020E61000000AD7A3703D2A54C0295C8FC2F5884040,202409301433-KCHS-NWUS52-LSRCHS,\"2024-09-30 09:33:00-05\",,,77464,202409301433-KCHS-NWUS52-LSRCHS)", "county": "Colleton", "typetext": "FLOOD", "state": "SC", "remark": "South Carolina Highway Patrol reported a roadway flooded on I-95.", "city": "2 WNW Canadys", "source": "Dept of Highways", "unit": null, "valid": "2024-09-27T04:21:00Z", "lon": -80.66, "lat": 33.07, "qualifier": null, "product_id": "202409301433-KCHS-NWUS52-LSRCHS", "st": "SC", "magnitude": ""}, "geometry": {"type": "Point", "coordinates": [-80.66, 33.07]}}, {"id": "267", "type": "Feature", "properties": {"wfo": "CHS", "type": "E", "magf": null, "l": "(\"2024-09-27 03:26:00-05\",E,,\"1 N Garden City\",Chatham,GA,\"Emergency Mngr\",\"Chatham County Emergency Manager reported over 30 streets flooded in Garden City near Pipe Makers Canal, Skidaway, La Roche, and Victory areas.\",CHS,FLOOD,0101000020E6100000EC51B81E854B54C08FC2F5285C0F4040,202409270941-KCHS-NWUS52-LSRCHS,\"2024-09-27 04:41:00-05\",,,75463,)", "county": "Chatham", "typetext": "FLOOD", "state": "GA", "remark": "Chatham County Emergency Manager reported over 30 streets flooded in Garden City near Pipe Makers Canal, Skidaway, La Roche, and Victory areas.", "city": "1 N Garden City", "source": "Emergency Mngr", "unit": null, "valid": "2024-09-27T08:26:00Z", "lon": -81.18, "lat": 32.12, "qualifier": null, "product_id": "202409270941-KCHS-NWUS52-LSRCHS", "st": "GA", "magnitude": ""}, "geometry": {"type": "Point", "coordinates": [-81.18, 32.12]}}, {"id": "268", "type": "Feature", "properties": {"wfo": "CHS", "type": "E", "magf": null, "l": "(\"2024-09-27 03:26:00-05\",E,,\"1 N Garden City\",Chatham,GA,\"Emergency Mngr\",\"Chatham County Emergency Manager reported over 30 streets flooded in Garden City near Pipe Makers Canal, Skidaway, La Roche, and Victory areas.\",CHS,FLOOD,0101000020E6100000EC51B81E854B54C08FC2F5285C0F4040,202409301433-KCHS-NWUS52-LSRCHS,\"2024-09-30 09:33:00-05\",,,75463,202409301433-KCHS-NWUS52-LSRCHS)", "county": "Chatham", "typetext": "FLOOD", "state": "GA", "remark": "Chatham County Emergency Manager reported over 30 streets flooded in Garden City near Pipe Makers Canal, Skidaway, La Roche, and Victory areas.", "city": "1 N Garden City", "source": "Emergency Mngr", "unit": null, "valid": "2024-09-27T08:26:00Z", "lon": -81.18, "lat": 32.12, "qualifier": null, "product_id": "202409301433-KCHS-NWUS52-LSRCHS", "st": "GA", "magnitude": ""}, "geometry": {"type": "Point", "coordinates": [-81.18, 32.12]}}, {"id": "269", "type": "Feature", "properties": {"wfo": "CHS", "type": "E", "magf": null, "l": "(\"2024-09-27 05:52:00-05\",E,,Charleston,Charleston,SC,\"Emergency Mngr\",\"City of Charleston emergency management reported 15 road closures across the city due to a combination of freshwater and saltwater flooding.\",CHS,FLOOD,0101000020E61000005C8FC2F528FC53C0A4703D0AD7634040,202409271156-KCHS-NWUS52-LSRCHS,\"2024-09-27 06:56:00-05\",,,77459,)", "county": "Charleston", "typetext": "FLOOD", "state": "SC", "remark": "City of Charleston emergency management reported 15 road closures across the city due to a combination of freshwater and saltwater flooding.", "city": "Charleston", "source": "Emergency Mngr", "unit": null, "valid": "2024-09-27T10:52:00Z", "lon": -79.94, "lat": 32.78, "qualifier": null, "product_id": "202409271156-KCHS-NWUS52-LSRCHS", "st": "SC", "magnitude": ""}, "geometry": {"type": "Point", "coordinates": [-79.94, 32.78]}}, {"id": "270", "type": "Feature", "properties": {"wfo": "CHS", "type": "E", "magf": null, "l": "(\"2024-09-27 05:52:00-05\",E,,Charleston,Charleston,SC,\"Emergency Mngr\",\"City of Charleston emergency management reported 15 road closures across the city due to a combination of freshwater and saltwater flooding.\",CHS,FLOOD,0101000020E61000005C8FC2F528FC53C0A4703D0AD7634040,202409301433-KCHS-NWUS52-LSRCHS,\"2024-09-30 09:33:00-05\",,,77459,202409301433-KCHS-NWUS52-LSRCHS)", "county": "Charleston", "typetext": "FLOOD", "state": "SC", "remark": "City of Charleston emergency management reported 15 road closures across the city due to a combination of freshwater and saltwater flooding.", "city": "Charleston", "source": "Emergency Mngr", "unit": null, "valid": "2024-09-27T10:52:00Z", "lon": -79.94, "lat": 32.78, "qualifier": null, "product_id": "202409301433-KCHS-NWUS52-LSRCHS", "st": "SC", "magnitude": ""}, "geometry": {"type": "Point", "coordinates": [-79.94, 32.78]}}, {"id": "271", "type": "Feature", "properties": {"wfo": "CHS", "type": "R", "magf": 6.02, "l": "(\"2024-09-26 13:00:00-05\",R,6.02,\"3 SW Vernonburg\",Chatham,GA,CoCoRaHS,\"Rainfall total through 2 PM Thursday.\",CHS,RAIN,0101000020E61000000AD7A3703D4A54C0713D0AD7A3F03F40,202409261823-KCHS-NWUS52-LSRCHS,\"2024-09-27 03:24:00-05\",inch,M,75463,202409270824-KCHS-NWUS52-LSRCHS)", "county": "Chatham", "typetext": "RAIN", "state": "GA", "remark": "Rainfall total through 2 PM Thursday.", "city": "3 SW Vernonburg", "source": "CoCoRaHS", "unit": "inch", "valid": "2024-09-26T18:00:00Z", "lon": -81.16, "lat": 31.94, "qualifier": "M", "product_id": "202409270824-KCHS-NWUS52-LSRCHS", "st": "GA", "magnitude": "6.02"}, "geometry": {"type": "Point", "coordinates": [-81.16, 31.94]}}, {"id": "272", "type": "Feature", "properties": {"wfo": "CHS", "type": "R", "magf": 6.02, "l": "(\"2024-09-26 13:00:00-05\",R,6.02,\"3 SW Vernonburg\",Chatham,GA,CoCoRaHS,\"Rainfall total through 2 PM Thursday.\",CHS,RAIN,0101000020E61000000AD7A3703D4A54C0713D0AD7A3F03F40,202409301433-KCHS-NWUS52-LSRCHS,\"2024-09-30 09:33:00-05\",inch,M,75463,202409301433-KCHS-NWUS52-LSRCHS)", "county": "Chatham", "typetext": "RAIN", "state": "GA", "remark": "Rainfall total through 2 PM Thursday.", "city": "3 SW Vernonburg", "source": "CoCoRaHS", "unit": "inch", "valid": "2024-09-26T18:00:00Z", "lon": -81.16, "lat": 31.94, "qualifier": "M", "product_id": "202409301433-KCHS-NWUS52-LSRCHS", "st": "GA", "magnitude": "6.02"}, "geometry": {"type": "Point", "coordinates": [-81.16, 31.94]}}, {"id": "273", "type": "Feature", "properties": {"wfo": "CHS", "type": "T", "magf": null, "l": "(\"2024-09-26 06:03:00-05\",T,,\"7 N Tybee Island\",Beaufort,SC,\"NWS Storm Survey\",\"An EF-0 tornado with max winds of 80 mph touched down on Daufuskie Island near Drivewood Cottage Lane. The tornado moved northward across the island and lifted just north of Big House Plantation Road near Myrtle Island on the mainland.\",CHS,TORNADO,0101000020E6100000D7A3703D0A3754C0CDCCCCCCCC0C4040,202409290139-KCHS-NWUS52-LSRCHS,\"2024-09-28 20:39:00-05\",,,77456,)", "county": "Beaufort", "typetext": "TORNADO", "state": "SC", "remark": "An EF-0 tornado with max winds of 80 mph touched down on Daufuskie Island near Drivewood Cottage Lane. The tornado moved northward across the island and lifted just north of Big House Plantation Road near Myrtle Island on the mainland.", "city": "7 N Tybee Island", "source": "NWS Storm Survey", "unit": null, "valid": "2024-09-26T11:03:00Z", "lon": -80.86, "lat": 32.1, "qualifier": null, "product_id": "202409290139-KCHS-NWUS52-LSRCHS", "st": "SC", "magnitude": ""}, "geometry": {"type": "Point", "coordinates": [-80.86, 32.1]}}, {"id": "274", "type": "Feature", "properties": {"wfo": "CHS", "type": "T", "magf": null, "l": "(\"2024-09-26 06:03:00-05\",T,,\"7 N Tybee Island\",Beaufort,SC,\"NWS Storm Survey\",\"An EF-0 tornado with max winds of 80 mph touched down on Daufuskie Island near Drivewood Cottage Lane. The tornado moved northward across the island and lifted just north of Big House Plantation Road near Myrtle Island on the mainland. Path length was 6.66 miles and the path width was 150 yards.\",CHS,TORNADO,0101000020E6100000D7A3703D0A3754C0CDCCCCCCCC0C4040,202409290151-KCHS-NWUS52-LSRCHS,\"2024-09-28 20:51:00-05\",,,77456,)", "county": "Beaufort", "typetext": "TORNADO", "state": "SC", "remark": "An EF-0 tornado with max winds of 80 mph touched down on Daufuskie Island near Drivewood Cottage Lane. The tornado moved northward across the island and lifted just north of Big House Plantation Road near Myrtle Island on the mainland. Path length was 6.66 miles and the path width was 150 yards.", "city": "7 N Tybee Island", "source": "NWS Storm Survey", "unit": null, "valid": "2024-09-26T11:03:00Z", "lon": -80.86, "lat": 32.1, "qualifier": null, "product_id": "202409290151-KCHS-NWUS52-LSRCHS", "st": "SC", "magnitude": ""}, "geometry": {"type": "Point", "coordinates": [-80.86, 32.1]}}, {"id": "275", "type": "Feature", "properties": {"wfo": "CHS", "type": "T", "magf": null, "l": "(\"2024-09-26 06:03:00-05\",T,,\"7 N Tybee Island\",Beaufort,SC,\"NWS Storm Survey\",\"An EF-0 tornado with max winds of 80 mph touched down on Daufuskie Island near Drivewood Cottage Lane. The tornado moved northward across the island and lifted just north of Big House Plantation Road near Myrtle Island on the mainland. Path length was 6.66 miles and the path width was 150 yards.\",CHS,TORNADO,0101000020E6100000D7A3703D0A3754C0CDCCCCCCCC0C4040,202409301433-KCHS-NWUS52-LSRCHS,\"2024-09-30 09:33:00-05\",,,77456,202409301433-KCHS-NWUS52-LSRCHS)", "county": "Beaufort", "typetext": "TORNADO", "state": "SC", "remark": "An EF-0 tornado with max winds of 80 mph touched down on Daufuskie Island near Drivewood Cottage Lane. The tornado moved northward across the island and lifted just north of Big House Plantation Road near Myrtle Island on the mainland. Path length was 6.66 miles and the path width was 150 yards.", "city": "7 N Tybee Island", "source": "NWS Storm Survey", "unit": null, "valid": "2024-09-26T11:03:00Z", "lon": -80.86, "lat": 32.1, "qualifier": null, "product_id": "202409301433-KCHS-NWUS52-LSRCHS", "st": "SC", "magnitude": ""}, "geometry": {"type": "Point", "coordinates": [-80.86, 32.1]}}, {"id": "276", "type": "Feature", "properties": {"wfo": "CHS", "type": "T", "magf": null, "l": "(\"2024-09-26 06:03:00-05\",T,,\"7 WSW Forest Beach\",Beaufort,SC,\"Emergency Mngr\",\"Emergency Manager relayed report of trees snapped on Stoddard Court and also minor roof damage on the 20 block of Martinangel Lane. Possible tornado.\",CHS,TORNADO,0101000020E6100000D7A3703D0A3754C0AE47E17A140E4040,202409261400-KCHS-NWUS52-LSRCHS,\"2024-09-27 03:24:00-05\",,,77456,202409270824-KCHS-NWUS52-LSRCHS)", "county": "Beaufort", "typetext": "TORNADO", "state": "SC", "remark": "Emergency Manager relayed report of trees snapped on Stoddard Court and also minor roof damage on the 20 block of Martinangel Lane. Possible tornado.", "city": "7 WSW Forest Beach", "source": "Emergency Mngr", "unit": null, "valid": "2024-09-26T11:03:00Z", "lon": -80.86, "lat": 32.11, "qualifier": null, "product_id": "202409270824-KCHS-NWUS52-LSRCHS", "st": "SC", "magnitude": ""}, "geometry": {"type": "Point", "coordinates": [-80.86, 32.11]}}, {"id": "277", "type": "Feature", "properties": {"wfo": "CHS", "type": "T", "magf": null, "l": "(\"2024-09-26 06:03:00-05\",T,,\"7 WSW Forest Beach\",Beaufort,SC,\"Emergency Mngr\",\"Emergency Manager relayed report of trees snapped on Stoddard Court and also minor roof damage on the 20 block of Martinangel Lane. Possible tornado.\",CHS,TORNADO,0101000020E6100000D7A3703D0A3754C0AE47E17A140E4040,202409301433-KCHS-NWUS52-LSRCHS,\"2024-09-30 09:33:00-05\",,,77456,202409301433-KCHS-NWUS52-LSRCHS)", "county": "Beaufort", "typetext": "TORNADO", "state": "SC", "remark": "Emergency Manager relayed report of trees snapped on Stoddard Court and also minor roof damage on the 20 block of Martinangel Lane. Possible tornado.", "city": "7 WSW Forest Beach", "source": "Emergency Mngr", "unit": null, "valid": "2024-09-26T11:03:00Z", "lon": -80.86, "lat": 32.11, "qualifier": null, "product_id": "202409301433-KCHS-NWUS52-LSRCHS", "st": "SC", "magnitude": ""}, "geometry": {"type": "Point", "coordinates": [-80.86, 32.11]}}, {"id": "278", "type": "Feature", "properties": {"wfo": "CHS", "type": "T", "magf": null, "l": "(\"2024-09-26 06:03:00-05\",T,,\"7 WSW Forest Beach\",Beaufort,SC,\"Trained Spotter\",\"Pictures relayed of several trees down on Martinangel Lane near Captain Monroe Lane on Daufuskie Island. Possible tornado.\",CHS,TORNADO,0101000020E6100000D7A3703D0A3754C0AE47E17A140E4040,202409261351-KCHS-NWUS52-LSRCHS,\"2024-09-27 03:24:00-05\",,,77456,202409270824-KCHS-NWUS52-LSRCHS)", "county": "Beaufort", "typetext": "TORNADO", "state": "SC", "remark": "Pictures relayed of several trees down on Martinangel Lane near Captain Monroe Lane on Daufuskie Island. Possible tornado.", "city": "7 WSW Forest Beach", "source": "Trained Spotter", "unit": null, "valid": "2024-09-26T11:03:00Z", "lon": -80.86, "lat": 32.11, "qualifier": null, "product_id": "202409270824-KCHS-NWUS52-LSRCHS", "st": "SC", "magnitude": ""}, "geometry": {"type": "Point", "coordinates": [-80.86, 32.11]}}, {"id": "279", "type": "Feature", "properties": {"wfo": "CHS", "type": "T", "magf": null, "l": "(\"2024-09-26 06:03:00-05\",T,,\"7 WSW Forest Beach\",Beaufort,SC,\"Trained Spotter\",\"Pictures relayed of several trees down on Martinangel Lane near Captain Monroe Lane on Daufuskie Island. Possible tornado.\",CHS,TORNADO,0101000020E6100000D7A3703D0A3754C0AE47E17A140E4040,202409301433-KCHS-NWUS52-LSRCHS,\"2024-09-30 09:33:00-05\",,,77456,202409301433-KCHS-NWUS52-LSRCHS)", "county": "Beaufort", "typetext": "TORNADO", "state": "SC", "remark": "Pictures relayed of several trees down on Martinangel Lane near Captain Monroe Lane on Daufuskie Island. Possible tornado.", "city": "7 WSW Forest Beach", "source": "Trained Spotter", "unit": null, "valid": "2024-09-26T11:03:00Z", "lon": -80.86, "lat": 32.11, "qualifier": null, "product_id": "202409301433-KCHS-NWUS52-LSRCHS", "st": "SC", "magnitude": ""}, "geometry": {"type": "Point", "coordinates": [-80.86, 32.11]}}, {"id": "280", "type": "Feature", "properties": {"wfo": "CHS", "type": "T", "magf": null, "l": "(\"2024-09-26 06:16:00-05\",T,,\"3 SSW Bluffton\",Beaufort,SC,\"Fire Dept/Rescue\",\"Report relayed of a tree snapped and minor debris on Game Land Road. Possible tornado.\",CHS,TORNADO,0101000020E6100000295C8FC2F53854C0B81E85EB51184040,202409261434-KCHS-NWUS52-LSRCHS,\"2024-09-27 03:24:00-05\",,,77456,202409270824-KCHS-NWUS52-LSRCHS)", "county": "Beaufort", "typetext": "TORNADO", "state": "SC", "remark": "Report relayed of a tree snapped and minor debris on Game Land Road. Possible tornado.", "city": "3 SSW Bluffton", "source": "Fire Dept/Rescue", "unit": null, "valid": "2024-09-26T11:16:00Z", "lon": -80.89, "lat": 32.19, "qualifier": null, "product_id": "202409270824-KCHS-NWUS52-LSRCHS", "st": "SC", "magnitude": ""}, "geometry": {"type": "Point", "coordinates": [-80.89, 32.19]}}, {"id": "281", "type": "Feature", "properties": {"wfo": "CHS", "type": "T", "magf": null, "l": "(\"2024-09-26 06:16:00-05\",T,,\"3 SSW Bluffton\",Beaufort,SC,\"Fire Dept/Rescue\",\"Report relayed of a tree snapped and minor debris on Game Land Road. Possible tornado.\",CHS,TORNADO,0101000020E6100000295C8FC2F53854C0B81E85EB51184040,202409301433-KCHS-NWUS52-LSRCHS,\"2024-09-30 09:33:00-05\",,,77456,202409301433-KCHS-NWUS52-LSRCHS)", "county": "Beaufort", "typetext": "TORNADO", "state": "SC", "remark": "Report relayed of a tree snapped and minor debris on Game Land Road. Possible tornado.", "city": "3 SSW Bluffton", "source": "Fire Dept/Rescue", "unit": null, "valid": "2024-09-26T11:16:00Z", "lon": -80.89, "lat": 32.19, "qualifier": null, "product_id": "202409301433-KCHS-NWUS52-LSRCHS", "st": "SC", "magnitude": ""}, "geometry": {"type": "Point", "coordinates": [-80.89, 32.19]}}, {"id": "282", "type": "Feature", "properties": {"wfo": "CHS", "type": "T", "magf": null, "l": "(\"2024-09-26 06:20:00-05\",T,,\"3 SE Pritchardville\",Beaufort,SC,\"NWS Storm Survey\",\"An EF-0 tornado with max winds of 76 mph touched down near Headwaters Road in Palmetto Bluff near Pritchardville. The tornado moved north and crossed the far western marshy area of the May River before crossing May River Road. The tornado dissipated just to the north of May River Road.\",CHS,TORNADO,0101000020E6100000EC51B81E853B54C05C8FC2F5281C4040,202409290144-KCHS-NWUS52-LSRCHS,\"2024-09-28 20:44:00-05\",,,77456,)", "county": "Beaufort", "typetext": "TORNADO", "state": "SC", "remark": "An EF-0 tornado with max winds of 76 mph touched down near Headwaters Road in Palmetto Bluff near Pritchardville. The tornado moved north and crossed the far western marshy area of the May River before crossing May River Road. The tornado dissipated just to the north of May River Road.", "city": "3 SE Pritchardville", "source": "NWS Storm Survey", "unit": null, "valid": "2024-09-26T11:20:00Z", "lon": -80.93, "lat": 32.22, "qualifier": null, "product_id": "202409290144-KCHS-NWUS52-LSRCHS", "st": "SC", "magnitude": ""}, "geometry": {"type": "Point", "coordinates": [-80.93, 32.22]}}, {"id": "283", "type": "Feature", "properties": {"wfo": "CHS", "type": "T", "magf": null, "l": "(\"2024-09-26 06:20:00-05\",T,,\"3 SE Pritchardville\",Beaufort,SC,\"NWS Storm Survey\",\"An EF-0 tornado with max winds of 76 mph touched down near Headwaters Road in Palmetto Bluff near Pritchardville. The tornado moved north and crossed the far western marshy area of the May River before crossing May River Road. The tornado dissipated just to the north of May River Road. Path length was 1.27 miles with a path width of 100 yards.\",CHS,TORNADO,0101000020E6100000EC51B81E853B54C05C8FC2F5281C4040,202409290152-KCHS-NWUS52-LSRCHS,\"2024-09-28 20:52:00-05\",,,77456,)", "county": "Beaufort", "typetext": "TORNADO", "state": "SC", "remark": "An EF-0 tornado with max winds of 76 mph touched down near Headwaters Road in Palmetto Bluff near Pritchardville. The tornado moved north and crossed the far western marshy area of the May River before crossing May River Road. The tornado dissipated just to the north of May River Road. Path length was 1.27 miles with a path width of 100 yards.", "city": "3 SE Pritchardville", "source": "NWS Storm Survey", "unit": null, "valid": "2024-09-26T11:20:00Z", "lon": -80.93, "lat": 32.22, "qualifier": null, "product_id": "202409290152-KCHS-NWUS52-LSRCHS", "st": "SC", "magnitude": ""}, "geometry": {"type": "Point", "coordinates": [-80.93, 32.22]}}, {"id": "284", "type": "Feature", "properties": {"wfo": "CHS", "type": "T", "magf": null, "l": "(\"2024-09-26 06:20:00-05\",T,,\"3 SE Pritchardville\",Beaufort,SC,\"NWS Storm Survey\",\"An EF-0 tornado with max winds of 76 mph touched down near Headwaters Road in Palmetto Bluff near Pritchardville. The tornado moved north and crossed the far western marshy area of the May River before crossing May River Road. The tornado dissipated just to the north of May River Road. Path length was 1.27 miles with a path width of 100 yards.\",CHS,TORNADO,0101000020E6100000EC51B81E853B54C05C8FC2F5281C4040,202409301433-KCHS-NWUS52-LSRCHS,\"2024-09-30 09:33:00-05\",,,77456,202409301433-KCHS-NWUS52-LSRCHS)", "county": "Beaufort", "typetext": "TORNADO", "state": "SC", "remark": "An EF-0 tornado with max winds of 76 mph touched down near Headwaters Road in Palmetto Bluff near Pritchardville. The tornado moved north and crossed the far western marshy area of the May River before crossing May River Road. The tornado dissipated just to the north of May River Road. Path length was 1.27 miles with a path width of 100 yards.", "city": "3 SE Pritchardville", "source": "NWS Storm Survey", "unit": null, "valid": "2024-09-26T11:20:00Z", "lon": -80.93, "lat": 32.22, "qualifier": null, "product_id": "202409301433-KCHS-NWUS52-LSRCHS", "st": "SC", "magnitude": ""}, "geometry": {"type": "Point", "coordinates": [-80.93, 32.22]}}, {"id": "285", "type": "Feature", "properties": {"wfo": "CHS", "type": "T", "magf": null, "l": "(\"2024-09-26 06:30:00-05\",T,,\"2 SE Bluffton\",Beaufort,SC,\"Law Enforcement\",\"Beaufort County Sheriff's Office reported property damage from a tornado on Driftwood Drive on Daufuskie Island.\",CHS,TORNADO,0101000020E610000085EB51B81E3554C05C8FC2F5281C4040,202409270404-KCHS-NWUS52-LSRCHS,\"2024-09-27 03:24:00-05\",,,77456,202409270824-KCHS-NWUS52-LSRCHS)", "county": "Beaufort", "typetext": "TORNADO", "state": "SC", "remark": "Beaufort County Sheriff's Office reported property damage from a tornado on Driftwood Drive on Daufuskie Island.", "city": "2 SE Bluffton", "source": "Law Enforcement", "unit": null, "valid": "2024-09-26T11:30:00Z", "lon": -80.83, "lat": 32.22, "qualifier": null, "product_id": "202409270824-KCHS-NWUS52-LSRCHS", "st": "SC", "magnitude": ""}, "geometry": {"type": "Point", "coordinates": [-80.83, 32.22]}}, {"id": "286", "type": "Feature", "properties": {"wfo": "CHS", "type": "T", "magf": null, "l": "(\"2024-09-26 06:30:00-05\",T,,\"2 SE Bluffton\",Beaufort,SC,\"Law Enforcement\",\"Beaufort County Sheriff's Office reported property damage from a tornado on Driftwood Drive on Daufuskie Island.\",CHS,TORNADO,0101000020E610000085EB51B81E3554C05C8FC2F5281C4040,202409301433-KCHS-NWUS52-LSRCHS,\"2024-09-30 09:33:00-05\",,,77456,202409301433-KCHS-NWUS52-LSRCHS)", "county": "Beaufort", "typetext": "TORNADO", "state": "SC", "remark": "Beaufort County Sheriff's Office reported property damage from a tornado on Driftwood Drive on Daufuskie Island.", "city": "2 SE Bluffton", "source": "Law Enforcement", "unit": null, "valid": "2024-09-26T11:30:00Z", "lon": -80.83, "lat": 32.22, "qualifier": null, "product_id": "202409301433-KCHS-NWUS52-LSRCHS", "st": "SC", "magnitude": ""}, "geometry": {"type": "Point", "coordinates": [-80.83, 32.22]}}, {"id": "287", "type": "Feature", "properties": {"wfo": "CHS", "type": "T", "magf": null, "l": "(\"2024-09-26 06:35:00-05\",T,,\"4 SW Bluffton\",Beaufort,SC,\"Law Enforcement\",\"Beaufort County Sheriff's Office reported a tree down from a tornado on Palmetto Bluff in Pritchardville.\",CHS,TORNADO,0101000020E61000009A999999993954C0B81E85EB51184040,202409270407-KCHS-NWUS52-LSRCHS,\"2024-09-27 03:24:00-05\",,,77456,202409270824-KCHS-NWUS52-LSRCHS)", "county": "Beaufort", "typetext": "TORNADO", "state": "SC", "remark": "Beaufort County Sheriff's Office reported a tree down from a tornado on Palmetto Bluff in Pritchardville.", "city": "4 SW Bluffton", "source": "Law Enforcement", "unit": null, "valid": "2024-09-26T11:35:00Z", "lon": -80.9, "lat": 32.19, "qualifier": null, "product_id": "202409270824-KCHS-NWUS52-LSRCHS", "st": "SC", "magnitude": ""}, "geometry": {"type": "Point", "coordinates": [-80.9, 32.19]}}, {"id": "288", "type": "Feature", "properties": {"wfo": "CHS", "type": "T", "magf": null, "l": "(\"2024-09-26 06:35:00-05\",T,,\"4 SW Bluffton\",Beaufort,SC,\"Law Enforcement\",\"Beaufort County Sheriff's Office reported a tree down from a tornado on Palmetto Bluff in Pritchardville.\",CHS,TORNADO,0101000020E61000009A999999993954C0B81E85EB51184040,202409301433-KCHS-NWUS52-LSRCHS,\"2024-09-30 09:33:00-05\",,,77456,202409301433-KCHS-NWUS52-LSRCHS)", "county": "Beaufort", "typetext": "TORNADO", "state": "SC", "remark": "Beaufort County Sheriff's Office reported a tree down from a tornado on Palmetto Bluff in Pritchardville.", "city": "4 SW Bluffton", "source": "Law Enforcement", "unit": null, "valid": "2024-09-26T11:35:00Z", "lon": -80.9, "lat": 32.19, "qualifier": null, "product_id": "202409301433-KCHS-NWUS52-LSRCHS", "st": "SC", "magnitude": ""}, "geometry": {"type": "Point", "coordinates": [-80.9, 32.19]}}, {"id": "289", "type": "Feature", "properties": {"wfo": "CHS", "type": "T", "magf": null, "l": "(\"2024-09-26 11:52:00-05\",T,,\"1 NE Ashton\",Colleton,SC,\"NWS Storm Survey\",\"An EF-1 tornado with max winds around 90 mph touched down near Gabriel Road in Colleton County, SC and lifted just north of Ehrhardt near Baucham Road in Bamberg County, SC. Path length was 7.81 miles with a path width of 150 yards.\",CHS,TORNADO,0101000020E61000003D0AD7A3703D54C0C3F5285C8F824040,202409280048-KCHS-NWUS52-LSRCHS,\"2024-09-27 19:48:00-05\",,,77464,)", "county": "Colleton", "typetext": "TORNADO", "state": "SC", "remark": "An EF-1 tornado with max winds around 90 mph touched down near Gabriel Road in Colleton County, SC and lifted just north of Ehrhardt near Baucham Road in Bamberg County, SC. Path length was 7.81 miles with a path width of 150 yards.", "city": "1 NE Ashton", "source": "NWS Storm Survey", "unit": null, "valid": "2024-09-26T16:52:00Z", "lon": -80.96, "lat": 33.02, "qualifier": null, "product_id": "202409280048-KCHS-NWUS52-LSRCHS", "st": "SC", "magnitude": ""}, "geometry": {"type": "Point", "coordinates": [-80.96, 33.02]}}, {"id": "290", "type": "Feature", "properties": {"wfo": "CHS", "type": "T", "magf": null, "l": "(\"2024-09-26 11:52:00-05\",T,,\"1 NE Ashton\",Colleton,SC,\"NWS Storm Survey\",\"An EF-1 tornado with max winds around 90 mph touched down near Gabriel Road in Colleton County, SC and lifted just north of Ehrhardt near Baucham Road in Bamberg County, SC. Path length was 7.81 miles with a path width of 150 yards.\",CHS,TORNADO,0101000020E61000003D0AD7A3703D54C0C3F5285C8F824040,202409301433-KCHS-NWUS52-LSRCHS,\"2024-09-30 09:33:00-05\",,,77464,202409301433-KCHS-NWUS52-LSRCHS)", "county": "Colleton", "typetext": "TORNADO", "state": "SC", "remark": "An EF-1 tornado with max winds around 90 mph touched down near Gabriel Road in Colleton County, SC and lifted just north of Ehrhardt near Baucham Road in Bamberg County, SC. Path length was 7.81 miles with a path width of 150 yards.", "city": "1 NE Ashton", "source": "NWS Storm Survey", "unit": null, "valid": "2024-09-26T16:52:00Z", "lon": -80.96, "lat": 33.02, "qualifier": null, "product_id": "202409301433-KCHS-NWUS52-LSRCHS", "st": "SC", "magnitude": ""}, "geometry": {"type": "Point", "coordinates": [-80.96, 33.02]}}, {"id": "291", "type": "Feature", "properties": {"wfo": "CHS", "type": "T", "magf": null, "l": "(\"2024-09-26 11:58:00-05\",T,,Lodge,Colleton,SC,\"Emergency Mngr\",\"Emergency manager relayed report of power lines down at Bells Highway and High Cotton Road. Possible tornado.\",CHS,TORNADO,0101000020E61000003D0AD7A3703D54C0295C8FC2F5884040,202409261744-KCHS-NWUS52-LSRCHS,\"2024-09-27 03:24:00-05\",,,77464,202409270824-KCHS-NWUS52-LSRCHS)", "county": "Colleton", "typetext": "TORNADO", "state": "SC", "remark": "Emergency manager relayed report of power lines down at Bells Highway and High Cotton Road. Possible tornado.", "city": "Lodge", "source": "Emergency Mngr", "unit": null, "valid": "2024-09-26T16:58:00Z", "lon": -80.96, "lat": 33.07, "qualifier": null, "product_id": "202409270824-KCHS-NWUS52-LSRCHS", "st": "SC", "magnitude": ""}, "geometry": {"type": "Point", "coordinates": [-80.96, 33.07]}}, {"id": "292", "type": "Feature", "properties": {"wfo": "CHS", "type": "T", "magf": null, "l": "(\"2024-09-26 11:58:00-05\",T,,Lodge,Colleton,SC,\"Emergency Mngr\",\"Emergency manager relayed report of power lines down at Bells Highway and High Cotton Road. Possible tornado.\",CHS,TORNADO,0101000020E61000003D0AD7A3703D54C0295C8FC2F5884040,202409301433-KCHS-NWUS52-LSRCHS,\"2024-09-30 09:33:00-05\",,,77464,202409301433-KCHS-NWUS52-LSRCHS)", "county": "Colleton", "typetext": "TORNADO", "state": "SC", "remark": "Emergency manager relayed report of power lines down at Bells Highway and High Cotton Road. Possible tornado.", "city": "Lodge", "source": "Emergency Mngr", "unit": null, "valid": "2024-09-26T16:58:00Z", "lon": -80.96, "lat": 33.07, "qualifier": null, "product_id": "202409301433-KCHS-NWUS52-LSRCHS", "st": "SC", "magnitude": ""}, "geometry": {"type": "Point", "coordinates": [-80.96, 33.07]}}, {"id": "293", "type": "Feature", "properties": {"wfo": "CHS", "type": "T", "magf": null, "l": "(\"2024-09-26 11:58:00-05\",T,,Lodge,Colleton,SC,\"Emergency Mngr\",\"Emergency manager relayed report of tree down at Bells Highway and Woodrow Drive. Possible tornado.\",CHS,TORNADO,0101000020E61000003D0AD7A3703D54C0295C8FC2F5884040,202409261746-KCHS-NWUS52-LSRCHS,\"2024-09-27 03:24:00-05\",,,77464,202409270824-KCHS-NWUS52-LSRCHS)", "county": "Colleton", "typetext": "TORNADO", "state": "SC", "remark": "Emergency manager relayed report of tree down at Bells Highway and Woodrow Drive. Possible tornado.", "city": "Lodge", "source": "Emergency Mngr", "unit": null, "valid": "2024-09-26T16:58:00Z", "lon": -80.96, "lat": 33.07, "qualifier": null, "product_id": "202409270824-KCHS-NWUS52-LSRCHS", "st": "SC", "magnitude": ""}, "geometry": {"type": "Point", "coordinates": [-80.96, 33.07]}}, {"id": "294", "type": "Feature", "properties": {"wfo": "CHS", "type": "T", "magf": null, "l": "(\"2024-09-26 11:58:00-05\",T,,Lodge,Colleton,SC,\"Emergency Mngr\",\"Emergency manager relayed report of tree down at Bells Highway and Woodrow Drive. Possible tornado.\",CHS,TORNADO,0101000020E61000003D0AD7A3703D54C0295C8FC2F5884040,202409301433-KCHS-NWUS52-LSRCHS,\"2024-09-30 09:33:00-05\",,,77464,202409301433-KCHS-NWUS52-LSRCHS)", "county": "Colleton", "typetext": "TORNADO", "state": "SC", "remark": "Emergency manager relayed report of tree down at Bells Highway and Woodrow Drive. Possible tornado.", "city": "Lodge", "source": "Emergency Mngr", "unit": null, "valid": "2024-09-26T16:58:00Z", "lon": -80.96, "lat": 33.07, "qualifier": null, "product_id": "202409301433-KCHS-NWUS52-LSRCHS", "st": "SC", "magnitude": ""}, "geometry": {"type": "Point", "coordinates": [-80.96, 33.07]}}, {"id": "295", "type": "Feature", "properties": {"wfo": "CHS", "type": "T", "magf": null, "l": "(\"2024-09-26 12:00:00-05\",T,,\"1 WNW Lodge\",Colleton,SC,\"Emergency Mngr\",\"Tree down blocking both lanes on 22000 block of Bells Highway. Possible tornado.\",CHS,TORNADO,0101000020E6100000AE47E17A143E54C0295C8FC2F5884040,202409261813-KCHS-NWUS52-LSRCHS,\"2024-09-27 03:24:00-05\",,,77464,202409270824-KCHS-NWUS52-LSRCHS)", "county": "Colleton", "typetext": "TORNADO", "state": "SC", "remark": "Tree down blocking both lanes on 22000 block of Bells Highway. Possible tornado.", "city": "1 WNW Lodge", "source": "Emergency Mngr", "unit": null, "valid": "2024-09-26T17:00:00Z", "lon": -80.97, "lat": 33.07, "qualifier": null, "product_id": "202409270824-KCHS-NWUS52-LSRCHS", "st": "SC", "magnitude": ""}, "geometry": {"type": "Point", "coordinates": [-80.97, 33.07]}}, {"id": "296", "type": "Feature", "properties": {"wfo": "CHS", "type": "T", "magf": null, "l": "(\"2024-09-26 12:00:00-05\",T,,\"1 WNW Lodge\",Colleton,SC,\"Emergency Mngr\",\"Tree down blocking both lanes on 22000 block of Bells Highway. Possible tornado.\",CHS,TORNADO,0101000020E6100000AE47E17A143E54C0295C8FC2F5884040,202409301433-KCHS-NWUS52-LSRCHS,\"2024-09-30 09:33:00-05\",,,77464,202409301433-KCHS-NWUS52-LSRCHS)", "county": "Colleton", "typetext": "TORNADO", "state": "SC", "remark": "Tree down blocking both lanes on 22000 block of Bells Highway. Possible tornado.", "city": "1 WNW Lodge", "source": "Emergency Mngr", "unit": null, "valid": "2024-09-26T17:00:00Z", "lon": -80.97, "lat": 33.07, "qualifier": null, "product_id": "202409301433-KCHS-NWUS52-LSRCHS", "st": "SC", "magnitude": ""}, "geometry": {"type": "Point", "coordinates": [-80.97, 33.07]}}, {"id": "297", "type": "Feature", "properties": {"wfo": "CHS", "type": "T", "magf": null, "l": "(\"2024-09-26 12:01:00-05\",T,,\"1 WNW Lodge\",Colleton,SC,\"Emergency Mngr\",\"Emergency manager relayed report of trees down on Bells Highway near the Bamberg county border. Possible tornado.\",CHS,TORNADO,0101000020E6100000AE47E17A143E54C00AD7A3703D8A4040,202409261813-KCHS-NWUS52-LSRCHS,\"2024-09-27 03:24:00-05\",,,77464,202409270824-KCHS-NWUS52-LSRCHS)", "county": "Colleton", "typetext": "TORNADO", "state": "SC", "remark": "Emergency manager relayed report of trees down on Bells Highway near the Bamberg county border. Possible tornado.", "city": "1 WNW Lodge", "source": "Emergency Mngr", "unit": null, "valid": "2024-09-26T17:01:00Z", "lon": -80.97, "lat": 33.08, "qualifier": null, "product_id": "202409270824-KCHS-NWUS52-LSRCHS", "st": "SC", "magnitude": ""}, "geometry": {"type": "Point", "coordinates": [-80.97, 33.08]}}, {"id": "298", "type": "Feature", "properties": {"wfo": "CHS", "type": "T", "magf": null, "l": "(\"2024-09-26 12:01:00-05\",T,,\"1 WNW Lodge\",Colleton,SC,\"Emergency Mngr\",\"Emergency manager relayed report of trees down on Bells Highway near the Bamberg county border. Possible tornado.\",CHS,TORNADO,0101000020E6100000AE47E17A143E54C00AD7A3703D8A4040,202409301433-KCHS-NWUS52-LSRCHS,\"2024-09-30 09:33:00-05\",,,77464,202409301433-KCHS-NWUS52-LSRCHS)", "county": "Colleton", "typetext": "TORNADO", "state": "SC", "remark": "Emergency manager relayed report of trees down on Bells Highway near the Bamberg county border. Possible tornado.", "city": "1 WNW Lodge", "source": "Emergency Mngr", "unit": null, "valid": "2024-09-26T17:01:00Z", "lon": -80.97, "lat": 33.08, "qualifier": null, "product_id": "202409301433-KCHS-NWUS52-LSRCHS", "st": "SC", "magnitude": ""}, "geometry": {"type": "Point", "coordinates": [-80.97, 33.08]}}, {"id": "299", "type": "Feature", "properties": {"wfo": "CHS", "type": "T", "magf": null, "l": "(\"2024-09-27 00:29:00-05\",T,,\"2 WNW Dale\",Beaufort,SC,\"NWS Storm Survey\",\"An EF-0 tornado with max winds near 70 mph impacted the Gardens Corner area. The tornado began just southeast of Washington Farm Road then traveled northwest across Stroban Road near Daniels Drive. The tornado then crossed US Highway 17 before dissipating in a marshy area. Path length was 3.87 miles with a path width of 175 yards.\",CHS,TORNADO,0101000020E6100000AE47E17A142E54C0295C8FC2F5484040,202409290149-KCHS-NWUS52-LSRCHS,\"2024-09-28 20:49:00-05\",,,77456,)", "county": "Beaufort", "typetext": "TORNADO", "state": "SC", "remark": "An EF-0 tornado with max winds near 70 mph impacted the Gardens Corner area. The tornado began just southeast of Washington Farm Road then traveled northwest across Stroban Road near Daniels Drive. The tornado then crossed US Highway 17 before dissipating in a marshy area. Path length was 3.87 miles with a path width of 175 yards.", "city": "2 WNW Dale", "source": "NWS Storm Survey", "unit": null, "valid": "2024-09-27T05:29:00Z", "lon": -80.72, "lat": 32.57, "qualifier": null, "product_id": "202409290149-KCHS-NWUS52-LSRCHS", "st": "SC", "magnitude": ""}, "geometry": {"type": "Point", "coordinates": [-80.72, 32.57]}}, {"id": "300", "type": "Feature", "properties": {"wfo": "CHS", "type": "T", "magf": null, "l": "(\"2024-09-27 00:29:00-05\",T,,\"2 WNW Dale\",Beaufort,SC,\"NWS Storm Survey\",\"An EF-0 tornado with max winds near 70 mph impacted the Gardens Corner area. The tornado began just southeast of Washington Farm Road then traveled northwest across Stroban Road near Daniels Drive. The tornado then crossed US Highway 17 before dissipating in a marshy area. Path length was 3.87 miles with a path width of 175 yards.\",CHS,TORNADO,0101000020E6100000AE47E17A142E54C0295C8FC2F5484040,202409301433-KCHS-NWUS52-LSRCHS,\"2024-09-30 09:33:00-05\",,,77456,202409301433-KCHS-NWUS52-LSRCHS)", "county": "Beaufort", "typetext": "TORNADO", "state": "SC", "remark": "An EF-0 tornado with max winds near 70 mph impacted the Gardens Corner area. The tornado began just southeast of Washington Farm Road then traveled northwest across Stroban Road near Daniels Drive. The tornado then crossed US Highway 17 before dissipating in a marshy area. Path length was 3.87 miles with a path width of 175 yards.", "city": "2 WNW Dale", "source": "NWS Storm Survey", "unit": null, "valid": "2024-09-27T05:29:00Z", "lon": -80.72, "lat": 32.57, "qualifier": null, "product_id": "202409301433-KCHS-NWUS52-LSRCHS", "st": "SC", "magnitude": ""}, "geometry": {"type": "Point", "coordinates": [-80.72, 32.57]}}, {"id": "301", "type": "Feature", "properties": {"wfo": "CHS", "type": "T", "magf": null, "l": "(\"2024-09-27 03:00:00-05\",T,,\"4 SSW Shadowmoss\",Charleston,SC,\"NWS Storm Survey\",\"An EF-0 tornado with max winds of 80 mph touched down along Bonanza Rd near Savannah Hwy, moved through parts of the Boltons Landing subdivision and lifted at Saint Hubert Way just off Bees Ferry Road. Path length was 2.02 miles with a path width of 90 yards.\",CHS,TORNADO,0101000020E6100000F6285C8FC20554C06666666666664040,202409280057-KCHS-NWUS52-LSRCHS,\"2024-09-27 19:57:00-05\",,,77459,)", "county": "Charleston", "typetext": "TORNADO", "state": "SC", "remark": "An EF-0 tornado with max winds of 80 mph touched down along Bonanza Rd near Savannah Hwy, moved through parts of the Boltons Landing subdivision and lifted at Saint Hubert Way just off Bees Ferry Road. Path length was 2.02 miles with a path width of 90 yards.", "city": "4 SSW Shadowmoss", "source": "NWS Storm Survey", "unit": null, "valid": "2024-09-27T08:00:00Z", "lon": -80.09, "lat": 32.8, "qualifier": null, "product_id": "202409280057-KCHS-NWUS52-LSRCHS", "st": "SC", "magnitude": ""}, "geometry": {"type": "Point", "coordinates": [-80.09, 32.8]}}, {"id": "302", "type": "Feature", "properties": {"wfo": "CHS", "type": "T", "magf": null, "l": "(\"2024-09-27 03:00:00-05\",T,,\"4 SSW Shadowmoss\",Charleston,SC,\"NWS Storm Survey\",\"An EF-0 tornado with max winds of 80 mph touched down along Bonanza Rd near Savannah Hwy, moved through parts of the Boltons Landing subdivision and lifted at Saint Hubert Way just off Bees Ferry Road. Path length was 2.02 miles with a path width of 90 yards.\",CHS,TORNADO,0101000020E6100000F6285C8FC20554C06666666666664040,202409301433-KCHS-NWUS52-LSRCHS,\"2024-09-30 09:33:00-05\",,,77459,202409301433-KCHS-NWUS52-LSRCHS)", "county": "Charleston", "typetext": "TORNADO", "state": "SC", "remark": "An EF-0 tornado with max winds of 80 mph touched down along Bonanza Rd near Savannah Hwy, moved through parts of the Boltons Landing subdivision and lifted at Saint Hubert Way just off Bees Ferry Road. Path length was 2.02 miles with a path width of 90 yards.", "city": "4 SSW Shadowmoss", "source": "NWS Storm Survey", "unit": null, "valid": "2024-09-27T08:00:00Z", "lon": -80.09, "lat": 32.8, "qualifier": null, "product_id": "202409301433-KCHS-NWUS52-LSRCHS", "st": "SC", "magnitude": ""}, "geometry": {"type": "Point", "coordinates": [-80.09, 32.8]}}, {"id": "303", "type": "Feature", "properties": {"wfo": "CHS", "type": "T", "magf": null, "l": "(\"2024-09-27 03:06:00-05\",T,,\"2 SSW Wadmalaw Island\",Charleston,SC,\"NWS Storm Survey\",\"AN EF-0 tornado with max winds of 80 mph touched down near Bentz Road and traveled north northwest and crossed Liberia Road and Katy Hill Road before dissipating just south of Bears Bluff Road. Path length was 2.09 miles and the path width was 125 yards.\",CHS,TORNADO,0101000020E6100000EC51B81E850B54C014AE47E17A544040,202410012339-KCHS-NWUS52-LSRCHS,\"2024-10-01 18:39:00-05\",,,77459,)", "county": "Charleston", "typetext": "TORNADO", "state": "SC", "remark": "AN EF-0 tornado with max winds of 80 mph touched down near Bentz Road and traveled north northwest and crossed Liberia Road and Katy Hill Road before dissipating just south of Bears Bluff Road. Path length was 2.09 miles and the path width was 125 yards.", "city": "2 SSW Wadmalaw Island", "source": "NWS Storm Survey", "unit": null, "valid": "2024-09-27T08:06:00Z", "lon": -80.18, "lat": 32.66, "qualifier": null, "product_id": "202410012339-KCHS-NWUS52-LSRCHS", "st": "SC", "magnitude": ""}, "geometry": {"type": "Point", "coordinates": [-80.18, 32.66]}}, {"id": "304", "type": "Feature", "properties": {"wfo": "CHS", "type": "T", "magf": null, "l": "(\"2024-09-27 03:20:00-05\",T,,\"5 SW Shadowmoss\",Charleston,SC,\"NWS Storm Survey\",\"An EF-0 tornado with max winds of 70 mph touched down near Savannah Highway and Davidson Road, then moved northwest and lifted near Bulow Landing Road. Path length was 1.96 miles with a path length of 90 yards.\",CHS,TORNADO,0101000020E6100000295C8FC2F50854C085EB51B81E654040,202409280104-KCHS-NWUS52-LSRCHS,\"2024-09-27 20:04:00-05\",,,77459,)", "county": "Charleston", "typetext": "TORNADO", "state": "SC", "remark": "An EF-0 tornado with max winds of 70 mph touched down near Savannah Highway and Davidson Road, then moved northwest and lifted near Bulow Landing Road. Path length was 1.96 miles with a path length of 90 yards.", "city": "5 SW Shadowmoss", "source": "NWS Storm Survey", "unit": null, "valid": "2024-09-27T08:20:00Z", "lon": -80.14, "lat": 32.79, "qualifier": null, "product_id": "202409280104-KCHS-NWUS52-LSRCHS", "st": "SC", "magnitude": ""}, "geometry": {"type": "Point", "coordinates": [-80.14, 32.79]}}, {"id": "305", "type": "Feature", "properties": {"wfo": "CHS", "type": "T", "magf": null, "l": "(\"2024-09-27 03:20:00-05\",T,,\"5 SW Shadowmoss\",Charleston,SC,\"NWS Storm Survey\",\"An EF-0 tornado with max winds of 70 mph touched down near Savannah Highway and Davidson Road, then moved northwest and lifted near Bulow Landing Road. Path length was 1.96 miles with a path length of 90 yards.\",CHS,TORNADO,0101000020E6100000295C8FC2F50854C085EB51B81E654040,202409301433-KCHS-NWUS52-LSRCHS,\"2024-09-30 09:33:00-05\",,,77459,202409301433-KCHS-NWUS52-LSRCHS)", "county": "Charleston", "typetext": "TORNADO", "state": "SC", "remark": "An EF-0 tornado with max winds of 70 mph touched down near Savannah Highway and Davidson Road, then moved northwest and lifted near Bulow Landing Road. Path length was 1.96 miles with a path length of 90 yards.", "city": "5 SW Shadowmoss", "source": "NWS Storm Survey", "unit": null, "valid": "2024-09-27T08:20:00Z", "lon": -80.14, "lat": 32.79, "qualifier": null, "product_id": "202409301433-KCHS-NWUS52-LSRCHS", "st": "SC", "magnitude": ""}, "geometry": {"type": "Point", "coordinates": [-80.14, 32.79]}}, {"id": "306", "type": "Feature", "properties": {"wfo": "CHS", "type": "T", "magf": null, "l": "(\"2024-09-27 03:40:00-05\",T,,\"1 NNW Rockville\",Charleston,SC,\"NWS Storm Survey\",\"An EF-1 tornado with max winds of 90 mph first produce damage along Brigger Hill Road and McCants Road. The tornado moved north across Leadenwah Drive and Allendale Plantation Road before dissipating in an area of water and marsh south of Heron Island Way. Path lenth was 2.48 miles and path width was 150 yards. It is possible the tornado moved onshore after forming just west or northwest of Rockville.\",CHS,TORNADO,0101000020E6100000CDCCCCCCCC0C54C0AE47E17A144E4040,202410020127-KCHS-NWUS52-LSRCHS,\"2024-10-01 20:27:00-05\",,,77459,)", "county": "Charleston", "typetext": "TORNADO", "state": "SC", "remark": "An EF-1 tornado with max winds of 90 mph first produce damage along Brigger Hill Road and McCants Road. The tornado moved north across Leadenwah Drive and Allendale Plantation Road before dissipating in an area of water and marsh south of Heron Island Way. Path lenth was 2.48 miles and path width was 150 yards. It is possible the tornado moved onshore after forming just west or northwest of Rockville.", "city": "1 NNW Rockville", "source": "NWS Storm Survey", "unit": null, "valid": "2024-09-27T08:40:00Z", "lon": -80.2, "lat": 32.61, "qualifier": null, "product_id": "202410020127-KCHS-NWUS52-LSRCHS", "st": "SC", "magnitude": ""}, "geometry": {"type": "Point", "coordinates": [-80.2, 32.61]}}, {"id": "307", "type": "Feature", "properties": {"wfo": "CHS", "type": "v", "magf": null, "l": "(\"2024-09-24 13:06:00-05\",v,,\"1 E Charleston\",Charleston,SC,\"Other Federal\",\"A maximum tide level of 7.03 ft MLLW (1.27 ft MHHW) was observed at the Charleston Harbor tide gage. Shallow Coastal Flooding typically begins along the coasts of Charleston and Colleton counties when tide levels reach 7.0 ft MLLW (1.24 ft MHHW) in the Charleston Harbor.\",CHS,\"COASTAL FLOOD\",0101000020E6100000EC51B81E85FB53C0A4703D0AD7634040,202409241834-KCHS-NWUS52-LSRCHS,\"2024-09-24 13:34:00-05\",,,77459,)", "county": "Charleston", "typetext": "COASTAL FLOOD", "state": "SC", "remark": "A maximum tide level of 7.03 ft MLLW (1.27 ft MHHW) was observed at the Charleston Harbor tide gage. Shallow Coastal Flooding typically begins along the coasts of Charleston and Colleton counties when tide levels reach 7.0 ft MLLW (1.24 ft MHHW) in the Charleston Harbor.", "city": "1 E Charleston", "source": "Other Federal", "unit": null, "valid": "2024-09-24T18:06:00Z", "lon": -79.93, "lat": 32.78, "qualifier": null, "product_id": "202409241834-KCHS-NWUS52-LSRCHS", "st": "SC", "magnitude": ""}, "geometry": {"type": "Point", "coordinates": [-79.93, 32.78]}}, {"id": "308", "type": "Feature", "properties": {"wfo": "CHS", "type": "v", "magf": null, "l": "(\"2024-09-27 04:12:00-05\",v,,\"4 NW Tybee Island\",Chatham,GA,\"Other Federal\",\"A maximum tide level of 9.84 ft MLLW (2.34 ft MHHW) was observed at the Fort Pulaski tide gage located near the Savannah River Entrance. Shallow coastal flooding typically begins along much of the Georgia and far southern South Carolina coasts when tide levels reach 9.5 ft MLLW (2.0 ft MHHW) at Fort Pulaski.\",CHS,\"COASTAL FLOOD\",0101000020E6100000EC51B81E853B54C0A4703D0AD7034040,202409271319-KCHS-NWUS52-LSRCHS,\"2024-09-27 08:19:00-05\",,,75463,)", "county": "Chatham", "typetext": "COASTAL FLOOD", "state": "GA", "remark": "A maximum tide level of 9.84 ft MLLW (2.34 ft MHHW) was observed at the Fort Pulaski tide gage located near the Savannah River Entrance. Shallow coastal flooding typically begins along much of the Georgia and far southern South Carolina coasts when tide levels reach 9.5 ft MLLW (2.0 ft MHHW) at Fort Pulaski.", "city": "4 NW Tybee Island", "source": "Other Federal", "unit": null, "valid": "2024-09-27T09:12:00Z", "lon": -80.93, "lat": 32.03, "qualifier": null, "product_id": "202409271319-KCHS-NWUS52-LSRCHS", "st": "GA", "magnitude": ""}, "geometry": {"type": "Point", "coordinates": [-80.93, 32.03]}}, {"id": "309", "type": "Feature", "properties": {"wfo": "CHS", "type": "v", "magf": null, "l": "(\"2024-09-27 04:12:00-05\",v,,\"4 NW Tybee Island\",Chatham,GA,\"Other Federal\",\"A maximum tide level of 9.84 ft MLLW (2.34 ft MHHW) was observed at the Fort Pulaski tide gage located near the Savannah River Entrance. Shallow coastal flooding typically begins along much of the Georgia and far southern South Carolina coasts when tide levels reach 9.5 ft MLLW (2.0 ft MHHW) at Fort Pulaski.\",CHS,\"COASTAL FLOOD\",0101000020E6100000EC51B81E853B54C0A4703D0AD7034040,202409301433-KCHS-NWUS52-LSRCHS,\"2024-09-30 09:33:00-05\",,,75463,202409301433-KCHS-NWUS52-LSRCHS)", "county": "Chatham", "typetext": "COASTAL FLOOD", "state": "GA", "remark": "A maximum tide level of 9.84 ft MLLW (2.34 ft MHHW) was observed at the Fort Pulaski tide gage located near the Savannah River Entrance. Shallow coastal flooding typically begins along much of the Georgia and far southern South Carolina coasts when tide levels reach 9.5 ft MLLW (2.0 ft MHHW) at Fort Pulaski.", "city": "4 NW Tybee Island", "source": "Other Federal", "unit": null, "valid": "2024-09-27T09:12:00Z", "lon": -80.93, "lat": 32.03, "qualifier": null, "product_id": "202409301433-KCHS-NWUS52-LSRCHS", "st": "GA", "magnitude": ""}, "geometry": {"type": "Point", "coordinates": [-80.93, 32.03]}}, {"id": "310", "type": "Feature", "properties": {"wfo": "CHS", "type": "v", "magf": null, "l": "(\"2024-09-27 04:24:00-05\",v,,\"1 E Charleston\",Charleston,SC,\"Other Federal\",\"CHTS1 Major Coastal Flooding: A maximum tide level of 8.02 ft MLLW (2.26 ft MHHW) was observed at the Charleston Harbor tide gage. Major coastal flooding typically begins along the coasts of Charleston and Colleton counties when tide levels reach 8.0 FT MLLW (2.24 ft MHHW) in the Charleston Harbor.\",CHS,\"COASTAL FLOOD\",0101000020E6100000EC51B81E85FB53C0A4703D0AD7634040,202409271029-KCHS-NWUS52-LSRCHS,\"2024-09-27 05:29:00-05\",,,77459,)", "county": "Charleston", "typetext": "COASTAL FLOOD", "state": "SC", "remark": "CHTS1 Major Coastal Flooding: A maximum tide level of 8.02 ft MLLW (2.26 ft MHHW) was observed at the Charleston Harbor tide gage. Major coastal flooding typically begins along the coasts of Charleston and Colleton counties when tide levels reach 8.0 FT MLLW (2.24 ft MHHW) in the Charleston Harbor.", "city": "1 E Charleston", "source": "Other Federal", "unit": null, "valid": "2024-09-27T09:24:00Z", "lon": -79.93, "lat": 32.78, "qualifier": null, "product_id": "202409271029-KCHS-NWUS52-LSRCHS", "st": "SC", "magnitude": ""}, "geometry": {"type": "Point", "coordinates": [-79.93, 32.78]}}, {"id": "311", "type": "Feature", "properties": {"wfo": "CHS", "type": "v", "magf": null, "l": "(\"2024-09-27 04:24:00-05\",v,,\"1 E Charleston\",Charleston,SC,\"Other Federal\",\"CHTS1 Major Coastal Flooding: A maximum tide level of 8.02 ft MLLW (2.26 ft MHHW) was observed at the Charleston Harbor tide gage. Major coastal flooding typically begins along the coasts of Charleston and Colleton counties when tide levels reach 8.0 FT MLLW (2.24 ft MHHW) in the Charleston Harbor.\",CHS,\"COASTAL FLOOD\",0101000020E6100000EC51B81E85FB53C0A4703D0AD7634040,202409301433-KCHS-NWUS52-LSRCHS,\"2024-09-30 09:33:00-05\",,,77459,202409301433-KCHS-NWUS52-LSRCHS)", "county": "Charleston", "typetext": "COASTAL FLOOD", "state": "SC", "remark": "CHTS1 Major Coastal Flooding: A maximum tide level of 8.02 ft MLLW (2.26 ft MHHW) was observed at the Charleston Harbor tide gage. Major coastal flooding typically begins along the coasts of Charleston and Colleton counties when tide levels reach 8.0 FT MLLW (2.24 ft MHHW) in the Charleston Harbor.", "city": "1 E Charleston", "source": "Other Federal", "unit": null, "valid": "2024-09-27T09:24:00Z", "lon": -79.93, "lat": 32.78, "qualifier": null, "product_id": "202409301433-KCHS-NWUS52-LSRCHS", "st": "SC", "magnitude": ""}, "geometry": {"type": "Point", "coordinates": [-79.93, 32.78]}}, {"id": "312", "type": "Feature", "properties": {"wfo": "CHS", "type": "v", "magf": null, "l": "(\"2024-09-27 05:25:00-05\",v,,\"4 NNE Mount Pleasant\",Charleston,SC,\"Emergency Mngr\",\"Long Point Road closed due to flooding.\",CHS,\"COASTAL FLOOD\",0101000020E610000085EB51B81EF553C0EC51B81E856B4040,202409271136-KCHS-NWUS52-LSRCHS,\"2024-09-27 06:36:00-05\",,,77459,)", "county": "Charleston", "typetext": "COASTAL FLOOD", "state": "SC", "remark": "Long Point Road closed due to flooding.", "city": "4 NNE Mount Pleasant", "source": "Emergency Mngr", "unit": null, "valid": "2024-09-27T10:25:00Z", "lon": -79.83, "lat": 32.84, "qualifier": null, "product_id": "202409271136-KCHS-NWUS52-LSRCHS", "st": "SC", "magnitude": ""}, "geometry": {"type": "Point", "coordinates": [-79.83, 32.84]}}, {"id": "313", "type": "Feature", "properties": {"wfo": "CHS", "type": "v", "magf": null, "l": "(\"2024-09-27 05:25:00-05\",v,,\"4 NNE Mount Pleasant\",Charleston,SC,\"Emergency Mngr\",\"Long Point Road closed due to flooding.\",CHS,\"COASTAL FLOOD\",0101000020E610000085EB51B81EF553C0EC51B81E856B4040,202409301433-KCHS-NWUS52-LSRCHS,\"2024-09-30 09:33:00-05\",,,77459,202409301433-KCHS-NWUS52-LSRCHS)", "county": "Charleston", "typetext": "COASTAL FLOOD", "state": "SC", "remark": "Long Point Road closed due to flooding.", "city": "4 NNE Mount Pleasant", "source": "Emergency Mngr", "unit": null, "valid": "2024-09-27T10:25:00Z", "lon": -79.83, "lat": 32.84, "qualifier": null, "product_id": "202409301433-KCHS-NWUS52-LSRCHS", "st": "SC", "magnitude": ""}, "geometry": {"type": "Point", "coordinates": [-79.83, 32.84]}}, {"id": "314", "type": "Feature", "properties": {"wfo": "FFC", "type": "0", "magf": null, "l": "(\"2024-09-26 10:41:00-05\",0,,\"2 E Kennesaw State Univ\",Cobb,GA,\"Emergency Mngr\",\"Tree reported down across Bells Ferry RD.\",FFC,\"TROPICAL CYCLONE\",0101000020E610000033333333332355C0A4703D0AD7034140,202409271243-KFFC-NWUS52-LSRFFC,\"2024-09-27 07:43:00-05\",,,75471,)", "county": "Cobb", "typetext": "TROPICAL CYCLONE", "state": "GA", "remark": "Tree reported down across Bells Ferry RD.", "city": "2 E Kennesaw State Univ", "source": "Emergency Mngr", "unit": null, "valid": "2024-09-26T15:41:00Z", "lon": -84.55, "lat": 34.03, "qualifier": null, "product_id": "202409271243-KFFC-NWUS52-LSRFFC", "st": "GA", "magnitude": ""}, "geometry": {"type": "Point", "coordinates": [-84.55, 34.03]}}, {"id": "315", "type": "Feature", "properties": {"wfo": "FFC", "type": "0", "magf": null, "l": "(\"2024-09-26 14:00:00-05\",0,,\"Social Circle\",Walton,GA,\"Emergency Mngr\",\"Powerline down along East Hightower Trail in Social Circle.\",FFC,\"TROPICAL CYCLONE\",0101000020E6100000AE47E17A14EE54C014AE47E17AD44040,202409292229-KFFC-NWUS52-LSRFFC,\"2024-09-29 17:29:00-05\",,,75585,)", "county": "Walton", "typetext": "TROPICAL CYCLONE", "state": "GA", "remark": "Powerline down along East Hightower Trail in Social Circle.", "city": "Social Circle", "source": "Emergency Mngr", "unit": null, "valid": "2024-09-26T19:00:00Z", "lon": -83.72, "lat": 33.66, "qualifier": null, "product_id": "202409292229-KFFC-NWUS52-LSRFFC", "st": "GA", "magnitude": ""}, "geometry": {"type": "Point", "coordinates": [-83.72, 33.66]}}, {"id": "316", "type": "Feature", "properties": {"wfo": "FFC", "type": "0", "magf": null, "l": "(\"2024-09-26 17:52:00-05\",0,,\"1 NE Berkeley Lake\",Gwinnett,GA,\"Emergency Mngr\",\"Tree down on building off of Berkeley Xing.\",FFC,\"TROPICAL CYCLONE\",0101000020E61000007B14AE47E10A55C01F85EB51B8FE4040,202409271316-KFFC-NWUS52-LSRFFC,\"2024-09-27 08:16:00-05\",,,75505,)", "county": "Gwinnett", "typetext": "TROPICAL CYCLONE", "state": "GA", "remark": "Tree down on building off of Berkeley Xing.", "city": "1 NE Berkeley Lake", "source": "Emergency Mngr", "unit": null, "valid": "2024-09-26T22:52:00Z", "lon": -84.17, "lat": 33.99, "qualifier": null, "product_id": "202409271316-KFFC-NWUS52-LSRFFC", "st": "GA", "magnitude": ""}, "geometry": {"type": "Point", "coordinates": [-84.17, 33.99]}}, {"id": "317", "type": "Feature", "properties": {"wfo": "FFC", "type": "0", "magf": null, "l": "(\"2024-09-26 20:42:00-05\",0,,\"1 W Snapfinger\",DeKalb,GA,\"Emergency Mngr\",\"A tree fell onto a home in the 4000 block of Ballina Court. No injuries.\",FFC,\"TROPICAL CYCLONE\",0101000020E6100000AE47E17A140E55C0B81E85EB51D84040,202409271223-KFFC-NWUS52-LSRFFC,\"2024-09-27 07:23:00-05\",,,75482,)", "county": "DeKalb", "typetext": "TROPICAL CYCLONE", "state": "GA", "remark": "A tree fell onto a home in the 4000 block of Ballina Court. No injuries.", "city": "1 W Snapfinger", "source": "Emergency Mngr", "unit": null, "valid": "2024-09-27T01:42:00Z", "lon": -84.22, "lat": 33.69, "qualifier": null, "product_id": "202409271223-KFFC-NWUS52-LSRFFC", "st": "GA", "magnitude": ""}, "geometry": {"type": "Point", "coordinates": [-84.22, 33.69]}}, {"id": "318", "type": "Feature", "properties": {"wfo": "FFC", "type": "0", "magf": null, "l": "(\"2024-09-26 20:52:00-05\",0,,\"2 W Mechanicsville\",DeKalb,GA,\"Emergency Mngr\",\"A tree fell onto an apartment building in the 6600 block of Peachtree Industrial Blvd. No injuries.\",FFC,\"TROPICAL CYCLONE\",0101000020E6100000E17A14AE471155C0D7A3703D0AF74040,202409271214-KFFC-NWUS52-LSRFFC,\"2024-09-27 07:14:00-05\",,,75482,)", "county": "DeKalb", "typetext": "TROPICAL CYCLONE", "state": "GA", "remark": "A tree fell onto an apartment building in the 6600 block of Peachtree Industrial Blvd. No injuries.", "city": "2 W Mechanicsville", "source": "Emergency Mngr", "unit": null, "valid": "2024-09-27T01:52:00Z", "lon": -84.27, "lat": 33.93, "qualifier": null, "product_id": "202409271214-KFFC-NWUS52-LSRFFC", "st": "GA", "magnitude": ""}, "geometry": {"type": "Point", "coordinates": [-84.27, 33.93]}}, {"id": "319", "type": "Feature", "properties": {"wfo": "FFC", "type": "0", "magf": null, "l": "(\"2024-09-26 21:50:00-05\",0,,\"1 S Brookhaven\",DeKalb,GA,\"Emergency Mngr\",\"A tree fell onto a home in the 1200 block of Druid Knoll Drive NE.\",FFC,\"TROPICAL CYCLONE\",0101000020E6100000F6285C8FC21555C0EC51B81E85EB4040,202409271209-KFFC-NWUS52-LSRFFC,\"2024-09-27 07:09:00-05\",,,75482,)", "county": "DeKalb", "typetext": "TROPICAL CYCLONE", "state": "GA", "remark": "A tree fell onto a home in the 1200 block of Druid Knoll Drive NE.", "city": "1 S Brookhaven", "source": "Emergency Mngr", "unit": null, "valid": "2024-09-27T02:50:00Z", "lon": -84.34, "lat": 33.84, "qualifier": null, "product_id": "202409271209-KFFC-NWUS52-LSRFFC", "st": "GA", "magnitude": ""}, "geometry": {"type": "Point", "coordinates": [-84.34, 33.84]}}, {"id": "320", "type": "Feature", "properties": {"wfo": "FFC", "type": "0", "magf": null, "l": "(\"2024-09-26 21:55:00-05\",0,,\"Pine Lake\",DeKalb,GA,\"Emergency Mngr\",\"A tree fell onto a house in the 4600 block of Rousay Court.\",FFC,\"TROPICAL CYCLONE\",0101000020E6100000CDCCCCCCCC0C55C085EB51B81EE54040,202409271207-KFFC-NWUS52-LSRFFC,\"2024-09-27 07:07:00-05\",,,75482,)", "county": "DeKalb", "typetext": "TROPICAL CYCLONE", "state": "GA", "remark": "A tree fell onto a house in the 4600 block of Rousay Court.", "city": "Pine Lake", "source": "Emergency Mngr", "unit": null, "valid": "2024-09-27T02:55:00Z", "lon": -84.2, "lat": 33.79, "qualifier": null, "product_id": "202409271207-KFFC-NWUS52-LSRFFC", "st": "GA", "magnitude": ""}, "geometry": {"type": "Point", "coordinates": [-84.2, 33.79]}}, {"id": "321", "type": "Feature", "properties": {"wfo": "FFC", "type": "0", "magf": null, "l": "(\"2024-09-26 22:41:00-05\",0,,\"1 E Loganville\",Walton,GA,\"Emergency Mngr\",\"Emergency manager reported a tree down on a home on the 100 block of Zion Wood Rd.\",FFC,\"TROPICAL CYCLONE\",0101000020E6100000B81E85EB51F854C0EC51B81E85EB4040,202409292224-KFFC-NWUS52-LSRFFC,\"2024-09-29 17:24:00-05\",,,75585,)", "county": "Walton", "typetext": "TROPICAL CYCLONE", "state": "GA", "remark": "Emergency manager reported a tree down on a home on the 100 block of Zion Wood Rd.", "city": "1 E Loganville", "source": "Emergency Mngr", "unit": null, "valid": "2024-09-27T03:41:00Z", "lon": -83.88, "lat": 33.84, "qualifier": null, "product_id": "202409292224-KFFC-NWUS52-LSRFFC", "st": "GA", "magnitude": ""}, "geometry": {"type": "Point", "coordinates": [-83.88, 33.84]}}, {"id": "322", "type": "Feature", "properties": {"wfo": "FFC", "type": "0", "magf": null, "l": "(\"2024-09-26 22:52:00-05\",0,,\"3 E Alvaton\",Meriwether,GA,\"Dept of Highways\",\"A tree was downed on Griffin Hwy at Mt. Carmel Rd.\",FFC,\"TROPICAL CYCLONE\",0101000020E6100000C3F5285C8F2255C0F6285C8FC2954040,202409271743-KFFC-NWUS52-LSRFFC,\"2024-09-27 12:43:00-05\",,,75537,)", "county": "Meriwether", "typetext": "TROPICAL CYCLONE", "state": "GA", "remark": "A tree was downed on Griffin Hwy at Mt. Carmel Rd.", "city": "3 E Alvaton", "source": "Dept of Highways", "unit": null, "valid": "2024-09-27T03:52:00Z", "lon": -84.54, "lat": 33.17, "qualifier": null, "product_id": "202409271743-KFFC-NWUS52-LSRFFC", "st": "GA", "magnitude": ""}, "geometry": {"type": "Point", "coordinates": [-84.54, 33.17]}}, {"id": "323", "type": "Feature", "properties": {"wfo": "FFC", "type": "0", "magf": null, "l": "(\"2024-09-26 22:54:00-05\",0,,\"1 E Turners Corner\",Lumpkin,GA,\"Dept of Highways\",\"Tree down on Turners Corner Road between John Crow Road and Robert Jarrad Road.\",FFC,\"TROPICAL CYCLONE\",0101000020E6100000295C8FC2F5F854C014AE47E17A544140,202409271938-KFFC-NWUS52-LSRFFC,\"2024-09-27 14:38:00-05\",,,75531,)", "county": "Lumpkin", "typetext": "TROPICAL CYCLONE", "state": "GA", "remark": "Tree down on Turners Corner Road between John Crow Road and Robert Jarrad Road.", "city": "1 E Turners Corner", "source": "Dept of Highways", "unit": null, "valid": "2024-09-27T03:54:00Z", "lon": -83.89, "lat": 34.66, "qualifier": null, "product_id": "202409271938-KFFC-NWUS52-LSRFFC", "st": "GA", "magnitude": ""}, "geometry": {"type": "Point", "coordinates": [-83.89, 34.66]}}, {"id": "324", "type": "Feature", "properties": {"wfo": "FFC", "type": "0", "magf": null, "l": "(\"2024-09-26 23:01:00-05\",0,,\"6 NNE Gainesville\",Hall,GA,\"Dept of Highways\",\"A tree was downed on Wiley Road at Clarks Bridge Road.\",FFC,\"TROPICAL CYCLONE\",0101000020E6100000C3F5285C8FF254C0713D0AD7A3304140,202409271738-KFFC-NWUS52-LSRFFC,\"2024-09-27 12:38:00-05\",,,75507,)", "county": "Hall", "typetext": "TROPICAL CYCLONE", "state": "GA", "remark": "A tree was downed on Wiley Road at Clarks Bridge Road.", "city": "6 NNE Gainesville", "source": "Dept of Highways", "unit": null, "valid": "2024-09-27T04:01:00Z", "lon": -83.79, "lat": 34.38, "qualifier": null, "product_id": "202409271738-KFFC-NWUS52-LSRFFC", "st": "GA", "magnitude": ""}, "geometry": {"type": "Point", "coordinates": [-83.79, 34.38]}}, {"id": "325", "type": "Feature", "properties": {"wfo": "FFC", "type": "0", "magf": null, "l": "(\"2024-09-26 23:02:00-05\",0,,\"2 ENE Good Hope\",Walton,GA,\"Emergency Mngr\",\"A tree fell in the 3500 block of GA-186.\",FFC,\"TROPICAL CYCLONE\",0101000020E610000085EB51B81EE554C085EB51B81EE54040,202409292233-KFFC-NWUS52-LSRFFC,\"2024-09-29 17:33:00-05\",,,75585,)", "county": "Walton", "typetext": "TROPICAL CYCLONE", "state": "GA", "remark": "A tree fell in the 3500 block of GA-186.", "city": "2 ENE Good Hope", "source": "Emergency Mngr", "unit": null, "valid": "2024-09-27T04:02:00Z", "lon": -83.58, "lat": 33.79, "qualifier": null, "product_id": "202409292233-KFFC-NWUS52-LSRFFC", "st": "GA", "magnitude": ""}, "geometry": {"type": "Point", "coordinates": [-83.58, 33.79]}}, {"id": "326", "type": "Feature", "properties": {"wfo": "FFC", "type": "0", "magf": null, "l": "(\"2024-09-26 23:30:00-05\",0,,\"2 WSW Gresham Park\",DeKalb,GA,\"Emergency Mngr\",\"Tree and powerlines reported down at the 1200 block of Fleetwood Dr.\",FFC,\"TROPICAL CYCLONE\",0101000020E6100000F6285C8FC21555C0B81E85EB51D84040,202409280019-KFFC-NWUS52-LSRFFC,\"2024-09-27 19:19:00-05\",,,75482,)", "county": "DeKalb", "typetext": "TROPICAL CYCLONE", "state": "GA", "remark": "Tree and powerlines reported down at the 1200 block of Fleetwood Dr.", "city": "2 WSW Gresham Park", "source": "Emergency Mngr", "unit": null, "valid": "2024-09-27T04:30:00Z", "lon": -84.34, "lat": 33.69, "qualifier": null, "product_id": "202409280019-KFFC-NWUS52-LSRFFC", "st": "GA", "magnitude": ""}, "geometry": {"type": "Point", "coordinates": [-84.34, 33.69]}}, {"id": "327", "type": "Feature", "properties": {"wfo": "FFC", "type": "0", "magf": null, "l": "(\"2024-09-26 23:52:00-05\",0,,\"1 SE Carey\",Greene,GA,\"Dept of Highways\",\"Flooded roadway on I-20 EB before SR 44.\",FFC,\"TROPICAL CYCLONE\",0101000020E61000000000000000D054C085EB51B81EC54040,202409272220-KFFC-NWUS52-LSRFFC,\"2024-09-27 17:20:00-05\",,,75504,)", "county": "Greene", "typetext": "TROPICAL CYCLONE", "state": "GA", "remark": "Flooded roadway on I-20 EB before SR 44.", "city": "1 SE Carey", "source": "Dept of Highways", "unit": null, "valid": "2024-09-27T04:52:00Z", "lon": -83.25, "lat": 33.54, "qualifier": null, "product_id": "202409272220-KFFC-NWUS52-LSRFFC", "st": "GA", "magnitude": ""}, "geometry": {"type": "Point", "coordinates": [-83.25, 33.54]}}, {"id": "328", "type": "Feature", "properties": {"wfo": "FFC", "type": "0", "magf": null, "l": "(\"2024-09-26 23:57:00-05\",0,,\"2 NNE Jersey\",Walton,GA,\"Emergency Mngr\",\"Corrects previous tropical cyclone report from 2 NNE Jersey. A tree fell on PJ East Rd at Isabella Ln.\",FFC,\"TROPICAL CYCLONE\",0101000020E6100000C3F5285C8FF254C01F85EB51B8DE4040,202409292235-KFFC-NWUS52-LSRFFC,\"2024-09-29 17:35:00-05\",,,75585,)", "county": "Walton", "typetext": "TROPICAL CYCLONE", "state": "GA", "remark": "Corrects previous tropical cyclone report from 2 NNE Jersey. A tree fell on PJ East Rd at Isabella Ln.", "city": "2 NNE Jersey", "source": "Emergency Mngr", "unit": null, "valid": "2024-09-27T04:57:00Z", "lon": -83.79, "lat": 33.74, "qualifier": null, "product_id": "202409292235-KFFC-NWUS52-LSRFFC", "st": "GA", "magnitude": ""}, "geometry": {"type": "Point", "coordinates": [-83.79, 33.74]}}, {"id": "329", "type": "Feature", "properties": {"wfo": "FFC", "type": "0", "magf": null, "l": "(\"2024-09-27 00:05:00-05\",0,,\"1 SSE Kirkwood\",DeKalb,GA,Public,\"Two large trees fell in the 1900 block of Lomita Rd SE with one crushing a parked vehicle.\",FFC,\"TROPICAL CYCLONE\",0101000020E610000014AE47E17A1455C01F85EB51B8DE4040,202409271554-KFFC-NWUS52-LSRFFC,\"2024-09-27 10:54:00-05\",,,75482,)", "county": "DeKalb", "typetext": "TROPICAL CYCLONE", "state": "GA", "remark": "Two large trees fell in the 1900 block of Lomita Rd SE with one crushing a parked vehicle.", "city": "1 SSE Kirkwood", "source": "Public", "unit": null, "valid": "2024-09-27T05:05:00Z", "lon": -84.32, "lat": 33.74, "qualifier": null, "product_id": "202409271554-KFFC-NWUS52-LSRFFC", "st": "GA", "magnitude": ""}, "geometry": {"type": "Point", "coordinates": [-84.32, 33.74]}}, {"id": "330", "type": "Feature", "properties": {"wfo": "FFC", "type": "0", "magf": null, "l": "(\"2024-09-27 01:25:00-05\",0,,\"3 ESE Greenberry Crossr\",Jones,GA,\"Dept of Highways\",\"GDOT reports tree limbs down on SR 18 both directions near Griswoldville Rd. All lanes closed.\",FFC,\"TROPICAL CYCLONE\",0101000020E61000009A99999999D954C0D7A3703D0A774040,202409271111-KFFC-NWUS52-LSRFFC,\"2024-09-27 06:11:00-05\",,,75522,)", "county": "Jones", "typetext": "TROPICAL CYCLONE", "state": "GA", "remark": "GDOT reports tree limbs down on SR 18 both directions near Griswoldville Rd. All lanes closed.", "city": "3 ESE Greenberry Crossr", "source": "Dept of Highways", "unit": null, "valid": "2024-09-27T06:25:00Z", "lon": -83.4, "lat": 32.93, "qualifier": null, "product_id": "202409271111-KFFC-NWUS52-LSRFFC", "st": "GA", "magnitude": ""}, "geometry": {"type": "Point", "coordinates": [-83.4, 32.93]}}, {"id": "331", "type": "Feature", "properties": {"wfo": "FFC", "type": "0", "magf": null, "l": "(\"2024-09-27 01:29:00-05\",0,,\"3 ESE Greenberry Crossr\",Jones,GA,\"Dept of Highways\",\"Down tree on SR 18 before Griswoldville Road.\",FFC,\"TROPICAL CYCLONE\",0101000020E61000000AD7A3703DDA54C0D7A3703D0A774040,202409272004-KFFC-NWUS52-LSRFFC,\"2024-09-27 15:04:00-05\",,,75522,)", "county": "Jones", "typetext": "TROPICAL CYCLONE", "state": "GA", "remark": "Down tree on SR 18 before Griswoldville Road.", "city": "3 ESE Greenberry Crossr", "source": "Dept of Highways", "unit": null, "valid": "2024-09-27T06:29:00Z", "lon": -83.41, "lat": 32.93, "qualifier": null, "product_id": "202409272004-KFFC-NWUS52-LSRFFC", "st": "GA", "magnitude": ""}, "geometry": {"type": "Point", "coordinates": [-83.41, 32.93]}}, {"id": "332", "type": "Feature", "properties": {"wfo": "FFC", "type": "0", "magf": null, "l": "(\"2024-09-27 01:40:00-05\",0,,\"2 WSW Tucker\",DeKalb,GA,\"Emergency Mngr\",\"Tree and powerlines reported down on the 2200 block of McCurdy Rd.\",FFC,\"TROPICAL CYCLONE\",0101000020E6100000713D0AD7A31055C0CDCCCCCCCCEC4040,202409280025-KFFC-NWUS52-LSRFFC,\"2024-09-27 19:25:00-05\",,,75482,)", "county": "DeKalb", "typetext": "TROPICAL CYCLONE", "state": "GA", "remark": "Tree and powerlines reported down on the 2200 block of McCurdy Rd.", "city": "2 WSW Tucker", "source": "Emergency Mngr", "unit": null, "valid": "2024-09-27T06:40:00Z", "lon": -84.26, "lat": 33.85, "qualifier": null, "product_id": "202409280025-KFFC-NWUS52-LSRFFC", "st": "GA", "magnitude": ""}, "geometry": {"type": "Point", "coordinates": [-84.26, 33.85]}}, {"id": "333", "type": "Feature", "properties": {"wfo": "FFC", "type": "0", "magf": null, "l": "(\"2024-09-27 01:41:00-05\",0,,\"2 NE Wenona\",Crisp,GA,\"Dept of Highways\",\"GDOT reports tree limbs on SR 90 Southbound before Hatley Rd. Left lane blocked.\",FFC,\"TROPICAL CYCLONE\",0101000020E6100000AE47E17A14EE54C0EC51B81E85EB3F40,202409271045-KFFC-NWUS52-LSRFFC,\"2024-09-27 05:45:00-05\",,,75478,)", "county": "Crisp", "typetext": "TROPICAL CYCLONE", "state": "GA", "remark": "GDOT reports tree limbs on SR 90 Southbound before Hatley Rd. Left lane blocked.", "city": "2 NE Wenona", "source": "Dept of Highways", "unit": null, "valid": "2024-09-27T06:41:00Z", "lon": -83.72, "lat": 31.92, "qualifier": null, "product_id": "202409271045-KFFC-NWUS52-LSRFFC", "st": "GA", "magnitude": ""}, "geometry": {"type": "Point", "coordinates": [-83.72, 31.92]}}, {"id": "334", "type": "Feature", "properties": {"wfo": "FFC", "type": "0", "magf": null, "l": "(\"2024-09-27 01:46:00-05\",0,,\"2 ENE Rosebud\",Walton,GA,\"Dept of Highways\",\"Tree down on Loganville HWY between McCuller Road and Thompson Road.\",FFC,\"TROPICAL CYCLONE\",0101000020E6100000EC51B81E85FB54C0295C8FC2F5E84040,202409272131-KFFC-NWUS52-LSRFFC,\"2024-09-27 16:31:00-05\",,,75585,)", "county": "Walton", "typetext": "TROPICAL CYCLONE", "state": "GA", "remark": "Tree down on Loganville HWY between McCuller Road and Thompson Road.", "city": "2 ENE Rosebud", "source": "Dept of Highways", "unit": null, "valid": "2024-09-27T06:46:00Z", "lon": -83.93, "lat": 33.82, "qualifier": null, "product_id": "202409272131-KFFC-NWUS52-LSRFFC", "st": "GA", "magnitude": ""}, "geometry": {"type": "Point", "coordinates": [-83.93, 33.82]}}, {"id": "335", "type": "Feature", "properties": {"wfo": "FFC", "type": "0", "magf": null, "l": "(\"2024-09-27 01:50:00-05\",0,,\"2 SSE Doraville\",DeKalb,GA,\"Emergency Mngr\",\"Tree and powerlines reported down on Mercer University Dr near the intersection with Flowers Rd S.\",FFC,\"TROPICAL CYCLONE\",0101000020E6100000713D0AD7A31055C0713D0AD7A3F04040,202409280023-KFFC-NWUS52-LSRFFC,\"2024-09-27 19:23:00-05\",,,75482,)", "county": "DeKalb", "typetext": "TROPICAL CYCLONE", "state": "GA", "remark": "Tree and powerlines reported down on Mercer University Dr near the intersection with Flowers Rd S.", "city": "2 SSE Doraville", "source": "Emergency Mngr", "unit": null, "valid": "2024-09-27T06:50:00Z", "lon": -84.26, "lat": 33.88, "qualifier": null, "product_id": "202409280023-KFFC-NWUS52-LSRFFC", "st": "GA", "magnitude": ""}, "geometry": {"type": "Point", "coordinates": [-84.26, 33.88]}}, {"id": "336", "type": "Feature", "properties": {"wfo": "FFC", "type": "0", "magf": null, "l": "(\"2024-09-27 02:02:00-05\",0,,\"4 NNW Blackjack Mountai\",Carroll,GA,\"Emergency Mngr\",\"Tree down across Stateline Rd.\",FFC,\"TROPICAL CYCLONE\",0101000020E610000033333333335355C01F85EB51B8BE4040,202409271820-KFFC-NWUS52-LSRFFC,\"2024-09-27 13:20:00-05\",,,75460,)", "county": "Carroll", "typetext": "TROPICAL CYCLONE", "state": "GA", "remark": "Tree down across Stateline Rd.", "city": "4 NNW Blackjack Mountai", "source": "Emergency Mngr", "unit": null, "valid": "2024-09-27T07:02:00Z", "lon": -85.3, "lat": 33.49, "qualifier": null, "product_id": "202409271820-KFFC-NWUS52-LSRFFC", "st": "GA", "magnitude": ""}, "geometry": {"type": "Point", "coordinates": [-85.3, 33.49]}}, {"id": "337", "type": "Feature", "properties": {"wfo": "FFC", "type": "0", "magf": null, "l": "(\"2024-09-27 02:03:00-05\",0,,\"Little Ocmulgee State P\",Wheeler,GA,Mesonet,\"USFS RAWS station MRAG1 (Mcrae) measured 75 mph gust.\",FFC,\"TROPICAL CYCLONE\",0101000020E6100000B81E85EB51B854C0EC51B81E850B4040,202409270729-KFFC-NWUS52-LSRFFC,\"2024-09-27 02:29:00-05\",,,75591,)", "county": "Wheeler", "typetext": "TROPICAL CYCLONE", "state": "GA", "remark": "USFS RAWS station MRAG1 (Mcrae) measured 75 mph gust.", "city": "Little Ocmulgee State P", "source": "Mesonet", "unit": null, "valid": "2024-09-27T07:03:00Z", "lon": -82.88, "lat": 32.09, "qualifier": null, "product_id": "202409270729-KFFC-NWUS52-LSRFFC", "st": "GA", "magnitude": ""}, "geometry": {"type": "Point", "coordinates": [-82.88, 32.09]}}, {"id": "338", "type": "Feature", "properties": {"wfo": "FFC", "type": "0", "magf": null, "l": "(\"2024-09-27 02:15:00-05\",0,,\"3 ENE Eastman\",Dodge,GA,AWOS,\"AWOS station KEZM Eastman reported a 56 mph gust.\",FFC,\"TROPICAL CYCLONE\",0101000020E6100000B81E85EB51C854C05C8FC2F5281C4040,202409270752-KFFC-NWUS52-LSRFFC,\"2024-09-27 02:52:00-05\",,,75483,)", "county": "Dodge", "typetext": "TROPICAL CYCLONE", "state": "GA", "remark": "AWOS station KEZM Eastman reported a 56 mph gust.", "city": "3 ENE Eastman", "source": "AWOS", "unit": null, "valid": "2024-09-27T07:15:00Z", "lon": -83.13, "lat": 32.22, "qualifier": null, "product_id": "202409270752-KFFC-NWUS52-LSRFFC", "st": "GA", "magnitude": ""}, "geometry": {"type": "Point", "coordinates": [-83.13, 32.22]}}, {"id": "339", "type": "Feature", "properties": {"wfo": "FFC", "type": "0", "magf": null, "l": "(\"2024-09-27 02:32:00-05\",0,,\"2 NNE Wenona\",Crisp,GA,\"Dept of Highways\",\"GDOT reports tree limbs on SR 90 at Lakeview Cir, all lanes closed.\",FFC,\"TROPICAL CYCLONE\",0101000020E61000008FC2F5285CEF54C0713D0AD7A3F03F40,202409271046-KFFC-NWUS52-LSRFFC,\"2024-09-27 05:46:00-05\",,,75478,)", "county": "Crisp", "typetext": "TROPICAL CYCLONE", "state": "GA", "remark": "GDOT reports tree limbs on SR 90 at Lakeview Cir, all lanes closed.", "city": "2 NNE Wenona", "source": "Dept of Highways", "unit": null, "valid": "2024-09-27T07:32:00Z", "lon": -83.74, "lat": 31.94, "qualifier": null, "product_id": "202409271046-KFFC-NWUS52-LSRFFC", "st": "GA", "magnitude": ""}, "geometry": {"type": "Point", "coordinates": [-83.74, 31.94]}}, {"id": "340", "type": "Feature", "properties": {"wfo": "FFC", "type": "0", "magf": null, "l": "(\"2024-09-27 02:38:00-05\",0,,\"4 E Sandersville\",Washington,GA,Public,\"Corrects previous tstm wnd dmg report from 4 E Sandersville. Report from mPING: Trees uprooted or snapped;.\",FFC,\"TROPICAL CYCLONE\",0101000020E61000008FC2F5285CAF54C05C8FC2F5287C4040,202409271830-KFFC-NWUS52-LSRFFC,\"2024-09-27 13:30:00-05\",,,75588,)", "county": "Washington", "typetext": "TROPICAL CYCLONE", "state": "GA", "remark": "Corrects previous tstm wnd dmg report from 4 E Sandersville. Report from mPING: Trees uprooted or snapped;.", "city": "4 E Sandersville", "source": "Public", "unit": null, "valid": "2024-09-27T07:38:00Z", "lon": -82.74, "lat": 32.97, "qualifier": null, "product_id": "202409271830-KFFC-NWUS52-LSRFFC", "st": "GA", "magnitude": ""}, "geometry": {"type": "Point", "coordinates": [-82.74, 32.97]}}, {"id": "341", "type": "Feature", "properties": {"wfo": "FFC", "type": "0", "magf": null, "l": "(\"2024-09-27 02:42:00-05\",0,,\"2 NNE Wenona\",Crisp,GA,\"Dept of Highways\",\"Tree down at SR 90 and Lakeview Circle.\",FFC,\"TROPICAL CYCLONE\",0101000020E61000001F85EB51B8EE54C0713D0AD7A3F03F40,202409272142-KFFC-NWUS52-LSRFFC,\"2024-09-27 16:42:00-05\",,,75478,)", "county": "Crisp", "typetext": "TROPICAL CYCLONE", "state": "GA", "remark": "Tree down at SR 90 and Lakeview Circle.", "city": "2 NNE Wenona", "source": "Dept of Highways", "unit": null, "valid": "2024-09-27T07:42:00Z", "lon": -83.73, "lat": 31.94, "qualifier": null, "product_id": "202409272142-KFFC-NWUS52-LSRFFC", "st": "GA", "magnitude": ""}, "geometry": {"type": "Point", "coordinates": [-83.73, 31.94]}}, {"id": "342", "type": "Feature", "properties": {"wfo": "FFC", "type": "0", "magf": null, "l": "(\"2024-09-27 02:43:00-05\",0,,\"3 WSW Kenwood\",Fayette,GA,\"Dept of Highways\",\"GDOT reports tree limbs down on SR 92 both directions at Brogdon Rd. All lanes closed.\",FFC,\"TROPICAL CYCLONE\",0101000020E61000008FC2F5285C1F55C01F85EB51B8BE4040,202409271125-KFFC-NWUS52-LSRFFC,\"2024-09-27 06:25:00-05\",,,75494,)", "county": "Fayette", "typetext": "TROPICAL CYCLONE", "state": "GA", "remark": "GDOT reports tree limbs down on SR 92 both directions at Brogdon Rd. All lanes closed.", "city": "3 WSW Kenwood", "source": "Dept of Highways", "unit": null, "valid": "2024-09-27T07:43:00Z", "lon": -84.49, "lat": 33.49, "qualifier": null, "product_id": "202409271125-KFFC-NWUS52-LSRFFC", "st": "GA", "magnitude": ""}, "geometry": {"type": "Point", "coordinates": [-84.49, 33.49]}}, {"id": "343", "type": "Feature", "properties": {"wfo": "FFC", "type": "0", "magf": null, "l": "(\"2024-09-27 02:44:00-05\",0,,\"3 SSW Griffin\",Spalding,GA,\"Dept of Highways\",\"A tree was downed on Zebulon Rd at Thomas St.\",FFC,\"TROPICAL CYCLONE\",0101000020E610000052B81E85EB1155C07B14AE47E19A4040,202409271846-KFFC-NWUS52-LSRFFC,\"2024-09-27 13:46:00-05\",,,75564,)", "county": "Spalding", "typetext": "TROPICAL CYCLONE", "state": "GA", "remark": "A tree was downed on Zebulon Rd at Thomas St.", "city": "3 SSW Griffin", "source": "Dept of Highways", "unit": null, "valid": "2024-09-27T07:44:00Z", "lon": -84.28, "lat": 33.21, "qualifier": null, "product_id": "202409271846-KFFC-NWUS52-LSRFFC", "st": "GA", "magnitude": ""}, "geometry": {"type": "Point", "coordinates": [-84.28, 33.21]}}, {"id": "344", "type": "Feature", "properties": {"wfo": "FFC", "type": "0", "magf": null, "l": "(\"2024-09-27 02:45:00-05\",0,,\"3 W Madison\",Morgan,GA,\"Dept of Highways\",\"A tree was downed on Atlanta Hwy at Cummings Drive.\",FFC,\"TROPICAL CYCLONE\",0101000020E610000052B81E85EBE154C0EC51B81E85CB4040,202409271805-KFFC-NWUS52-LSRFFC,\"2024-09-27 13:05:00-05\",,,75542,)", "county": "Morgan", "typetext": "TROPICAL CYCLONE", "state": "GA", "remark": "A tree was downed on Atlanta Hwy at Cummings Drive.", "city": "3 W Madison", "source": "Dept of Highways", "unit": null, "valid": "2024-09-27T07:45:00Z", "lon": -83.53, "lat": 33.59, "qualifier": null, "product_id": "202409271805-KFFC-NWUS52-LSRFFC", "st": "GA", "magnitude": ""}, "geometry": {"type": "Point", "coordinates": [-83.53, 33.59]}}, {"id": "345", "type": "Feature", "properties": {"wfo": "FFC", "type": "0", "magf": null, "l": "(\"2024-09-27 02:47:00-05\",0,,\"3 E Villanow\",Walker,GA,\"Dept of Highways\",\"A tree fell across GA-136 and caused a vehicle accident.\",FFC,\"TROPICAL CYCLONE\",0101000020E6100000A4703D0AD74355C0F6285C8FC2554140,202409271747-KFFC-NWUS52-LSRFFC,\"2024-09-27 12:47:00-05\",,,75584,)", "county": "Walker", "typetext": "TROPICAL CYCLONE", "state": "GA", "remark": "A tree fell across GA-136 and caused a vehicle accident.", "city": "3 E Villanow", "source": "Dept of Highways", "unit": null, "valid": "2024-09-27T07:47:00Z", "lon": -85.06, "lat": 34.67, "qualifier": null, "product_id": "202409271747-KFFC-NWUS52-LSRFFC", "st": "GA", "magnitude": ""}, "geometry": {"type": "Point", "coordinates": [-85.06, 34.67]}}, {"id": "346", "type": "Feature", "properties": {"wfo": "FFC", "type": "0", "magf": null, "l": "(\"2024-09-27 02:50:00-05\",0,,\"3 WSW Kenwood\",Fayette,GA,\"Dept of Highways\",\"A tree fell on SR-92 at Brogdon Rd and blocked all lanes.\",FFC,\"TROPICAL CYCLONE\",0101000020E61000001F85EB51B81E55C01F85EB51B8BE4040,202409271837-KFFC-NWUS52-LSRFFC,\"2024-09-27 13:37:00-05\",,,75494,)", "county": "Fayette", "typetext": "TROPICAL CYCLONE", "state": "GA", "remark": "A tree fell on SR-92 at Brogdon Rd and blocked all lanes.", "city": "3 WSW Kenwood", "source": "Dept of Highways", "unit": null, "valid": "2024-09-27T07:50:00Z", "lon": -84.48, "lat": 33.49, "qualifier": null, "product_id": "202409271837-KFFC-NWUS52-LSRFFC", "st": "GA", "magnitude": ""}, "geometry": {"type": "Point", "coordinates": [-84.48, 33.49]}}, {"id": "347", "type": "Feature", "properties": {"wfo": "FFC", "type": "0", "magf": null, "l": "(\"2024-09-27 02:55:00-05\",0,,Wrightsville,Johnson,GA,\"Emergency Mngr\",\"Johnson County Emergency Manager reports at least 10 homes with damage from falling trees.\",FFC,\"TROPICAL CYCLONE\",0101000020E6100000AE47E17A14AE54C03D0AD7A3705D4040,202409270857-KFFC-NWUS52-LSRFFC,\"2024-09-27 03:57:00-05\",,,75521,)", "county": "Johnson", "typetext": "TROPICAL CYCLONE", "state": "GA", "remark": "Johnson County Emergency Manager reports at least 10 homes with damage from falling trees.", "city": "Wrightsville", "source": "Emergency Mngr", "unit": null, "valid": "2024-09-27T07:55:00Z", "lon": -82.72, "lat": 32.73, "qualifier": null, "product_id": "202409270857-KFFC-NWUS52-LSRFFC", "st": "GA", "magnitude": ""}, "geometry": {"type": "Point", "coordinates": [-82.72, 32.73]}}, {"id": "348", "type": "Feature", "properties": {"wfo": "FFC", "type": "0", "magf": null, "l": "(\"2024-09-27 02:55:00-05\",0,,Wrightsville,Johnson,GA,\"Emergency Mngr\",\"Wrightsville EM Director reports at least 10 homes with damage from falling trees.\",FFC,\"TROPICAL CYCLONE\",0101000020E6100000AE47E17A14AE54C03D0AD7A3705D4040,202409270856-KFFC-NWUS52-LSRFFC,\"2024-09-27 03:56:00-05\",,,75521,)", "county": "Johnson", "typetext": "TROPICAL CYCLONE", "state": "GA", "remark": "Wrightsville EM Director reports at least 10 homes with damage from falling trees.", "city": "Wrightsville", "source": "Emergency Mngr", "unit": null, "valid": "2024-09-27T07:55:00Z", "lon": -82.72, "lat": 32.73, "qualifier": null, "product_id": "202409270856-KFFC-NWUS52-LSRFFC", "st": "GA", "magnitude": ""}, "geometry": {"type": "Point", "coordinates": [-82.72, 32.73]}}, {"id": "349", "type": "Feature", "properties": {"wfo": "FFC", "type": "0", "magf": null, "l": "(\"2024-09-27 02:56:00-05\",0,,\"1 W Kingston\",Bartow,GA,\"Emergency Mngr\",\"Tree down across road near the intersection of Kingston Hwy and Tom Jones Rd.\",FFC,\"TROPICAL CYCLONE\",0101000020E6100000AE47E17A143E55C01F85EB51B81E4140,202409271255-KFFC-NWUS52-LSRFFC,\"2024-09-27 07:55:00-05\",,,75446,)", "county": "Bartow", "typetext": "TROPICAL CYCLONE", "state": "GA", "remark": "Tree down across road near the intersection of Kingston Hwy and Tom Jones Rd.", "city": "1 W Kingston", "source": "Emergency Mngr", "unit": null, "valid": "2024-09-27T07:56:00Z", "lon": -84.97, "lat": 34.24, "qualifier": null, "product_id": "202409271255-KFFC-NWUS52-LSRFFC", "st": "GA", "magnitude": ""}, "geometry": {"type": "Point", "coordinates": [-84.97, 34.24]}}, {"id": "350", "type": "Feature", "properties": {"wfo": "FFC", "type": "0", "magf": null, "l": "(\"2024-09-27 02:56:00-05\",0,,\"3 ESE Dallas\",Paulding,GA,\"Emergency Mngr\",\"Tree grazed a house on the 200th block of Brock Dr near Debbie Lane.\",FFC,\"TROPICAL CYCLONE\",0101000020E6100000C3F5285C8F3255C014AE47E17AF44040,202409271533-KFFC-NWUS52-LSRFFC,\"2024-09-27 10:33:00-05\",,,75548,)", "county": "Paulding", "typetext": "TROPICAL CYCLONE", "state": "GA", "remark": "Tree grazed a house on the 200th block of Brock Dr near Debbie Lane.", "city": "3 ESE Dallas", "source": "Emergency Mngr", "unit": null, "valid": "2024-09-27T07:56:00Z", "lon": -84.79, "lat": 33.91, "qualifier": null, "product_id": "202409271533-KFFC-NWUS52-LSRFFC", "st": "GA", "magnitude": ""}, "geometry": {"type": "Point", "coordinates": [-84.79, 33.91]}}, {"id": "351", "type": "Feature", "properties": {"wfo": "FFC", "type": "0", "magf": null, "l": "(\"2024-09-27 03:05:00-05\",0,,\"1 ENE Chestatee\",Forsyth,GA,\"Dept of Highways\",\"Tree down at SR 234 and Waldrip Road.\",FFC,\"TROPICAL CYCLONE\",0101000020E61000001F85EB51B8FE54C06666666666264140,202409272141-KFFC-NWUS52-LSRFFC,\"2024-09-27 16:41:00-05\",,,75496,)", "county": "Forsyth", "typetext": "TROPICAL CYCLONE", "state": "GA", "remark": "Tree down at SR 234 and Waldrip Road.", "city": "1 ENE Chestatee", "source": "Dept of Highways", "unit": null, "valid": "2024-09-27T08:05:00Z", "lon": -83.98, "lat": 34.3, "qualifier": null, "product_id": "202409272141-KFFC-NWUS52-LSRFFC", "st": "GA", "magnitude": ""}, "geometry": {"type": "Point", "coordinates": [-83.98, 34.3]}}, {"id": "352", "type": "Feature", "properties": {"wfo": "FFC", "type": "0", "magf": null, "l": "(\"2024-09-27 03:14:00-05\",0,,\"2 NNW Monroe\",Walton,GA,\"Emergency Mngr\",\"A tree fell in the 1400 block of Hwy 11.\",FFC,\"TROPICAL CYCLONE\",0101000020E61000001F85EB51B8EE54C0295C8FC2F5E84040,202409292246-KFFC-NWUS52-LSRFFC,\"2024-09-29 17:46:00-05\",,,75585,)", "county": "Walton", "typetext": "TROPICAL CYCLONE", "state": "GA", "remark": "A tree fell in the 1400 block of Hwy 11.", "city": "2 NNW Monroe", "source": "Emergency Mngr", "unit": null, "valid": "2024-09-27T08:14:00Z", "lon": -83.73, "lat": 33.82, "qualifier": null, "product_id": "202409292246-KFFC-NWUS52-LSRFFC", "st": "GA", "magnitude": ""}, "geometry": {"type": "Point", "coordinates": [-83.73, 33.82]}}, {"id": "353", "type": "Feature", "properties": {"wfo": "FFC", "type": "0", "magf": null, "l": "(\"2024-09-27 03:17:00-05\",0,,\"3 N Cartersville\",Bartow,GA,\"Emergency Mngr\",\"Tree reported down across the road near the 1400th block of Highway 411.\",FFC,\"TROPICAL CYCLONE\",0101000020E610000033333333333355C07B14AE47E11A4140,202409271258-KFFC-NWUS52-LSRFFC,\"2024-09-27 07:58:00-05\",,,75446,)", "county": "Bartow", "typetext": "TROPICAL CYCLONE", "state": "GA", "remark": "Tree reported down across the road near the 1400th block of Highway 411.", "city": "3 N Cartersville", "source": "Emergency Mngr", "unit": null, "valid": "2024-09-27T08:17:00Z", "lon": -84.8, "lat": 34.21, "qualifier": null, "product_id": "202409271258-KFFC-NWUS52-LSRFFC", "st": "GA", "magnitude": ""}, "geometry": {"type": "Point", "coordinates": [-84.8, 34.21]}}, {"id": "354", "type": "Feature", "properties": {"wfo": "FFC", "type": "0", "magf": null, "l": "(\"2024-09-27 03:17:00-05\",0,,\"4 ENE Hardwick\",Baldwin,GA,\"Dept of Highways\",\"GDOT reports tree limbs down on SR 22 Eastbound at SR 24. All lanes closed.\",FFC,\"TROPICAL CYCLONE\",0101000020E61000000AD7A3703DCA54C00AD7A3703D8A4040,202409271112-KFFC-NWUS52-LSRFFC,\"2024-09-27 06:12:00-05\",,,75443,)", "county": "Baldwin", "typetext": "TROPICAL CYCLONE", "state": "GA", "remark": "GDOT reports tree limbs down on SR 22 Eastbound at SR 24. All lanes closed.", "city": "4 ENE Hardwick", "source": "Dept of Highways", "unit": null, "valid": "2024-09-27T08:17:00Z", "lon": -83.16, "lat": 33.08, "qualifier": null, "product_id": "202409271112-KFFC-NWUS52-LSRFFC", "st": "GA", "magnitude": ""}, "geometry": {"type": "Point", "coordinates": [-83.16, 33.08]}}, {"id": "355", "type": "Feature", "properties": {"wfo": "FFC", "type": "0", "magf": null, "l": "(\"2024-09-27 03:18:00-05\",0,,\"2 W Seville\",Crisp,GA,\"Dept of Highways\",\"GDOT reports tree limbs on Sr 30 eastbound at Williford Crosing Rd. All lanes closed.\",FFC,\"TROPICAL CYCLONE\",0101000020E6100000B81E85EB51E854C0F6285C8FC2F53F40,202409271048-KFFC-NWUS52-LSRFFC,\"2024-09-27 05:48:00-05\",,,75478,)", "county": "Crisp", "typetext": "TROPICAL CYCLONE", "state": "GA", "remark": "GDOT reports tree limbs on Sr 30 eastbound at Williford Crosing Rd. All lanes closed.", "city": "2 W Seville", "source": "Dept of Highways", "unit": null, "valid": "2024-09-27T08:18:00Z", "lon": -83.63, "lat": 31.96, "qualifier": null, "product_id": "202409271048-KFFC-NWUS52-LSRFFC", "st": "GA", "magnitude": ""}, "geometry": {"type": "Point", "coordinates": [-83.63, 31.96]}}, {"id": "356", "type": "Feature", "properties": {"wfo": "FFC", "type": "0", "magf": null, "l": "(\"2024-09-27 03:19:00-05\",0,,\"1 ESE Sandersville\",Washington,GA,\"Broadcast Media\",\"*** 2 FATAL *** Tree down on home off of South Hospital Road.\",FFC,\"TROPICAL CYCLONE\",0101000020E61000003333333333B354C03D0AD7A3707D4040,202409302206-KFFC-NWUS52-LSRFFC,\"2024-09-30 17:06:00-05\",,,75588,)", "county": "Washington", "typetext": "TROPICAL CYCLONE", "state": "GA", "remark": "*** 2 FATAL *** Tree down on home off of South Hospital Road.", "city": "1 ESE Sandersville", "source": "Broadcast Media", "unit": null, "valid": "2024-09-27T08:19:00Z", "lon": -82.8, "lat": 32.98, "qualifier": null, "product_id": "202409302206-KFFC-NWUS52-LSRFFC", "st": "GA", "magnitude": ""}, "geometry": {"type": "Point", "coordinates": [-82.8, 32.98]}}, {"id": "357", "type": "Feature", "properties": {"wfo": "FFC", "type": "0", "magf": null, "l": "(\"2024-09-27 03:24:00-05\",0,,\"1 NNW Pennington\",Sumter,GA,\"Dept of Highways\",\"Tree limbs on SR 196 both direction at Old Stage Rd. All lanes closed.\",FFC,\"TROPICAL CYCLONE\",0101000020E610000066666666660655C0F6285C8FC2154040,202409271054-KFFC-NWUS52-LSRFFC,\"2024-09-27 05:54:00-05\",,,75567,)", "county": "Sumter", "typetext": "TROPICAL CYCLONE", "state": "GA", "remark": "Tree limbs on SR 196 both direction at Old Stage Rd. All lanes closed.", "city": "1 NNW Pennington", "source": "Dept of Highways", "unit": null, "valid": "2024-09-27T08:24:00Z", "lon": -84.1, "lat": 32.17, "qualifier": null, "product_id": "202409271054-KFFC-NWUS52-LSRFFC", "st": "GA", "magnitude": ""}, "geometry": {"type": "Point", "coordinates": [-84.1, 32.17]}}, {"id": "358", "type": "Feature", "properties": {"wfo": "FFC", "type": "0", "magf": null, "l": "(\"2024-09-27 03:25:00-05\",0,,\"1 SW Rockledge\",Laurens,GA,\"Dept of Highways\",\"GDOT reports tree limbs on I16 Westbound at mm 64 near Thairdell Rd. All lanes closed.\",FFC,\"TROPICAL CYCLONE\",0101000020E61000003D0AD7A370AD54C0B81E85EB51384040,202409271105-KFFC-NWUS52-LSRFFC,\"2024-09-27 06:05:00-05\",,,75525,)", "county": "Laurens", "typetext": "TROPICAL CYCLONE", "state": "GA", "remark": "GDOT reports tree limbs on I16 Westbound at mm 64 near Thairdell Rd. All lanes closed.", "city": "1 SW Rockledge", "source": "Dept of Highways", "unit": null, "valid": "2024-09-27T08:25:00Z", "lon": -82.71, "lat": 32.44, "qualifier": null, "product_id": "202409271105-KFFC-NWUS52-LSRFFC", "st": "GA", "magnitude": ""}, "geometry": {"type": "Point", "coordinates": [-82.71, 32.44]}}, {"id": "359", "type": "Feature", "properties": {"wfo": "FFC", "type": "0", "magf": null, "l": "(\"2024-09-27 03:27:00-05\",0,,\"1 NNW Pennington\",Sumter,GA,\"Dept of Highways\",\"A tree was downed on SR 195 at Old Stage Road.\",FFC,\"TROPICAL CYCLONE\",0101000020E610000066666666660655C0F6285C8FC2154040,202409271848-KFFC-NWUS52-LSRFFC,\"2024-09-27 13:48:00-05\",,,75567,)", "county": "Sumter", "typetext": "TROPICAL CYCLONE", "state": "GA", "remark": "A tree was downed on SR 195 at Old Stage Road.", "city": "1 NNW Pennington", "source": "Dept of Highways", "unit": null, "valid": "2024-09-27T08:27:00Z", "lon": -84.1, "lat": 32.17, "qualifier": null, "product_id": "202409271848-KFFC-NWUS52-LSRFFC", "st": "GA", "magnitude": ""}, "geometry": {"type": "Point", "coordinates": [-84.1, 32.17]}}, {"id": "360", "type": "Feature", "properties": {"wfo": "FFC", "type": "0", "magf": null, "l": "(\"2024-09-27 03:28:00-05\",0,,\"5 W Minter\",Laurens,GA,\"Dept of Highways\",\"GDOT reports tree limbs on I16 Eastbound at mm 57 west of GA Highway 199 S. All lanes closed.\",FFC,\"TROPICAL CYCLONE\",0101000020E6100000F6285C8FC2B554C03D0AD7A3703D4040,202409271101-KFFC-NWUS52-LSRFFC,\"2024-09-27 06:01:00-05\",,,75525,)", "county": "Laurens", "typetext": "TROPICAL CYCLONE", "state": "GA", "remark": "GDOT reports tree limbs on I16 Eastbound at mm 57 west of GA Highway 199 S. All lanes closed.", "city": "5 W Minter", "source": "Dept of Highways", "unit": null, "valid": "2024-09-27T08:28:00Z", "lon": -82.84, "lat": 32.48, "qualifier": null, "product_id": "202409271101-KFFC-NWUS52-LSRFFC", "st": "GA", "magnitude": ""}, "geometry": {"type": "Point", "coordinates": [-82.84, 32.48]}}, {"id": "361", "type": "Feature", "properties": {"wfo": "FFC", "type": "0", "magf": null, "l": "(\"2024-09-27 03:29:00-05\",0,,\"2 SW Minter\",Laurens,GA,\"Dept of Highways\",\"GDOT reports tree limbs on I16 eastbound at mm 60 near Waren Mclendon Rd. This is not an intersection. All lanes closed.\",FFC,\"TROPICAL CYCLONE\",0101000020E610000052B81E85EBB154C07B14AE47E13A4040,202409271103-KFFC-NWUS52-LSRFFC,\"2024-09-27 06:03:00-05\",,,75525,)", "county": "Laurens", "typetext": "TROPICAL CYCLONE", "state": "GA", "remark": "GDOT reports tree limbs on I16 eastbound at mm 60 near Waren Mclendon Rd. This is not an intersection. All lanes closed.", "city": "2 SW Minter", "source": "Dept of Highways", "unit": null, "valid": "2024-09-27T08:29:00Z", "lon": -82.78, "lat": 32.46, "qualifier": null, "product_id": "202409271103-KFFC-NWUS52-LSRFFC", "st": "GA", "magnitude": ""}, "geometry": {"type": "Point", "coordinates": [-82.78, 32.46]}}, {"id": "362", "type": "Feature", "properties": {"wfo": "FFC", "type": "0", "magf": null, "l": "(\"2024-09-27 03:30:00-05\",0,,\"1 ENE Panthersville\",DeKalb,GA,\"Emergency Mngr\",\"Tree and powerlines reported down on Columbia Dr between Columbia Ct and Spring Valley Rd.\",FFC,\"TROPICAL CYCLONE\",0101000020E610000000000000001055C05C8FC2F528DC4040,202409280044-KFFC-NWUS52-LSRFFC,\"2024-09-27 19:44:00-05\",,,75482,)", "county": "DeKalb", "typetext": "TROPICAL CYCLONE", "state": "GA", "remark": "Tree and powerlines reported down on Columbia Dr between Columbia Ct and Spring Valley Rd.", "city": "1 ENE Panthersville", "source": "Emergency Mngr", "unit": null, "valid": "2024-09-27T08:30:00Z", "lon": -84.25, "lat": 33.72, "qualifier": null, "product_id": "202409280044-KFFC-NWUS52-LSRFFC", "st": "GA", "magnitude": ""}, "geometry": {"type": "Point", "coordinates": [-84.25, 33.72]}}, {"id": "363", "type": "Feature", "properties": {"wfo": "FFC", "type": "0", "magf": null, "l": "(\"2024-09-27 03:30:00-05\",0,,\"1 SE Arabia Mountain\",DeKalb,GA,\"Emergency Mngr\",\"Tree reported down on the 7200 block of S Goddard Rd.\",FFC,\"TROPICAL CYCLONE\",0101000020E6100000D7A3703D0A0755C03333333333D34040,202409280017-KFFC-NWUS52-LSRFFC,\"2024-09-27 19:17:00-05\",,,75482,)", "county": "DeKalb", "typetext": "TROPICAL CYCLONE", "state": "GA", "remark": "Tree reported down on the 7200 block of S Goddard Rd.", "city": "1 SE Arabia Mountain", "source": "Emergency Mngr", "unit": null, "valid": "2024-09-27T08:30:00Z", "lon": -84.11, "lat": 33.65, "qualifier": null, "product_id": "202409280017-KFFC-NWUS52-LSRFFC", "st": "GA", "magnitude": ""}, "geometry": {"type": "Point", "coordinates": [-84.11, 33.65]}}, {"id": "364", "type": "Feature", "properties": {"wfo": "FFC", "type": "0", "magf": null, "l": "(\"2024-09-27 03:32:00-05\",0,,\"2 ENE Wrayswood\",Greene,GA,\"Dept of Highways\",\"Tree down at SR 15 and Macedonia Road.\",FFC,\"TROPICAL CYCLONE\",0101000020E610000052B81E85EBD154C09A99999999D94040,202409272022-KFFC-NWUS52-LSRFFC,\"2024-09-27 15:22:00-05\",,,75504,)", "county": "Greene", "typetext": "TROPICAL CYCLONE", "state": "GA", "remark": "Tree down at SR 15 and Macedonia Road.", "city": "2 ENE Wrayswood", "source": "Dept of Highways", "unit": null, "valid": "2024-09-27T08:32:00Z", "lon": -83.28, "lat": 33.7, "qualifier": null, "product_id": "202409272022-KFFC-NWUS52-LSRFFC", "st": "GA", "magnitude": ""}, "geometry": {"type": "Point", "coordinates": [-83.28, 33.7]}}, {"id": "365", "type": "Feature", "properties": {"wfo": "FFC", "type": "0", "magf": null, "l": "(\"2024-09-27 03:32:00-05\",0,,\"2 W Seville\",Crisp,GA,\"Dept of Highways\",\"Downed tree at SR 30 and Williford Crossing Road.\",FFC,\"TROPICAL CYCLONE\",0101000020E6100000B81E85EB51E854C0F6285C8FC2F53F40,202409272222-KFFC-NWUS52-LSRFFC,\"2024-09-27 17:22:00-05\",,,75478,)", "county": "Crisp", "typetext": "TROPICAL CYCLONE", "state": "GA", "remark": "Downed tree at SR 30 and Williford Crossing Road.", "city": "2 W Seville", "source": "Dept of Highways", "unit": null, "valid": "2024-09-27T08:32:00Z", "lon": -83.63, "lat": 31.96, "qualifier": null, "product_id": "202409272222-KFFC-NWUS52-LSRFFC", "st": "GA", "magnitude": ""}, "geometry": {"type": "Point", "coordinates": [-83.63, 31.96]}}, {"id": "366", "type": "Feature", "properties": {"wfo": "FFC", "type": "0", "magf": null, "l": "(\"2024-09-27 03:35:00-05\",0,,\"2 SSW Mount Vernon\",Walton,GA,\"Emergency Mngr\",\"A tree was downed in the 1900 block of Snows Mill Rd.\",FFC,\"TROPICAL CYCLONE\",0101000020E61000000AD7A3703DEA54C048E17A14AEE74040,202409292259-KFFC-NWUS52-LSRFFC,\"2024-09-29 17:59:00-05\",,,75585,)", "county": "Walton", "typetext": "TROPICAL CYCLONE", "state": "GA", "remark": "A tree was downed in the 1900 block of Snows Mill Rd.", "city": "2 SSW Mount Vernon", "source": "Emergency Mngr", "unit": null, "valid": "2024-09-27T08:35:00Z", "lon": -83.66, "lat": 33.81, "qualifier": null, "product_id": "202409292259-KFFC-NWUS52-LSRFFC", "st": "GA", "magnitude": ""}, "geometry": {"type": "Point", "coordinates": [-83.66, 33.81]}}, {"id": "367", "type": "Feature", "properties": {"wfo": "FFC", "type": "0", "magf": null, "l": "(\"2024-09-27 03:40:00-05\",0,,\"2 WNW Clarkston\",DeKalb,GA,\"Emergency Mngr\",\"Tree and powerlines reported down at the 1200 block of Robinwood Rd.\",FFC,\"TROPICAL CYCLONE\",0101000020E6100000E17A14AE471155C0295C8FC2F5E84040,202409280031-KFFC-NWUS52-LSRFFC,\"2024-09-27 19:31:00-05\",,,75482,)", "county": "DeKalb", "typetext": "TROPICAL CYCLONE", "state": "GA", "remark": "Tree and powerlines reported down at the 1200 block of Robinwood Rd.", "city": "2 WNW Clarkston", "source": "Emergency Mngr", "unit": null, "valid": "2024-09-27T08:40:00Z", "lon": -84.27, "lat": 33.82, "qualifier": null, "product_id": "202409280031-KFFC-NWUS52-LSRFFC", "st": "GA", "magnitude": ""}, "geometry": {"type": "Point", "coordinates": [-84.27, 33.82]}}, {"id": "368", "type": "Feature", "properties": {"wfo": "FFC", "type": "0", "magf": null, "l": "(\"2024-09-27 03:42:00-05\",0,,\"2 NE Druid Hills\",DeKalb,GA,\"Emergency Mngr\",\"Tree and powerlines reported down at the 2300 block of Burnt Creek Rd.\",FFC,\"TROPICAL CYCLONE\",0101000020E6100000C3F5285C8F1255C048E17A14AEE74040,202409280042-KFFC-NWUS52-LSRFFC,\"2024-09-27 19:42:00-05\",,,75482,)", "county": "DeKalb", "typetext": "TROPICAL CYCLONE", "state": "GA", "remark": "Tree and powerlines reported down at the 2300 block of Burnt Creek Rd.", "city": "2 NE Druid Hills", "source": "Emergency Mngr", "unit": null, "valid": "2024-09-27T08:42:00Z", "lon": -84.29, "lat": 33.81, "qualifier": null, "product_id": "202409280042-KFFC-NWUS52-LSRFFC", "st": "GA", "magnitude": ""}, "geometry": {"type": "Point", "coordinates": [-84.29, 33.81]}}, {"id": "369", "type": "Feature", "properties": {"wfo": "FFC", "type": "0", "magf": null, "l": "(\"2024-09-27 03:46:00-05\",0,,\"4 SSW Cedar Grove\",Laurens,GA,\"Dept of Highways\",\"A tree was downed and blocked a southbound lane of SR-3.\",FFC,\"TROPICAL CYCLONE\",0101000020E61000000AD7A3703DBA54C09A99999999194040,202409271750-KFFC-NWUS52-LSRFFC,\"2024-09-27 12:50:00-05\",,,75525,)", "county": "Laurens", "typetext": "TROPICAL CYCLONE", "state": "GA", "remark": "A tree was downed and blocked a southbound lane of SR-3.", "city": "4 SSW Cedar Grove", "source": "Dept of Highways", "unit": null, "valid": "2024-09-27T08:46:00Z", "lon": -82.91, "lat": 32.2, "qualifier": null, "product_id": "202409271750-KFFC-NWUS52-LSRFFC", "st": "GA", "magnitude": ""}, "geometry": {"type": "Point", "coordinates": [-82.91, 32.2]}}, {"id": "370", "type": "Feature", "properties": {"wfo": "FFC", "type": "0", "magf": null, "l": "(\"2024-09-27 03:51:00-05\",0,,\"4 S Dublin\",Laurens,GA,\"Dept of Highways\",\"GDOT reports tree limbs down on I16 Eastbound exit to SR19. All lanes closed.\",FFC,\"TROPICAL CYCLONE\",0101000020E61000009A99999999B954C01F85EB51B83E4040,202409271059-KFFC-NWUS52-LSRFFC,\"2024-09-27 05:59:00-05\",,,75525,)", "county": "Laurens", "typetext": "TROPICAL CYCLONE", "state": "GA", "remark": "GDOT reports tree limbs down on I16 Eastbound exit to SR19. All lanes closed.", "city": "4 S Dublin", "source": "Dept of Highways", "unit": null, "valid": "2024-09-27T08:51:00Z", "lon": -82.9, "lat": 32.49, "qualifier": null, "product_id": "202409271059-KFFC-NWUS52-LSRFFC", "st": "GA", "magnitude": ""}, "geometry": {"type": "Point", "coordinates": [-82.9, 32.49]}}, {"id": "371", "type": "Feature", "properties": {"wfo": "FFC", "type": "0", "magf": null, "l": "(\"2024-09-27 03:52:00-05\",0,,\"1 ESE Cedar Grove\",DeKalb,GA,\"Emergency Mngr\",\"Tree and powerlines reported down at the intersection of Bouldercrest Rd and Woodfen Dr.\",FFC,\"TROPICAL CYCLONE\",0101000020E610000052B81E85EB1155C03333333333D34040,202409280055-KFFC-NWUS52-LSRFFC,\"2024-09-27 19:55:00-05\",,,75482,)", "county": "DeKalb", "typetext": "TROPICAL CYCLONE", "state": "GA", "remark": "Tree and powerlines reported down at the intersection of Bouldercrest Rd and Woodfen Dr.", "city": "1 ESE Cedar Grove", "source": "Emergency Mngr", "unit": null, "valid": "2024-09-27T08:52:00Z", "lon": -84.28, "lat": 33.65, "qualifier": null, "product_id": "202409280055-KFFC-NWUS52-LSRFFC", "st": "GA", "magnitude": ""}, "geometry": {"type": "Point", "coordinates": [-84.28, 33.65]}}, {"id": "372", "type": "Feature", "properties": {"wfo": "FFC", "type": "0", "magf": null, "l": "(\"2024-09-27 03:53:00-05\",0,,\"3 SE Trion\",Chattooga,GA,\"911 Call Center\",\"Tree reported down across Alexander RD near the intersection with Spring Creek Rd.\",FFC,\"TROPICAL CYCLONE\",0101000020E6100000E17A14AE475155C0E17A14AE47414140,202409271214-KFFC-NWUS52-LSRFFC,\"2024-09-27 07:14:00-05\",,,75465,)", "county": "Chattooga", "typetext": "TROPICAL CYCLONE", "state": "GA", "remark": "Tree reported down across Alexander RD near the intersection with Spring Creek Rd.", "city": "3 SE Trion", "source": "911 Call Center", "unit": null, "valid": "2024-09-27T08:53:00Z", "lon": -85.27, "lat": 34.51, "qualifier": null, "product_id": "202409271214-KFFC-NWUS52-LSRFFC", "st": "GA", "magnitude": ""}, "geometry": {"type": "Point", "coordinates": [-85.27, 34.51]}}, {"id": "373", "type": "Feature", "properties": {"wfo": "FFC", "type": "0", "magf": null, "l": "(\"2024-09-27 03:55:00-05\",0,,\"2 SW Minter\",Laurens,GA,\"Dept of Highways\",\"A tree fell and blocked all lanes of I-16 eastbound at MM60.\",FFC,\"TROPICAL CYCLONE\",0101000020E610000052B81E85EBB154C07B14AE47E13A4040,202409271752-KFFC-NWUS52-LSRFFC,\"2024-09-27 12:52:00-05\",,,75525,)", "county": "Laurens", "typetext": "TROPICAL CYCLONE", "state": "GA", "remark": "A tree fell and blocked all lanes of I-16 eastbound at MM60.", "city": "2 SW Minter", "source": "Dept of Highways", "unit": null, "valid": "2024-09-27T08:55:00Z", "lon": -82.78, "lat": 32.46, "qualifier": null, "product_id": "202409271752-KFFC-NWUS52-LSRFFC", "st": "GA", "magnitude": ""}, "geometry": {"type": "Point", "coordinates": [-82.78, 32.46]}}, {"id": "374", "type": "Feature", "properties": {"wfo": "FFC", "type": "0", "magf": null, "l": "(\"2024-09-27 03:57:00-05\",0,,\"1 S Dunaway Gardens\",Coweta,GA,\"Dept of Highways\",\"A tree was downed on SR 70 at Brimer Rd.\",FFC,\"TROPICAL CYCLONE\",0101000020E610000014AE47E17A3455C05C8FC2F528BC4040,202409271819-KFFC-NWUS52-LSRFFC,\"2024-09-27 13:19:00-05\",,,75476,)", "county": "Coweta", "typetext": "TROPICAL CYCLONE", "state": "GA", "remark": "A tree was downed on SR 70 at Brimer Rd.", "city": "1 S Dunaway Gardens", "source": "Dept of Highways", "unit": null, "valid": "2024-09-27T08:57:00Z", "lon": -84.82, "lat": 33.47, "qualifier": null, "product_id": "202409271819-KFFC-NWUS52-LSRFFC", "st": "GA", "magnitude": ""}, "geometry": {"type": "Point", "coordinates": [-84.82, 33.47]}}, {"id": "375", "type": "Feature", "properties": {"wfo": "FFC", "type": "0", "magf": null, "l": "(\"2024-09-27 03:57:00-05\",0,,\"1 SW Monroe\",Walton,GA,\"Emergency Mngr\",\"Emergency manager reported a tree down on a home on the 400 block of Springdale Rd.\",FFC,\"TROPICAL CYCLONE\",0101000020E6100000AE47E17A14EE54C085EB51B81EE54040,202409292227-KFFC-NWUS52-LSRFFC,\"2024-09-29 17:27:00-05\",,,75585,)", "county": "Walton", "typetext": "TROPICAL CYCLONE", "state": "GA", "remark": "Emergency manager reported a tree down on a home on the 400 block of Springdale Rd.", "city": "1 SW Monroe", "source": "Emergency Mngr", "unit": null, "valid": "2024-09-27T08:57:00Z", "lon": -83.72, "lat": 33.79, "qualifier": null, "product_id": "202409292227-KFFC-NWUS52-LSRFFC", "st": "GA", "magnitude": ""}, "geometry": {"type": "Point", "coordinates": [-83.72, 33.79]}}, {"id": "376", "type": "Feature", "properties": {"wfo": "FFC", "type": "0", "magf": null, "l": "(\"2024-09-27 03:57:00-05\",0,,\"4 S Dublin\",Laurens,GA,Public,\"Corrects previous tropical cyclone report from 4 S Dublin. Tree down blocking all lanes on I-16 EB at exit 54.\",FFC,\"TROPICAL CYCLONE\",0101000020E61000009A99999999B954C01F85EB51B83E4040,202409271943-KFFC-NWUS52-LSRFFC,\"2024-09-27 14:43:00-05\",,,75525,)", "county": "Laurens", "typetext": "TROPICAL CYCLONE", "state": "GA", "remark": "Corrects previous tropical cyclone report from 4 S Dublin. Tree down blocking all lanes on I-16 EB at exit 54.", "city": "4 S Dublin", "source": "Public", "unit": null, "valid": "2024-09-27T08:57:00Z", "lon": -82.9, "lat": 32.49, "qualifier": null, "product_id": "202409271943-KFFC-NWUS52-LSRFFC", "st": "GA", "magnitude": ""}, "geometry": {"type": "Point", "coordinates": [-82.9, 32.49]}}, {"id": "377", "type": "Feature", "properties": {"wfo": "FFC", "type": "0", "magf": null, "l": "(\"2024-09-27 03:57:00-05\",0,,\"4 S Dublin\",Laurens,GA,Public,\"Tree down blocking all lanes on I-16 EB.\",FFC,\"TROPICAL CYCLONE\",0101000020E61000009A99999999B954C01F85EB51B83E4040,202409271942-KFFC-NWUS52-LSRFFC,\"2024-09-27 14:42:00-05\",,,75525,)", "county": "Laurens", "typetext": "TROPICAL CYCLONE", "state": "GA", "remark": "Tree down blocking all lanes on I-16 EB.", "city": "4 S Dublin", "source": "Public", "unit": null, "valid": "2024-09-27T08:57:00Z", "lon": -82.9, "lat": 32.49, "qualifier": null, "product_id": "202409271942-KFFC-NWUS52-LSRFFC", "st": "GA", "magnitude": ""}, "geometry": {"type": "Point", "coordinates": [-82.9, 32.49]}}, {"id": "378", "type": "Feature", "properties": {"wfo": "FFC", "type": "0", "magf": null, "l": "(\"2024-09-27 04:00:00-05\",0,,\"4 W Minter\",Laurens,GA,\"Dept of Highways\",\"Tree down on blocking all lanes on I-16 EB at MM 57.\",FFC,\"TROPICAL CYCLONE\",0101000020E6100000F6285C8FC2B554C03D0AD7A3703D4040,202409271944-KFFC-NWUS52-LSRFFC,\"2024-09-27 14:44:00-05\",,,75525,)", "county": "Laurens", "typetext": "TROPICAL CYCLONE", "state": "GA", "remark": "Tree down on blocking all lanes on I-16 EB at MM 57.", "city": "4 W Minter", "source": "Dept of Highways", "unit": null, "valid": "2024-09-27T09:00:00Z", "lon": -82.84, "lat": 32.48, "qualifier": null, "product_id": "202409271944-KFFC-NWUS52-LSRFFC", "st": "GA", "magnitude": ""}, "geometry": {"type": "Point", "coordinates": [-82.84, 32.48]}}, {"id": "379", "type": "Feature", "properties": {"wfo": "FFC", "type": "0", "magf": null, "l": "(\"2024-09-27 04:03:00-05\",0,,\"2 W Donovan\",Johnson,GA,\"Dept of Highways\",\"Tree down on GA HWY 15 near intersection with Donovan HWY.\",FFC,\"TROPICAL CYCLONE\",0101000020E61000008FC2F5285CAF54C0C3F5285C8F624040,202409271936-KFFC-NWUS52-LSRFFC,\"2024-09-27 14:36:00-05\",,,75521,)", "county": "Johnson", "typetext": "TROPICAL CYCLONE", "state": "GA", "remark": "Tree down on GA HWY 15 near intersection with Donovan HWY.", "city": "2 W Donovan", "source": "Dept of Highways", "unit": null, "valid": "2024-09-27T09:03:00Z", "lon": -82.74, "lat": 32.77, "qualifier": null, "product_id": "202409271936-KFFC-NWUS52-LSRFFC", "st": "GA", "magnitude": ""}, "geometry": {"type": "Point", "coordinates": [-82.74, 32.77]}}, {"id": "380", "type": "Feature", "properties": {"wfo": "FFC", "type": "0", "magf": null, "l": "(\"2024-09-27 04:04:00-05\",0,,\"2 ENE Trion\",Chattooga,GA,\"911 Call Center\",\"Tree down near the intersection of Mountain View Rd and Williams Cemetery Rd blocking one lane.\",FFC,\"TROPICAL CYCLONE\",0101000020E610000052B81E85EB5155C06666666666464140,202409271210-KFFC-NWUS52-LSRFFC,\"2024-09-27 07:10:00-05\",,,75465,)", "county": "Chattooga", "typetext": "TROPICAL CYCLONE", "state": "GA", "remark": "Tree down near the intersection of Mountain View Rd and Williams Cemetery Rd blocking one lane.", "city": "2 ENE Trion", "source": "911 Call Center", "unit": null, "valid": "2024-09-27T09:04:00Z", "lon": -85.28, "lat": 34.55, "qualifier": null, "product_id": "202409271210-KFFC-NWUS52-LSRFFC", "st": "GA", "magnitude": ""}, "geometry": {"type": "Point", "coordinates": [-85.28, 34.55]}}, {"id": "381", "type": "Feature", "properties": {"wfo": "FFC", "type": "0", "magf": null, "l": "(\"2024-09-27 04:05:00-05\",0,,\"1 W Wrightsville\",Johnson,GA,\"Dept of Highways\",\"Tree down on US HWY 319 between Lee Street and Smith Street.\",FFC,\"TROPICAL CYCLONE\",0101000020E61000001F85EB51B8AE54C03D0AD7A3705D4040,202409271957-KFFC-NWUS52-LSRFFC,\"2024-09-27 14:57:00-05\",,,75521,)", "county": "Johnson", "typetext": "TROPICAL CYCLONE", "state": "GA", "remark": "Tree down on US HWY 319 between Lee Street and Smith Street.", "city": "1 W Wrightsville", "source": "Dept of Highways", "unit": null, "valid": "2024-09-27T09:05:00Z", "lon": -82.73, "lat": 32.73, "qualifier": null, "product_id": "202409271957-KFFC-NWUS52-LSRFFC", "st": "GA", "magnitude": ""}, "geometry": {"type": "Point", "coordinates": [-82.73, 32.73]}}, {"id": "382", "type": "Feature", "properties": {"wfo": "FFC", "type": "0", "magf": null, "l": "(\"2024-09-27 04:08:00-05\",0,,\"1 NE Gratis\",Walton,GA,\"Emergency Mngr\",\"Powerlines down along Bradley Gin Road NW.\",FFC,\"TROPICAL CYCLONE\",0101000020E61000000AD7A3703DEA54C052B81E85EBF14040,202409292235-KFFC-NWUS52-LSRFFC,\"2024-09-29 17:35:00-05\",,,75585,)", "county": "Walton", "typetext": "TROPICAL CYCLONE", "state": "GA", "remark": "Powerlines down along Bradley Gin Road NW.", "city": "1 NE Gratis", "source": "Emergency Mngr", "unit": null, "valid": "2024-09-27T09:08:00Z", "lon": -83.66, "lat": 33.89, "qualifier": null, "product_id": "202409292235-KFFC-NWUS52-LSRFFC", "st": "GA", "magnitude": ""}, "geometry": {"type": "Point", "coordinates": [-83.66, 33.89]}}, {"id": "383", "type": "Feature", "properties": {"wfo": "FFC", "type": "0", "magf": null, "l": "(\"2024-09-27 04:11:00-05\",0,,\"4 WSW Murrayville\",Hall,GA,\"Dept of Highways\",\"A tree was downed on Price Road at Old Wilkie Road.\",FFC,\"TROPICAL CYCLONE\",0101000020E61000003D0AD7A370FD54C03333333333334140,202409271832-KFFC-NWUS52-LSRFFC,\"2024-09-27 13:32:00-05\",,,75507,)", "county": "Hall", "typetext": "TROPICAL CYCLONE", "state": "GA", "remark": "A tree was downed on Price Road at Old Wilkie Road.", "city": "4 WSW Murrayville", "source": "Dept of Highways", "unit": null, "valid": "2024-09-27T09:11:00Z", "lon": -83.96, "lat": 34.4, "qualifier": null, "product_id": "202409271832-KFFC-NWUS52-LSRFFC", "st": "GA", "magnitude": ""}, "geometry": {"type": "Point", "coordinates": [-83.96, 34.4]}}, {"id": "384", "type": "Feature", "properties": {"wfo": "FFC", "type": "0", "magf": null, "l": "(\"2024-09-27 04:15:00-05\",0,,\"1 SE Monroe\",Walton,GA,\"Emergency Mngr\",\"A tree was downed on Towler St near Old Mill Run.\",FFC,\"TROPICAL CYCLONE\",0101000020E6100000CDCCCCCCCCEC54C0A4703D0AD7E34040,202409292300-KFFC-NWUS52-LSRFFC,\"2024-09-29 18:00:00-05\",,,75585,)", "county": "Walton", "typetext": "TROPICAL CYCLONE", "state": "GA", "remark": "A tree was downed on Towler St near Old Mill Run.", "city": "1 SE Monroe", "source": "Emergency Mngr", "unit": null, "valid": "2024-09-27T09:15:00Z", "lon": -83.7, "lat": 33.78, "qualifier": null, "product_id": "202409292300-KFFC-NWUS52-LSRFFC", "st": "GA", "magnitude": ""}, "geometry": {"type": "Point", "coordinates": [-83.7, 33.78]}}, {"id": "385", "type": "Feature", "properties": {"wfo": "FFC", "type": "0", "magf": null, "l": "(\"2024-09-27 04:24:00-05\",0,,\"1 ESE Rockledge\",Treutlen,GA,\"Dept of Highways\",\"Tree on semi-truck on GA HWY 29.\",FFC,\"TROPICAL CYCLONE\",0101000020E61000005C8FC2F528AC54C0B81E85EB51384040,202409271933-KFFC-NWUS52-LSRFFC,\"2024-09-27 14:33:00-05\",,,75578,)", "county": "Treutlen", "typetext": "TROPICAL CYCLONE", "state": "GA", "remark": "Tree on semi-truck on GA HWY 29.", "city": "1 ESE Rockledge", "source": "Dept of Highways", "unit": null, "valid": "2024-09-27T09:24:00Z", "lon": -82.69, "lat": 32.44, "qualifier": null, "product_id": "202409271933-KFFC-NWUS52-LSRFFC", "st": "GA", "magnitude": ""}, "geometry": {"type": "Point", "coordinates": [-82.69, 32.44]}}, {"id": "386", "type": "Feature", "properties": {"wfo": "FFC", "type": "0", "magf": null, "l": "(\"2024-09-27 04:31:00-05\",0,,\"1 WNW Chester\",Dodge,GA,\"Dept of Highways\",\"GDOT reports tree limbs down on SR 126 both direction at Old Yonkers Rd. All lanes closed.\",FFC,\"TROPICAL CYCLONE\",0101000020E61000007B14AE47E1CA54C03333333333334040,202409271057-KFFC-NWUS52-LSRFFC,\"2024-09-27 05:57:00-05\",,,75483,)", "county": "Dodge", "typetext": "TROPICAL CYCLONE", "state": "GA", "remark": "GDOT reports tree limbs down on SR 126 both direction at Old Yonkers Rd. All lanes closed.", "city": "1 WNW Chester", "source": "Dept of Highways", "unit": null, "valid": "2024-09-27T09:31:00Z", "lon": -83.17, "lat": 32.4, "qualifier": null, "product_id": "202409271057-KFFC-NWUS52-LSRFFC", "st": "GA", "magnitude": ""}, "geometry": {"type": "Point", "coordinates": [-83.17, 32.4]}}, {"id": "387", "type": "Feature", "properties": {"wfo": "FFC", "type": "0", "magf": null, "l": "(\"2024-09-27 04:33:00-05\",0,,\"3 NNE Skipperton\",Bibb,GA,\"Dept of Highways\",\"GDOT reports tree limbs down on I75 southbound at SR 247 US 41 and Pio Nono Ave. Two right lanes are blocked.\",FFC,\"TROPICAL CYCLONE\",0101000020E61000007B14AE47E1EA54C085EB51B81E654040,202409271108-KFFC-NWUS52-LSRFFC,\"2024-09-27 06:08:00-05\",,,75449,)", "county": "Bibb", "typetext": "TROPICAL CYCLONE", "state": "GA", "remark": "GDOT reports tree limbs down on I75 southbound at SR 247 US 41 and Pio Nono Ave. Two right lanes are blocked.", "city": "3 NNE Skipperton", "source": "Dept of Highways", "unit": null, "valid": "2024-09-27T09:33:00Z", "lon": -83.67, "lat": 32.79, "qualifier": null, "product_id": "202409271108-KFFC-NWUS52-LSRFFC", "st": "GA", "magnitude": ""}, "geometry": {"type": "Point", "coordinates": [-83.67, 32.79]}}, {"id": "388", "type": "Feature", "properties": {"wfo": "FFC", "type": "0", "magf": null, "l": "(\"2024-09-27 04:33:00-05\",0,,Edgehill,Glascock,GA,Public,\"Report from mPING: Trees uprooted or snapped;.\",FFC,\"TROPICAL CYCLONE\",0101000020E6100000B81E85EB51A854C014AE47E17A944040,202409271640-KFFC-NWUS52-LSRFFC,\"2024-09-27 11:40:00-05\",,,75500,)", "county": "Glascock", "typetext": "TROPICAL CYCLONE", "state": "GA", "remark": "Report from mPING: Trees uprooted or snapped;.", "city": "Edgehill", "source": "Public", "unit": null, "valid": "2024-09-27T09:33:00Z", "lon": -82.63, "lat": 33.16, "qualifier": null, "product_id": "202409271640-KFFC-NWUS52-LSRFFC", "st": "GA", "magnitude": ""}, "geometry": {"type": "Point", "coordinates": [-82.63, 33.16]}}, {"id": "389", "type": "Feature", "properties": {"wfo": "FFC", "type": "0", "magf": null, "l": "(\"2024-09-27 04:34:00-05\",0,,\"3 SW Nimblewill\",Dawson,GA,Public,\"A tree was downed on SR 52 at Bailey Waters Road.\",FFC,\"TROPICAL CYCLONE\",0101000020E61000005C8FC2F5280C55C0A4703D0AD7434140,202409271824-KFFC-NWUS52-LSRFFC,\"2024-09-27 13:24:00-05\",,,75480,)", "county": "Dawson", "typetext": "TROPICAL CYCLONE", "state": "GA", "remark": "A tree was downed on SR 52 at Bailey Waters Road.", "city": "3 SW Nimblewill", "source": "Public", "unit": null, "valid": "2024-09-27T09:34:00Z", "lon": -84.19, "lat": 34.53, "qualifier": null, "product_id": "202409271824-KFFC-NWUS52-LSRFFC", "st": "GA", "magnitude": ""}, "geometry": {"type": "Point", "coordinates": [-84.19, 34.53]}}, {"id": "390", "type": "Feature", "properties": {"wfo": "FFC", "type": "0", "magf": null, "l": "(\"2024-09-27 04:36:00-05\",0,,\"1 NE Barnhill\",Treutlen,GA,\"Dept of Highways\",\"Tree down with powerlines on GA HWY 46 between Rosemont Church Road and Osceola Road.\",FFC,\"TROPICAL CYCLONE\",0101000020E61000000AD7A3703DAA54C00AD7A3703D2A4040,202409271932-KFFC-NWUS52-LSRFFC,\"2024-09-27 14:32:00-05\",,,75578,)", "county": "Treutlen", "typetext": "TROPICAL CYCLONE", "state": "GA", "remark": "Tree down with powerlines on GA HWY 46 between Rosemont Church Road and Osceola Road.", "city": "1 NE Barnhill", "source": "Dept of Highways", "unit": null, "valid": "2024-09-27T09:36:00Z", "lon": -82.66, "lat": 32.33, "qualifier": null, "product_id": "202409271932-KFFC-NWUS52-LSRFFC", "st": "GA", "magnitude": ""}, "geometry": {"type": "Point", "coordinates": [-82.66, 32.33]}}, {"id": "391", "type": "Feature", "properties": {"wfo": "FFC", "type": "0", "magf": null, "l": "(\"2024-09-27 04:40:00-05\",0,,Soperton,Treutlen,GA,\"Dept of Highways\",\"Tree down on East Railroad Ave between Stephens Street and College St.\",FFC,\"TROPICAL CYCLONE\",0101000020E6100000F6285C8FC2A554C08FC2F5285C2F4040,202409271927-KFFC-NWUS52-LSRFFC,\"2024-09-27 14:27:00-05\",,,75578,)", "county": "Treutlen", "typetext": "TROPICAL CYCLONE", "state": "GA", "remark": "Tree down on East Railroad Ave between Stephens Street and College St.", "city": "Soperton", "source": "Dept of Highways", "unit": null, "valid": "2024-09-27T09:40:00Z", "lon": -82.59, "lat": 32.37, "qualifier": null, "product_id": "202409271927-KFFC-NWUS52-LSRFFC", "st": "GA", "magnitude": ""}, "geometry": {"type": "Point", "coordinates": [-82.59, 32.37]}}, {"id": "392", "type": "Feature", "properties": {"wfo": "FFC", "type": "0", "magf": null, "l": "(\"2024-09-27 04:45:00-05\",0,,\"1 SE Between\",Walton,GA,\"Emergency Mngr\",\"A tree was down on Youth Monroe Road at Highway 78.\",FFC,\"TROPICAL CYCLONE\",0101000020E61000003333333333F354C048E17A14AEE74040,202409292302-KFFC-NWUS52-LSRFFC,\"2024-09-29 18:02:00-05\",,,75585,)", "county": "Walton", "typetext": "TROPICAL CYCLONE", "state": "GA", "remark": "A tree was down on Youth Monroe Road at Highway 78.", "city": "1 SE Between", "source": "Emergency Mngr", "unit": null, "valid": "2024-09-27T09:45:00Z", "lon": -83.8, "lat": 33.81, "qualifier": null, "product_id": "202409292302-KFFC-NWUS52-LSRFFC", "st": "GA", "magnitude": ""}, "geometry": {"type": "Point", "coordinates": [-83.8, 33.81]}}, {"id": "393", "type": "Feature", "properties": {"wfo": "FFC", "type": "0", "magf": null, "l": "(\"2024-09-27 04:47:00-05\",0,,\"1 W Mountain Park\",DeKalb,GA,Public,\"Tree and powerlines reported down on Musket Ln near the intersection with Silver Hill Rd.\",FFC,\"TROPICAL CYCLONE\",0101000020E61000009A999999990955C0EC51B81E85EB4040,202409280035-KFFC-NWUS52-LSRFFC,\"2024-09-27 19:35:00-05\",,,75482,)", "county": "DeKalb", "typetext": "TROPICAL CYCLONE", "state": "GA", "remark": "Tree and powerlines reported down on Musket Ln near the intersection with Silver Hill Rd.", "city": "1 W Mountain Park", "source": "Public", "unit": null, "valid": "2024-09-27T09:47:00Z", "lon": -84.15, "lat": 33.84, "qualifier": null, "product_id": "202409280035-KFFC-NWUS52-LSRFFC", "st": "GA", "magnitude": ""}, "geometry": {"type": "Point", "coordinates": [-84.15, 33.84]}}, {"id": "394", "type": "Feature", "properties": {"wfo": "FFC", "type": "0", "magf": null, "l": "(\"2024-09-27 04:49:00-05\",0,,\"2 S Rowland\",Dodge,GA,\"Dept of Highways\",\"Tree down on Chester-Cochran HWY between Hannah Road and Old Yonkers Road.\",FFC,\"TROPICAL CYCLONE\",0101000020E6100000EC51B81E85CB54C014AE47E17A344040,202409272009-KFFC-NWUS52-LSRFFC,\"2024-09-27 15:09:00-05\",,,75483,)", "county": "Dodge", "typetext": "TROPICAL CYCLONE", "state": "GA", "remark": "Tree down on Chester-Cochran HWY between Hannah Road and Old Yonkers Road.", "city": "2 S Rowland", "source": "Dept of Highways", "unit": null, "valid": "2024-09-27T09:49:00Z", "lon": -83.18, "lat": 32.41, "qualifier": null, "product_id": "202409272009-KFFC-NWUS52-LSRFFC", "st": "GA", "magnitude": ""}, "geometry": {"type": "Point", "coordinates": [-83.18, 32.41]}}, {"id": "395", "type": "Feature", "properties": {"wfo": "FFC", "type": "0", "magf": null, "l": "(\"2024-09-27 04:50:00-05\",0,,\"1 NNE Belmont\",DeKalb,GA,\"Emergency Mngr\",\"Trees and powerlines reported down at the intersection of Marbut Rd and Taffeta Trl.\",FFC,\"TROPICAL CYCLONE\",0101000020E61000000AD7A3703D0A55C03D0AD7A370DD4040,202409280049-KFFC-NWUS52-LSRFFC,\"2024-09-27 19:49:00-05\",,,75482,)", "county": "DeKalb", "typetext": "TROPICAL CYCLONE", "state": "GA", "remark": "Trees and powerlines reported down at the intersection of Marbut Rd and Taffeta Trl.", "city": "1 NNE Belmont", "source": "Emergency Mngr", "unit": null, "valid": "2024-09-27T09:50:00Z", "lon": -84.16, "lat": 33.73, "qualifier": null, "product_id": "202409280049-KFFC-NWUS52-LSRFFC", "st": "GA", "magnitude": ""}, "geometry": {"type": "Point", "coordinates": [-84.16, 33.73]}}, {"id": "396", "type": "Feature", "properties": {"wfo": "FFC", "type": "0", "magf": null, "l": "(\"2024-09-27 04:51:00-05\",0,,\"1 NE Soperton\",Treutlen,GA,\"Dept of Highways\",\"Corrects previous tropical cyclone report from 1 NE Soperton. Tree down across Swainsboro Highway between Gillis Street and Metter Road.\",FFC,\"TROPICAL CYCLONE\",0101000020E6100000F6285C8FC2A554C0713D0AD7A3304040,202409271928-KFFC-NWUS52-LSRFFC,\"2024-09-27 14:28:00-05\",,,75578,)", "county": "Treutlen", "typetext": "TROPICAL CYCLONE", "state": "GA", "remark": "Corrects previous tropical cyclone report from 1 NE Soperton. Tree down across Swainsboro Highway between Gillis Street and Metter Road.", "city": "1 NE Soperton", "source": "Dept of Highways", "unit": null, "valid": "2024-09-27T09:51:00Z", "lon": -82.59, "lat": 32.38, "qualifier": null, "product_id": "202409271928-KFFC-NWUS52-LSRFFC", "st": "GA", "magnitude": ""}, "geometry": {"type": "Point", "coordinates": [-82.59, 32.38]}}, {"id": "397", "type": "Feature", "properties": {"wfo": "FFC", "type": "0", "magf": null, "l": "(\"2024-09-27 04:51:00-05\",0,,\"2 WNW Stone Mountain\",DeKalb,GA,\"Emergency Mngr\",\"Tree and powerlines reported down at the 4700 block of Cedar Park Way.\",FFC,\"TROPICAL CYCLONE\",0101000020E6100000CDCCCCCCCC0C55C0295C8FC2F5E84040,202409280037-KFFC-NWUS52-LSRFFC,\"2024-09-27 19:37:00-05\",,,75482,)", "county": "DeKalb", "typetext": "TROPICAL CYCLONE", "state": "GA", "remark": "Tree and powerlines reported down at the 4700 block of Cedar Park Way.", "city": "2 WNW Stone Mountain", "source": "Emergency Mngr", "unit": null, "valid": "2024-09-27T09:51:00Z", "lon": -84.2, "lat": 33.82, "qualifier": null, "product_id": "202409280037-KFFC-NWUS52-LSRFFC", "st": "GA", "magnitude": ""}, "geometry": {"type": "Point", "coordinates": [-84.2, 33.82]}}, {"id": "398", "type": "Feature", "properties": {"wfo": "FFC", "type": "0", "magf": null, "l": "(\"2024-09-27 04:57:00-05\",0,,\"1 ENE Big Haynes Creek\",Walton,GA,\"Emergency Mngr\",\"A tree was downed on Miller Bottom Rd at S. Sharon Church Rd.\",FFC,\"TROPICAL CYCLONE\",0101000020E61000005C8FC2F528FC54C0E17A14AE47E14040,202409292303-KFFC-NWUS52-LSRFFC,\"2024-09-29 18:03:00-05\",,,75585,)", "county": "Walton", "typetext": "TROPICAL CYCLONE", "state": "GA", "remark": "A tree was downed on Miller Bottom Rd at S. Sharon Church Rd.", "city": "1 ENE Big Haynes Creek", "source": "Emergency Mngr", "unit": null, "valid": "2024-09-27T09:57:00Z", "lon": -83.94, "lat": 33.76, "qualifier": null, "product_id": "202409292303-KFFC-NWUS52-LSRFFC", "st": "GA", "magnitude": ""}, "geometry": {"type": "Point", "coordinates": [-83.94, 33.76]}}, {"id": "399", "type": "Feature", "properties": {"wfo": "FFC", "type": "0", "magf": null, "l": "(\"2024-09-27 04:58:00-05\",0,,\"2 NE Rentz\",Laurens,GA,\"Dept of Highways\",\"Tree down on GA HWY 117.\",FFC,\"TROPICAL CYCLONE\",0101000020E6100000AE47E17A14BE54C03333333333334040,202409271935-KFFC-NWUS52-LSRFFC,\"2024-09-27 14:35:00-05\",,,75525,)", "county": "Laurens", "typetext": "TROPICAL CYCLONE", "state": "GA", "remark": "Tree down on GA HWY 117.", "city": "2 NE Rentz", "source": "Dept of Highways", "unit": null, "valid": "2024-09-27T09:58:00Z", "lon": -82.97, "lat": 32.4, "qualifier": null, "product_id": "202409271935-KFFC-NWUS52-LSRFFC", "st": "GA", "magnitude": ""}, "geometry": {"type": "Point", "coordinates": [-82.97, 32.4]}}, {"id": "400", "type": "Feature", "properties": {"wfo": "FFC", "type": "0", "magf": null, "l": "(\"2024-09-27 04:58:00-05\",0,,Clarkston,DeKalb,GA,\"Emergency Mngr\",\"Tree and powerlines reported down on Casa Dr at the intersection with Mell Ave.\",FFC,\"TROPICAL CYCLONE\",0101000020E610000000000000001055C048E17A14AEE74040,202409280058-KFFC-NWUS52-LSRFFC,\"2024-09-27 19:58:00-05\",,,75482,)", "county": "DeKalb", "typetext": "TROPICAL CYCLONE", "state": "GA", "remark": "Tree and powerlines reported down on Casa Dr at the intersection with Mell Ave.", "city": "Clarkston", "source": "Emergency Mngr", "unit": null, "valid": "2024-09-27T09:58:00Z", "lon": -84.25, "lat": 33.81, "qualifier": null, "product_id": "202409280058-KFFC-NWUS52-LSRFFC", "st": "GA", "magnitude": ""}, "geometry": {"type": "Point", "coordinates": [-84.25, 33.81]}}, {"id": "401", "type": "Feature", "properties": {"wfo": "FFC", "type": "0", "magf": null, "l": "(\"2024-09-27 05:00:00-05\",0,,\"1 SW Pine Lake\",DeKalb,GA,\"Emergency Mngr\",\"Tree and two sets of powerlines reported down on the 700 block of Allgood Rd.\",FFC,\"TROPICAL CYCLONE\",0101000020E61000001F85EB51B80E55C0A4703D0AD7E34040,202409280052-KFFC-NWUS52-LSRFFC,\"2024-09-27 19:52:00-05\",,,75482,)", "county": "DeKalb", "typetext": "TROPICAL CYCLONE", "state": "GA", "remark": "Tree and two sets of powerlines reported down on the 700 block of Allgood Rd.", "city": "1 SW Pine Lake", "source": "Emergency Mngr", "unit": null, "valid": "2024-09-27T10:00:00Z", "lon": -84.23, "lat": 33.78, "qualifier": null, "product_id": "202409280052-KFFC-NWUS52-LSRFFC", "st": "GA", "magnitude": ""}, "geometry": {"type": "Point", "coordinates": [-84.23, 33.78]}}, {"id": "402", "type": "Feature", "properties": {"wfo": "FFC", "type": "0", "magf": null, "l": "(\"2024-09-27 05:02:00-05\",0,,\"2 S Richwood\",Crisp,GA,\"Dept of Highways\",\"Tree down on SR 90 before Hatley Road.\",FFC,\"TROPICAL CYCLONE\",0101000020E6100000C3F5285C8FF254C0E17A14AE47014040,202409272224-KFFC-NWUS52-LSRFFC,\"2024-09-27 17:24:00-05\",,,75478,)", "county": "Crisp", "typetext": "TROPICAL CYCLONE", "state": "GA", "remark": "Tree down on SR 90 before Hatley Road.", "city": "2 S Richwood", "source": "Dept of Highways", "unit": null, "valid": "2024-09-27T10:02:00Z", "lon": -83.79, "lat": 32.01, "qualifier": null, "product_id": "202409272224-KFFC-NWUS52-LSRFFC", "st": "GA", "magnitude": ""}, "geometry": {"type": "Point", "coordinates": [-83.79, 32.01]}}, {"id": "403", "type": "Feature", "properties": {"wfo": "FFC", "type": "0", "magf": null, "l": "(\"2024-09-27 05:03:00-05\",0,,\"2 NW Snapfinger\",DeKalb,GA,\"Dept of Highways\",\"Tree down on I-20 EB before Flat Shoals Road.\",FFC,\"TROPICAL CYCLONE\",0101000020E61000001F85EB51B80E55C07B14AE47E1DA4040,202409271950-KFFC-NWUS52-LSRFFC,\"2024-09-27 14:50:00-05\",,,75482,)", "county": "DeKalb", "typetext": "TROPICAL CYCLONE", "state": "GA", "remark": "Tree down on I-20 EB before Flat Shoals Road.", "city": "2 NW Snapfinger", "source": "Dept of Highways", "unit": null, "valid": "2024-09-27T10:03:00Z", "lon": -84.23, "lat": 33.71, "qualifier": null, "product_id": "202409271950-KFFC-NWUS52-LSRFFC", "st": "GA", "magnitude": ""}, "geometry": {"type": "Point", "coordinates": [-84.23, 33.71]}}, {"id": "404", "type": "Feature", "properties": {"wfo": "FFC", "type": "0", "magf": null, "l": "(\"2024-09-27 05:03:00-05\",0,,\"2 SE Louisville\",Jefferson,GA,Mesonet,\"USFS RAWS station LOUG1 Louisville reported a 75 mph gust.\",FFC,\"TROPICAL CYCLONE\",0101000020E6100000B81E85EB519854C01F85EB51B87E4040,202409271054-KFFC-NWUS52-LSRFFC,\"2024-09-27 05:54:00-05\",,,75519,)", "county": "Jefferson", "typetext": "TROPICAL CYCLONE", "state": "GA", "remark": "USFS RAWS station LOUG1 Louisville reported a 75 mph gust.", "city": "2 SE Louisville", "source": "Mesonet", "unit": null, "valid": "2024-09-27T10:03:00Z", "lon": -82.38, "lat": 32.99, "qualifier": null, "product_id": "202409271054-KFFC-NWUS52-LSRFFC", "st": "GA", "magnitude": ""}, "geometry": {"type": "Point", "coordinates": [-82.38, 32.99]}}, {"id": "405", "type": "Feature", "properties": {"wfo": "FFC", "type": "0", "magf": null, "l": "(\"2024-09-27 05:04:00-05\",0,,\"3 S Apple Valley\",Jackson,GA,\"Dept of Highways\",\"A tree was downed in the westbound lane of SR 335.\",FFC,\"TROPICAL CYCLONE\",0101000020E61000000000000000E054C08FC2F5285C0F4140,202409271821-KFFC-NWUS52-LSRFFC,\"2024-09-27 13:21:00-05\",,,75516,)", "county": "Jackson", "typetext": "TROPICAL CYCLONE", "state": "GA", "remark": "A tree was downed in the westbound lane of SR 335.", "city": "3 S Apple Valley", "source": "Dept of Highways", "unit": null, "valid": "2024-09-27T10:04:00Z", "lon": -83.5, "lat": 34.12, "qualifier": null, "product_id": "202409271821-KFFC-NWUS52-LSRFFC", "st": "GA", "magnitude": ""}, "geometry": {"type": "Point", "coordinates": [-83.5, 34.12]}}, {"id": "406", "type": "Feature", "properties": {"wfo": "FFC", "type": "0", "magf": null, "l": "(\"2024-09-27 05:07:00-05\",0,,\"1 N Gillis Springs\",Treutlen,GA,\"Dept of Highways\",\"Tree down on US 221 near Outlaw Grove Road.\",FFC,\"TROPICAL CYCLONE\",0101000020E61000008FC2F5285C9F54C05C8FC2F5283C4040,202409272018-KFFC-NWUS52-LSRFFC,\"2024-09-27 15:18:00-05\",,,75578,)", "county": "Treutlen", "typetext": "TROPICAL CYCLONE", "state": "GA", "remark": "Tree down on US 221 near Outlaw Grove Road.", "city": "1 N Gillis Springs", "source": "Dept of Highways", "unit": null, "valid": "2024-09-27T10:07:00Z", "lon": -82.49, "lat": 32.47, "qualifier": null, "product_id": "202409272018-KFFC-NWUS52-LSRFFC", "st": "GA", "magnitude": ""}, "geometry": {"type": "Point", "coordinates": [-82.49, 32.47]}}, {"id": "407", "type": "Feature", "properties": {"wfo": "FFC", "type": "0", "magf": null, "l": "(\"2024-09-27 05:09:00-05\",0,,Rover,Spalding,GA,\"Dept of Highways\",\"GDOT reports tree limbs on SR 362 both directions at Rover Zetella Rd. All lanes closed.\",FFC,\"TROPICAL CYCLONE\",0101000020E6100000F6285C8FC21555C07B14AE47E19A4040,202409271122-KFFC-NWUS52-LSRFFC,\"2024-09-27 06:22:00-05\",,,75564,)", "county": "Spalding", "typetext": "TROPICAL CYCLONE", "state": "GA", "remark": "GDOT reports tree limbs on SR 362 both directions at Rover Zetella Rd. All lanes closed.", "city": "Rover", "source": "Dept of Highways", "unit": null, "valid": "2024-09-27T10:09:00Z", "lon": -84.34, "lat": 33.21, "qualifier": null, "product_id": "202409271122-KFFC-NWUS52-LSRFFC", "st": "GA", "magnitude": ""}, "geometry": {"type": "Point", "coordinates": [-84.34, 33.21]}}, {"id": "408", "type": "Feature", "properties": {"wfo": "FFC", "type": "0", "magf": null, "l": "(\"2024-09-27 05:13:00-05\",0,,\"3 WSW Minter\",Laurens,GA,\"Dept of Highways\",\"GDOT reports tree limbs down on I16 eastbound at mm 59 east of GA Highway 199 S. All lanes closed.\",FFC,\"TROPICAL CYCLONE\",0101000020E61000003333333333B354C05C8FC2F5283C4040,202409271102-KFFC-NWUS52-LSRFFC,\"2024-09-27 06:02:00-05\",,,75525,)", "county": "Laurens", "typetext": "TROPICAL CYCLONE", "state": "GA", "remark": "GDOT reports tree limbs down on I16 eastbound at mm 59 east of GA Highway 199 S. All lanes closed.", "city": "3 WSW Minter", "source": "Dept of Highways", "unit": null, "valid": "2024-09-27T10:13:00Z", "lon": -82.8, "lat": 32.47, "qualifier": null, "product_id": "202409271102-KFFC-NWUS52-LSRFFC", "st": "GA", "magnitude": ""}, "geometry": {"type": "Point", "coordinates": [-82.8, 32.47]}}, {"id": "409", "type": "Feature", "properties": {"wfo": "FFC", "type": "0", "magf": null, "l": "(\"2024-09-27 05:14:00-05\",0,,\"1 S Warm Springs\",Meriwether,GA,\"Dept of Highways\",\"GDOT reports tree limbs on SR 85 ALT both directions past Pine Ln. All lanes closed.\",FFC,\"TROPICAL CYCLONE\",0101000020E6100000EC51B81E852B55C08FC2F5285C6F4040,202409271118-KFFC-NWUS52-LSRFFC,\"2024-09-27 06:18:00-05\",,,75537,)", "county": "Meriwether", "typetext": "TROPICAL CYCLONE", "state": "GA", "remark": "GDOT reports tree limbs on SR 85 ALT both directions past Pine Ln. All lanes closed.", "city": "1 S Warm Springs", "source": "Dept of Highways", "unit": null, "valid": "2024-09-27T10:14:00Z", "lon": -84.68, "lat": 32.87, "qualifier": null, "product_id": "202409271118-KFFC-NWUS52-LSRFFC", "st": "GA", "magnitude": ""}, "geometry": {"type": "Point", "coordinates": [-84.68, 32.87]}}, {"id": "410", "type": "Feature", "properties": {"wfo": "FFC", "type": "0", "magf": null, "l": "(\"2024-09-27 05:14:00-05\",0,,Rover,Spalding,GA,\"Dept of Highways\",\"Downed tree on SR 362 at Rover Zetella Road.\",FFC,\"TROPICAL CYCLONE\",0101000020E6100000F6285C8FC21555C09A99999999994040,202409271948-KFFC-NWUS52-LSRFFC,\"2024-09-27 14:48:00-05\",,,75564,)", "county": "Spalding", "typetext": "TROPICAL CYCLONE", "state": "GA", "remark": "Downed tree on SR 362 at Rover Zetella Road.", "city": "Rover", "source": "Dept of Highways", "unit": null, "valid": "2024-09-27T10:14:00Z", "lon": -84.34, "lat": 33.2, "qualifier": null, "product_id": "202409271948-KFFC-NWUS52-LSRFFC", "st": "GA", "magnitude": ""}, "geometry": {"type": "Point", "coordinates": [-84.34, 33.2]}}, {"id": "411", "type": "Feature", "properties": {"wfo": "FFC", "type": "0", "magf": null, "l": "(\"2024-09-27 05:15:00-05\",0,,\"1 NNW Youth\",Walton,GA,\"Emergency Mngr\",\"A tree was downed on Tig Knight Rd at Atkinson Rd.\",FFC,\"TROPICAL CYCLONE\",0101000020E6100000D7A3703D0AF754C06666666666E64040,202409292304-KFFC-NWUS52-LSRFFC,\"2024-09-29 18:04:00-05\",,,75585,)", "county": "Walton", "typetext": "TROPICAL CYCLONE", "state": "GA", "remark": "A tree was downed on Tig Knight Rd at Atkinson Rd.", "city": "1 NNW Youth", "source": "Emergency Mngr", "unit": null, "valid": "2024-09-27T10:15:00Z", "lon": -83.86, "lat": 33.8, "qualifier": null, "product_id": "202409292304-KFFC-NWUS52-LSRFFC", "st": "GA", "magnitude": ""}, "geometry": {"type": "Point", "coordinates": [-83.86, 33.8]}}, {"id": "412", "type": "Feature", "properties": {"wfo": "FFC", "type": "0", "magf": null, "l": "(\"2024-09-27 05:16:00-05\",0,,\"2 NNE Good Hope\",Walton,GA,\"Emergency Mngr\",\"A tree was downed on Jacks Creek Rd at Bethel Church Rd.\",FFC,\"TROPICAL CYCLONE\",0101000020E61000006666666666E654C048E17A14AEE74040,202409292305-KFFC-NWUS52-LSRFFC,\"2024-09-29 18:05:00-05\",,,75585,)", "county": "Walton", "typetext": "TROPICAL CYCLONE", "state": "GA", "remark": "A tree was downed on Jacks Creek Rd at Bethel Church Rd.", "city": "2 NNE Good Hope", "source": "Emergency Mngr", "unit": null, "valid": "2024-09-27T10:16:00Z", "lon": -83.6, "lat": 33.81, "qualifier": null, "product_id": "202409292305-KFFC-NWUS52-LSRFFC", "st": "GA", "magnitude": ""}, "geometry": {"type": "Point", "coordinates": [-83.6, 33.81]}}, {"id": "413", "type": "Feature", "properties": {"wfo": "FFC", "type": "0", "magf": null, "l": "(\"2024-09-27 05:20:00-05\",0,,\"3 WSW Minter\",Laurens,GA,\"Dept of Highways\",\"Down tree at I-16 EB at MM 59.\",FFC,\"TROPICAL CYCLONE\",0101000020E61000003333333333B354C05C8FC2F5283C4040,202409271956-KFFC-NWUS52-LSRFFC,\"2024-09-27 14:56:00-05\",,,75525,)", "county": "Laurens", "typetext": "TROPICAL CYCLONE", "state": "GA", "remark": "Down tree at I-16 EB at MM 59.", "city": "3 WSW Minter", "source": "Dept of Highways", "unit": null, "valid": "2024-09-27T10:20:00Z", "lon": -82.8, "lat": 32.47, "qualifier": null, "product_id": "202409271956-KFFC-NWUS52-LSRFFC", "st": "GA", "magnitude": ""}, "geometry": {"type": "Point", "coordinates": [-82.8, 32.47]}}, {"id": "414", "type": "Feature", "properties": {"wfo": "FFC", "type": "0", "magf": null, "l": "(\"2024-09-27 05:26:00-05\",0,,\"1 ESE Sparta\",Hancock,GA,\"Dept of Highways\",\"GDOT reports tree limbs down on SR 15 Southbound at Cody Johnson Rd. All lanes closed.\",FFC,\"TROPICAL CYCLONE\",0101000020E6100000CDCCCCCCCCBC54C0C3F5285C8FA24040,202409271115-KFFC-NWUS52-LSRFFC,\"2024-09-27 06:15:00-05\",,,75508,)", "county": "Hancock", "typetext": "TROPICAL CYCLONE", "state": "GA", "remark": "GDOT reports tree limbs down on SR 15 Southbound at Cody Johnson Rd. All lanes closed.", "city": "1 ESE Sparta", "source": "Dept of Highways", "unit": null, "valid": "2024-09-27T10:26:00Z", "lon": -82.95, "lat": 33.27, "qualifier": null, "product_id": "202409271115-KFFC-NWUS52-LSRFFC", "st": "GA", "magnitude": ""}, "geometry": {"type": "Point", "coordinates": [-82.95, 33.27]}}, {"id": "415", "type": "Feature", "properties": {"wfo": "FFC", "type": "0", "magf": null, "l": "(\"2024-09-27 05:30:00-05\",0,,\"1 ESE Tyrone\",Fayette,GA,\"NWS Employee\",\"A pine tree fell onto GA-74 southbound and blocked the right lane.\",FFC,\"TROPICAL CYCLONE\",0101000020E6100000F6285C8FC22555C05C8FC2F528BC4040,202409271834-KFFC-NWUS52-LSRFFC,\"2024-09-27 13:34:00-05\",,,75494,)", "county": "Fayette", "typetext": "TROPICAL CYCLONE", "state": "GA", "remark": "A pine tree fell onto GA-74 southbound and blocked the right lane.", "city": "1 ESE Tyrone", "source": "NWS Employee", "unit": null, "valid": "2024-09-27T10:30:00Z", "lon": -84.59, "lat": 33.47, "qualifier": null, "product_id": "202409271834-KFFC-NWUS52-LSRFFC", "st": "GA", "magnitude": ""}, "geometry": {"type": "Point", "coordinates": [-84.59, 33.47]}}, {"id": "416", "type": "Feature", "properties": {"wfo": "FFC", "type": "0", "magf": null, "l": "(\"2024-09-27 05:31:00-05\",0,,\"1 S Warm Springs\",Meriwether,GA,\"Dept of Highways\",\"Down tree at SR 85 and Past Pine Lane.\",FFC,\"TROPICAL CYCLONE\",0101000020E6100000EC51B81E852B55C08FC2F5285C6F4040,202409272225-KFFC-NWUS52-LSRFFC,\"2024-09-27 17:25:00-05\",,,75537,)", "county": "Meriwether", "typetext": "TROPICAL CYCLONE", "state": "GA", "remark": "Down tree at SR 85 and Past Pine Lane.", "city": "1 S Warm Springs", "source": "Dept of Highways", "unit": null, "valid": "2024-09-27T10:31:00Z", "lon": -84.68, "lat": 32.87, "qualifier": null, "product_id": "202409272225-KFFC-NWUS52-LSRFFC", "st": "GA", "magnitude": ""}, "geometry": {"type": "Point", "coordinates": [-84.68, 32.87]}}, {"id": "417", "type": "Feature", "properties": {"wfo": "FFC", "type": "0", "magf": null, "l": "(\"2024-09-27 05:33:00-05\",0,,\"2 WSW Sparta\",Hancock,GA,\"Dept of Highways\",\"GDOT reports tree limbs down on SR 22 at Water Works Rd. All lanes closed.\",FFC,\"TROPICAL CYCLONE\",0101000020E6100000713D0AD7A3C054C0C3F5285C8FA24040,202409271114-KFFC-NWUS52-LSRFFC,\"2024-09-27 06:14:00-05\",,,75508,)", "county": "Hancock", "typetext": "TROPICAL CYCLONE", "state": "GA", "remark": "GDOT reports tree limbs down on SR 22 at Water Works Rd. All lanes closed.", "city": "2 WSW Sparta", "source": "Dept of Highways", "unit": null, "valid": "2024-09-27T10:33:00Z", "lon": -83.01, "lat": 33.27, "qualifier": null, "product_id": "202409271114-KFFC-NWUS52-LSRFFC", "st": "GA", "magnitude": ""}, "geometry": {"type": "Point", "coordinates": [-83.01, 33.27]}}, {"id": "418", "type": "Feature", "properties": {"wfo": "FFC", "type": "0", "magf": null, "l": "(\"2024-09-27 05:44:00-05\",0,,\"3 WNW Jewell\",Hancock,GA,\"Dept of Highways\",\"GDOT reports tree limbs down on SR 16 before Perry Bell Rd. All lanes closed.\",FFC,\"TROPICAL CYCLONE\",0101000020E610000085EB51B81EB554C048E17A14AEA74040,202409271116-KFFC-NWUS52-LSRFFC,\"2024-09-27 06:16:00-05\",,,75508,)", "county": "Hancock", "typetext": "TROPICAL CYCLONE", "state": "GA", "remark": "GDOT reports tree limbs down on SR 16 before Perry Bell Rd. All lanes closed.", "city": "3 WNW Jewell", "source": "Dept of Highways", "unit": null, "valid": "2024-09-27T10:44:00Z", "lon": -82.83, "lat": 33.31, "qualifier": null, "product_id": "202409271116-KFFC-NWUS52-LSRFFC", "st": "GA", "magnitude": ""}, "geometry": {"type": "Point", "coordinates": [-82.83, 33.31]}}, {"id": "419", "type": "Feature", "properties": {"wfo": "FFC", "type": "0", "magf": null, "l": "(\"2024-09-27 05:46:00-05\",0,,\"1 NNW Suches\",Union,GA,\"Dept of Highways\",\"Tree on HWY 60 at Woody Lane.\",FFC,\"TROPICAL CYCLONE\",0101000020E610000052B81E85EB0155C09A99999999594140,202409280052-KFFC-NWUS52-LSRFFC,\"2024-09-27 19:52:00-05\",,,75582,)", "county": "Union", "typetext": "TROPICAL CYCLONE", "state": "GA", "remark": "Tree on HWY 60 at Woody Lane.", "city": "1 NNW Suches", "source": "Dept of Highways", "unit": null, "valid": "2024-09-27T10:46:00Z", "lon": -84.03, "lat": 34.7, "qualifier": null, "product_id": "202409280052-KFFC-NWUS52-LSRFFC", "st": "GA", "magnitude": ""}, "geometry": {"type": "Point", "coordinates": [-84.03, 34.7]}}, {"id": "420", "type": "Feature", "properties": {"wfo": "FFC", "type": "0", "magf": null, "l": "(\"2024-09-27 05:49:00-05\",0,,\"2 S Kirkwood\",DeKalb,GA,\"Dept of Highways\",\"Corrects previous tropical cyclone report from 2 S Kirkwood. Tree down I-20 EB before entrance to Flat Shoals Road.\",FFC,\"TROPICAL CYCLONE\",0101000020E610000014AE47E17A1455C03D0AD7A370DD4040,202409271930-KFFC-NWUS52-LSRFFC,\"2024-09-27 14:30:00-05\",,,75482,)", "county": "DeKalb", "typetext": "TROPICAL CYCLONE", "state": "GA", "remark": "Corrects previous tropical cyclone report from 2 S Kirkwood. Tree down I-20 EB before entrance to Flat Shoals Road.", "city": "2 S Kirkwood", "source": "Dept of Highways", "unit": null, "valid": "2024-09-27T10:49:00Z", "lon": -84.32, "lat": 33.73, "qualifier": null, "product_id": "202409271930-KFFC-NWUS52-LSRFFC", "st": "GA", "magnitude": ""}, "geometry": {"type": "Point", "coordinates": [-84.32, 33.73]}}, {"id": "421", "type": "Feature", "properties": {"wfo": "FFC", "type": "0", "magf": null, "l": "(\"2024-09-27 05:50:00-05\",0,,\"4 SW Gay\",Meriwether,GA,\"Dept of Highways\",\"GDOT reports tree limbs down on SR 109 SP both directions before Canopy Ln. All lanes closed.\",FFC,\"TROPICAL CYCLONE\",0101000020E6100000B81E85EB512855C048E17A14AE874040,202409271119-KFFC-NWUS52-LSRFFC,\"2024-09-27 06:19:00-05\",,,75537,)", "county": "Meriwether", "typetext": "TROPICAL CYCLONE", "state": "GA", "remark": "GDOT reports tree limbs down on SR 109 SP both directions before Canopy Ln. All lanes closed.", "city": "4 SW Gay", "source": "Dept of Highways", "unit": null, "valid": "2024-09-27T10:50:00Z", "lon": -84.63, "lat": 33.06, "qualifier": null, "product_id": "202409271119-KFFC-NWUS52-LSRFFC", "st": "GA", "magnitude": ""}, "geometry": {"type": "Point", "coordinates": [-84.63, 33.06]}}, {"id": "422", "type": "Feature", "properties": {"wfo": "FFC", "type": "0", "magf": null, "l": "(\"2024-09-27 05:58:00-05\",0,,\"3 ESE Douglasville\",Douglas,GA,\"Emergency Mngr\",\"A tree fell and blocked one lane of Pope Rd at Midway Rd.\",FFC,\"TROPICAL CYCLONE\",0101000020E6100000CDCCCCCCCC2C55C01F85EB51B8DE4040,202409271248-KFFC-NWUS52-LSRFFC,\"2024-09-27 07:48:00-05\",,,75486,)", "county": "Douglas", "typetext": "TROPICAL CYCLONE", "state": "GA", "remark": "A tree fell and blocked one lane of Pope Rd at Midway Rd.", "city": "3 ESE Douglasville", "source": "Emergency Mngr", "unit": null, "valid": "2024-09-27T10:58:00Z", "lon": -84.7, "lat": 33.74, "qualifier": null, "product_id": "202409271248-KFFC-NWUS52-LSRFFC", "st": "GA", "magnitude": ""}, "geometry": {"type": "Point", "coordinates": [-84.7, 33.74]}}, {"id": "423", "type": "Feature", "properties": {"wfo": "FFC", "type": "0", "magf": null, "l": "(\"2024-09-27 06:00:00-05\",0,,\"3 SE Williamson\",Pike,GA,\"Emergency Mngr\",\"A tree and power lines were downed across Patton Road at Starks Road.\",FFC,\"TROPICAL CYCLONE\",0101000020E610000014AE47E17A1455C03333333333934040,202409282354-KFFC-NWUS52-LSRFFC,\"2024-09-28 18:54:00-05\",,,75552,)", "county": "Pike", "typetext": "TROPICAL CYCLONE", "state": "GA", "remark": "A tree and power lines were downed across Patton Road at Starks Road.", "city": "3 SE Williamson", "source": "Emergency Mngr", "unit": null, "valid": "2024-09-27T11:00:00Z", "lon": -84.32, "lat": 33.15, "qualifier": null, "product_id": "202409282354-KFFC-NWUS52-LSRFFC", "st": "GA", "magnitude": ""}, "geometry": {"type": "Point", "coordinates": [-84.32, 33.15]}}, {"id": "424", "type": "Feature", "properties": {"wfo": "FFC", "type": "0", "magf": null, "l": "(\"2024-09-27 06:02:00-05\",0,,\"1 SW Williamson\",Pike,GA,\"Dept of Highways\",\"GDOT reports downed power lines on SR 362 both directions at Jonathans Roost Rd. All lanes closed.\",FFC,\"TROPICAL CYCLONE\",0101000020E610000048E17A14AE1755C0F6285C8FC2954040,202409271121-KFFC-NWUS52-LSRFFC,\"2024-09-27 06:21:00-05\",,,75552,)", "county": "Pike", "typetext": "TROPICAL CYCLONE", "state": "GA", "remark": "GDOT reports downed power lines on SR 362 both directions at Jonathans Roost Rd. All lanes closed.", "city": "1 SW Williamson", "source": "Dept of Highways", "unit": null, "valid": "2024-09-27T11:02:00Z", "lon": -84.37, "lat": 33.17, "qualifier": null, "product_id": "202409271121-KFFC-NWUS52-LSRFFC", "st": "GA", "magnitude": ""}, "geometry": {"type": "Point", "coordinates": [-84.37, 33.17]}}, {"id": "425", "type": "Feature", "properties": {"wfo": "FFC", "type": "0", "magf": null, "l": "(\"2024-09-27 06:06:00-05\",0,,\"2 N Tazewell\",Marion,GA,\"Dept of Highways\",\"Tree down on SR 240 before Water Wells Road.\",FFC,\"TROPICAL CYCLONE\",0101000020E61000005C8FC2F5281C55C014AE47E17A344040,202409271952-KFFC-NWUS52-LSRFFC,\"2024-09-27 14:52:00-05\",,,75536,)", "county": "Marion", "typetext": "TROPICAL CYCLONE", "state": "GA", "remark": "Tree down on SR 240 before Water Wells Road.", "city": "2 N Tazewell", "source": "Dept of Highways", "unit": null, "valid": "2024-09-27T11:06:00Z", "lon": -84.44, "lat": 32.41, "qualifier": null, "product_id": "202409271952-KFFC-NWUS52-LSRFFC", "st": "GA", "magnitude": ""}, "geometry": {"type": "Point", "coordinates": [-84.44, 32.41]}}, {"id": "426", "type": "Feature", "properties": {"wfo": "FFC", "type": "0", "magf": null, "l": "(\"2024-09-27 06:06:00-05\",0,,\"3 SW Tazewell\",Marion,GA,\"Dept of Highways\",\"Tree down on SR 136 between Harold Harris Road and Barwick Road.\",FFC,\"TROPICAL CYCLONE\",0101000020E61000001F85EB51B81E55C0CDCCCCCCCC2C4040,202409271954-KFFC-NWUS52-LSRFFC,\"2024-09-27 14:54:00-05\",,,75536,)", "county": "Marion", "typetext": "TROPICAL CYCLONE", "state": "GA", "remark": "Tree down on SR 136 between Harold Harris Road and Barwick Road.", "city": "3 SW Tazewell", "source": "Dept of Highways", "unit": null, "valid": "2024-09-27T11:06:00Z", "lon": -84.48, "lat": 32.35, "qualifier": null, "product_id": "202409271954-KFFC-NWUS52-LSRFFC", "st": "GA", "magnitude": ""}, "geometry": {"type": "Point", "coordinates": [-84.48, 32.35]}}, {"id": "427", "type": "Feature", "properties": {"wfo": "FFC", "type": "0", "magf": null, "l": "(\"2024-09-27 06:07:00-05\",0,,\"1 WNW Cedar Grove\",Laurens,GA,\"Dept of Highways\",\"Multiple trees were downed, blocking all lanes of US441.\",FFC,\"TROPICAL CYCLONE\",0101000020E61000000AD7A3703DBA54C0E17A14AE47214040,202409271836-KFFC-NWUS52-LSRFFC,\"2024-09-27 13:36:00-05\",,,75525,)", "county": "Laurens", "typetext": "TROPICAL CYCLONE", "state": "GA", "remark": "Multiple trees were downed, blocking all lanes of US441.", "city": "1 WNW Cedar Grove", "source": "Dept of Highways", "unit": null, "valid": "2024-09-27T11:07:00Z", "lon": -82.91, "lat": 32.26, "qualifier": null, "product_id": "202409271836-KFFC-NWUS52-LSRFFC", "st": "GA", "magnitude": ""}, "geometry": {"type": "Point", "coordinates": [-82.91, 32.26]}}, {"id": "428", "type": "Feature", "properties": {"wfo": "FFC", "type": "0", "magf": null, "l": "(\"2024-09-27 06:11:00-05\",0,,\"1 WNW Pannell\",Walton,GA,\"Emergency Mngr\",\"Powerlines down along S Madison Avenue.\",FFC,\"TROPICAL CYCLONE\",0101000020E6100000CDCCCCCCCCEC54C0C3F5285C8FE24040,202409292236-KFFC-NWUS52-LSRFFC,\"2024-09-29 17:36:00-05\",,,75585,)", "county": "Walton", "typetext": "TROPICAL CYCLONE", "state": "GA", "remark": "Powerlines down along S Madison Avenue.", "city": "1 WNW Pannell", "source": "Emergency Mngr", "unit": null, "valid": "2024-09-27T11:11:00Z", "lon": -83.7, "lat": 33.77, "qualifier": null, "product_id": "202409292236-KFFC-NWUS52-LSRFFC", "st": "GA", "magnitude": ""}, "geometry": {"type": "Point", "coordinates": [-83.7, 33.77]}}, {"id": "429", "type": "Feature", "properties": {"wfo": "FFC", "type": "0", "magf": null, "l": "(\"2024-09-27 06:21:00-05\",0,,Plainfield,Dodge,GA,\"Dept of Highways\",\"A tree and power lines were downed across Dublin Hwy and blocked all lanes.\",FFC,\"TROPICAL CYCLONE\",0101000020E61000006666666666C654C0A4703D0AD7234040,202409271844-KFFC-NWUS52-LSRFFC,\"2024-09-27 13:44:00-05\",,,75483,)", "county": "Dodge", "typetext": "TROPICAL CYCLONE", "state": "GA", "remark": "A tree and power lines were downed across Dublin Hwy and blocked all lanes.", "city": "Plainfield", "source": "Dept of Highways", "unit": null, "valid": "2024-09-27T11:21:00Z", "lon": -83.1, "lat": 32.28, "qualifier": null, "product_id": "202409271844-KFFC-NWUS52-LSRFFC", "st": "GA", "magnitude": ""}, "geometry": {"type": "Point", "coordinates": [-83.1, 32.28]}}, {"id": "430", "type": "Feature", "properties": {"wfo": "FFC", "type": "0", "magf": null, "l": "(\"2024-09-27 06:23:00-05\",0,,\"1 WNW Digbey\",Coweta,GA,\"Dept of Highways\",\"Corrects previous tropical cyclone report from 1 WNW Digbey. Tree down on semi truck on SR 16 EB before Spalding County Line.\",FFC,\"TROPICAL CYCLONE\",0101000020E610000000000000002055C0E17A14AE47A14040,202409271929-KFFC-NWUS52-LSRFFC,\"2024-09-27 14:29:00-05\",,,75476,)", "county": "Coweta", "typetext": "TROPICAL CYCLONE", "state": "GA", "remark": "Corrects previous tropical cyclone report from 1 WNW Digbey. Tree down on semi truck on SR 16 EB before Spalding County Line.", "city": "1 WNW Digbey", "source": "Dept of Highways", "unit": null, "valid": "2024-09-27T11:23:00Z", "lon": -84.5, "lat": 33.26, "qualifier": null, "product_id": "202409271929-KFFC-NWUS52-LSRFFC", "st": "GA", "magnitude": ""}, "geometry": {"type": "Point", "coordinates": [-84.5, 33.26]}}, {"id": "431", "type": "Feature", "properties": {"wfo": "FFC", "type": "0", "magf": null, "l": "(\"2024-09-27 06:23:00-05\",0,,\"3 NE Chapel Hill\",Douglas,GA,\"Emergency Mngr\",\"A tree was downed at Beaver Drive at Lake Monroe Road.\",FFC,\"TROPICAL CYCLONE\",0101000020E61000007B14AE47E12A55C05C8FC2F528DC4040,202409271250-KFFC-NWUS52-LSRFFC,\"2024-09-27 07:50:00-05\",,,75486,)", "county": "Douglas", "typetext": "TROPICAL CYCLONE", "state": "GA", "remark": "A tree was downed at Beaver Drive at Lake Monroe Road.", "city": "3 NE Chapel Hill", "source": "Emergency Mngr", "unit": null, "valid": "2024-09-27T11:23:00Z", "lon": -84.67, "lat": 33.72, "qualifier": null, "product_id": "202409271250-KFFC-NWUS52-LSRFFC", "st": "GA", "magnitude": ""}, "geometry": {"type": "Point", "coordinates": [-84.67, 33.72]}}, {"id": "432", "type": "Feature", "properties": {"wfo": "FFC", "type": "0", "magf": null, "l": "(\"2024-09-27 06:25:00-05\",0,,\"3 NE Bill Arp\",Douglas,GA,\"Emergency Mngr\",\"A tree fell and blocked the entire roadway in the 3900 block of Kings Hwy.\",FFC,\"TROPICAL CYCLONE\",0101000020E6100000E17A14AE473155C09A99999999D94040,202409271252-KFFC-NWUS52-LSRFFC,\"2024-09-27 07:52:00-05\",,,75486,)", "county": "Douglas", "typetext": "TROPICAL CYCLONE", "state": "GA", "remark": "A tree fell and blocked the entire roadway in the 3900 block of Kings Hwy.", "city": "3 NE Bill Arp", "source": "Emergency Mngr", "unit": null, "valid": "2024-09-27T11:25:00Z", "lon": -84.77, "lat": 33.7, "qualifier": null, "product_id": "202409271252-KFFC-NWUS52-LSRFFC", "st": "GA", "magnitude": ""}, "geometry": {"type": "Point", "coordinates": [-84.77, 33.7]}}, {"id": "433", "type": "Feature", "properties": {"wfo": "FFC", "type": "0", "magf": null, "l": "(\"2024-09-27 06:27:00-05\",0,,\"1 W Browndale\",Houston,GA,\"Dept of Highways\",\"Tree down on powerlines at SR 26 and County Line Road.\",FFC,\"TROPICAL CYCLONE\",0101000020E61000006666666666E654C048E17A14AE274040,202409280052-KFFC-NWUS52-LSRFFC,\"2024-09-27 19:52:00-05\",,,75514,)", "county": "Houston", "typetext": "TROPICAL CYCLONE", "state": "GA", "remark": "Tree down on powerlines at SR 26 and County Line Road.", "city": "1 W Browndale", "source": "Dept of Highways", "unit": null, "valid": "2024-09-27T11:27:00Z", "lon": -83.6, "lat": 32.31, "qualifier": null, "product_id": "202409280052-KFFC-NWUS52-LSRFFC", "st": "GA", "magnitude": ""}, "geometry": {"type": "Point", "coordinates": [-83.6, 32.31]}}, {"id": "434", "type": "Feature", "properties": {"wfo": "FFC", "type": "0", "magf": null, "l": "(\"2024-09-27 06:31:00-05\",0,,\"2 SSW Meansville\",Pike,GA,\"Dept of Highways\",\"Tree down at SR 3 at Killingsworth Road.\",FFC,\"TROPICAL CYCLONE\",0101000020E610000014AE47E17A1455C0C3F5285C8F824040,202409280006-KFFC-NWUS52-LSRFFC,\"2024-09-27 19:06:00-05\",,,75552,)", "county": "Pike", "typetext": "TROPICAL CYCLONE", "state": "GA", "remark": "Tree down at SR 3 at Killingsworth Road.", "city": "2 SSW Meansville", "source": "Dept of Highways", "unit": null, "valid": "2024-09-27T11:31:00Z", "lon": -84.32, "lat": 33.02, "qualifier": null, "product_id": "202409280006-KFFC-NWUS52-LSRFFC", "st": "GA", "magnitude": ""}, "geometry": {"type": "Point", "coordinates": [-84.32, 33.02]}}, {"id": "435", "type": "Feature", "properties": {"wfo": "FFC", "type": "0", "magf": null, "l": "(\"2024-09-27 06:33:00-05\",0,,\"1 NNW Madison\",Morgan,GA,\"Dept of Highways\",\"Tree down on Bostwick HWY near intersection fo Slaughter Veasley Road.\",FFC,\"TROPICAL CYCLONE\",0101000020E61000001F85EB51B8DE54C0AE47E17A14CE4040,202409271946-KFFC-NWUS52-LSRFFC,\"2024-09-27 14:46:00-05\",,,75542,)", "county": "Morgan", "typetext": "TROPICAL CYCLONE", "state": "GA", "remark": "Tree down on Bostwick HWY near intersection fo Slaughter Veasley Road.", "city": "1 NNW Madison", "source": "Dept of Highways", "unit": null, "valid": "2024-09-27T11:33:00Z", "lon": -83.48, "lat": 33.61, "qualifier": null, "product_id": "202409271946-KFFC-NWUS52-LSRFFC", "st": "GA", "magnitude": ""}, "geometry": {"type": "Point", "coordinates": [-83.48, 33.61]}}, {"id": "436", "type": "Feature", "properties": {"wfo": "FFC", "type": "0", "magf": null, "l": "(\"2024-09-27 06:33:00-05\",0,,\"3 ENE Pocataligo\",Madison,GA,\"Dept of Highways\",\"Tree down on HWY 174 between Dudley Road and Shiloh Fort Lamar Road.\",FFC,\"TROPICAL CYCLONE\",0101000020E61000001F85EB51B8CE54C07B14AE47E11A4140,202409272128-KFFC-NWUS52-LSRFFC,\"2024-09-27 16:28:00-05\",,,75535,)", "county": "Madison", "typetext": "TROPICAL CYCLONE", "state": "GA", "remark": "Tree down on HWY 174 between Dudley Road and Shiloh Fort Lamar Road.", "city": "3 ENE Pocataligo", "source": "Dept of Highways", "unit": null, "valid": "2024-09-27T11:33:00Z", "lon": -83.23, "lat": 34.21, "qualifier": null, "product_id": "202409272128-KFFC-NWUS52-LSRFFC", "st": "GA", "magnitude": ""}, "geometry": {"type": "Point", "coordinates": [-83.23, 34.21]}}, {"id": "437", "type": "Feature", "properties": {"wfo": "FFC", "type": "0", "magf": null, "l": "(\"2024-09-27 06:34:00-05\",0,,\"2 W Montrose\",Laurens,GA,\"Dept of Highways\",\"Tree down on I-16 EB west of GA HWY 278.\",FFC,\"TROPICAL CYCLONE\",0101000020E61000005C8FC2F528CC54C048E17A14AE474040,202409271949-KFFC-NWUS52-LSRFFC,\"2024-09-27 14:49:00-05\",,,75525,)", "county": "Laurens", "typetext": "TROPICAL CYCLONE", "state": "GA", "remark": "Tree down on I-16 EB west of GA HWY 278.", "city": "2 W Montrose", "source": "Dept of Highways", "unit": null, "valid": "2024-09-27T11:34:00Z", "lon": -83.19, "lat": 32.56, "qualifier": null, "product_id": "202409271949-KFFC-NWUS52-LSRFFC", "st": "GA", "magnitude": ""}, "geometry": {"type": "Point", "coordinates": [-83.19, 32.56]}}, {"id": "438", "type": "Feature", "properties": {"wfo": "FFC", "type": "0", "magf": null, "l": "(\"2024-09-27 06:36:00-05\",0,,\"1 NNE Loganville\",Walton,GA,\"Emergency Mngr\",\"A tree was downed on Eddie Byrd Ln at Winder Hwy.\",FFC,\"TROPICAL CYCLONE\",0101000020E6100000295C8FC2F5F854C0CDCCCCCCCCEC4040,202409292306-KFFC-NWUS52-LSRFFC,\"2024-09-29 18:06:00-05\",,,75585,)", "county": "Walton", "typetext": "TROPICAL CYCLONE", "state": "GA", "remark": "A tree was downed on Eddie Byrd Ln at Winder Hwy.", "city": "1 NNE Loganville", "source": "Emergency Mngr", "unit": null, "valid": "2024-09-27T11:36:00Z", "lon": -83.89, "lat": 33.85, "qualifier": null, "product_id": "202409292306-KFFC-NWUS52-LSRFFC", "st": "GA", "magnitude": ""}, "geometry": {"type": "Point", "coordinates": [-83.89, 33.85]}}, {"id": "439", "type": "Feature", "properties": {"wfo": "FFC", "type": "0", "magf": null, "l": "(\"2024-09-27 06:39:00-05\",0,,\"4 ESE Five Points\",Treutlen,GA,\"Dept of Highways\",\"A tree was downed on State Highway 46 and blocked one lane.\",FFC,\"TROPICAL CYCLONE\",0101000020E61000009A999999999954C03333333333334040,202409271852-KFFC-NWUS52-LSRFFC,\"2024-09-27 13:52:00-05\",,,75578,)", "county": "Treutlen", "typetext": "TROPICAL CYCLONE", "state": "GA", "remark": "A tree was downed on State Highway 46 and blocked one lane.", "city": "4 ESE Five Points", "source": "Dept of Highways", "unit": null, "valid": "2024-09-27T11:39:00Z", "lon": -82.4, "lat": 32.4, "qualifier": null, "product_id": "202409271852-KFFC-NWUS52-LSRFFC", "st": "GA", "magnitude": ""}, "geometry": {"type": "Point", "coordinates": [-82.4, 32.4]}}, {"id": "440", "type": "Feature", "properties": {"wfo": "FFC", "type": "0", "magf": null, "l": "(\"2024-09-27 06:42:00-05\",0,,\"1 SSW Turner Field\",Fulton,GA,Public,\"Tree down on 75/85 SB at University Ave.\",FFC,\"TROPICAL CYCLONE\",0101000020E61000009A999999991955C05C8FC2F528DC4040,202409280137-KFFC-NWUS52-LSRFFC,\"2024-09-27 20:37:00-05\",,,75498,)", "county": "Fulton", "typetext": "TROPICAL CYCLONE", "state": "GA", "remark": "Tree down on 75/85 SB at University Ave.", "city": "1 SSW Turner Field", "source": "Public", "unit": null, "valid": "2024-09-27T11:42:00Z", "lon": -84.4, "lat": 33.72, "qualifier": null, "product_id": "202409280137-KFFC-NWUS52-LSRFFC", "st": "GA", "magnitude": ""}, "geometry": {"type": "Point", "coordinates": [-84.4, 33.72]}}, {"id": "441", "type": "Feature", "properties": {"wfo": "FFC", "type": "0", "magf": null, "l": "(\"2024-09-27 06:42:00-05\",0,,\"2 N Harris City\",Meriwether,GA,\"Dept of Highways\",\"Tree down on SR 18 and Threadgill Road.\",FFC,\"TROPICAL CYCLONE\",0101000020E61000003D0AD7A3702D55C01F85EB51B87E4040,202409272019-KFFC-NWUS52-LSRFFC,\"2024-09-27 15:19:00-05\",,,75537,)", "county": "Meriwether", "typetext": "TROPICAL CYCLONE", "state": "GA", "remark": "Tree down on SR 18 and Threadgill Road.", "city": "2 N Harris City", "source": "Dept of Highways", "unit": null, "valid": "2024-09-27T11:42:00Z", "lon": -84.71, "lat": 32.99, "qualifier": null, "product_id": "202409272019-KFFC-NWUS52-LSRFFC", "st": "GA", "magnitude": ""}, "geometry": {"type": "Point", "coordinates": [-84.71, 32.99]}}, {"id": "442", "type": "Feature", "properties": {"wfo": "FFC", "type": "0", "magf": null, "l": "(\"2024-09-27 06:42:00-05\",0,,\"3 NNE Roopville\",Carroll,GA,\"Emergency Mngr\",\"Tre reported down across Nugget Rd.\",FFC,\"TROPICAL CYCLONE\",0101000020E610000048E17A14AE4755C01F85EB51B8BE4040,202409271821-KFFC-NWUS52-LSRFFC,\"2024-09-27 13:21:00-05\",,,75460,)", "county": "Carroll", "typetext": "TROPICAL CYCLONE", "state": "GA", "remark": "Tre reported down across Nugget Rd.", "city": "3 NNE Roopville", "source": "Emergency Mngr", "unit": null, "valid": "2024-09-27T11:42:00Z", "lon": -85.12, "lat": 33.49, "qualifier": null, "product_id": "202409271821-KFFC-NWUS52-LSRFFC", "st": "GA", "magnitude": ""}, "geometry": {"type": "Point", "coordinates": [-85.12, 33.49]}}, {"id": "443", "type": "Feature", "properties": {"wfo": "FFC", "type": "0", "magf": null, "l": "(\"2024-09-27 06:42:00-05\",0,,\"4 WSW Apalachee\",Morgan,GA,\"Dept of Highways\",\"Tree down on Bostwick Road between Sandy Creek Road and Prospect Road.\",FFC,\"TROPICAL CYCLONE\",0101000020E61000000000000000E054C014AE47E17AD44040,202409271959-KFFC-NWUS52-LSRFFC,\"2024-09-27 14:59:00-05\",,,75542,)", "county": "Morgan", "typetext": "TROPICAL CYCLONE", "state": "GA", "remark": "Tree down on Bostwick Road between Sandy Creek Road and Prospect Road.", "city": "4 WSW Apalachee", "source": "Dept of Highways", "unit": null, "valid": "2024-09-27T11:42:00Z", "lon": -83.5, "lat": 33.66, "qualifier": null, "product_id": "202409271959-KFFC-NWUS52-LSRFFC", "st": "GA", "magnitude": ""}, "geometry": {"type": "Point", "coordinates": [-83.5, 33.66]}}, {"id": "444", "type": "Feature", "properties": {"wfo": "FFC", "type": "0", "magf": null, "l": "(\"2024-09-27 06:47:00-05\",0,,\"1 NNE Pannell\",Walton,GA,\"Emergency Mngr\",\"Powerlines down along Gene Bell Road.\",FFC,\"TROPICAL CYCLONE\",0101000020E61000007B14AE47E1EA54C0A4703D0AD7E34040,202409292238-KFFC-NWUS52-LSRFFC,\"2024-09-29 17:38:00-05\",,,75585,)", "county": "Walton", "typetext": "TROPICAL CYCLONE", "state": "GA", "remark": "Powerlines down along Gene Bell Road.", "city": "1 NNE Pannell", "source": "Emergency Mngr", "unit": null, "valid": "2024-09-27T11:47:00Z", "lon": -83.67, "lat": 33.78, "qualifier": null, "product_id": "202409292238-KFFC-NWUS52-LSRFFC", "st": "GA", "magnitude": ""}, "geometry": {"type": "Point", "coordinates": [-83.67, 33.78]}}, {"id": "445", "type": "Feature", "properties": {"wfo": "FFC", "type": "0", "magf": null, "l": "(\"2024-09-27 06:47:00-05\",0,,\"1 WNW Digbey\",Coweta,GA,\"Dept of Highways\",\"Tree down on semi truck on SR 16 EB before Spalding County Line.\",FFC,\"TROPICAL CYCLONE\",0101000020E610000000000000002055C0E17A14AE47A14040,202409271915-KFFC-NWUS52-LSRFFC,\"2024-09-27 14:15:00-05\",,,75476,)", "county": "Coweta", "typetext": "TROPICAL CYCLONE", "state": "GA", "remark": "Tree down on semi truck on SR 16 EB before Spalding County Line.", "city": "1 WNW Digbey", "source": "Dept of Highways", "unit": null, "valid": "2024-09-27T11:47:00Z", "lon": -84.5, "lat": 33.26, "qualifier": null, "product_id": "202409271915-KFFC-NWUS52-LSRFFC", "st": "GA", "magnitude": ""}, "geometry": {"type": "Point", "coordinates": [-84.5, 33.26]}}, {"id": "446", "type": "Feature", "properties": {"wfo": "FFC", "type": "0", "magf": null, "l": "(\"2024-09-27 06:47:00-05\",0,,\"2 S Kirkwood\",DeKalb,GA,\"Dept of Highways\",\"Tree down I-20 EB before entrance to Flat Shoals Road.\",FFC,\"TROPICAL CYCLONE\",0101000020E610000014AE47E17A1455C03D0AD7A370DD4040,202409271913-KFFC-NWUS52-LSRFFC,\"2024-09-27 14:13:00-05\",,,75482,)", "county": "DeKalb", "typetext": "TROPICAL CYCLONE", "state": "GA", "remark": "Tree down I-20 EB before entrance to Flat Shoals Road.", "city": "2 S Kirkwood", "source": "Dept of Highways", "unit": null, "valid": "2024-09-27T11:47:00Z", "lon": -84.32, "lat": 33.73, "qualifier": null, "product_id": "202409271913-KFFC-NWUS52-LSRFFC", "st": "GA", "magnitude": ""}, "geometry": {"type": "Point", "coordinates": [-84.32, 33.73]}}, {"id": "447", "type": "Feature", "properties": {"wfo": "FFC", "type": "0", "magf": null, "l": "(\"2024-09-27 06:50:00-05\",0,,\"1 ENE Lexington\",Oglethorpe,GA,\"Dept of Highways\",\"Tree and powerlines down at intersection of Terrace Circle and Elberton Road.\",FFC,\"TROPICAL CYCLONE\",0101000020E61000006666666666C654C08FC2F5285CEF4040,202409272016-KFFC-NWUS52-LSRFFC,\"2024-09-27 15:16:00-05\",,,75547,)", "county": "Oglethorpe", "typetext": "TROPICAL CYCLONE", "state": "GA", "remark": "Tree and powerlines down at intersection of Terrace Circle and Elberton Road.", "city": "1 ENE Lexington", "source": "Dept of Highways", "unit": null, "valid": "2024-09-27T11:50:00Z", "lon": -83.1, "lat": 33.87, "qualifier": null, "product_id": "202409272016-KFFC-NWUS52-LSRFFC", "st": "GA", "magnitude": ""}, "geometry": {"type": "Point", "coordinates": [-83.1, 33.87]}}, {"id": "448", "type": "Feature", "properties": {"wfo": "FFC", "type": "0", "magf": null, "l": "(\"2024-09-27 06:51:00-05\",0,,\"2 WNW Sweetwater Creek\",Douglas,GA,\"Emergency Mngr\",\"A tree fell onto a home in the 2600 block of Winding Creek Drive. No injuries.\",FFC,\"TROPICAL CYCLONE\",0101000020E61000000AD7A3703D2A55C0E17A14AE47E14040,202409271255-KFFC-NWUS52-LSRFFC,\"2024-09-27 07:55:00-05\",,,75486,)", "county": "Douglas", "typetext": "TROPICAL CYCLONE", "state": "GA", "remark": "A tree fell onto a home in the 2600 block of Winding Creek Drive. No injuries.", "city": "2 WNW Sweetwater Creek", "source": "Emergency Mngr", "unit": null, "valid": "2024-09-27T11:51:00Z", "lon": -84.66, "lat": 33.76, "qualifier": null, "product_id": "202409271255-KFFC-NWUS52-LSRFFC", "st": "GA", "magnitude": ""}, "geometry": {"type": "Point", "coordinates": [-84.66, 33.76]}}, {"id": "449", "type": "Feature", "properties": {"wfo": "FFC", "type": "0", "magf": null, "l": "(\"2024-09-27 06:53:00-05\",0,,\"2 SSE Walnut Grove\",Walton,GA,\"Emergency Mngr\",\"Powerlines down along Jersey Walnut Grove Road SE.\",FFC,\"TROPICAL CYCLONE\",0101000020E6100000F6285C8FC2F554C05C8FC2F528DC4040,202409292241-KFFC-NWUS52-LSRFFC,\"2024-09-29 17:41:00-05\",,,75585,)", "county": "Walton", "typetext": "TROPICAL CYCLONE", "state": "GA", "remark": "Powerlines down along Jersey Walnut Grove Road SE.", "city": "2 SSE Walnut Grove", "source": "Emergency Mngr", "unit": null, "valid": "2024-09-27T11:53:00Z", "lon": -83.84, "lat": 33.72, "qualifier": null, "product_id": "202409292241-KFFC-NWUS52-LSRFFC", "st": "GA", "magnitude": ""}, "geometry": {"type": "Point", "coordinates": [-83.84, 33.72]}}, {"id": "450", "type": "Feature", "properties": {"wfo": "FFC", "type": "0", "magf": null, "l": "(\"2024-09-27 06:53:00-05\",0,,\"4 SE Pinefield Crossroa\",Banks,GA,\"Dept of Highways\",\"Tree down on HWY 51 between Martin Bridge Road and W. Ariail Road.\",FFC,\"TROPICAL CYCLONE\",0101000020E6100000295C8FC2F5D854C08FC2F5285C2F4140,202409272013-KFFC-NWUS52-LSRFFC,\"2024-09-27 15:13:00-05\",,,75444,)", "county": "Banks", "typetext": "TROPICAL CYCLONE", "state": "GA", "remark": "Tree down on HWY 51 between Martin Bridge Road and W. Ariail Road.", "city": "4 SE Pinefield Crossroa", "source": "Dept of Highways", "unit": null, "valid": "2024-09-27T11:53:00Z", "lon": -83.39, "lat": 34.37, "qualifier": null, "product_id": "202409272013-KFFC-NWUS52-LSRFFC", "st": "GA", "magnitude": ""}, "geometry": {"type": "Point", "coordinates": [-83.39, 34.37]}}, {"id": "451", "type": "Feature", "properties": {"wfo": "FFC", "type": "0", "magf": null, "l": "(\"2024-09-27 06:57:00-05\",0,,\"3 WSW Sharpsburg\",Coweta,GA,\"Dept of Highways\",\"Tree down on HWY 16 at Joe Cox Road.\",FFC,\"TROPICAL CYCLONE\",0101000020E6100000CDCCCCCCCC2C55C00AD7A3703DAA4040,202409272205-KFFC-NWUS52-LSRFFC,\"2024-09-27 17:05:00-05\",,,75476,)", "county": "Coweta", "typetext": "TROPICAL CYCLONE", "state": "GA", "remark": "Tree down on HWY 16 at Joe Cox Road.", "city": "3 WSW Sharpsburg", "source": "Dept of Highways", "unit": null, "valid": "2024-09-27T11:57:00Z", "lon": -84.7, "lat": 33.33, "qualifier": null, "product_id": "202409272205-KFFC-NWUS52-LSRFFC", "st": "GA", "magnitude": ""}, "geometry": {"type": "Point", "coordinates": [-84.7, 33.33]}}, {"id": "452", "type": "Feature", "properties": {"wfo": "FFC", "type": "0", "magf": null, "l": "(\"2024-09-27 06:58:00-05\",0,,\"1 NE Soperton\",Treutlen,GA,\"Dept of Highways\",\"Tree down across Swainsboro Highway between Gillis Street and Metter Road.\",FFC,\"TROPICAL CYCLONE\",0101000020E6100000F6285C8FC2A554C0713D0AD7A3304040,202409271918-KFFC-NWUS52-LSRFFC,\"2024-09-27 14:18:00-05\",,,75578,)", "county": "Treutlen", "typetext": "TROPICAL CYCLONE", "state": "GA", "remark": "Tree down across Swainsboro Highway between Gillis Street and Metter Road.", "city": "1 NE Soperton", "source": "Dept of Highways", "unit": null, "valid": "2024-09-27T11:58:00Z", "lon": -82.59, "lat": 32.38, "qualifier": null, "product_id": "202409271918-KFFC-NWUS52-LSRFFC", "st": "GA", "magnitude": ""}, "geometry": {"type": "Point", "coordinates": [-82.59, 32.38]}}, {"id": "453", "type": "Feature", "properties": {"wfo": "FFC", "type": "0", "magf": null, "l": "(\"2024-09-27 06:59:00-05\",0,,\"4 NNE Goldsboro\",Bleckley,GA,\"Dept of Highways\",\"Tree down on GA HWY 278 near Laurens/Bleckley County line.\",FFC,\"TROPICAL CYCLONE\",0101000020E61000003D0AD7A370CD54C0A4703D0AD7434040,202409271921-KFFC-NWUS52-LSRFFC,\"2024-09-27 14:21:00-05\",,,75450,)", "county": "Bleckley", "typetext": "TROPICAL CYCLONE", "state": "GA", "remark": "Tree down on GA HWY 278 near Laurens/Bleckley County line.", "city": "4 NNE Goldsboro", "source": "Dept of Highways", "unit": null, "valid": "2024-09-27T11:59:00Z", "lon": -83.21, "lat": 32.53, "qualifier": null, "product_id": "202409271921-KFFC-NWUS52-LSRFFC", "st": "GA", "magnitude": ""}, "geometry": {"type": "Point", "coordinates": [-83.21, 32.53]}}, {"id": "454", "type": "Feature", "properties": {"wfo": "FFC", "type": "0", "magf": null, "l": "(\"2024-09-27 07:01:00-05\",0,,\"1 WSW Monroe\",Walton,GA,\"Emergency Mngr\",\"*** 1 INJ *** A vehicle crashed into a fallen tree in the 600 block of McDaniel Street, resulting in one minor injury.\",FFC,\"TROPICAL CYCLONE\",0101000020E6100000AE47E17A14EE54C085EB51B81EE54040,202409292231-KFFC-NWUS52-LSRFFC,\"2024-09-29 17:31:00-05\",,,75585,)", "county": "Walton", "typetext": "TROPICAL CYCLONE", "state": "GA", "remark": "*** 1 INJ *** A vehicle crashed into a fallen tree in the 600 block of McDaniel Street, resulting in one minor injury.", "city": "1 WSW Monroe", "source": "Emergency Mngr", "unit": null, "valid": "2024-09-27T12:01:00Z", "lon": -83.72, "lat": 33.79, "qualifier": null, "product_id": "202409292231-KFFC-NWUS52-LSRFFC", "st": "GA", "magnitude": ""}, "geometry": {"type": "Point", "coordinates": [-83.72, 33.79]}}, {"id": "455", "type": "Feature", "properties": {"wfo": "FFC", "type": "0", "magf": null, "l": "(\"2024-09-27 07:03:00-05\",0,,\"1 WSW Nakomis\",Crawford,GA,\"Dept of Highways\",\"Tree and debris down at SR 96 and Crest Hill Street.\",FFC,\"TROPICAL CYCLONE\",0101000020E6100000713D0AD7A30055C085EB51B81E454040,202409280056-KFFC-NWUS52-LSRFFC,\"2024-09-27 19:56:00-05\",,,75477,)", "county": "Crawford", "typetext": "TROPICAL CYCLONE", "state": "GA", "remark": "Tree and debris down at SR 96 and Crest Hill Street.", "city": "1 WSW Nakomis", "source": "Dept of Highways", "unit": null, "valid": "2024-09-27T12:03:00Z", "lon": -84.01, "lat": 32.54, "qualifier": null, "product_id": "202409280056-KFFC-NWUS52-LSRFFC", "st": "GA", "magnitude": ""}, "geometry": {"type": "Point", "coordinates": [-84.01, 32.54]}}, {"id": "456", "type": "Feature", "properties": {"wfo": "FFC", "type": "0", "magf": null, "l": "(\"2024-09-27 07:04:00-05\",0,,\"2 SW James H. Floyd Sta\",Chattooga,GA,\"911 Call Center\",\"Large tree across roadway near the intersection of HWY 100 and Dodd Dr.\",FFC,\"TROPICAL CYCLONE\",0101000020E610000048E17A14AE5755C0F6285C8FC2354140,202409271205-KFFC-NWUS52-LSRFFC,\"2024-09-27 07:05:00-05\",,,75465,)", "county": "Chattooga", "typetext": "TROPICAL CYCLONE", "state": "GA", "remark": "Large tree across roadway near the intersection of HWY 100 and Dodd Dr.", "city": "2 SW James H. Floyd Sta", "source": "911 Call Center", "unit": null, "valid": "2024-09-27T12:04:00Z", "lon": -85.37, "lat": 34.42, "qualifier": null, "product_id": "202409271205-KFFC-NWUS52-LSRFFC", "st": "GA", "magnitude": ""}, "geometry": {"type": "Point", "coordinates": [-85.37, 34.42]}}, {"id": "457", "type": "Feature", "properties": {"wfo": "FFC", "type": "0", "magf": null, "l": "(\"2024-09-27 07:05:00-05\",0,,\"1 ENE Lexington\",Oglethorpe,GA,\"Dept of Highways\",\"Tree down at Elberton Road and Howard Thaxton Road.\",FFC,\"TROPICAL CYCLONE\",0101000020E6100000F6285C8FC2C554C0713D0AD7A3F04040,202409272001-KFFC-NWUS52-LSRFFC,\"2024-09-27 15:01:00-05\",,,75547,)", "county": "Oglethorpe", "typetext": "TROPICAL CYCLONE", "state": "GA", "remark": "Tree down at Elberton Road and Howard Thaxton Road.", "city": "1 ENE Lexington", "source": "Dept of Highways", "unit": null, "valid": "2024-09-27T12:05:00Z", "lon": -83.09, "lat": 33.88, "qualifier": null, "product_id": "202409272001-KFFC-NWUS52-LSRFFC", "st": "GA", "magnitude": ""}, "geometry": {"type": "Point", "coordinates": [-83.09, 33.88]}}, {"id": "458", "type": "Feature", "properties": {"wfo": "FFC", "type": "0", "magf": null, "l": "(\"2024-09-27 07:07:00-05\",0,,\"1 NNE Fairmount\",Gordon,GA,\"Dept of Highways\",\"Tree down on Scott Brown Road and Fairmount HWY.\",FFC,\"TROPICAL CYCLONE\",0101000020E61000005C8FC2F5282C55C09A99999999394140,202409272005-KFFC-NWUS52-LSRFFC,\"2024-09-27 15:05:00-05\",,,75502,)", "county": "Gordon", "typetext": "TROPICAL CYCLONE", "state": "GA", "remark": "Tree down on Scott Brown Road and Fairmount HWY.", "city": "1 NNE Fairmount", "source": "Dept of Highways", "unit": null, "valid": "2024-09-27T12:07:00Z", "lon": -84.69, "lat": 34.45, "qualifier": null, "product_id": "202409272005-KFFC-NWUS52-LSRFFC", "st": "GA", "magnitude": ""}, "geometry": {"type": "Point", "coordinates": [-84.69, 34.45]}}, {"id": "459", "type": "Feature", "properties": {"wfo": "FFC", "type": "0", "magf": null, "l": "(\"2024-09-27 07:08:00-05\",0,,\"1 SSW Plains\",Sumter,GA,\"Dept of Highways\",\"Tree down at SR 45 past Chavers Drive.\",FFC,\"TROPICAL CYCLONE\",0101000020E61000009A999999991955C0C3F5285C8F024040,202409272226-KFFC-NWUS52-LSRFFC,\"2024-09-27 17:26:00-05\",,,75567,)", "county": "Sumter", "typetext": "TROPICAL CYCLONE", "state": "GA", "remark": "Tree down at SR 45 past Chavers Drive.", "city": "1 SSW Plains", "source": "Dept of Highways", "unit": null, "valid": "2024-09-27T12:08:00Z", "lon": -84.4, "lat": 32.02, "qualifier": null, "product_id": "202409272226-KFFC-NWUS52-LSRFFC", "st": "GA", "magnitude": ""}, "geometry": {"type": "Point", "coordinates": [-84.4, 32.02]}}, {"id": "460", "type": "Feature", "properties": {"wfo": "FFC", "type": "0", "magf": null, "l": "(\"2024-09-27 07:08:00-05\",0,,\"2 ENE Lexington\",Oglethorpe,GA,\"Dept of Highways\",\"Tree down at Elberton Road and Fairground Road.\",FFC,\"TROPICAL CYCLONE\",0101000020E610000085EB51B81EC554C0713D0AD7A3F04040,202409272000-KFFC-NWUS52-LSRFFC,\"2024-09-27 15:00:00-05\",,,75547,)", "county": "Oglethorpe", "typetext": "TROPICAL CYCLONE", "state": "GA", "remark": "Tree down at Elberton Road and Fairground Road.", "city": "2 ENE Lexington", "source": "Dept of Highways", "unit": null, "valid": "2024-09-27T12:08:00Z", "lon": -83.08, "lat": 33.88, "qualifier": null, "product_id": "202409272000-KFFC-NWUS52-LSRFFC", "st": "GA", "magnitude": ""}, "geometry": {"type": "Point", "coordinates": [-83.08, 33.88]}}, {"id": "461", "type": "Feature", "properties": {"wfo": "FFC", "type": "0", "magf": null, "l": "(\"2024-09-27 07:08:00-05\",0,,Monroe,Walton,GA,\"Emergency Mngr\",\"Powerlines down along S Broad Street in downtown Monroe.\",FFC,\"TROPICAL CYCLONE\",0101000020E61000003D0AD7A370ED54C085EB51B81EE54040,202409292243-KFFC-NWUS52-LSRFFC,\"2024-09-29 17:43:00-05\",,,75585,)", "county": "Walton", "typetext": "TROPICAL CYCLONE", "state": "GA", "remark": "Powerlines down along S Broad Street in downtown Monroe.", "city": "Monroe", "source": "Emergency Mngr", "unit": null, "valid": "2024-09-27T12:08:00Z", "lon": -83.71, "lat": 33.79, "qualifier": null, "product_id": "202409292243-KFFC-NWUS52-LSRFFC", "st": "GA", "magnitude": ""}, "geometry": {"type": "Point", "coordinates": [-83.71, 33.79]}}, {"id": "462", "type": "Feature", "properties": {"wfo": "FFC", "type": "0", "magf": null, "l": "(\"2024-09-27 07:09:00-05\",0,,\"5 WSW Gillsville\",Hall,GA,\"Dept of Highways\",\"Tree down on HWY 323 between E Hall Road and Lebanon Church Road.\",FFC,\"TROPICAL CYCLONE\",0101000020E6100000AE47E17A14EE54C0A4703D0AD7234140,202409280010-KFFC-NWUS52-LSRFFC,\"2024-09-27 19:10:00-05\",,,75507,)", "county": "Hall", "typetext": "TROPICAL CYCLONE", "state": "GA", "remark": "Tree down on HWY 323 between E Hall Road and Lebanon Church Road.", "city": "5 WSW Gillsville", "source": "Dept of Highways", "unit": null, "valid": "2024-09-27T12:09:00Z", "lon": -83.72, "lat": 34.28, "qualifier": null, "product_id": "202409280010-KFFC-NWUS52-LSRFFC", "st": "GA", "magnitude": ""}, "geometry": {"type": "Point", "coordinates": [-83.72, 34.28]}}, {"id": "463", "type": "Feature", "properties": {"wfo": "FFC", "type": "0", "magf": null, "l": "(\"2024-09-27 07:10:00-05\",0,,\"1 SSW Monroe\",Walton,GA,\"Emergency Mngr\",\"Power lines were downed in the 300 block of Alcovy Street.\",FFC,\"TROPICAL CYCLONE\",0101000020E6100000AE47E17A14EE54C085EB51B81EE54040,202409292248-KFFC-NWUS52-LSRFFC,\"2024-09-29 17:48:00-05\",,,75585,)", "county": "Walton", "typetext": "TROPICAL CYCLONE", "state": "GA", "remark": "Power lines were downed in the 300 block of Alcovy Street.", "city": "1 SSW Monroe", "source": "Emergency Mngr", "unit": null, "valid": "2024-09-27T12:10:00Z", "lon": -83.72, "lat": 33.79, "qualifier": null, "product_id": "202409292248-KFFC-NWUS52-LSRFFC", "st": "GA", "magnitude": ""}, "geometry": {"type": "Point", "coordinates": [-83.72, 33.79]}}, {"id": "464", "type": "Feature", "properties": {"wfo": "FFC", "type": "0", "magf": null, "l": "(\"2024-09-27 07:16:00-05\",0,,\"2 SW Windsor\",Walton,GA,\"Emergency Mngr\",\"Power lines were downed in the 5500 block of Highway 81.\",FFC,\"TROPICAL CYCLONE\",0101000020E610000048E17A14AEF754C0AE47E17A14EE4040,202409292249-KFFC-NWUS52-LSRFFC,\"2024-09-29 17:49:00-05\",,,75585,)", "county": "Walton", "typetext": "TROPICAL CYCLONE", "state": "GA", "remark": "Power lines were downed in the 5500 block of Highway 81.", "city": "2 SW Windsor", "source": "Emergency Mngr", "unit": null, "valid": "2024-09-27T12:16:00Z", "lon": -83.87, "lat": 33.86, "qualifier": null, "product_id": "202409292249-KFFC-NWUS52-LSRFFC", "st": "GA", "magnitude": ""}, "geometry": {"type": "Point", "coordinates": [-83.87, 33.86]}}, {"id": "465", "type": "Feature", "properties": {"wfo": "FFC", "type": "0", "magf": null, "l": "(\"2024-09-27 07:17:00-05\",0,,\"3 NNW Centerville\",Houston,GA,\"Dept of Highways\",\"Tree down on SR 11 and Roger Road.\",FFC,\"TROPICAL CYCLONE\",0101000020E61000003D0AD7A370ED54C014AE47E17A544040,202409280054-KFFC-NWUS52-LSRFFC,\"2024-09-27 19:54:00-05\",,,75514,)", "county": "Houston", "typetext": "TROPICAL CYCLONE", "state": "GA", "remark": "Tree down on SR 11 and Roger Road.", "city": "3 NNW Centerville", "source": "Dept of Highways", "unit": null, "valid": "2024-09-27T12:17:00Z", "lon": -83.71, "lat": 32.66, "qualifier": null, "product_id": "202409280054-KFFC-NWUS52-LSRFFC", "st": "GA", "magnitude": ""}, "geometry": {"type": "Point", "coordinates": [-83.71, 32.66]}}, {"id": "466", "type": "Feature", "properties": {"wfo": "FFC", "type": "0", "magf": null, "l": "(\"2024-09-27 07:31:00-05\",0,,\"1 WSW Homer\",Banks,GA,\"Dept of Highways\",\"Tree down on Lula Road and Lynn Drive.\",FFC,\"TROPICAL CYCLONE\",0101000020E6100000E17A14AE47E154C00AD7A3703D2A4140,202409272214-KFFC-NWUS52-LSRFFC,\"2024-09-27 17:14:00-05\",,,75444,)", "county": "Banks", "typetext": "TROPICAL CYCLONE", "state": "GA", "remark": "Tree down on Lula Road and Lynn Drive.", "city": "1 WSW Homer", "source": "Dept of Highways", "unit": null, "valid": "2024-09-27T12:31:00Z", "lon": -83.52, "lat": 34.33, "qualifier": null, "product_id": "202409272214-KFFC-NWUS52-LSRFFC", "st": "GA", "magnitude": ""}, "geometry": {"type": "Point", "coordinates": [-83.52, 34.33]}}, {"id": "467", "type": "Feature", "properties": {"wfo": "FFC", "type": "0", "magf": null, "l": "(\"2024-09-27 07:34:00-05\",0,,\"2 N Youth\",Walton,GA,\"Emergency Mngr\",\"Power lines were downed on Tom Brewer Rd at Hoke Ct.\",FFC,\"TROPICAL CYCLONE\",0101000020E6100000D7A3703D0AF754C0295C8FC2F5E84040,202409292249-KFFC-NWUS52-LSRFFC,\"2024-09-29 17:49:00-05\",,,75585,)", "county": "Walton", "typetext": "TROPICAL CYCLONE", "state": "GA", "remark": "Power lines were downed on Tom Brewer Rd at Hoke Ct.", "city": "2 N Youth", "source": "Emergency Mngr", "unit": null, "valid": "2024-09-27T12:34:00Z", "lon": -83.86, "lat": 33.82, "qualifier": null, "product_id": "202409292249-KFFC-NWUS52-LSRFFC", "st": "GA", "magnitude": ""}, "geometry": {"type": "Point", "coordinates": [-83.86, 33.82]}}, {"id": "468", "type": "Feature", "properties": {"wfo": "FFC", "type": "0", "magf": null, "l": "(\"2024-09-27 07:40:00-05\",0,,\"1 N Farmington\",Oconee,GA,\"Dept of Highways\",\"Down tree at SR 24 and Old Farmington Road.\",FFC,\"TROPICAL CYCLONE\",0101000020E61000007B14AE47E1DA54C0A4703D0AD7E34040,202409272208-KFFC-NWUS52-LSRFFC,\"2024-09-27 17:08:00-05\",,,75546,)", "county": "Oconee", "typetext": "TROPICAL CYCLONE", "state": "GA", "remark": "Down tree at SR 24 and Old Farmington Road.", "city": "1 N Farmington", "source": "Dept of Highways", "unit": null, "valid": "2024-09-27T12:40:00Z", "lon": -83.42, "lat": 33.78, "qualifier": null, "product_id": "202409272208-KFFC-NWUS52-LSRFFC", "st": "GA", "magnitude": ""}, "geometry": {"type": "Point", "coordinates": [-83.42, 33.78]}}, {"id": "469", "type": "Feature", "properties": {"wfo": "FFC", "type": "0", "magf": null, "l": "(\"2024-09-27 07:40:00-05\",0,,\"2 SSW Hartsfield-Jackso\",Clayton,GA,\"Dept of Highways\",\"Tree down on exit 60 ramp on I-285 EB.\",FFC,\"TROPICAL CYCLONE\",0101000020E61000005C8FC2F5281C55C08FC2F5285CCF4040,202409272231-KFFC-NWUS52-LSRFFC,\"2024-09-27 17:31:00-05\",,,75469,)", "county": "Clayton", "typetext": "TROPICAL CYCLONE", "state": "GA", "remark": "Tree down on exit 60 ramp on I-285 EB.", "city": "2 SSW Hartsfield-Jackso", "source": "Dept of Highways", "unit": null, "valid": "2024-09-27T12:40:00Z", "lon": -84.44, "lat": 33.62, "qualifier": null, "product_id": "202409272231-KFFC-NWUS52-LSRFFC", "st": "GA", "magnitude": ""}, "geometry": {"type": "Point", "coordinates": [-84.44, 33.62]}}, {"id": "470", "type": "Feature", "properties": {"wfo": "FFC", "type": "0", "magf": null, "l": "(\"2024-09-27 07:42:00-05\",0,,\"1 NW Woodland\",Talbot,GA,\"Dept of Highways\",\"Downed tree at SR 41 before Woodland Drive.\",FFC,\"TROPICAL CYCLONE\",0101000020E610000014AE47E17A2455C085EB51B81E654040,202409272130-KFFC-NWUS52-LSRFFC,\"2024-09-27 16:30:00-05\",,,75568,)", "county": "Talbot", "typetext": "TROPICAL CYCLONE", "state": "GA", "remark": "Downed tree at SR 41 before Woodland Drive.", "city": "1 NW Woodland", "source": "Dept of Highways", "unit": null, "valid": "2024-09-27T12:42:00Z", "lon": -84.57, "lat": 32.79, "qualifier": null, "product_id": "202409272130-KFFC-NWUS52-LSRFFC", "st": "GA", "magnitude": ""}, "geometry": {"type": "Point", "coordinates": [-84.57, 32.79]}}, {"id": "471", "type": "Feature", "properties": {"wfo": "FFC", "type": "0", "magf": null, "l": "(\"2024-09-27 07:43:00-05\",0,,Cordele,Crisp,GA,\"Dept of Highways\",\"Multiple down at SR 280 and 6th Street.\",FFC,\"TROPICAL CYCLONE\",0101000020E610000052B81E85EBF154C0F6285C8FC2F53F40,202409272215-KFFC-NWUS52-LSRFFC,\"2024-09-27 17:15:00-05\",,,75478,)", "county": "Crisp", "typetext": "TROPICAL CYCLONE", "state": "GA", "remark": "Multiple down at SR 280 and 6th Street.", "city": "Cordele", "source": "Dept of Highways", "unit": null, "valid": "2024-09-27T12:43:00Z", "lon": -83.78, "lat": 31.96, "qualifier": null, "product_id": "202409272215-KFFC-NWUS52-LSRFFC", "st": "GA", "magnitude": ""}, "geometry": {"type": "Point", "coordinates": [-83.78, 31.96]}}, {"id": "472", "type": "Feature", "properties": {"wfo": "FFC", "type": "0", "magf": null, "l": "(\"2024-09-27 07:45:00-05\",0,,\"1 S Imlac\",Meriwether,GA,\"Dept of Highways\",\"Tree down at SR 74 and Carrolls Martin Road.\",FFC,\"TROPICAL CYCLONE\",0101000020E610000014AE47E17A2455C0E17A14AE47814040,202409280050-KFFC-NWUS52-LSRFFC,\"2024-09-27 19:50:00-05\",,,75537,)", "county": "Meriwether", "typetext": "TROPICAL CYCLONE", "state": "GA", "remark": "Tree down at SR 74 and Carrolls Martin Road.", "city": "1 S Imlac", "source": "Dept of Highways", "unit": null, "valid": "2024-09-27T12:45:00Z", "lon": -84.57, "lat": 33.01, "qualifier": null, "product_id": "202409280050-KFFC-NWUS52-LSRFFC", "st": "GA", "magnitude": ""}, "geometry": {"type": "Point", "coordinates": [-84.57, 33.01]}}, {"id": "473", "type": "Feature", "properties": {"wfo": "FFC", "type": "0", "magf": null, "l": "(\"2024-09-27 07:51:00-05\",0,,\"1 E Cordele\",Crisp,GA,\"Dept of Highways\",\"Multiple trees down on SR 30 and Pecan Street.\",FFC,\"TROPICAL CYCLONE\",0101000020E6100000713D0AD7A3F054C0F6285C8FC2F53F40,202409272152-KFFC-NWUS52-LSRFFC,\"2024-09-27 16:52:00-05\",,,75478,)", "county": "Crisp", "typetext": "TROPICAL CYCLONE", "state": "GA", "remark": "Multiple trees down on SR 30 and Pecan Street.", "city": "1 E Cordele", "source": "Dept of Highways", "unit": null, "valid": "2024-09-27T12:51:00Z", "lon": -83.76, "lat": 31.96, "qualifier": null, "product_id": "202409272152-KFFC-NWUS52-LSRFFC", "st": "GA", "magnitude": ""}, "geometry": {"type": "Point", "coordinates": [-83.76, 31.96]}}, {"id": "474", "type": "Feature", "properties": {"wfo": "FFC", "type": "0", "magf": null, "l": "(\"2024-09-27 07:53:00-05\",0,,\"2 SE Nicholasville\",Walton,GA,\"Emergency Mngr\",\"Power lines were downed in the 2200 block of Bold Springs Rd.\",FFC,\"TROPICAL CYCLONE\",0101000020E61000008FC2F5285CEF54C0CDCCCCCCCCEC4040,202409292252-KFFC-NWUS52-LSRFFC,\"2024-09-29 17:52:00-05\",,,75585,)", "county": "Walton", "typetext": "TROPICAL CYCLONE", "state": "GA", "remark": "Power lines were downed in the 2200 block of Bold Springs Rd.", "city": "2 SE Nicholasville", "source": "Emergency Mngr", "unit": null, "valid": "2024-09-27T12:53:00Z", "lon": -83.74, "lat": 33.85, "qualifier": null, "product_id": "202409292252-KFFC-NWUS52-LSRFFC", "st": "GA", "magnitude": ""}, "geometry": {"type": "Point", "coordinates": [-83.74, 33.85]}}, {"id": "475", "type": "Feature", "properties": {"wfo": "FFC", "type": "0", "magf": null, "l": "(\"2024-09-27 07:54:00-05\",0,,\"1 ENE Good Hope\",Walton,GA,\"Dept of Highways\",\"Tree down at SR 186 and Randolph Still Road.\",FFC,\"TROPICAL CYCLONE\",0101000020E6100000F6285C8FC2E554C085EB51B81EE54040,202409272206-KFFC-NWUS52-LSRFFC,\"2024-09-27 17:06:00-05\",,,75585,)", "county": "Walton", "typetext": "TROPICAL CYCLONE", "state": "GA", "remark": "Tree down at SR 186 and Randolph Still Road.", "city": "1 ENE Good Hope", "source": "Dept of Highways", "unit": null, "valid": "2024-09-27T12:54:00Z", "lon": -83.59, "lat": 33.79, "qualifier": null, "product_id": "202409272206-KFFC-NWUS52-LSRFFC", "st": "GA", "magnitude": ""}, "geometry": {"type": "Point", "coordinates": [-83.59, 33.79]}}, {"id": "476", "type": "Feature", "properties": {"wfo": "FFC", "type": "0", "magf": null, "l": "(\"2024-09-27 07:55:00-05\",0,,\"1 S Avondale Estates\",DeKalb,GA,Public,\"Report from mPING: Trees uprooted or snapped;.\",FFC,\"TROPICAL CYCLONE\",0101000020E6100000713D0AD7A31055C00000000000E04040,202409271637-KFFC-NWUS52-LSRFFC,\"2024-09-27 11:37:00-05\",,,75482,)", "county": "DeKalb", "typetext": "TROPICAL CYCLONE", "state": "GA", "remark": "Report from mPING: Trees uprooted or snapped;.", "city": "1 S Avondale Estates", "source": "Public", "unit": null, "valid": "2024-09-27T12:55:00Z", "lon": -84.26, "lat": 33.75, "qualifier": null, "product_id": "202409271637-KFFC-NWUS52-LSRFFC", "st": "GA", "magnitude": ""}, "geometry": {"type": "Point", "coordinates": [-84.26, 33.75]}}, {"id": "477", "type": "Feature", "properties": {"wfo": "FFC", "type": "0", "magf": null, "l": "(\"2024-09-27 07:56:00-05\",0,,\"1 ESE Mcdonough\",Henry,GA,\"Dept of Highways\",\"Flooding on SR 81 and Angie Drive.\",FFC,\"TROPICAL CYCLONE\",0101000020E6100000B81E85EB510855C0B81E85EB51B84040,202409280101-KFFC-NWUS52-LSRFFC,\"2024-09-27 20:01:00-05\",,,75513,)", "county": "Henry", "typetext": "TROPICAL CYCLONE", "state": "GA", "remark": "Flooding on SR 81 and Angie Drive.", "city": "1 ESE Mcdonough", "source": "Dept of Highways", "unit": null, "valid": "2024-09-27T12:56:00Z", "lon": -84.13, "lat": 33.44, "qualifier": null, "product_id": "202409280101-KFFC-NWUS52-LSRFFC", "st": "GA", "magnitude": ""}, "geometry": {"type": "Point", "coordinates": [-84.13, 33.44]}}, {"id": "478", "type": "Feature", "properties": {"wfo": "FFC", "type": "0", "magf": null, "l": "(\"2024-09-27 08:00:00-05\",0,,\"1 ESE Mcdonough\",Henry,GA,\"Dept of Highways\",\"Tree down on SR 81 E before Steele Dr.\",FFC,\"TROPICAL CYCLONE\",0101000020E6100000B81E85EB510855C0B81E85EB51B84040,202409272125-KFFC-NWUS52-LSRFFC,\"2024-09-27 16:25:00-05\",,,75513,)", "county": "Henry", "typetext": "TROPICAL CYCLONE", "state": "GA", "remark": "Tree down on SR 81 E before Steele Dr.", "city": "1 ESE Mcdonough", "source": "Dept of Highways", "unit": null, "valid": "2024-09-27T13:00:00Z", "lon": -84.13, "lat": 33.44, "qualifier": null, "product_id": "202409272125-KFFC-NWUS52-LSRFFC", "st": "GA", "magnitude": ""}, "geometry": {"type": "Point", "coordinates": [-84.13, 33.44]}}, {"id": "479", "type": "Feature", "properties": {"wfo": "FFC", "type": "0", "magf": null, "l": "(\"2024-09-27 08:03:00-05\",0,,\"2 SSE Cascade Heights\",Fulton,GA,\"Dept of Highways\",\"Tree down on Alison Court SW at Delowe Drive.\",FFC,\"TROPICAL CYCLONE\",0101000020E61000003D0AD7A3701D55C09A99999999D94040,202409272123-KFFC-NWUS52-LSRFFC,\"2024-09-27 16:23:00-05\",,,75498,)", "county": "Fulton", "typetext": "TROPICAL CYCLONE", "state": "GA", "remark": "Tree down on Alison Court SW at Delowe Drive.", "city": "2 SSE Cascade Heights", "source": "Dept of Highways", "unit": null, "valid": "2024-09-27T13:03:00Z", "lon": -84.46, "lat": 33.7, "qualifier": null, "product_id": "202409272123-KFFC-NWUS52-LSRFFC", "st": "GA", "magnitude": ""}, "geometry": {"type": "Point", "coordinates": [-84.46, 33.7]}}, {"id": "480", "type": "Feature", "properties": {"wfo": "FFC", "type": "0", "magf": null, "l": "(\"2024-09-27 08:08:00-05\",0,,\"1 NNE Union\",Dodge,GA,\"Dept of Highways\",\"Tree down on Abbeville HWY between Jerry Farmer Road and Studstill Road.\",FFC,\"TROPICAL CYCLONE\",0101000020E61000008FC2F5285CCF54C0AE47E17A140E4040,202409272020-KFFC-NWUS52-LSRFFC,\"2024-09-27 15:20:00-05\",,,75483,)", "county": "Dodge", "typetext": "TROPICAL CYCLONE", "state": "GA", "remark": "Tree down on Abbeville HWY between Jerry Farmer Road and Studstill Road.", "city": "1 NNE Union", "source": "Dept of Highways", "unit": null, "valid": "2024-09-27T13:08:00Z", "lon": -83.24, "lat": 32.11, "qualifier": null, "product_id": "202409272020-KFFC-NWUS52-LSRFFC", "st": "GA", "magnitude": ""}, "geometry": {"type": "Point", "coordinates": [-83.24, 32.11]}}, {"id": "481", "type": "Feature", "properties": {"wfo": "FFC", "type": "0", "magf": null, "l": "(\"2024-09-27 08:11:00-05\",0,,\"2 SW Chauncey\",Dodge,GA,\"Dept of Highways\",\"Tree down on HWY 165 between Jerry Wahl Road and Tucker Dr.\",FFC,\"TROPICAL CYCLONE\",0101000020E61000006666666666C654C0EC51B81E850B4040,202409272124-KFFC-NWUS52-LSRFFC,\"2024-09-27 16:24:00-05\",,,75483,)", "county": "Dodge", "typetext": "TROPICAL CYCLONE", "state": "GA", "remark": "Tree down on HWY 165 between Jerry Wahl Road and Tucker Dr.", "city": "2 SW Chauncey", "source": "Dept of Highways", "unit": null, "valid": "2024-09-27T13:11:00Z", "lon": -83.1, "lat": 32.09, "qualifier": null, "product_id": "202409272124-KFFC-NWUS52-LSRFFC", "st": "GA", "magnitude": ""}, "geometry": {"type": "Point", "coordinates": [-83.1, 32.09]}}, {"id": "482", "type": "Feature", "properties": {"wfo": "FFC", "type": "0", "magf": null, "l": "(\"2024-09-27 08:12:00-05\",0,,\"1 WSW Lakewood Park\",Fulton,GA,\"Dept of Highways\",\"Tree down on HWY 166 and Perkerson Road SW.\",FFC,\"TROPICAL CYCLONE\",0101000020E61000000AD7A3703D1A55C09A99999999D94040,202409272159-KFFC-NWUS52-LSRFFC,\"2024-09-27 16:59:00-05\",,,75498,)", "county": "Fulton", "typetext": "TROPICAL CYCLONE", "state": "GA", "remark": "Tree down on HWY 166 and Perkerson Road SW.", "city": "1 WSW Lakewood Park", "source": "Dept of Highways", "unit": null, "valid": "2024-09-27T13:12:00Z", "lon": -84.41, "lat": 33.7, "qualifier": null, "product_id": "202409272159-KFFC-NWUS52-LSRFFC", "st": "GA", "magnitude": ""}, "geometry": {"type": "Point", "coordinates": [-84.41, 33.7]}}, {"id": "483", "type": "Feature", "properties": {"wfo": "FFC", "type": "0", "magf": null, "l": "(\"2024-09-27 08:13:00-05\",0,,\"1 ESE Chauncey\",Dodge,GA,\"Dept of Highways\",\"Trees and powerlines down on McRae Highway and Hummingbird Lane.\",FFC,\"TROPICAL CYCLONE\",0101000020E61000003333333333C354C0CDCCCCCCCC0C4040,202409272228-KFFC-NWUS52-LSRFFC,\"2024-09-27 17:28:00-05\",,,75483,)", "county": "Dodge", "typetext": "TROPICAL CYCLONE", "state": "GA", "remark": "Trees and powerlines down on McRae Highway and Hummingbird Lane.", "city": "1 ESE Chauncey", "source": "Dept of Highways", "unit": null, "valid": "2024-09-27T13:13:00Z", "lon": -83.05, "lat": 32.1, "qualifier": null, "product_id": "202409272228-KFFC-NWUS52-LSRFFC", "st": "GA", "magnitude": ""}, "geometry": {"type": "Point", "coordinates": [-83.05, 32.1]}}, {"id": "484", "type": "Feature", "properties": {"wfo": "FFC", "type": "0", "magf": null, "l": "(\"2024-09-27 08:15:00-05\",0,,\"4 WNW Tremont\",Crisp,GA,\"Dept of Highways\",\"Multiple trees down on SR 257 at Dooly/Crisp County line.\",FFC,\"TROPICAL CYCLONE\",0101000020E6100000AE47E17A14EE54C0A4703D0AD7034040,202409272127-KFFC-NWUS52-LSRFFC,\"2024-09-27 16:27:00-05\",,,75478,)", "county": "Crisp", "typetext": "TROPICAL CYCLONE", "state": "GA", "remark": "Multiple trees down on SR 257 at Dooly/Crisp County line.", "city": "4 WNW Tremont", "source": "Dept of Highways", "unit": null, "valid": "2024-09-27T13:15:00Z", "lon": -83.72, "lat": 32.03, "qualifier": null, "product_id": "202409272127-KFFC-NWUS52-LSRFFC", "st": "GA", "magnitude": ""}, "geometry": {"type": "Point", "coordinates": [-83.72, 32.03]}}, {"id": "485", "type": "Feature", "properties": {"wfo": "FFC", "type": "0", "magf": null, "l": "(\"2024-09-27 08:18:00-05\",0,,\"1 ENE Yatesville\",Upson,GA,\"Dept of Highways\",\"Flooded roadway on HWY 74.\",FFC,\"TROPICAL CYCLONE\",0101000020E6100000B81E85EB510855C0F6285C8FC2754040,202409280055-KFFC-NWUS52-LSRFFC,\"2024-09-27 19:55:00-05\",,,75583,)", "county": "Upson", "typetext": "TROPICAL CYCLONE", "state": "GA", "remark": "Flooded roadway on HWY 74.", "city": "1 ENE Yatesville", "source": "Dept of Highways", "unit": null, "valid": "2024-09-27T13:18:00Z", "lon": -84.13, "lat": 32.92, "qualifier": null, "product_id": "202409280055-KFFC-NWUS52-LSRFFC", "st": "GA", "magnitude": ""}, "geometry": {"type": "Point", "coordinates": [-84.13, 32.92]}}, {"id": "486", "type": "Feature", "properties": {"wfo": "FFC", "type": "0", "magf": null, "l": "(\"2024-09-27 08:18:00-05\",0,,\"2 NW Wenona\",Crisp,GA,\"Dept of Highways\",\"Tree down at SR 300 between Haralson Road and HWY 41.\",FFC,\"TROPICAL CYCLONE\",0101000020E610000052B81E85EBF154C0EC51B81E85EB3F40,202409272219-KFFC-NWUS52-LSRFFC,\"2024-09-27 17:19:00-05\",,,75478,)", "county": "Crisp", "typetext": "TROPICAL CYCLONE", "state": "GA", "remark": "Tree down at SR 300 between Haralson Road and HWY 41.", "city": "2 NW Wenona", "source": "Dept of Highways", "unit": null, "valid": "2024-09-27T13:18:00Z", "lon": -83.78, "lat": 31.92, "qualifier": null, "product_id": "202409272219-KFFC-NWUS52-LSRFFC", "st": "GA", "magnitude": ""}, "geometry": {"type": "Point", "coordinates": [-83.78, 31.92]}}, {"id": "487", "type": "Feature", "properties": {"wfo": "FFC", "type": "0", "magf": null, "l": "(\"2024-09-27 08:23:00-05\",0,,\"3 ESE Shoulderbone\",Hancock,GA,\"Dept of Highways\",\"Multiple trees down on HWY 16 and Dixie Road.\",FFC,\"TROPICAL CYCLONE\",0101000020E6100000C3F5285C8FC254C0295C8FC2F5A84040,202409272144-KFFC-NWUS52-LSRFFC,\"2024-09-27 16:44:00-05\",,,75508,)", "county": "Hancock", "typetext": "TROPICAL CYCLONE", "state": "GA", "remark": "Multiple trees down on HWY 16 and Dixie Road.", "city": "3 ESE Shoulderbone", "source": "Dept of Highways", "unit": null, "valid": "2024-09-27T13:23:00Z", "lon": -83.04, "lat": 33.32, "qualifier": null, "product_id": "202409272144-KFFC-NWUS52-LSRFFC", "st": "GA", "magnitude": ""}, "geometry": {"type": "Point", "coordinates": [-83.04, 33.32]}}, {"id": "488", "type": "Feature", "properties": {"wfo": "FFC", "type": "0", "magf": null, "l": "(\"2024-09-27 08:51:00-05\",0,,Woodland,Talbot,GA,\"Dept of Highways\",\"Tree down at SR 36 at Pleasant Hill Street.\",FFC,\"TROPICAL CYCLONE\",0101000020E610000033333333332355C085EB51B81E654040,202409272224-KFFC-NWUS52-LSRFFC,\"2024-09-27 17:24:00-05\",,,75568,)", "county": "Talbot", "typetext": "TROPICAL CYCLONE", "state": "GA", "remark": "Tree down at SR 36 at Pleasant Hill Street.", "city": "Woodland", "source": "Dept of Highways", "unit": null, "valid": "2024-09-27T13:51:00Z", "lon": -84.55, "lat": 32.79, "qualifier": null, "product_id": "202409272224-KFFC-NWUS52-LSRFFC", "st": "GA", "magnitude": ""}, "geometry": {"type": "Point", "coordinates": [-84.55, 32.79]}}, {"id": "489", "type": "Feature", "properties": {"wfo": "FFC", "type": "0", "magf": null, "l": "(\"2024-09-27 09:00:00-05\",0,,\"1 ESE Covington\",Newton,GA,\"Emergency Mngr\",\"Tree down across the road near the intersection of Conyers St SE and Crestview Dr SE.\",FFC,\"TROPICAL CYCLONE\",0101000020E6100000F6285C8FC2F554C0EC51B81E85CB4040,202409271828-KFFC-NWUS52-LSRFFC,\"2024-09-27 13:28:00-05\",,,75545,)", "county": "Newton", "typetext": "TROPICAL CYCLONE", "state": "GA", "remark": "Tree down across the road near the intersection of Conyers St SE and Crestview Dr SE.", "city": "1 ESE Covington", "source": "Emergency Mngr", "unit": null, "valid": "2024-09-27T14:00:00Z", "lon": -83.84, "lat": 33.59, "qualifier": null, "product_id": "202409271828-KFFC-NWUS52-LSRFFC", "st": "GA", "magnitude": ""}, "geometry": {"type": "Point", "coordinates": [-83.84, 33.59]}}, {"id": "490", "type": "Feature", "properties": {"wfo": "FFC", "type": "0", "magf": null, "l": "(\"2024-09-27 09:00:00-05\",0,,\"2 E Lakeview\",Catoosa,GA,Public,\"Tree down on home on Trace Lane near the intersection of Biscayne Blvd.\",FFC,\"TROPICAL CYCLONE\",0101000020E6100000AE47E17A144E55C03D0AD7A3707D4140,202409272015-KFFC-NWUS52-LSRFFC,\"2024-09-27 15:15:00-05\",,,75461,)", "county": "Catoosa", "typetext": "TROPICAL CYCLONE", "state": "GA", "remark": "Tree down on home on Trace Lane near the intersection of Biscayne Blvd.", "city": "2 E Lakeview", "source": "Public", "unit": null, "valid": "2024-09-27T14:00:00Z", "lon": -85.22, "lat": 34.98, "qualifier": null, "product_id": "202409272015-KFFC-NWUS52-LSRFFC", "st": "GA", "magnitude": ""}, "geometry": {"type": "Point", "coordinates": [-85.22, 34.98]}}, {"id": "491", "type": "Feature", "properties": {"wfo": "FFC", "type": "0", "magf": null, "l": "(\"2024-09-27 09:04:00-05\",0,,\"2 ENE Byers Crossroads\",Carroll,GA,\"Emergency Mngr\",\"Tree down near the intersection of Lambert Rd and Wilson Rd.\",FFC,\"TROPICAL CYCLONE\",0101000020E610000085EB51B81E3555C085EB51B81EC54040,202409271823-KFFC-NWUS52-LSRFFC,\"2024-09-27 13:23:00-05\",,,75460,)", "county": "Carroll", "typetext": "TROPICAL CYCLONE", "state": "GA", "remark": "Tree down near the intersection of Lambert Rd and Wilson Rd.", "city": "2 ENE Byers Crossroads", "source": "Emergency Mngr", "unit": null, "valid": "2024-09-27T14:04:00Z", "lon": -84.83, "lat": 33.54, "qualifier": null, "product_id": "202409271823-KFFC-NWUS52-LSRFFC", "st": "GA", "magnitude": ""}, "geometry": {"type": "Point", "coordinates": [-84.83, 33.54]}}, {"id": "492", "type": "Feature", "properties": {"wfo": "FFC", "type": "0", "magf": null, "l": "(\"2024-09-27 09:04:00-05\",0,,\"2 SSW Brewton\",Laurens,GA,\"Dept of Highways\",\"Trees and powerlines down on US HWY 80 between Jerry Jester Road and Shellbridge Road.\",FFC,\"TROPICAL CYCLONE\",0101000020E6100000A4703D0AD7B354C0295C8FC2F5484040,202409272157-KFFC-NWUS52-LSRFFC,\"2024-09-27 16:57:00-05\",,,75525,)", "county": "Laurens", "typetext": "TROPICAL CYCLONE", "state": "GA", "remark": "Trees and powerlines down on US HWY 80 between Jerry Jester Road and Shellbridge Road.", "city": "2 SSW Brewton", "source": "Dept of Highways", "unit": null, "valid": "2024-09-27T14:04:00Z", "lon": -82.81, "lat": 32.57, "qualifier": null, "product_id": "202409272157-KFFC-NWUS52-LSRFFC", "st": "GA", "magnitude": ""}, "geometry": {"type": "Point", "coordinates": [-82.81, 32.57]}}, {"id": "493", "type": "Feature", "properties": {"wfo": "FFC", "type": "0", "magf": null, "l": "(\"2024-09-27 09:15:00-05\",0,,\"3 W Snellville\",Gwinnett,GA,Public,\"Report from mPING: Trees uprooted or snapped.\",FFC,\"TROPICAL CYCLONE\",0101000020E610000014AE47E17A0455C0AE47E17A14EE4040,202409271637-KFFC-NWUS52-LSRFFC,\"2024-09-27 11:37:00-05\",,,75505,)", "county": "Gwinnett", "typetext": "TROPICAL CYCLONE", "state": "GA", "remark": "Report from mPING: Trees uprooted or snapped.", "city": "3 W Snellville", "source": "Public", "unit": null, "valid": "2024-09-27T14:15:00Z", "lon": -84.07, "lat": 33.86, "qualifier": null, "product_id": "202409271637-KFFC-NWUS52-LSRFFC", "st": "GA", "magnitude": ""}, "geometry": {"type": "Point", "coordinates": [-84.07, 33.86]}}, {"id": "494", "type": "Feature", "properties": {"wfo": "FFC", "type": "0", "magf": null, "l": "(\"2024-09-27 09:16:00-05\",0,,\"3 S Madras\",Coweta,GA,\"Dept of Highways\",\"Tree down on I-85 NB at MM 49.\",FFC,\"TROPICAL CYCLONE\",0101000020E610000000000000003055C03333333333B34040,202409280058-KFFC-NWUS52-LSRFFC,\"2024-09-27 19:58:00-05\",,,75476,)", "county": "Coweta", "typetext": "TROPICAL CYCLONE", "state": "GA", "remark": "Tree down on I-85 NB at MM 49.", "city": "3 S Madras", "source": "Dept of Highways", "unit": null, "valid": "2024-09-27T14:16:00Z", "lon": -84.75, "lat": 33.4, "qualifier": null, "product_id": "202409280058-KFFC-NWUS52-LSRFFC", "st": "GA", "magnitude": ""}, "geometry": {"type": "Point", "coordinates": [-84.75, 33.4]}}, {"id": "495", "type": "Feature", "properties": {"wfo": "FFC", "type": "0", "magf": null, "l": "(\"2024-09-27 09:34:00-05\",0,,\"4 ESE Lula\",Banks,GA,\"Dept of Highways\",\"Tree down on HWY 51 at Hickory Flat Road.\",FFC,\"TROPICAL CYCLONE\",0101000020E61000006666666666E654C08FC2F5285C2F4140,202409280008-KFFC-NWUS52-LSRFFC,\"2024-09-27 19:08:00-05\",,,75444,)", "county": "Banks", "typetext": "TROPICAL CYCLONE", "state": "GA", "remark": "Tree down on HWY 51 at Hickory Flat Road.", "city": "4 ESE Lula", "source": "Dept of Highways", "unit": null, "valid": "2024-09-27T14:34:00Z", "lon": -83.6, "lat": 34.37, "qualifier": null, "product_id": "202409280008-KFFC-NWUS52-LSRFFC", "st": "GA", "magnitude": ""}, "geometry": {"type": "Point", "coordinates": [-83.6, 34.37]}}, {"id": "496", "type": "Feature", "properties": {"wfo": "FFC", "type": "0", "magf": null, "l": "(\"2024-09-27 09:42:00-05\",0,,\"4 S Juno\",Dawson,GA,\"Dept of Highways\",\"Large tree on HWY 53 and Voyles Road.\",FFC,\"TROPICAL CYCLONE\",0101000020E6100000CDCCCCCCCC0C55C0F6285C8FC2354140,202409280054-KFFC-NWUS52-LSRFFC,\"2024-09-27 19:54:00-05\",,,75480,)", "county": "Dawson", "typetext": "TROPICAL CYCLONE", "state": "GA", "remark": "Large tree on HWY 53 and Voyles Road.", "city": "4 S Juno", "source": "Dept of Highways", "unit": null, "valid": "2024-09-27T14:42:00Z", "lon": -84.2, "lat": 34.42, "qualifier": null, "product_id": "202409280054-KFFC-NWUS52-LSRFFC", "st": "GA", "magnitude": ""}, "geometry": {"type": "Point", "coordinates": [-84.2, 34.42]}}, {"id": "497", "type": "Feature", "properties": {"wfo": "FFC", "type": "0", "magf": null, "l": "(\"2024-09-27 09:48:00-05\",0,,\"1 W Irwinton\",Wilkinson,GA,\"Dept of Highways\",\"Broken power pole on roadway on Main Street between Laveudar Road and MLK Road.\",FFC,\"TROPICAL CYCLONE\",0101000020E61000005C8FC2F528CC54C048E17A14AE674040,202409280014-KFFC-NWUS52-LSRFFC,\"2024-09-27 19:14:00-05\",,,75596,)", "county": "Wilkinson", "typetext": "TROPICAL CYCLONE", "state": "GA", "remark": "Broken power pole on roadway on Main Street between Laveudar Road and MLK Road.", "city": "1 W Irwinton", "source": "Dept of Highways", "unit": null, "valid": "2024-09-27T14:48:00Z", "lon": -83.19, "lat": 32.81, "qualifier": null, "product_id": "202409280014-KFFC-NWUS52-LSRFFC", "st": "GA", "magnitude": ""}, "geometry": {"type": "Point", "coordinates": [-83.19, 32.81]}}, {"id": "498", "type": "Feature", "properties": {"wfo": "FFC", "type": "0", "magf": null, "l": "(\"2024-09-27 09:58:00-05\",0,,\"2 SSW Crawfordville\",Taliaferro,GA,\"Dept of Highways\",\"Tree down on I-20 EB at Sparta Road.\",FFC,\"TROPICAL CYCLONE\",0101000020E61000000AD7A3703DBA54C0A4703D0AD7C34040,202409280045-KFFC-NWUS52-LSRFFC,\"2024-09-27 19:45:00-05\",,,75569,)", "county": "Taliaferro", "typetext": "TROPICAL CYCLONE", "state": "GA", "remark": "Tree down on I-20 EB at Sparta Road.", "city": "2 SSW Crawfordville", "source": "Dept of Highways", "unit": null, "valid": "2024-09-27T14:58:00Z", "lon": -82.91, "lat": 33.53, "qualifier": null, "product_id": "202409280045-KFFC-NWUS52-LSRFFC", "st": "GA", "magnitude": ""}, "geometry": {"type": "Point", "coordinates": [-82.91, 33.53]}}, {"id": "499", "type": "Feature", "properties": {"wfo": "FFC", "type": "0", "magf": null, "l": "(\"2024-09-27 10:18:00-05\",0,,\"Turners Corner\",Lumpkin,GA,Public,\"Tree down across driveway near the intersection of HWY 19 and HWY 129.\",FFC,\"TROPICAL CYCLONE\",0101000020E61000009A99999999F954C014AE47E17A544140,202409271518-KFFC-NWUS52-LSRFFC,\"2024-09-27 10:18:00-05\",,,75531,)", "county": "Lumpkin", "typetext": "TROPICAL CYCLONE", "state": "GA", "remark": "Tree down across driveway near the intersection of HWY 19 and HWY 129.", "city": "Turners Corner", "source": "Public", "unit": null, "valid": "2024-09-27T15:18:00Z", "lon": -83.9, "lat": 34.66, "qualifier": null, "product_id": "202409271518-KFFC-NWUS52-LSRFFC", "st": "GA", "magnitude": ""}, "geometry": {"type": "Point", "coordinates": [-83.9, 34.66]}}, {"id": "500", "type": "Feature", "properties": {"wfo": "FFC", "type": "0", "magf": null, "l": "(\"2024-09-27 10:29:00-05\",0,,\"3 N Norwood\",Warren,GA,\"Dept of Highways\",\"Trees/debris down on I-20 blocking both directions at exit 160.\",FFC,\"TROPICAL CYCLONE\",0101000020E61000003D0AD7A370AD54C00000000000C04040,202409280049-KFFC-NWUS52-LSRFFC,\"2024-09-27 19:49:00-05\",,,75587,)", "county": "Warren", "typetext": "TROPICAL CYCLONE", "state": "GA", "remark": "Trees/debris down on I-20 blocking both directions at exit 160.", "city": "3 N Norwood", "source": "Dept of Highways", "unit": null, "valid": "2024-09-27T15:29:00Z", "lon": -82.71, "lat": 33.5, "qualifier": null, "product_id": "202409280049-KFFC-NWUS52-LSRFFC", "st": "GA", "magnitude": ""}, "geometry": {"type": "Point", "coordinates": [-82.71, 33.5]}}, {"id": "501", "type": "Feature", "properties": {"wfo": "FFC", "type": "0", "magf": null, "l": "(\"2024-09-27 10:47:00-05\",0,,\"2 ESE Sandy Plains\",Cobb,GA,Public,\"Tree down blocking the road near the intersection of Murdock Rd and Wicka Lake Dr.\",FFC,\"TROPICAL CYCLONE\",0101000020E61000003D0AD7A3701D55C00000000000004140,202409271548-KFFC-NWUS52-LSRFFC,\"2024-09-27 10:48:00-05\",,,75471,)", "county": "Cobb", "typetext": "TROPICAL CYCLONE", "state": "GA", "remark": "Tree down blocking the road near the intersection of Murdock Rd and Wicka Lake Dr.", "city": "2 ESE Sandy Plains", "source": "Public", "unit": null, "valid": "2024-09-27T15:47:00Z", "lon": -84.46, "lat": 34.0, "qualifier": null, "product_id": "202409271548-KFFC-NWUS52-LSRFFC", "st": "GA", "magnitude": ""}, "geometry": {"type": "Point", "coordinates": [-84.46, 34.0]}}, {"id": "502", "type": "Feature", "properties": {"wfo": "FFC", "type": "0", "magf": null, "l": "(\"2024-09-27 10:50:00-05\",0,,\"2 ESE Kennesaw State Un\",Cobb,GA,Public,\"Flooding along Bells Ferry Rd.\",FFC,\"TROPICAL CYCLONE\",0101000020E610000033333333332355C0C3F5285C8F024140,202409271551-KFFC-NWUS52-LSRFFC,\"2024-09-27 10:51:00-05\",,,75471,)", "county": "Cobb", "typetext": "TROPICAL CYCLONE", "state": "GA", "remark": "Flooding along Bells Ferry Rd.", "city": "2 ESE Kennesaw State Un", "source": "Public", "unit": null, "valid": "2024-09-27T15:50:00Z", "lon": -84.55, "lat": 34.02, "qualifier": null, "product_id": "202409271551-KFFC-NWUS52-LSRFFC", "st": "GA", "magnitude": ""}, "geometry": {"type": "Point", "coordinates": [-84.55, 34.02]}}, {"id": "503", "type": "Feature", "properties": {"wfo": "FFC", "type": "0", "magf": null, "l": "(\"2024-09-27 11:00:00-05\",0,,Warthen,Washington,GA,\"Dept of Highways\",\"Tree down on powerlines at Warthen Lane and HWY 15.\",FFC,\"TROPICAL CYCLONE\",0101000020E61000003333333333B354C0CDCCCCCCCC8C4040,202409280100-KFFC-NWUS52-LSRFFC,\"2024-09-27 20:00:00-05\",,,75588,)", "county": "Washington", "typetext": "TROPICAL CYCLONE", "state": "GA", "remark": "Tree down on powerlines at Warthen Lane and HWY 15.", "city": "Warthen", "source": "Dept of Highways", "unit": null, "valid": "2024-09-27T16:00:00Z", "lon": -82.8, "lat": 33.1, "qualifier": null, "product_id": "202409280100-KFFC-NWUS52-LSRFFC", "st": "GA", "magnitude": ""}, "geometry": {"type": "Point", "coordinates": [-82.8, 33.1]}}, {"id": "504", "type": "Feature", "properties": {"wfo": "FFC", "type": "0", "magf": null, "l": "(\"2024-09-27 11:32:00-05\",0,,\"5 SE Plainfield\",Dodge,GA,Public,\"Report from mPING: Trees uprooted or snapped;.\",FFC,\"TROPICAL CYCLONE\",0101000020E6100000A4703D0AD7C354C03D0AD7A3701D4040,202409271636-KFFC-NWUS52-LSRFFC,\"2024-09-27 11:36:00-05\",,,75483,)", "county": "Dodge", "typetext": "TROPICAL CYCLONE", "state": "GA", "remark": "Report from mPING: Trees uprooted or snapped;.", "city": "5 SE Plainfield", "source": "Public", "unit": null, "valid": "2024-09-27T16:32:00Z", "lon": -83.06, "lat": 32.23, "qualifier": null, "product_id": "202409271636-KFFC-NWUS52-LSRFFC", "st": "GA", "magnitude": ""}, "geometry": {"type": "Point", "coordinates": [-83.06, 32.23]}}, {"id": "505", "type": "Feature", "properties": {"wfo": "FFC", "type": "0", "magf": null, "l": "(\"2024-09-27 13:16:00-05\",0,,\"1 WSW Bowdon Junction\",Carroll,GA,\"Emergency Mngr\",\"Tree reported down across Meadowbrook Ln.\",FFC,\"TROPICAL CYCLONE\",0101000020E61000007B14AE47E14A55C03333333333D34040,202409271818-KFFC-NWUS52-LSRFFC,\"2024-09-27 13:18:00-05\",,,75460,)", "county": "Carroll", "typetext": "TROPICAL CYCLONE", "state": "GA", "remark": "Tree reported down across Meadowbrook Ln.", "city": "1 WSW Bowdon Junction", "source": "Emergency Mngr", "unit": null, "valid": "2024-09-27T18:16:00Z", "lon": -85.17, "lat": 33.65, "qualifier": null, "product_id": "202409271818-KFFC-NWUS52-LSRFFC", "st": "GA", "magnitude": ""}, "geometry": {"type": "Point", "coordinates": [-85.17, 33.65]}}, {"id": "506", "type": "Feature", "properties": {"wfo": "FFC", "type": "0", "magf": null, "l": "(\"2024-09-27 13:20:00-05\",0,,\"2 SW Loganville\",Walton,GA,\"Dept of Highways\",\"Powerlines down on Loganville HWY and Creekwood Dr.\",FFC,\"TROPICAL CYCLONE\",0101000020E6100000EC51B81E85FB54C0295C8FC2F5E84040,202409272155-KFFC-NWUS52-LSRFFC,\"2024-09-27 16:55:00-05\",,,75585,)", "county": "Walton", "typetext": "TROPICAL CYCLONE", "state": "GA", "remark": "Powerlines down on Loganville HWY and Creekwood Dr.", "city": "2 SW Loganville", "source": "Dept of Highways", "unit": null, "valid": "2024-09-27T18:20:00Z", "lon": -83.93, "lat": 33.82, "qualifier": null, "product_id": "202409272155-KFFC-NWUS52-LSRFFC", "st": "GA", "magnitude": ""}, "geometry": {"type": "Point", "coordinates": [-83.93, 33.82]}}, {"id": "507", "type": "Feature", "properties": {"wfo": "FFC", "type": "0", "magf": null, "l": "(\"2024-09-27 14:54:00-05\",0,,\"2 NNW Zaidee\",Treutlen,GA,\"Dept of Highways\",\"Tree down on US HWY 221 near GA HWY 227.\",FFC,\"TROPICAL CYCLONE\",0101000020E61000003333333333A354C014AE47E17A344040,202409271955-KFFC-NWUS52-LSRFFC,\"2024-09-27 14:55:00-05\",,,75578,)", "county": "Treutlen", "typetext": "TROPICAL CYCLONE", "state": "GA", "remark": "Tree down on US HWY 221 near GA HWY 227.", "city": "2 NNW Zaidee", "source": "Dept of Highways", "unit": null, "valid": "2024-09-27T19:54:00Z", "lon": -82.55, "lat": 32.41, "qualifier": null, "product_id": "202409271955-KFFC-NWUS52-LSRFFC", "st": "GA", "magnitude": ""}, "geometry": {"type": "Point", "coordinates": [-82.55, 32.41]}}, {"id": "508", "type": "Feature", "properties": {"wfo": "FFC", "type": "0", "magf": null, "l": "(\"2024-09-27 16:28:00-05\",0,,\"3 NE Maysville\",Banks,GA,\"Dept of Highways\",\"Tree down on HWY 98 near Carson Segars Road.\",FFC,\"TROPICAL CYCLONE\",0101000020E610000052B81E85EBE154C085EB51B81E254140,202409272129-KFFC-NWUS52-LSRFFC,\"2024-09-27 16:29:00-05\",,,75444,)", "county": "Banks", "typetext": "TROPICAL CYCLONE", "state": "GA", "remark": "Tree down on HWY 98 near Carson Segars Road.", "city": "3 NE Maysville", "source": "Dept of Highways", "unit": null, "valid": "2024-09-27T21:28:00Z", "lon": -83.53, "lat": 34.29, "qualifier": null, "product_id": "202409272129-KFFC-NWUS52-LSRFFC", "st": "GA", "magnitude": ""}, "geometry": {"type": "Point", "coordinates": [-83.53, 34.29]}}, {"id": "509", "type": "Feature", "properties": {"wfo": "FFC", "type": "0", "magf": null, "l": "(\"2024-09-27 19:11:00-05\",0,,\"1 ENE Homer\",Banks,GA,\"Dept of Highways\",\"Tree down on HWY 51 before McCoy Bridge Road.\",FFC,\"TROPICAL CYCLONE\",0101000020E61000008FC2F5285CDF54C0EC51B81E852B4140,202409280012-KFFC-NWUS52-LSRFFC,\"2024-09-27 19:12:00-05\",,,75444,)", "county": "Banks", "typetext": "TROPICAL CYCLONE", "state": "GA", "remark": "Tree down on HWY 51 before McCoy Bridge Road.", "city": "1 ENE Homer", "source": "Dept of Highways", "unit": null, "valid": "2024-09-28T00:11:00Z", "lon": -83.49, "lat": 34.34, "qualifier": null, "product_id": "202409280012-KFFC-NWUS52-LSRFFC", "st": "GA", "magnitude": ""}, "geometry": {"type": "Point", "coordinates": [-83.49, 34.34]}}, {"id": "510", "type": "Feature", "properties": {"wfo": "FFC", "type": "D", "magf": null, "l": "(\"2024-09-27 02:38:00-05\",D,,\"4 E Sandersville\",Washington,GA,Public,\"Report from mPING: Trees uprooted or snapped;.\",FFC,\"TSTM WND DMG\",0101000020E61000008FC2F5285CAF54C05C8FC2F5287C4040,202409271151-KFFC-NWUS52-LSRFFC,\"2024-09-27 06:51:00-05\",,,75588,)", "county": "Washington", "typetext": "TSTM WND DMG", "state": "GA", "remark": "Report from mPING: Trees uprooted or snapped;.", "city": "4 E Sandersville", "source": "Public", "unit": null, "valid": "2024-09-27T07:38:00Z", "lon": -82.74, "lat": 32.97, "qualifier": null, "product_id": "202409271151-KFFC-NWUS52-LSRFFC", "st": "GA", "magnitude": ""}, "geometry": {"type": "Point", "coordinates": [-82.74, 32.97]}}, {"id": "511", "type": "Feature", "properties": {"wfo": "FFC", "type": "E", "magf": null, "l": "(\"2024-09-26 14:15:00-05\",E,,\"1 NW Between\",Walton,GA,Public,\"Report from mPING: River/Creek overflowing; Cropland/Yard/Basement Flooding.\",FFC,FLOOD,0101000020E610000014AE47E17AF454C0EC51B81E85EB4040,202409271150-KFFC-NWUS52-LSRFFC,\"2024-09-27 06:50:00-05\",,,75585,)", "county": "Walton", "typetext": "FLOOD", "state": "GA", "remark": "Report from mPING: River/Creek overflowing; Cropland/Yard/Basement Flooding.", "city": "1 NW Between", "source": "Public", "unit": null, "valid": "2024-09-26T19:15:00Z", "lon": -83.82, "lat": 33.84, "qualifier": null, "product_id": "202409271150-KFFC-NWUS52-LSRFFC", "st": "GA", "magnitude": ""}, "geometry": {"type": "Point", "coordinates": [-83.82, 33.84]}}, {"id": "512", "type": "Feature", "properties": {"wfo": "FFC", "type": "E", "magf": null, "l": "(\"2024-09-26 15:25:00-05\",E,,\"1 NE Duluth\",Gwinnett,GA,Public,\"Report from mPING: River/Creek overflowing; Cropland/Yard/Basement Flooding.\",FFC,FLOOD,0101000020E6100000B81E85EB510855C0E17A14AE47014140,202409271153-KFFC-NWUS52-LSRFFC,\"2024-09-27 06:53:00-05\",,,75505,)", "county": "Gwinnett", "typetext": "FLOOD", "state": "GA", "remark": "Report from mPING: River/Creek overflowing; Cropland/Yard/Basement Flooding.", "city": "1 NE Duluth", "source": "Public", "unit": null, "valid": "2024-09-26T20:25:00Z", "lon": -84.13, "lat": 34.01, "qualifier": null, "product_id": "202409271153-KFFC-NWUS52-LSRFFC", "st": "GA", "magnitude": ""}, "geometry": {"type": "Point", "coordinates": [-84.13, 34.01]}}, {"id": "513", "type": "Feature", "properties": {"wfo": "FFC", "type": "E", "magf": null, "l": "(\"2024-09-26 16:57:00-05\",E,,\"3 NE Hampton\",Henry,GA,Public,\"Report from mPING: River/Creek overflowing; Cropland/Yard/Basement Flooding.\",FFC,FLOOD,0101000020E610000000000000001055C0F6285C8FC2B54040,202409271152-KFFC-NWUS52-LSRFFC,\"2024-09-27 06:52:00-05\",,,75513,)", "county": "Henry", "typetext": "FLOOD", "state": "GA", "remark": "Report from mPING: River/Creek overflowing; Cropland/Yard/Basement Flooding.", "city": "3 NE Hampton", "source": "Public", "unit": null, "valid": "2024-09-26T21:57:00Z", "lon": -84.25, "lat": 33.42, "qualifier": null, "product_id": "202409271152-KFFC-NWUS52-LSRFFC", "st": "GA", "magnitude": ""}, "geometry": {"type": "Point", "coordinates": [-84.25, 33.42]}}, {"id": "514", "type": "Feature", "properties": {"wfo": "FFC", "type": "E", "magf": null, "l": "(\"2024-09-27 02:26:00-05\",E,,\"1 SE Burnt Hickory Ridg\",Paulding,GA,\"Emergency Mngr\",\"Portions of Benson Lake Rd are closed due to flooding.\",FFC,FLOOD,0101000020E6100000F6285C8FC23555C0E17A14AE47014140,202409271530-KFFC-NWUS52-LSRFFC,\"2024-09-27 10:30:00-05\",,,75548,)", "county": "Paulding", "typetext": "FLOOD", "state": "GA", "remark": "Portions of Benson Lake Rd are closed due to flooding.", "city": "1 SE Burnt Hickory Ridg", "source": "Emergency Mngr", "unit": null, "valid": "2024-09-27T07:26:00Z", "lon": -84.84, "lat": 34.01, "qualifier": null, "product_id": "202409271530-KFFC-NWUS52-LSRFFC", "st": "GA", "magnitude": ""}, "geometry": {"type": "Point", "coordinates": [-84.84, 34.01]}}, {"id": "515", "type": "Feature", "properties": {"wfo": "FFC", "type": "E", "magf": null, "l": "(\"2024-09-27 04:33:00-05\",E,,\"1 SW Summerville\",Chattooga,GA,\"911 Call Center\",\"Traffic diverted due to standing water in the road.\",FFC,FLOOD,0101000020E6100000D7A3703D0A5755C05C8FC2F5283C4140,202409271203-KFFC-NWUS52-LSRFFC,\"2024-09-27 07:03:00-05\",,,75465,)", "county": "Chattooga", "typetext": "FLOOD", "state": "GA", "remark": "Traffic diverted due to standing water in the road.", "city": "1 SW Summerville", "source": "911 Call Center", "unit": null, "valid": "2024-09-27T09:33:00Z", "lon": -85.36, "lat": 34.47, "qualifier": null, "product_id": "202409271203-KFFC-NWUS52-LSRFFC", "st": "GA", "magnitude": ""}, "geometry": {"type": "Point", "coordinates": [-85.36, 34.47]}}, {"id": "516", "type": "Feature", "properties": {"wfo": "FFC", "type": "E", "magf": null, "l": "(\"2024-09-27 05:55:00-05\",E,,\"3 NW Brownsville\",Paulding,GA,\"Emergency Mngr\",\"Portions of Garmon and Waters Rd are closed due to flooding.\",FFC,FLOOD,0101000020E610000052B81E85EB3155C00AD7A3703DEA4040,202409271535-KFFC-NWUS52-LSRFFC,\"2024-09-27 10:35:00-05\",,,75548,)", "county": "Paulding", "typetext": "FLOOD", "state": "GA", "remark": "Portions of Garmon and Waters Rd are closed due to flooding.", "city": "3 NW Brownsville", "source": "Emergency Mngr", "unit": null, "valid": "2024-09-27T10:55:00Z", "lon": -84.78, "lat": 33.83, "qualifier": null, "product_id": "202409271535-KFFC-NWUS52-LSRFFC", "st": "GA", "magnitude": ""}, "geometry": {"type": "Point", "coordinates": [-84.78, 33.83]}}, {"id": "517", "type": "Feature", "properties": {"wfo": "FFC", "type": "E", "magf": null, "l": "(\"2024-09-27 06:16:00-05\",E,,\"1 NE Fish Creek\",Polk,GA,Public,\"Report from mPING: River/Creek overflowing; Cropland/Yard/Basement Flooding.\",FFC,FLOOD,0101000020E6100000D7A3703D0A4755C0C3F5285C8F024140,202409271151-KFFC-NWUS52-LSRFFC,\"2024-09-27 06:51:00-05\",,,75553,)", "county": "Polk", "typetext": "FLOOD", "state": "GA", "remark": "Report from mPING: River/Creek overflowing; Cropland/Yard/Basement Flooding.", "city": "1 NE Fish Creek", "source": "Public", "unit": null, "valid": "2024-09-27T11:16:00Z", "lon": -85.11, "lat": 34.02, "qualifier": null, "product_id": "202409271151-KFFC-NWUS52-LSRFFC", "st": "GA", "magnitude": ""}, "geometry": {"type": "Point", "coordinates": [-85.11, 34.02]}}, {"id": "518", "type": "Feature", "properties": {"wfo": "FFC", "type": "E", "magf": null, "l": "(\"2024-09-27 06:53:00-05\",E,,\"2 SE Hiram\",Paulding,GA,\"Emergency Mngr\",\"Morris Rd closed due to flooding.\",FFC,FLOOD,0101000020E61000001F85EB51B82E55C0AE47E17A14EE4040,202409271540-KFFC-NWUS52-LSRFFC,\"2024-09-27 10:40:00-05\",,,75548,)", "county": "Paulding", "typetext": "FLOOD", "state": "GA", "remark": "Morris Rd closed due to flooding.", "city": "2 SE Hiram", "source": "Emergency Mngr", "unit": null, "valid": "2024-09-27T11:53:00Z", "lon": -84.73, "lat": 33.86, "qualifier": null, "product_id": "202409271540-KFFC-NWUS52-LSRFFC", "st": "GA", "magnitude": ""}, "geometry": {"type": "Point", "coordinates": [-84.73, 33.86]}}, {"id": "519", "type": "Feature", "properties": {"wfo": "FFC", "type": "E", "magf": null, "l": "(\"2024-09-27 07:02:00-05\",E,,\"1 NE Trion\",Chattooga,GA,\"Emergency Mngr\",\"Water across the roadway and is becoming impassable.\",FFC,FLOOD,0101000020E6100000C3F5285C8F5255C048E17A14AE474140,202409271231-KFFC-NWUS52-LSRFFC,\"2024-09-27 07:31:00-05\",,,75465,)", "county": "Chattooga", "typetext": "FLOOD", "state": "GA", "remark": "Water across the roadway and is becoming impassable.", "city": "1 NE Trion", "source": "Emergency Mngr", "unit": null, "valid": "2024-09-27T12:02:00Z", "lon": -85.29, "lat": 34.56, "qualifier": null, "product_id": "202409271231-KFFC-NWUS52-LSRFFC", "st": "GA", "magnitude": ""}, "geometry": {"type": "Point", "coordinates": [-85.29, 34.56]}}, {"id": "520", "type": "Feature", "properties": {"wfo": "FFC", "type": "E", "magf": null, "l": "(\"2024-09-27 07:02:00-05\",E,,Summerville,Chattooga,GA,\"Emergency Mngr\",\"Water across both Ramney St and Scoggins Street.\",FFC,FLOOD,0101000020E610000066666666665655C01F85EB51B83E4140,202409271226-KFFC-NWUS52-LSRFFC,\"2024-09-27 07:26:00-05\",,,75465,)", "county": "Chattooga", "typetext": "FLOOD", "state": "GA", "remark": "Water across both Ramney St and Scoggins Street.", "city": "Summerville", "source": "Emergency Mngr", "unit": null, "valid": "2024-09-27T12:02:00Z", "lon": -85.35, "lat": 34.49, "qualifier": null, "product_id": "202409271226-KFFC-NWUS52-LSRFFC", "st": "GA", "magnitude": ""}, "geometry": {"type": "Point", "coordinates": [-85.35, 34.49]}}, {"id": "521", "type": "Feature", "properties": {"wfo": "FFC", "type": "E", "magf": null, "l": "(\"2024-09-27 07:13:00-05\",E,,\"3 NW Mount Bethel\",Cobb,GA,Public,\"Report from mPING: River/Creek overflowing; Cropland/Yard/Basement Flooding.\",FFC,FLOOD,0101000020E6100000CDCCCCCCCC1C55C00000000000004140,202409271638-KFFC-NWUS52-LSRFFC,\"2024-09-27 11:38:00-05\",,,75471,)", "county": "Cobb", "typetext": "FLOOD", "state": "GA", "remark": "Report from mPING: River/Creek overflowing; Cropland/Yard/Basement Flooding.", "city": "3 NW Mount Bethel", "source": "Public", "unit": null, "valid": "2024-09-27T12:13:00Z", "lon": -84.45, "lat": 34.0, "qualifier": null, "product_id": "202409271638-KFFC-NWUS52-LSRFFC", "st": "GA", "magnitude": ""}, "geometry": {"type": "Point", "coordinates": [-84.45, 34.0]}}, {"id": "522", "type": "Feature", "properties": {"wfo": "FFC", "type": "E", "magf": null, "l": "(\"2024-09-27 09:41:00-05\",E,,\"2 ENE Bolton\",Fulton,GA,\"Broadcast Media\",\"Water over roadway along Peachtree Creek near the intersection of Bohler Rd and Hanover W Dr NW.\",FFC,FLOOD,0101000020E6100000EC51B81E851B55C0295C8FC2F5E84040,202409271441-KFFC-NWUS52-LSRFFC,\"2024-09-27 09:41:00-05\",,,75498,)", "county": "Fulton", "typetext": "FLOOD", "state": "GA", "remark": "Water over roadway along Peachtree Creek near the intersection of Bohler Rd and Hanover W Dr NW.", "city": "2 ENE Bolton", "source": "Broadcast Media", "unit": null, "valid": "2024-09-27T14:41:00Z", "lon": -84.43, "lat": 33.82, "qualifier": null, "product_id": "202409271441-KFFC-NWUS52-LSRFFC", "st": "GA", "magnitude": ""}, "geometry": {"type": "Point", "coordinates": [-84.43, 33.82]}}, {"id": "523", "type": "Feature", "properties": {"wfo": "FFC", "type": "E", "magf": null, "l": "(\"2024-09-27 09:57:00-05\",E,,\"1 ENE Bolton\",Fulton,GA,\"Broadcast Media\",\"Ongoing water rescues being performed by boat along Peachtree Creek and Hanover W Dr. NW.\",FFC,FLOOD,0101000020E6100000EC51B81E851B55C0295C8FC2F5E84040,202409271458-KFFC-NWUS52-LSRFFC,\"2024-09-27 09:58:00-05\",,,75498,)", "county": "Fulton", "typetext": "FLOOD", "state": "GA", "remark": "Ongoing water rescues being performed by boat along Peachtree Creek and Hanover W Dr. NW.", "city": "1 ENE Bolton", "source": "Broadcast Media", "unit": null, "valid": "2024-09-27T14:57:00Z", "lon": -84.43, "lat": 33.82, "qualifier": null, "product_id": "202409271458-KFFC-NWUS52-LSRFFC", "st": "GA", "magnitude": ""}, "geometry": {"type": "Point", "coordinates": [-84.43, 33.82]}}, {"id": "524", "type": "Feature", "properties": {"wfo": "FFC", "type": "E", "magf": null, "l": "(\"2024-09-27 10:13:00-05\",E,,\"2 SSW Roswell\",Fulton,GA,\"Emergency Mngr\",\"Azaela Dr and Wileo Rd are closed due to flooding.\",FFC,FLOOD,0101000020E610000048E17A14AE1755C00000000000004140,202409271514-KFFC-NWUS52-LSRFFC,\"2024-09-27 10:14:00-05\",,,75498,)", "county": "Fulton", "typetext": "FLOOD", "state": "GA", "remark": "Azaela Dr and Wileo Rd are closed due to flooding.", "city": "2 SSW Roswell", "source": "Emergency Mngr", "unit": null, "valid": "2024-09-27T15:13:00Z", "lon": -84.37, "lat": 34.0, "qualifier": null, "product_id": "202409271514-KFFC-NWUS52-LSRFFC", "st": "GA", "magnitude": ""}, "geometry": {"type": "Point", "coordinates": [-84.37, 34.0]}}, {"id": "525", "type": "Feature", "properties": {"wfo": "FFC", "type": "E", "magf": null, "l": "(\"2024-09-27 10:16:00-05\",E,,\"3 SSW Mount Bethel\",Cobb,GA,Public,\"Slope Creek trail is flooded over and impassable.\",FFC,FLOOD,0101000020E6100000EC51B81E851B55C0D7A3703D0AF74040,202409271516-KFFC-NWUS52-LSRFFC,\"2024-09-27 10:16:00-05\",,,75471,)", "county": "Cobb", "typetext": "FLOOD", "state": "GA", "remark": "Slope Creek trail is flooded over and impassable.", "city": "3 SSW Mount Bethel", "source": "Public", "unit": null, "valid": "2024-09-27T15:16:00Z", "lon": -84.43, "lat": 33.93, "qualifier": null, "product_id": "202409271516-KFFC-NWUS52-LSRFFC", "st": "GA", "magnitude": ""}, "geometry": {"type": "Point", "coordinates": [-84.43, 33.93]}}, {"id": "526", "type": "Feature", "properties": {"wfo": "FFC", "type": "E", "magf": null, "l": "(\"2024-09-27 10:43:00-05\",E,,\"3 ESE Rome\",Floyd,GA,Public,\"Water rescues near the intersection of Turner Chapel Rd and W Center Rd.\",FFC,FLOOD,0101000020E6100000B81E85EB514855C01F85EB51B81E4140,202409271544-KFFC-NWUS52-LSRFFC,\"2024-09-27 10:44:00-05\",,,75495,)", "county": "Floyd", "typetext": "FLOOD", "state": "GA", "remark": "Water rescues near the intersection of Turner Chapel Rd and W Center Rd.", "city": "3 ESE Rome", "source": "Public", "unit": null, "valid": "2024-09-27T15:43:00Z", "lon": -85.13, "lat": 34.24, "qualifier": null, "product_id": "202409271544-KFFC-NWUS52-LSRFFC", "st": "GA", "magnitude": ""}, "geometry": {"type": "Point", "coordinates": [-85.13, 34.24]}}, {"id": "527", "type": "Feature", "properties": {"wfo": "FFC", "type": "E", "magf": null, "l": "(\"2024-09-27 10:46:00-05\",E,,\"1 S Lilburn\",Gwinnett,GA,Public,\"Flooding has closed the Lilburn Greenway Trail.\",FFC,FLOOD,0101000020E6100000295C8FC2F50855C0713D0AD7A3F04040,202409271546-KFFC-NWUS52-LSRFFC,\"2024-09-27 10:46:00-05\",,,75505,)", "county": "Gwinnett", "typetext": "FLOOD", "state": "GA", "remark": "Flooding has closed the Lilburn Greenway Trail.", "city": "1 S Lilburn", "source": "Public", "unit": null, "valid": "2024-09-27T15:46:00Z", "lon": -84.14, "lat": 33.88, "qualifier": null, "product_id": "202409271546-KFFC-NWUS52-LSRFFC", "st": "GA", "magnitude": ""}, "geometry": {"type": "Point", "coordinates": [-84.14, 33.88]}}, {"id": "528", "type": "Feature", "properties": {"wfo": "FFC", "type": "E", "magf": null, "l": "(\"2024-09-27 11:32:00-05\",E,,\"1 NNW Lilburn\",Gwinnett,GA,Public,\"Road closed along Hillcrest Rd NW over Jackson Creek due to flooding.\",FFC,FLOOD,0101000020E61000009A999999990955C03333333333F34040,202409271633-KFFC-NWUS52-LSRFFC,\"2024-09-27 11:33:00-05\",,,75505,)", "county": "Gwinnett", "typetext": "FLOOD", "state": "GA", "remark": "Road closed along Hillcrest Rd NW over Jackson Creek due to flooding.", "city": "1 NNW Lilburn", "source": "Public", "unit": null, "valid": "2024-09-27T16:32:00Z", "lon": -84.15, "lat": 33.9, "qualifier": null, "product_id": "202409271633-KFFC-NWUS52-LSRFFC", "st": "GA", "magnitude": ""}, "geometry": {"type": "Point", "coordinates": [-84.15, 33.9]}}, {"id": "529", "type": "Feature", "properties": {"wfo": "FFC", "type": "F", "magf": null, "l": "(\"2024-09-26 06:48:00-05\",F,,\"2 NE Cadwell\",Laurens,GA,\"Dept of Highways\",\"Corrects previous flash flood report from 2 NE Cadwell. GDOT reports flooding on SR 117 Northbound at Mullis Rd. All lanes closed.\",FFC,\"FLASH FLOOD\",0101000020E6100000E17A14AE47C154C0AE47E17A142E4040,202409271056-KFFC-NWUS52-LSRFFC,\"2024-09-27 05:56:00-05\",,,75525,)", "county": "Laurens", "typetext": "FLASH FLOOD", "state": "GA", "remark": "Corrects previous flash flood report from 2 NE Cadwell. GDOT reports flooding on SR 117 Northbound at Mullis Rd. All lanes closed.", "city": "2 NE Cadwell", "source": "Dept of Highways", "unit": null, "valid": "2024-09-26T11:48:00Z", "lon": -83.02, "lat": 32.36, "qualifier": null, "product_id": "202409271056-KFFC-NWUS52-LSRFFC", "st": "GA", "magnitude": ""}, "geometry": {"type": "Point", "coordinates": [-83.02, 32.36]}}, {"id": "530", "type": "Feature", "properties": {"wfo": "FFC", "type": "F", "magf": null, "l": "(\"2024-09-26 15:18:00-05\",F,,Lumpkin,Dawson,GA,Public,\"Report from mPING: Street/road flooding; Street/road closed; Vehicles stranded.\",FFC,\"FLASH FLOOD\",0101000020E6100000C3F5285C8F0255C0AE47E17A142E4140,202409271639-KFFC-NWUS52-LSRFFC,\"2024-09-27 11:39:00-05\",,,75480,)", "county": "Dawson", "typetext": "FLASH FLOOD", "state": "GA", "remark": "Report from mPING: Street/road flooding; Street/road closed; Vehicles stranded.", "city": "Lumpkin", "source": "Public", "unit": null, "valid": "2024-09-26T20:18:00Z", "lon": -84.04, "lat": 34.36, "qualifier": null, "product_id": "202409271639-KFFC-NWUS52-LSRFFC", "st": "GA", "magnitude": ""}, "geometry": {"type": "Point", "coordinates": [-84.04, 34.36]}}, {"id": "531", "type": "Feature", "properties": {"wfo": "FFC", "type": "F", "magf": null, "l": "(\"2024-09-26 16:38:00-05\",F,,\"Chastain Memorial Park\",Fulton,GA,\"Local Official\",\"Lake Forrest Drive NW closed between Barbara Lane NW and W Wieuca Road NE due to flooding.\",FFC,\"FLASH FLOOD\",0101000020E6100000295C8FC2F51855C0713D0AD7A3F04040,202409270104-KFFC-NWUS52-LSRFFC,\"2024-09-26 20:04:00-05\",,,75498,)", "county": "Fulton", "typetext": "FLASH FLOOD", "state": "GA", "remark": "Lake Forrest Drive NW closed between Barbara Lane NW and W Wieuca Road NE due to flooding.", "city": "Chastain Memorial Park", "source": "Local Official", "unit": null, "valid": "2024-09-26T21:38:00Z", "lon": -84.39, "lat": 33.88, "qualifier": null, "product_id": "202409270104-KFFC-NWUS52-LSRFFC", "st": "GA", "magnitude": ""}, "geometry": {"type": "Point", "coordinates": [-84.39, 33.88]}}, {"id": "532", "type": "Feature", "properties": {"wfo": "FFC", "type": "F", "magf": null, "l": "(\"2024-09-26 17:09:00-05\",F,,\"1 NW Loganville\",Gwinnett,GA,Public,\"Report from mPING: Street/road flooding; Street/road closed; Vehicles stranded.\",FFC,\"FLASH FLOOD\",0101000020E61000000AD7A3703DFA54C0EC51B81E85EB4040,202409271639-KFFC-NWUS52-LSRFFC,\"2024-09-27 11:39:00-05\",,,75505,)", "county": "Gwinnett", "typetext": "FLASH FLOOD", "state": "GA", "remark": "Report from mPING: Street/road flooding; Street/road closed; Vehicles stranded.", "city": "1 NW Loganville", "source": "Public", "unit": null, "valid": "2024-09-26T22:09:00Z", "lon": -83.91, "lat": 33.84, "qualifier": null, "product_id": "202409271639-KFFC-NWUS52-LSRFFC", "st": "GA", "magnitude": ""}, "geometry": {"type": "Point", "coordinates": [-83.91, 33.84]}}, {"id": "533", "type": "Feature", "properties": {"wfo": "FFC", "type": "F", "magf": null, "l": "(\"2024-09-26 17:55:00-05\",F,,\"2 WSW Gresham Park\",DeKalb,GA,\"Local Official\",\"Flooding on road at intersection of Old Constitution Road and Constitution Road.\",FFC,\"FLASH FLOOD\",0101000020E6100000F6285C8FC21555C0B81E85EB51D84040,202409270115-KFFC-NWUS52-LSRFFC,\"2024-09-26 20:15:00-05\",,,75482,)", "county": "DeKalb", "typetext": "FLASH FLOOD", "state": "GA", "remark": "Flooding on road at intersection of Old Constitution Road and Constitution Road.", "city": "2 WSW Gresham Park", "source": "Local Official", "unit": null, "valid": "2024-09-26T22:55:00Z", "lon": -84.34, "lat": 33.69, "qualifier": null, "product_id": "202409270115-KFFC-NWUS52-LSRFFC", "st": "GA", "magnitude": ""}, "geometry": {"type": "Point", "coordinates": [-84.34, 33.69]}}, {"id": "534", "type": "Feature", "properties": {"wfo": "FFC", "type": "F", "magf": null, "l": "(\"2024-09-26 18:23:00-05\",F,,\"3 SE Six Flags Over Geo\",Fulton,GA,\"911 Call Center\",\"Stalled vehicle in water at intersection of Fairburn Road and Benjamin E. Mays Drive.\",FFC,\"FLASH FLOOD\",0101000020E6100000713D0AD7A32055C01F85EB51B8DE4040,202409270056-KFFC-NWUS52-LSRFFC,\"2024-09-26 19:56:00-05\",,,75498,)", "county": "Fulton", "typetext": "FLASH FLOOD", "state": "GA", "remark": "Stalled vehicle in water at intersection of Fairburn Road and Benjamin E. Mays Drive.", "city": "3 SE Six Flags Over Geo", "source": "911 Call Center", "unit": null, "valid": "2024-09-26T23:23:00Z", "lon": -84.51, "lat": 33.74, "qualifier": null, "product_id": "202409270056-KFFC-NWUS52-LSRFFC", "st": "GA", "magnitude": ""}, "geometry": {"type": "Point", "coordinates": [-84.51, 33.74]}}, {"id": "535", "type": "Feature", "properties": {"wfo": "FFC", "type": "F", "magf": null, "l": "(\"2024-09-26 18:44:00-05\",F,,\"1 SE Swords\",Morgan,GA,\"Dept of Highways\",\"Flooding on I-20 WB at MM 126.\",FFC,\"FLASH FLOOD\",0101000020E6100000C3F5285C8FD254C0A4703D0AD7C34040,202409280216-KFFC-NWUS52-LSRFFC,\"2024-09-27 21:16:00-05\",,,75542,)", "county": "Morgan", "typetext": "FLASH FLOOD", "state": "GA", "remark": "Flooding on I-20 WB at MM 126.", "city": "1 SE Swords", "source": "Dept of Highways", "unit": null, "valid": "2024-09-26T23:44:00Z", "lon": -83.29, "lat": 33.53, "qualifier": null, "product_id": "202409280216-KFFC-NWUS52-LSRFFC", "st": "GA", "magnitude": ""}, "geometry": {"type": "Point", "coordinates": [-83.29, 33.53]}}, {"id": "536", "type": "Feature", "properties": {"wfo": "FFC", "type": "F", "magf": null, "l": "(\"2024-09-26 18:52:00-05\",F,,\"Druid Hills\",DeKalb,GA,\"Local Official\",\"Flooding reported on Clifton Road between Gatewood Road NE and Houston Mill Road NE.\",FFC,\"FLASH FLOOD\",0101000020E610000014AE47E17A1455C06666666666E64040,202409270020-KFFC-NWUS52-LSRFFC,\"2024-09-26 19:20:00-05\",,,75482,)", "county": "DeKalb", "typetext": "FLASH FLOOD", "state": "GA", "remark": "Flooding reported on Clifton Road between Gatewood Road NE and Houston Mill Road NE.", "city": "Druid Hills", "source": "Local Official", "unit": null, "valid": "2024-09-26T23:52:00Z", "lon": -84.32, "lat": 33.8, "qualifier": null, "product_id": "202409270020-KFFC-NWUS52-LSRFFC", "st": "GA", "magnitude": ""}, "geometry": {"type": "Point", "coordinates": [-84.32, 33.8]}}, {"id": "537", "type": "Feature", "properties": {"wfo": "FFC", "type": "F", "magf": null, "l": "(\"2024-09-26 18:53:00-05\",F,,\"1 N Decatur\",DeKalb,GA,\"911 Call Center\",\"Report of flooding at North Decatur Road and Superior Ave.\",FFC,\"FLASH FLOOD\",0101000020E610000033333333331355C085EB51B81EE54040,202409270018-KFFC-NWUS52-LSRFFC,\"2024-09-26 19:18:00-05\",,,75482,)", "county": "DeKalb", "typetext": "FLASH FLOOD", "state": "GA", "remark": "Report of flooding at North Decatur Road and Superior Ave.", "city": "1 N Decatur", "source": "911 Call Center", "unit": null, "valid": "2024-09-26T23:53:00Z", "lon": -84.3, "lat": 33.79, "qualifier": null, "product_id": "202409270018-KFFC-NWUS52-LSRFFC", "st": "GA", "magnitude": ""}, "geometry": {"type": "Point", "coordinates": [-84.3, 33.79]}}, {"id": "538", "type": "Feature", "properties": {"wfo": "FFC", "type": "F", "magf": null, "l": "(\"2024-09-26 19:29:00-05\",F,,Roswell,Fulton,GA,Public,\"Report from mPING: Street/road flooding; Street/road closed; Vehicles stranded.\",FFC,\"FLASH FLOOD\",0101000020E610000048E17A14AE1755C0C3F5285C8F024140,202409271639-KFFC-NWUS52-LSRFFC,\"2024-09-27 11:39:00-05\",,,75498,)", "county": "Fulton", "typetext": "FLASH FLOOD", "state": "GA", "remark": "Report from mPING: Street/road flooding; Street/road closed; Vehicles stranded.", "city": "Roswell", "source": "Public", "unit": null, "valid": "2024-09-27T00:29:00Z", "lon": -84.37, "lat": 34.02, "qualifier": null, "product_id": "202409271639-KFFC-NWUS52-LSRFFC", "st": "GA", "magnitude": ""}, "geometry": {"type": "Point", "coordinates": [-84.37, 34.02]}}, {"id": "539", "type": "Feature", "properties": {"wfo": "FFC", "type": "F", "magf": null, "l": "(\"2024-09-26 19:37:00-05\",F,,\"1 SSW Midtown\",Fulton,GA,\"Local Official\",\"Flooding on roadway at North Avenue and State Street NW.\",FFC,\"FLASH FLOOD\",0101000020E61000009A999999991955C0C3F5285C8FE24040,202409270038-KFFC-NWUS52-LSRFFC,\"2024-09-26 19:38:00-05\",,,75498,)", "county": "Fulton", "typetext": "FLASH FLOOD", "state": "GA", "remark": "Flooding on roadway at North Avenue and State Street NW.", "city": "1 SSW Midtown", "source": "Local Official", "unit": null, "valid": "2024-09-27T00:37:00Z", "lon": -84.4, "lat": 33.77, "qualifier": null, "product_id": "202409270038-KFFC-NWUS52-LSRFFC", "st": "GA", "magnitude": ""}, "geometry": {"type": "Point", "coordinates": [-84.4, 33.77]}}, {"id": "540", "type": "Feature", "properties": {"wfo": "FFC", "type": "F", "magf": null, "l": "(\"2024-09-26 19:40:00-05\",F,,\"2 SE Williamson\",Pike,GA,\"Emergency Mngr\",\"Flooding on Hunter Road.\",FFC,\"FLASH FLOOD\",0101000020E6100000F6285C8FC21555C014AE47E17A944040,202409270041-KFFC-NWUS52-LSRFFC,\"2024-09-26 19:41:00-05\",,,75552,)", "county": "Pike", "typetext": "FLASH FLOOD", "state": "GA", "remark": "Flooding on Hunter Road.", "city": "2 SE Williamson", "source": "Emergency Mngr", "unit": null, "valid": "2024-09-27T00:40:00Z", "lon": -84.34, "lat": 33.16, "qualifier": null, "product_id": "202409270041-KFFC-NWUS52-LSRFFC", "st": "GA", "magnitude": ""}, "geometry": {"type": "Point", "coordinates": [-84.34, 33.16]}}, {"id": "541", "type": "Feature", "properties": {"wfo": "FFC", "type": "F", "magf": null, "l": "(\"2024-09-26 19:40:00-05\",F,,\"2 SSW Molena\",Pike,GA,\"Emergency Mngr\",\"Flooding reported on Dripping Rock Road.\",FFC,\"FLASH FLOOD\",0101000020E6100000713D0AD7A32055C03D0AD7A3707D4040,202409270042-KFFC-NWUS52-LSRFFC,\"2024-09-26 19:42:00-05\",,,75552,)", "county": "Pike", "typetext": "FLASH FLOOD", "state": "GA", "remark": "Flooding reported on Dripping Rock Road.", "city": "2 SSW Molena", "source": "Emergency Mngr", "unit": null, "valid": "2024-09-27T00:40:00Z", "lon": -84.51, "lat": 32.98, "qualifier": null, "product_id": "202409270042-KFFC-NWUS52-LSRFFC", "st": "GA", "magnitude": ""}, "geometry": {"type": "Point", "coordinates": [-84.51, 32.98]}}, {"id": "542", "type": "Feature", "properties": {"wfo": "FFC", "type": "F", "magf": null, "l": "(\"2024-09-26 19:40:00-05\",F,,\"3 ENE Zebulon\",Pike,GA,\"Emergency Mngr\",\"Flooding on Grady Maddox Road.\",FFC,\"FLASH FLOOD\",0101000020E610000033333333331355C08FC2F5285C8F4040,202409270043-KFFC-NWUS52-LSRFFC,\"2024-09-26 19:43:00-05\",,,75552,)", "county": "Pike", "typetext": "FLASH FLOOD", "state": "GA", "remark": "Flooding on Grady Maddox Road.", "city": "3 ENE Zebulon", "source": "Emergency Mngr", "unit": null, "valid": "2024-09-27T00:40:00Z", "lon": -84.3, "lat": 33.12, "qualifier": null, "product_id": "202409270043-KFFC-NWUS52-LSRFFC", "st": "GA", "magnitude": ""}, "geometry": {"type": "Point", "coordinates": [-84.3, 33.12]}}, {"id": "543", "type": "Feature", "properties": {"wfo": "FFC", "type": "F", "magf": null, "l": "(\"2024-09-26 20:45:00-05\",F,,\"1 NW La Vista\",DeKalb,GA,\"Broadcast Media\",\"2 right lanes are flooded on I-85NB at the Dekalb/Fulton County Line.\",FFC,\"FLASH FLOOD\",0101000020E610000066666666661655C00AD7A3703DEA4040,202409270231-KFFC-NWUS52-LSRFFC,\"2024-09-26 21:31:00-05\",,,75482,)", "county": "DeKalb", "typetext": "FLASH FLOOD", "state": "GA", "remark": "2 right lanes are flooded on I-85NB at the Dekalb/Fulton County Line.", "city": "1 NW La Vista", "source": "Broadcast Media", "unit": null, "valid": "2024-09-27T01:45:00Z", "lon": -84.35, "lat": 33.83, "qualifier": null, "product_id": "202409270231-KFFC-NWUS52-LSRFFC", "st": "GA", "magnitude": ""}, "geometry": {"type": "Point", "coordinates": [-84.35, 33.83]}}, {"id": "544", "type": "Feature", "properties": {"wfo": "FFC", "type": "F", "magf": null, "l": "(\"2024-09-26 20:48:00-05\",F,,\"2 N Sandy Creek\",Fulton,GA,\"Dept of Highways\",\"GDOT reports flooding on SR 92 both directions at Spence Rd. All lanes closed.\",FFC,\"FLASH FLOOD\",0101000020E6100000A4703D0AD72355C085EB51B81EC54040,202409271127-KFFC-NWUS52-LSRFFC,\"2024-09-27 06:27:00-05\",,,75498,)", "county": "Fulton", "typetext": "FLASH FLOOD", "state": "GA", "remark": "GDOT reports flooding on SR 92 both directions at Spence Rd. All lanes closed.", "city": "2 N Sandy Creek", "source": "Dept of Highways", "unit": null, "valid": "2024-09-27T01:48:00Z", "lon": -84.56, "lat": 33.54, "qualifier": null, "product_id": "202409271127-KFFC-NWUS52-LSRFFC", "st": "GA", "magnitude": ""}, "geometry": {"type": "Point", "coordinates": [-84.56, 33.54]}}, {"id": "545", "type": "Feature", "properties": {"wfo": "FFC", "type": "F", "magf": null, "l": "(\"2024-09-26 21:34:00-05\",F,,\"2 ENE Chastain Memorial\",Fulton,GA,\"Local Official\",\"Social media Sandy Springs post showing water over the road and pedestrian bridge on Windsor Parkway over Nancy Creek between Northland and Peachtree Dunwoody Rd.\",FFC,\"FLASH FLOOD\",0101000020E6100000D7A3703D0A1755C052B81E85EBF14040,202409271028-KFFC-NWUS52-LSRFFC,\"2024-09-27 05:28:00-05\",,,75498,)", "county": "Fulton", "typetext": "FLASH FLOOD", "state": "GA", "remark": "Social media Sandy Springs post showing water over the road and pedestrian bridge on Windsor Parkway over Nancy Creek between Northland and Peachtree Dunwoody Rd.", "city": "2 ENE Chastain Memorial", "source": "Local Official", "unit": null, "valid": "2024-09-27T02:34:00Z", "lon": -84.36, "lat": 33.89, "qualifier": null, "product_id": "202409271028-KFFC-NWUS52-LSRFFC", "st": "GA", "magnitude": ""}, "geometry": {"type": "Point", "coordinates": [-84.36, 33.89]}}, {"id": "546", "type": "Feature", "properties": {"wfo": "FFC", "type": "F", "magf": null, "l": "(\"2024-09-26 21:43:00-05\",F,,\"2 N Atlantic Station\",Fulton,GA,\"911 Call Center\",\"Flooding at Woodward Way NW and Peachtree Battle Ave NW.\",FFC,\"FLASH FLOOD\",0101000020E61000009A999999991955C0295C8FC2F5E84040,202409270257-KFFC-NWUS52-LSRFFC,\"2024-09-26 21:57:00-05\",,,75498,)", "county": "Fulton", "typetext": "FLASH FLOOD", "state": "GA", "remark": "Flooding at Woodward Way NW and Peachtree Battle Ave NW.", "city": "2 N Atlantic Station", "source": "911 Call Center", "unit": null, "valid": "2024-09-27T02:43:00Z", "lon": -84.4, "lat": 33.82, "qualifier": null, "product_id": "202409270257-KFFC-NWUS52-LSRFFC", "st": "GA", "magnitude": ""}, "geometry": {"type": "Point", "coordinates": [-84.4, 33.82]}}, {"id": "547", "type": "Feature", "properties": {"wfo": "FFC", "type": "F", "magf": null, "l": "(\"2024-09-26 22:10:00-05\",F,,\"3 S Florence Marina Sta\",Stewart,GA,\"Dept of Highways\",\"Flooded roadway at SR 39 and Rood Creek Landing.\",FFC,\"FLASH FLOOD\",0101000020E6100000C3F5285C8F4255C085EB51B81E054040,202409272217-KFFC-NWUS52-LSRFFC,\"2024-09-27 17:17:00-05\",,,75566,)", "county": "Stewart", "typetext": "FLASH FLOOD", "state": "GA", "remark": "Flooded roadway at SR 39 and Rood Creek Landing.", "city": "3 S Florence Marina Sta", "source": "Dept of Highways", "unit": null, "valid": "2024-09-27T03:10:00Z", "lon": -85.04, "lat": 32.04, "qualifier": null, "product_id": "202409272217-KFFC-NWUS52-LSRFFC", "st": "GA", "magnitude": ""}, "geometry": {"type": "Point", "coordinates": [-85.04, 32.04]}}, {"id": "548", "type": "Feature", "properties": {"wfo": "FFC", "type": "F", "magf": null, "l": "(\"2024-09-26 23:39:00-05\",F,,\"1 SE Hapeville\",Fulton,GA,\"Dept of Highways\",\"Crown Road was flooded and closed with vehicles stuck.\",FFC,\"FLASH FLOOD\",0101000020E6100000295C8FC2F51855C03333333333D34040,202409271731-KFFC-NWUS52-LSRFFC,\"2024-09-27 12:31:00-05\",,,75498,)", "county": "Fulton", "typetext": "FLASH FLOOD", "state": "GA", "remark": "Crown Road was flooded and closed with vehicles stuck.", "city": "1 SE Hapeville", "source": "Dept of Highways", "unit": null, "valid": "2024-09-27T04:39:00Z", "lon": -84.39, "lat": 33.65, "qualifier": null, "product_id": "202409271731-KFFC-NWUS52-LSRFFC", "st": "GA", "magnitude": ""}, "geometry": {"type": "Point", "coordinates": [-84.39, 33.65]}}, {"id": "549", "type": "Feature", "properties": {"wfo": "FFC", "type": "F", "magf": null, "l": "(\"2024-09-26 23:40:00-05\",F,,\"1 WSW Lakewood Park\",Fulton,GA,\"Dept of Highways\",\"Flooding at SR 3 and Perkerson Road.\",FFC,\"FLASH FLOOD\",0101000020E61000000AD7A3703D1A55C09A99999999D94040,202409280200-KFFC-NWUS52-LSRFFC,\"2024-09-27 21:00:00-05\",,,75498,)", "county": "Fulton", "typetext": "FLASH FLOOD", "state": "GA", "remark": "Flooding at SR 3 and Perkerson Road.", "city": "1 WSW Lakewood Park", "source": "Dept of Highways", "unit": null, "valid": "2024-09-27T04:40:00Z", "lon": -84.41, "lat": 33.7, "qualifier": null, "product_id": "202409280200-KFFC-NWUS52-LSRFFC", "st": "GA", "magnitude": ""}, "geometry": {"type": "Point", "coordinates": [-84.41, 33.7]}}, {"id": "550", "type": "Feature", "properties": {"wfo": "FFC", "type": "F", "magf": null, "l": "(\"2024-09-26 23:52:00-05\",F,,\"1 SE Carey\",Greene,GA,\"Dept of Highways\",\"Corrects previous tropical cyclone report from 1 SE Carey. Flooded roadway on I-20 EB before SR 44.\",FFC,\"FLASH FLOOD\",0101000020E61000000000000000D054C085EB51B81EC54040,202409272220-KFFC-NWUS52-LSRFFC,\"2024-09-27 17:20:00-05\",,,75504,)", "county": "Greene", "typetext": "FLASH FLOOD", "state": "GA", "remark": "Corrects previous tropical cyclone report from 1 SE Carey. Flooded roadway on I-20 EB before SR 44.", "city": "1 SE Carey", "source": "Dept of Highways", "unit": null, "valid": "2024-09-27T04:52:00Z", "lon": -83.25, "lat": 33.54, "qualifier": null, "product_id": "202409272220-KFFC-NWUS52-LSRFFC", "st": "GA", "magnitude": ""}, "geometry": {"type": "Point", "coordinates": [-83.25, 33.54]}}, {"id": "551", "type": "Feature", "properties": {"wfo": "FFC", "type": "F", "magf": null, "l": "(\"2024-09-26 23:53:00-05\",F,,\"1 SW Forest Park\",Clayton,GA,\"Local Official\",\"Road flooded at Springdale Road and Henderson Drive.\",FFC,\"FLASH FLOOD\",0101000020E6100000B81E85EB511855C08FC2F5285CCF4040,202409270454-KFFC-NWUS52-LSRFFC,\"2024-09-26 23:54:00-05\",,,75469,)", "county": "Clayton", "typetext": "FLASH FLOOD", "state": "GA", "remark": "Road flooded at Springdale Road and Henderson Drive.", "city": "1 SW Forest Park", "source": "Local Official", "unit": null, "valid": "2024-09-27T04:53:00Z", "lon": -84.38, "lat": 33.62, "qualifier": null, "product_id": "202409270454-KFFC-NWUS52-LSRFFC", "st": "GA", "magnitude": ""}, "geometry": {"type": "Point", "coordinates": [-84.38, 33.62]}}, {"id": "552", "type": "Feature", "properties": {"wfo": "FFC", "type": "F", "magf": null, "l": "(\"2024-09-27 00:00:00-05\",F,,\"2 W La Vista\",Fulton,GA,Public,\"Social media post showing flooding and about 1ft of water inundating home in Morningside neighborhood near and below I85 overpass.\",FFC,\"FLASH FLOOD\",0101000020E610000048E17A14AE1755C048E17A14AEE74040,202409271014-KFFC-NWUS52-LSRFFC,\"2024-09-27 05:14:00-05\",,,75498,)", "county": "Fulton", "typetext": "FLASH FLOOD", "state": "GA", "remark": "Social media post showing flooding and about 1ft of water inundating home in Morningside neighborhood near and below I85 overpass.", "city": "2 W La Vista", "source": "Public", "unit": null, "valid": "2024-09-27T05:00:00Z", "lon": -84.37, "lat": 33.81, "qualifier": null, "product_id": "202409271014-KFFC-NWUS52-LSRFFC", "st": "GA", "magnitude": ""}, "geometry": {"type": "Point", "coordinates": [-84.37, 33.81]}}, {"id": "553", "type": "Feature", "properties": {"wfo": "FFC", "type": "F", "magf": null, "l": "(\"2024-09-27 00:05:00-05\",F,,\"2 NNE Atlantic Station\",Fulton,GA,Public,\"Social media post shows cars half submerged in parking lot of Peachtree Park Apartments. One to two feet of water estimated based on stairs.\",FFC,\"FLASH FLOOD\",0101000020E6100000295C8FC2F51855C048E17A14AEE74040,202409271019-KFFC-NWUS52-LSRFFC,\"2024-09-27 05:19:00-05\",,,75498,)", "county": "Fulton", "typetext": "FLASH FLOOD", "state": "GA", "remark": "Social media post shows cars half submerged in parking lot of Peachtree Park Apartments. One to two feet of water estimated based on stairs.", "city": "2 NNE Atlantic Station", "source": "Public", "unit": null, "valid": "2024-09-27T05:05:00Z", "lon": -84.39, "lat": 33.81, "qualifier": null, "product_id": "202409271019-KFFC-NWUS52-LSRFFC", "st": "GA", "magnitude": ""}, "geometry": {"type": "Point", "coordinates": [-84.39, 33.81]}}, {"id": "554", "type": "Feature", "properties": {"wfo": "FFC", "type": "F", "magf": null, "l": "(\"2024-09-27 01:10:00-05\",F,,\"Sand Bed\",Houston,GA,\"Dept of Highways\",\"Flooding on SR 246 at Davis Road.\",FFC,\"FLASH FLOOD\",0101000020E610000048E17A14AEE754C07B14AE47E13A4040,202409280218-KFFC-NWUS52-LSRFFC,\"2024-09-27 21:18:00-05\",,,75514,)", "county": "Houston", "typetext": "FLASH FLOOD", "state": "GA", "remark": "Flooding on SR 246 at Davis Road.", "city": "Sand Bed", "source": "Dept of Highways", "unit": null, "valid": "2024-09-27T06:10:00Z", "lon": -83.62, "lat": 32.46, "qualifier": null, "product_id": "202409280218-KFFC-NWUS52-LSRFFC", "st": "GA", "magnitude": ""}, "geometry": {"type": "Point", "coordinates": [-83.62, 32.46]}}, {"id": "555", "type": "Feature", "properties": {"wfo": "FFC", "type": "F", "magf": null, "l": "(\"2024-09-27 01:23:00-05\",F,,\"1 E Desoto\",Sumter,GA,\"Dept of Highways\",\"GDOT reports flooding on SR 30 both directions near Standard Elevator Rd. All lanes closed.\",FFC,\"FLASH FLOOD\",0101000020E610000033333333330355C0F6285C8FC2F53F40,202409271050-KFFC-NWUS52-LSRFFC,\"2024-09-27 05:50:00-05\",,,75567,)", "county": "Sumter", "typetext": "FLASH FLOOD", "state": "GA", "remark": "GDOT reports flooding on SR 30 both directions near Standard Elevator Rd. All lanes closed.", "city": "1 E Desoto", "source": "Dept of Highways", "unit": null, "valid": "2024-09-27T06:23:00Z", "lon": -84.05, "lat": 31.96, "qualifier": null, "product_id": "202409271050-KFFC-NWUS52-LSRFFC", "st": "GA", "magnitude": ""}, "geometry": {"type": "Point", "coordinates": [-84.05, 31.96]}}, {"id": "556", "type": "Feature", "properties": {"wfo": "FFC", "type": "F", "magf": null, "l": "(\"2024-09-27 01:36:00-05\",F,,\"1 E Desoto\",Sumter,GA,\"Dept of Highways\",\"Flooding on SR 30 at Standard Elevator Road.\",FFC,\"FLASH FLOOD\",0101000020E610000033333333330355C0F6285C8FC2F53F40,202409280206-KFFC-NWUS52-LSRFFC,\"2024-09-27 21:06:00-05\",,,75567,)", "county": "Sumter", "typetext": "FLASH FLOOD", "state": "GA", "remark": "Flooding on SR 30 at Standard Elevator Road.", "city": "1 E Desoto", "source": "Dept of Highways", "unit": null, "valid": "2024-09-27T06:36:00Z", "lon": -84.05, "lat": 31.96, "qualifier": null, "product_id": "202409280206-KFFC-NWUS52-LSRFFC", "st": "GA", "magnitude": ""}, "geometry": {"type": "Point", "coordinates": [-84.05, 31.96]}}, {"id": "557", "type": "Feature", "properties": {"wfo": "FFC", "type": "F", "magf": null, "l": "(\"2024-09-27 02:00:00-05\",F,,\"2 NW Lifsey Springs\",Pike,GA,\"Emergency Mngr\",\"Corrects previous flash flood report from 2 NW Lifsey Springs. Old Zebulon Road at Powder Creek was flooded and closed.\",FFC,\"FLASH FLOOD\",0101000020E6100000295C8FC2F51855C048E17A14AE874040,202409282343-KFFC-NWUS52-LSRFFC,\"2024-09-28 18:43:00-05\",,,75552,)", "county": "Pike", "typetext": "FLASH FLOOD", "state": "GA", "remark": "Corrects previous flash flood report from 2 NW Lifsey Springs. Old Zebulon Road at Powder Creek was flooded and closed.", "city": "2 NW Lifsey Springs", "source": "Emergency Mngr", "unit": null, "valid": "2024-09-27T07:00:00Z", "lon": -84.39, "lat": 33.06, "qualifier": null, "product_id": "202409282343-KFFC-NWUS52-LSRFFC", "st": "GA", "magnitude": ""}, "geometry": {"type": "Point", "coordinates": [-84.39, 33.06]}}, {"id": "558", "type": "Feature", "properties": {"wfo": "FFC", "type": "F", "magf": null, "l": "(\"2024-09-27 02:00:00-05\",F,,\"3 ENE Zebulon\",Pike,GA,\"Emergency Mngr\",\"Corrects previous flash flood report from 3 ENE Zebulon. Grady Maddox Road was flooded and closed between New Hope Road and McKinley Road.\",FFC,\"FLASH FLOOD\",0101000020E610000033333333331355C08FC2F5285C8F4040,202409282341-KFFC-NWUS52-LSRFFC,\"2024-09-28 18:41:00-05\",,,75552,)", "county": "Pike", "typetext": "FLASH FLOOD", "state": "GA", "remark": "Corrects previous flash flood report from 3 ENE Zebulon. Grady Maddox Road was flooded and closed between New Hope Road and McKinley Road.", "city": "3 ENE Zebulon", "source": "Emergency Mngr", "unit": null, "valid": "2024-09-27T07:00:00Z", "lon": -84.3, "lat": 33.12, "qualifier": null, "product_id": "202409282341-KFFC-NWUS52-LSRFFC", "st": "GA", "magnitude": ""}, "geometry": {"type": "Point", "coordinates": [-84.3, 33.12]}}, {"id": "559", "type": "Feature", "properties": {"wfo": "FFC", "type": "F", "magf": null, "l": "(\"2024-09-27 02:45:00-05\",F,,\"3 W Cartersville\",Bartow,GA,\"Emergency Mngr\",\"Road impassable due to water along the 60th block of Mission Rd.\",FFC,\"FLASH FLOOD\",0101000020E6100000D7A3703D0A3755C0F6285C8FC2154140,202409271249-KFFC-NWUS52-LSRFFC,\"2024-09-27 07:49:00-05\",,,75446,)", "county": "Bartow", "typetext": "FLASH FLOOD", "state": "GA", "remark": "Road impassable due to water along the 60th block of Mission Rd.", "city": "3 W Cartersville", "source": "Emergency Mngr", "unit": null, "valid": "2024-09-27T07:45:00Z", "lon": -84.86, "lat": 34.17, "qualifier": null, "product_id": "202409271249-KFFC-NWUS52-LSRFFC", "st": "GA", "magnitude": ""}, "geometry": {"type": "Point", "coordinates": [-84.86, 34.17]}}, {"id": "560", "type": "Feature", "properties": {"wfo": "FFC", "type": "F", "magf": null, "l": "(\"2024-09-27 03:16:00-05\",F,,\"4 SSW Cedar Grove\",Laurens,GA,\"Dept of Highways\",\"GDOT reports tree limbs down on SR 31 both direction at Ella Burch Rd. All lanes closed.\",FFC,\"FLASH FLOOD\",0101000020E61000000AD7A3703DBA54C09A99999999194040,202409271052-KFFC-NWUS52-LSRFFC,\"2024-09-27 05:52:00-05\",,,75525,)", "county": "Laurens", "typetext": "FLASH FLOOD", "state": "GA", "remark": "GDOT reports tree limbs down on SR 31 both direction at Ella Burch Rd. All lanes closed.", "city": "4 SSW Cedar Grove", "source": "Dept of Highways", "unit": null, "valid": "2024-09-27T08:16:00Z", "lon": -82.91, "lat": 32.2, "qualifier": null, "product_id": "202409271052-KFFC-NWUS52-LSRFFC", "st": "GA", "magnitude": ""}, "geometry": {"type": "Point", "coordinates": [-82.91, 32.2]}}, {"id": "561", "type": "Feature", "properties": {"wfo": "FFC", "type": "F", "magf": null, "l": "(\"2024-09-27 03:30:00-05\",F,,\"2 N Raleigh\",Meriwether,GA,\"Amateur Radio\",\"Parts of Wadell road are impassable due to water.\",FFC,\"FLASH FLOOD\",0101000020E6100000295C8FC2F52855C07B14AE47E17A4040,202409271221-KFFC-NWUS52-LSRFFC,\"2024-09-27 07:21:00-05\",,,75537,)", "county": "Meriwether", "typetext": "FLASH FLOOD", "state": "GA", "remark": "Parts of Wadell road are impassable due to water.", "city": "2 N Raleigh", "source": "Amateur Radio", "unit": null, "valid": "2024-09-27T08:30:00Z", "lon": -84.64, "lat": 32.96, "qualifier": null, "product_id": "202409271221-KFFC-NWUS52-LSRFFC", "st": "GA", "magnitude": ""}, "geometry": {"type": "Point", "coordinates": [-84.64, 32.96]}}, {"id": "562", "type": "Feature", "properties": {"wfo": "FFC", "type": "F", "magf": null, "l": "(\"2024-09-27 04:04:00-05\",F,,\"1 E Sandy Plains\",Cobb,GA,Public,\"Report from mPING: Street/road flooding; Street/road closed; Vehicles stranded.\",FFC,\"FLASH FLOOD\",0101000020E61000001F85EB51B81E55C0C3F5285C8F024140,202409271640-KFFC-NWUS52-LSRFFC,\"2024-09-27 11:40:00-05\",,,75471,)", "county": "Cobb", "typetext": "FLASH FLOOD", "state": "GA", "remark": "Report from mPING: Street/road flooding; Street/road closed; Vehicles stranded.", "city": "1 E Sandy Plains", "source": "Public", "unit": null, "valid": "2024-09-27T09:04:00Z", "lon": -84.48, "lat": 34.02, "qualifier": null, "product_id": "202409271640-KFFC-NWUS52-LSRFFC", "st": "GA", "magnitude": ""}, "geometry": {"type": "Point", "coordinates": [-84.48, 34.02]}}, {"id": "563", "type": "Feature", "properties": {"wfo": "FFC", "type": "F", "magf": null, "l": "(\"2024-09-27 04:47:00-05\",F,,Cleveland,White,GA,\"Dept of Highways\",\"Roadways flooded on HWY 129 near intersection of W Underwood Street.\",FFC,\"FLASH FLOOD\",0101000020E6100000713D0AD7A3F054C0CDCCCCCCCC4C4140,202409271940-KFFC-NWUS52-LSRFFC,\"2024-09-27 14:40:00-05\",,,75592,)", "county": "White", "typetext": "FLASH FLOOD", "state": "GA", "remark": "Roadways flooded on HWY 129 near intersection of W Underwood Street.", "city": "Cleveland", "source": "Dept of Highways", "unit": null, "valid": "2024-09-27T09:47:00Z", "lon": -83.76, "lat": 34.6, "qualifier": null, "product_id": "202409271940-KFFC-NWUS52-LSRFFC", "st": "GA", "magnitude": ""}, "geometry": {"type": "Point", "coordinates": [-83.76, 34.6]}}, {"id": "564", "type": "Feature", "properties": {"wfo": "FFC", "type": "F", "magf": null, "l": "(\"2024-09-27 05:00:00-05\",F,,\"1 SSE Vinings\",Cobb,GA,\"Local Official\",\"Fire fighter and inspector reports submerged vehicles and a swift water rescue at Brandy Station SE and Woodland Brook Dr SE in Vinings.\",FFC,\"FLASH FLOOD\",0101000020E61000003D0AD7A3701D55C0AE47E17A14EE4040,202409271035-KFFC-NWUS52-LSRFFC,\"2024-09-27 05:35:00-05\",,,75471,)", "county": "Cobb", "typetext": "FLASH FLOOD", "state": "GA", "remark": "Fire fighter and inspector reports submerged vehicles and a swift water rescue at Brandy Station SE and Woodland Brook Dr SE in Vinings.", "city": "1 SSE Vinings", "source": "Local Official", "unit": null, "valid": "2024-09-27T10:00:00Z", "lon": -84.46, "lat": 33.86, "qualifier": null, "product_id": "202409271035-KFFC-NWUS52-LSRFFC", "st": "GA", "magnitude": ""}, "geometry": {"type": "Point", "coordinates": [-84.46, 33.86]}}, {"id": "565", "type": "Feature", "properties": {"wfo": "FFC", "type": "F", "magf": null, "l": "(\"2024-09-27 05:05:00-05\",F,,\"3 NW Cassville\",Bartow,GA,\"Emergency Mngr\",\"Flooded roadway near the intersection of Griffen Rd and Two Run Xing.\",FFC,\"FLASH FLOOD\",0101000020E61000009A999999993955C0A4703D0AD7234140,202409271245-KFFC-NWUS52-LSRFFC,\"2024-09-27 07:45:00-05\",,,75446,)", "county": "Bartow", "typetext": "FLASH FLOOD", "state": "GA", "remark": "Flooded roadway near the intersection of Griffen Rd and Two Run Xing.", "city": "3 NW Cassville", "source": "Emergency Mngr", "unit": null, "valid": "2024-09-27T10:05:00Z", "lon": -84.9, "lat": 34.28, "qualifier": null, "product_id": "202409271245-KFFC-NWUS52-LSRFFC", "st": "GA", "magnitude": ""}, "geometry": {"type": "Point", "coordinates": [-84.9, 34.28]}}, {"id": "566", "type": "Feature", "properties": {"wfo": "FFC", "type": "F", "magf": null, "l": "(\"2024-09-27 05:25:00-05\",F,,\"1 W Kingston\",Bartow,GA,\"Dept of Highways\",\"Flooding in roadway at SR 293 from MM 16 to 18.\",FFC,\"FLASH FLOOD\",0101000020E61000003D0AD7A3703D55C01F85EB51B81E4140,202409280142-KFFC-NWUS52-LSRFFC,\"2024-09-27 20:42:00-05\",,,75446,)", "county": "Bartow", "typetext": "FLASH FLOOD", "state": "GA", "remark": "Flooding in roadway at SR 293 from MM 16 to 18.", "city": "1 W Kingston", "source": "Dept of Highways", "unit": null, "valid": "2024-09-27T10:25:00Z", "lon": -84.96, "lat": 34.24, "qualifier": null, "product_id": "202409280142-KFFC-NWUS52-LSRFFC", "st": "GA", "magnitude": ""}, "geometry": {"type": "Point", "coordinates": [-84.96, 34.24]}}, {"id": "567", "type": "Feature", "properties": {"wfo": "FFC", "type": "F", "magf": null, "l": "(\"2024-09-27 05:27:00-05\",F,,\"2 SE Sweetwater Creek S\",Douglas,GA,\"Local Official\",\"Fire fighter and inspector reports submerged vehicle and swift water rescue along Riverside Parkway. No exact location or intersection provided.\",FFC,\"FLASH FLOOD\",0101000020E610000066666666662655C01F85EB51B8DE4040,202409271038-KFFC-NWUS52-LSRFFC,\"2024-09-27 05:38:00-05\",,,75486,)", "county": "Douglas", "typetext": "FLASH FLOOD", "state": "GA", "remark": "Fire fighter and inspector reports submerged vehicle and swift water rescue along Riverside Parkway. No exact location or intersection provided.", "city": "2 SE Sweetwater Creek S", "source": "Local Official", "unit": null, "valid": "2024-09-27T10:27:00Z", "lon": -84.6, "lat": 33.74, "qualifier": null, "product_id": "202409271038-KFFC-NWUS52-LSRFFC", "st": "GA", "magnitude": ""}, "geometry": {"type": "Point", "coordinates": [-84.6, 33.74]}}, {"id": "568", "type": "Feature", "properties": {"wfo": "FFC", "type": "F", "magf": null, "l": "(\"2024-09-27 05:54:00-05\",F,,\"1 ESE Lithia Springs\",Douglas,GA,\"Emergency Mngr\",\"Mt. Vernon Road was closed at Woodrow Wilson Park due to flooding across the roadway.\",FFC,\"FLASH FLOOD\",0101000020E6100000295C8FC2F52855C085EB51B81EE54040,202409271304-KFFC-NWUS52-LSRFFC,\"2024-09-27 08:04:00-05\",,,75486,)", "county": "Douglas", "typetext": "FLASH FLOOD", "state": "GA", "remark": "Mt. Vernon Road was closed at Woodrow Wilson Park due to flooding across the roadway.", "city": "1 ESE Lithia Springs", "source": "Emergency Mngr", "unit": null, "valid": "2024-09-27T10:54:00Z", "lon": -84.64, "lat": 33.79, "qualifier": null, "product_id": "202409271304-KFFC-NWUS52-LSRFFC", "st": "GA", "magnitude": ""}, "geometry": {"type": "Point", "coordinates": [-84.64, 33.79]}}, {"id": "569", "type": "Feature", "properties": {"wfo": "FFC", "type": "F", "magf": null, "l": "(\"2024-09-27 05:55:00-05\",F,,\"2 NE Cadwell\",Laurens,GA,\"Dept of Highways\",\"GDOT reports flooding on SR 117 Northbound at Mullis Rd. All lanes closed.\",FFC,\"FLASH FLOOD\",0101000020E6100000E17A14AE47C154C0AE47E17A142E4040,202409271055-KFFC-NWUS52-LSRFFC,\"2024-09-27 05:55:00-05\",,,75525,)", "county": "Laurens", "typetext": "FLASH FLOOD", "state": "GA", "remark": "GDOT reports flooding on SR 117 Northbound at Mullis Rd. All lanes closed.", "city": "2 NE Cadwell", "source": "Dept of Highways", "unit": null, "valid": "2024-09-27T10:55:00Z", "lon": -83.02, "lat": 32.36, "qualifier": null, "product_id": "202409271055-KFFC-NWUS52-LSRFFC", "st": "GA", "magnitude": ""}, "geometry": {"type": "Point", "coordinates": [-83.02, 32.36]}}, {"id": "570", "type": "Feature", "properties": {"wfo": "FFC", "type": "F", "magf": null, "l": "(\"2024-09-27 06:00:00-05\",F,,\"2 E Lifsey Springs\",Pike,GA,\"Emergency Mngr\",\"Campbell Road was flooded and closed at Highway 19.\",FFC,\"FLASH FLOOD\",0101000020E6100000F6285C8FC21555C085EB51B81E854040,202409282346-KFFC-NWUS52-LSRFFC,\"2024-09-28 18:46:00-05\",,,75552,)", "county": "Pike", "typetext": "FLASH FLOOD", "state": "GA", "remark": "Campbell Road was flooded and closed at Highway 19.", "city": "2 E Lifsey Springs", "source": "Emergency Mngr", "unit": null, "valid": "2024-09-27T11:00:00Z", "lon": -84.34, "lat": 33.04, "qualifier": null, "product_id": "202409282346-KFFC-NWUS52-LSRFFC", "st": "GA", "magnitude": ""}, "geometry": {"type": "Point", "coordinates": [-84.34, 33.04]}}, {"id": "571", "type": "Feature", "properties": {"wfo": "FFC", "type": "F", "magf": null, "l": "(\"2024-09-27 06:00:00-05\",F,,\"2 ESE Concord\",Pike,GA,\"Emergency Mngr\",\"Fossett Road was flooded and closed near Roberts Quarters Road.\",FFC,\"FLASH FLOOD\",0101000020E61000000AD7A3703D1A55C00AD7A3703D8A4040,202409282351-KFFC-NWUS52-LSRFFC,\"2024-09-28 18:51:00-05\",,,75552,)", "county": "Pike", "typetext": "FLASH FLOOD", "state": "GA", "remark": "Fossett Road was flooded and closed near Roberts Quarters Road.", "city": "2 ESE Concord", "source": "Emergency Mngr", "unit": null, "valid": "2024-09-27T11:00:00Z", "lon": -84.41, "lat": 33.08, "qualifier": null, "product_id": "202409282351-KFFC-NWUS52-LSRFFC", "st": "GA", "magnitude": ""}, "geometry": {"type": "Point", "coordinates": [-84.41, 33.08]}}, {"id": "572", "type": "Feature", "properties": {"wfo": "FFC", "type": "F", "magf": null, "l": "(\"2024-09-27 06:00:00-05\",F,,\"2 ESE Lifsey Springs\",Pike,GA,\"Emergency Mngr\",\"Dunn Road was flooded and closed near Pitts Road.\",FFC,\"FLASH FLOOD\",0101000020E610000066666666661655C0C3F5285C8F824040,202409282348-KFFC-NWUS52-LSRFFC,\"2024-09-28 18:48:00-05\",,,75552,)", "county": "Pike", "typetext": "FLASH FLOOD", "state": "GA", "remark": "Dunn Road was flooded and closed near Pitts Road.", "city": "2 ESE Lifsey Springs", "source": "Emergency Mngr", "unit": null, "valid": "2024-09-27T11:00:00Z", "lon": -84.35, "lat": 33.02, "qualifier": null, "product_id": "202409282348-KFFC-NWUS52-LSRFFC", "st": "GA", "magnitude": ""}, "geometry": {"type": "Point", "coordinates": [-84.35, 33.02]}}, {"id": "573", "type": "Feature", "properties": {"wfo": "FFC", "type": "F", "magf": null, "l": "(\"2024-09-27 06:15:00-05\",F,,\"3 SSE Sweetwater Creek\",Douglas,GA,\"Emergency Mngr\",\"Road was flooded and down to only one lane in the 1800 block of Riverside Parkway.\",FFC,\"FLASH FLOOD\",0101000020E6100000D7A3703D0A2755C05C8FC2F528DC4040,202409271309-KFFC-NWUS52-LSRFFC,\"2024-09-27 08:09:00-05\",,,75486,)", "county": "Douglas", "typetext": "FLASH FLOOD", "state": "GA", "remark": "Road was flooded and down to only one lane in the 1800 block of Riverside Parkway.", "city": "3 SSE Sweetwater Creek", "source": "Emergency Mngr", "unit": null, "valid": "2024-09-27T11:15:00Z", "lon": -84.61, "lat": 33.72, "qualifier": null, "product_id": "202409271309-KFFC-NWUS52-LSRFFC", "st": "GA", "magnitude": ""}, "geometry": {"type": "Point", "coordinates": [-84.61, 33.72]}}, {"id": "574", "type": "Feature", "properties": {"wfo": "FFC", "type": "F", "magf": null, "l": "(\"2024-09-27 06:30:00-05\",F,,\"3 ENE Zebulon\",Pike,GA,\"Emergency Mngr\",\"Grady Maddox Road was flooded and closed between New Hope Road and McKinley Road.\",FFC,\"FLASH FLOOD\",0101000020E610000033333333331355C08FC2F5285C8F4040,202409282331-KFFC-NWUS52-LSRFFC,\"2024-09-28 18:31:00-05\",,,75552,)", "county": "Pike", "typetext": "FLASH FLOOD", "state": "GA", "remark": "Grady Maddox Road was flooded and closed between New Hope Road and McKinley Road.", "city": "3 ENE Zebulon", "source": "Emergency Mngr", "unit": null, "valid": "2024-09-27T11:30:00Z", "lon": -84.3, "lat": 33.12, "qualifier": null, "product_id": "202409282331-KFFC-NWUS52-LSRFFC", "st": "GA", "magnitude": ""}, "geometry": {"type": "Point", "coordinates": [-84.3, 33.12]}}, {"id": "575", "type": "Feature", "properties": {"wfo": "FFC", "type": "F", "magf": null, "l": "(\"2024-09-27 06:45:00-05\",F,,\"2 NW Lifsey Springs\",Pike,GA,\"Emergency Mngr\",\"Old Zebulon Road at Powder Creek was flooded and closed.\",FFC,\"FLASH FLOOD\",0101000020E6100000295C8FC2F51855C048E17A14AE874040,202409282333-KFFC-NWUS52-LSRFFC,\"2024-09-28 18:33:00-05\",,,75552,)", "county": "Pike", "typetext": "FLASH FLOOD", "state": "GA", "remark": "Old Zebulon Road at Powder Creek was flooded and closed.", "city": "2 NW Lifsey Springs", "source": "Emergency Mngr", "unit": null, "valid": "2024-09-27T11:45:00Z", "lon": -84.39, "lat": 33.06, "qualifier": null, "product_id": "202409282333-KFFC-NWUS52-LSRFFC", "st": "GA", "magnitude": ""}, "geometry": {"type": "Point", "coordinates": [-84.39, 33.06]}}, {"id": "576", "type": "Feature", "properties": {"wfo": "FFC", "type": "F", "magf": null, "l": "(\"2024-09-27 07:07:00-05\",F,,\"4 E Cloudland\",Chattooga,GA,\"911 Call Center\",\"Road flooding from nearby stream over Hair Lake Rd. near the intersection of Beaver Rd.\",FFC,\"FLASH FLOOD\",0101000020E61000000AD7A3703D5A55C0C3F5285C8F424140,202409271209-KFFC-NWUS52-LSRFFC,\"2024-09-27 07:09:00-05\",,,75465,)", "county": "Chattooga", "typetext": "FLASH FLOOD", "state": "GA", "remark": "Road flooding from nearby stream over Hair Lake Rd. near the intersection of Beaver Rd.", "city": "4 E Cloudland", "source": "911 Call Center", "unit": null, "valid": "2024-09-27T12:07:00Z", "lon": -85.41, "lat": 34.52, "qualifier": null, "product_id": "202409271209-KFFC-NWUS52-LSRFFC", "st": "GA", "magnitude": ""}, "geometry": {"type": "Point", "coordinates": [-85.41, 34.52]}}, {"id": "577", "type": "Feature", "properties": {"wfo": "FFC", "type": "F", "magf": null, "l": "(\"2024-09-27 07:37:00-05\",F,,\"3 W College Park\",Fulton,GA,\"Dept of Highways\",\"Road flooded at SR 6 and Desert Road.\",FFC,\"FLASH FLOOD\",0101000020E61000008FC2F5285C1F55C014AE47E17AD44040,202409280201-KFFC-NWUS52-LSRFFC,\"2024-09-27 21:01:00-05\",,,75498,)", "county": "Fulton", "typetext": "FLASH FLOOD", "state": "GA", "remark": "Road flooded at SR 6 and Desert Road.", "city": "3 W College Park", "source": "Dept of Highways", "unit": null, "valid": "2024-09-27T12:37:00Z", "lon": -84.49, "lat": 33.66, "qualifier": null, "product_id": "202409280201-KFFC-NWUS52-LSRFFC", "st": "GA", "magnitude": ""}, "geometry": {"type": "Point", "coordinates": [-84.49, 33.66]}}, {"id": "578", "type": "Feature", "properties": {"wfo": "FFC", "type": "F", "magf": null, "l": "(\"2024-09-27 08:33:00-05\",F,,\"2 E Bolton\",Fulton,GA,\"Broadcast Media\",\"Flash flooding has made parts of Defoors Ferry Rd impassable.\",FFC,\"FLASH FLOOD\",0101000020E6100000EC51B81E851B55C048E17A14AEE74040,202409271333-KFFC-NWUS52-LSRFFC,\"2024-09-27 08:33:00-05\",,,75498,)", "county": "Fulton", "typetext": "FLASH FLOOD", "state": "GA", "remark": "Flash flooding has made parts of Defoors Ferry Rd impassable.", "city": "2 E Bolton", "source": "Broadcast Media", "unit": null, "valid": "2024-09-27T13:33:00Z", "lon": -84.43, "lat": 33.81, "qualifier": null, "product_id": "202409271333-KFFC-NWUS52-LSRFFC", "st": "GA", "magnitude": ""}, "geometry": {"type": "Point", "coordinates": [-84.43, 33.81]}}, {"id": "579", "type": "Feature", "properties": {"wfo": "FFC", "type": "F", "magf": null, "l": "(\"2024-09-27 08:34:00-05\",F,,\"1 ENE Macon\",Bibb,GA,\"Dept of Highways\",\"Flooding on I-16 WB at exit 2.\",FFC,\"FLASH FLOOD\",0101000020E610000048E17A14AEE754C0EC51B81E856B4040,202409280220-KFFC-NWUS52-LSRFFC,\"2024-09-27 21:20:00-05\",,,75449,)", "county": "Bibb", "typetext": "FLASH FLOOD", "state": "GA", "remark": "Flooding on I-16 WB at exit 2.", "city": "1 ENE Macon", "source": "Dept of Highways", "unit": null, "valid": "2024-09-27T13:34:00Z", "lon": -83.62, "lat": 32.84, "qualifier": null, "product_id": "202409280220-KFFC-NWUS52-LSRFFC", "st": "GA", "magnitude": ""}, "geometry": {"type": "Point", "coordinates": [-83.62, 32.84]}}, {"id": "580", "type": "Feature", "properties": {"wfo": "FFC", "type": "F", "magf": null, "l": "(\"2024-09-27 09:10:00-05\",F,,\"1 NNE Ocmulgee Banks\",Pulaski,GA,\"Dept of Highways\",\"Flooding on SR 230 at John Cobb Road.\",FFC,\"FLASH FLOOD\",0101000020E6100000D7A3703D0AD754C0D7A3703D0A174040,202409280143-KFFC-NWUS52-LSRFFC,\"2024-09-27 20:43:00-05\",,,75554,)", "county": "Pulaski", "typetext": "FLASH FLOOD", "state": "GA", "remark": "Flooding on SR 230 at John Cobb Road.", "city": "1 NNE Ocmulgee Banks", "source": "Dept of Highways", "unit": null, "valid": "2024-09-27T14:10:00Z", "lon": -83.36, "lat": 32.18, "qualifier": null, "product_id": "202409280143-KFFC-NWUS52-LSRFFC", "st": "GA", "magnitude": ""}, "geometry": {"type": "Point", "coordinates": [-83.36, 32.18]}}, {"id": "581", "type": "Feature", "properties": {"wfo": "FFC", "type": "F", "magf": null, "l": "(\"2024-09-27 09:13:00-05\",F,,\"2 SSE Resaca\",Gordon,GA,\"Dept of Highways\",\"Roadway flooded at SR 3 and I-75.\",FFC,\"FLASH FLOOD\",0101000020E61000005C8FC2F5283C55C048E17A14AE474140,202409280224-KFFC-NWUS52-LSRFFC,\"2024-09-27 21:24:00-05\",,,75502,)", "county": "Gordon", "typetext": "FLASH FLOOD", "state": "GA", "remark": "Roadway flooded at SR 3 and I-75.", "city": "2 SSE Resaca", "source": "Dept of Highways", "unit": null, "valid": "2024-09-27T14:13:00Z", "lon": -84.94, "lat": 34.56, "qualifier": null, "product_id": "202409280224-KFFC-NWUS52-LSRFFC", "st": "GA", "magnitude": ""}, "geometry": {"type": "Point", "coordinates": [-84.94, 34.56]}}, {"id": "582", "type": "Feature", "properties": {"wfo": "FFC", "type": "F", "magf": null, "l": "(\"2024-09-27 09:30:00-05\",F,,\"1 N Kite\",Johnson,GA,\"Dept of Highways\",\"Water on HWY 221 at Battleground Creek Bridge.\",FFC,\"FLASH FLOOD\",0101000020E6100000E17A14AE47A154C07B14AE47E15A4040,202409280222-KFFC-NWUS52-LSRFFC,\"2024-09-27 21:22:00-05\",,,75521,)", "county": "Johnson", "typetext": "FLASH FLOOD", "state": "GA", "remark": "Water on HWY 221 at Battleground Creek Bridge.", "city": "1 N Kite", "source": "Dept of Highways", "unit": null, "valid": "2024-09-27T14:30:00Z", "lon": -82.52, "lat": 32.71, "qualifier": null, "product_id": "202409280222-KFFC-NWUS52-LSRFFC", "st": "GA", "magnitude": ""}, "geometry": {"type": "Point", "coordinates": [-82.52, 32.71]}}, {"id": "583", "type": "Feature", "properties": {"wfo": "FFC", "type": "F", "magf": null, "l": "(\"2024-09-27 09:30:00-05\",F,,\"2 ENE Hartford\",Pulaski,GA,\"Dept of Highways\",\"Flooding on SR 257 before Buchan Road.\",FFC,\"FLASH FLOOD\",0101000020E61000007B14AE47E1DA54C085EB51B81E254040,202409280143-KFFC-NWUS52-LSRFFC,\"2024-09-27 20:43:00-05\",,,75554,)", "county": "Pulaski", "typetext": "FLASH FLOOD", "state": "GA", "remark": "Flooding on SR 257 before Buchan Road.", "city": "2 ENE Hartford", "source": "Dept of Highways", "unit": null, "valid": "2024-09-27T14:30:00Z", "lon": -83.42, "lat": 32.29, "qualifier": null, "product_id": "202409280143-KFFC-NWUS52-LSRFFC", "st": "GA", "magnitude": ""}, "geometry": {"type": "Point", "coordinates": [-83.42, 32.29]}}, {"id": "584", "type": "Feature", "properties": {"wfo": "FFC", "type": "F", "magf": null, "l": "(\"2024-09-27 11:54:00-05\",F,,\"1 S Roswell\",Fulton,GA,Public,\"Report from mPING: Street/road flooding; Street/road closed; Vehicles stranded.\",FFC,\"FLASH FLOOD\",0101000020E6100000D7A3703D0A1755C00000000000004140,202409271656-KFFC-NWUS52-LSRFFC,\"2024-09-27 11:56:00-05\",,,75498,)", "county": "Fulton", "typetext": "FLASH FLOOD", "state": "GA", "remark": "Report from mPING: Street/road flooding; Street/road closed; Vehicles stranded.", "city": "1 S Roswell", "source": "Public", "unit": null, "valid": "2024-09-27T16:54:00Z", "lon": -84.36, "lat": 34.0, "qualifier": null, "product_id": "202409271656-KFFC-NWUS52-LSRFFC", "st": "GA", "magnitude": ""}, "geometry": {"type": "Point", "coordinates": [-84.36, 34.0]}}, {"id": "585", "type": "Feature", "properties": {"wfo": "FFC", "type": "T", "magf": null, "l": "(\"2024-09-26 19:57:00-05\",T,,\"2 NNE Jordan\",Wheeler,GA,\"Emergency Mngr\",\"*** 2 INJ *** Tornado at Adams Cemetery Road and Highway 19.\",FFC,TORNADO,0101000020E61000009A99999999A954C048E17A14AE074040,202409270331-KFFC-NWUS52-LSRFFC,\"2024-09-26 22:31:00-05\",,,75591,)", "county": "Wheeler", "typetext": "TORNADO", "state": "GA", "remark": "*** 2 INJ *** Tornado at Adams Cemetery Road and Highway 19.", "city": "2 NNE Jordan", "source": "Emergency Mngr", "unit": null, "valid": "2024-09-27T00:57:00Z", "lon": -82.65, "lat": 32.06, "qualifier": null, "product_id": "202409270331-KFFC-NWUS52-LSRFFC", "st": "GA", "magnitude": ""}, "geometry": {"type": "Point", "coordinates": [-82.65, 32.06]}}, {"id": "586", "type": "Feature", "properties": {"wfo": "FFC", "type": "T", "magf": null, "l": "(\"2024-09-26 19:57:00-05\",T,,\"2 NNE Jordan\",Wheeler,GA,\"Emergency Mngr\",\"Corrects previous tornado report from Adams Cemetery Road and Highway 19. 2 Fatalities confirmed in a mobile home destroyed by the tornado.\",FFC,TORNADO,0101000020E61000009A99999999A954C048E17A14AE074040,202409271724-KFFC-NWUS52-LSRFFC,\"2024-09-27 12:24:00-05\",,,75591,)", "county": "Wheeler", "typetext": "TORNADO", "state": "GA", "remark": "Corrects previous tornado report from Adams Cemetery Road and Highway 19. 2 Fatalities confirmed in a mobile home destroyed by the tornado.", "city": "2 NNE Jordan", "source": "Emergency Mngr", "unit": null, "valid": "2024-09-27T00:57:00Z", "lon": -82.65, "lat": 32.06, "qualifier": null, "product_id": "202409271724-KFFC-NWUS52-LSRFFC", "st": "GA", "magnitude": ""}, "geometry": {"type": "Point", "coordinates": [-82.65, 32.06]}}, {"id": "587", "type": "Feature", "properties": {"wfo": "GSP", "type": "0", "magf": null, "l": "(\"2024-09-27 04:00:00-05\",0,,\"5 WNW Clemson\",Oconee,SC,\"Amateur Radio\",\"Multiple trees and power lines down.\",GSP,\"TROPICAL CYCLONE\",0101000020E6100000B81E85EB51B854C05C8FC2F5285C4140,202409270942-KGSP-NWUS52-LSRGSP,\"2024-09-27 04:42:00-05\",,,77486,)", "county": "Oconee", "typetext": "TROPICAL CYCLONE", "state": "SC", "remark": "Multiple trees and power lines down.", "city": "5 WNW Clemson", "source": "Amateur Radio", "unit": null, "valid": "2024-09-27T09:00:00Z", "lon": -82.88, "lat": 34.72, "qualifier": null, "product_id": "202409270942-KGSP-NWUS52-LSRGSP", "st": "SC", "magnitude": ""}, "geometry": {"type": "Point", "coordinates": [-82.88, 34.72]}}, {"id": "588", "type": "Feature", "properties": {"wfo": "GSP", "type": "0", "magf": null, "l": "(\"2024-09-27 04:19:00-05\",0,,\"3 ENE Oakway\",Oconee,SC,\"Amateur Radio\",\"Tree down in road.\",GSP,\"TROPICAL CYCLONE\",0101000020E61000001F85EB51B8BE54C08FC2F5285C4F4140,202409270941-KGSP-NWUS52-LSRGSP,\"2024-09-27 04:41:00-05\",,,77486,)", "county": "Oconee", "typetext": "TROPICAL CYCLONE", "state": "SC", "remark": "Tree down in road.", "city": "3 ENE Oakway", "source": "Amateur Radio", "unit": null, "valid": "2024-09-27T09:19:00Z", "lon": -82.98, "lat": 34.62, "qualifier": null, "product_id": "202409270941-KGSP-NWUS52-LSRGSP", "st": "SC", "magnitude": ""}, "geometry": {"type": "Point", "coordinates": [-82.98, 34.62]}}, {"id": "589", "type": "Feature", "properties": {"wfo": "GSP", "type": "0", "magf": null, "l": "(\"2024-09-27 04:25:00-05\",0,,\"2 W Cleveland\",Greenville,SC,\"Amateur Radio\",\"Trees down blocking Highway 11.\",GSP,\"TROPICAL CYCLONE\",0101000020E6100000A4703D0AD7A354C00AD7A3703D8A4140,202409270946-KGSP-NWUS52-LSRGSP,\"2024-09-27 04:46:00-05\",,,77472,)", "county": "Greenville", "typetext": "TROPICAL CYCLONE", "state": "SC", "remark": "Trees down blocking Highway 11.", "city": "2 W Cleveland", "source": "Amateur Radio", "unit": null, "valid": "2024-09-27T09:25:00Z", "lon": -82.56, "lat": 35.08, "qualifier": null, "product_id": "202409270946-KGSP-NWUS52-LSRGSP", "st": "SC", "magnitude": ""}, "geometry": {"type": "Point", "coordinates": [-82.56, 35.08]}}, {"id": "590", "type": "Feature", "properties": {"wfo": "GSP", "type": "0", "magf": null, "l": "(\"2024-09-27 04:45:00-05\",0,,\"Calhoun Falls\",Abbeville,SC,\"Amateur Radio\",\"Tree across the road.\",GSP,\"TROPICAL CYCLONE\",0101000020E61000006666666666A654C0CDCCCCCCCC0C4140,202409270958-KGSP-NWUS52-LSRGSP,\"2024-09-27 04:58:00-05\",,,77450,)", "county": "Abbeville", "typetext": "TROPICAL CYCLONE", "state": "SC", "remark": "Tree across the road.", "city": "Calhoun Falls", "source": "Amateur Radio", "unit": null, "valid": "2024-09-27T09:45:00Z", "lon": -82.6, "lat": 34.1, "qualifier": null, "product_id": "202409270958-KGSP-NWUS52-LSRGSP", "st": "SC", "magnitude": ""}, "geometry": {"type": "Point", "coordinates": [-82.6, 34.1]}}, {"id": "591", "type": "Feature", "properties": {"wfo": "GSP", "type": "0", "magf": null, "l": "(\"2024-09-27 04:47:00-05\",0,,Greenwood,Greenwood,SC,\"Emergency Mngr\",\"Several trees down. Some on homes. Flooding starting.\",GSP,\"TROPICAL CYCLONE\",0101000020E61000009A999999998954C0B81E85EB51184140,202409270953-KGSP-NWUS52-LSRGSP,\"2024-09-27 04:53:00-05\",,,77473,)", "county": "Greenwood", "typetext": "TROPICAL CYCLONE", "state": "SC", "remark": "Several trees down. Some on homes. Flooding starting.", "city": "Greenwood", "source": "Emergency Mngr", "unit": null, "valid": "2024-09-27T09:47:00Z", "lon": -82.15, "lat": 34.19, "qualifier": null, "product_id": "202409270953-KGSP-NWUS52-LSRGSP", "st": "SC", "magnitude": ""}, "geometry": {"type": "Point", "coordinates": [-82.15, 34.19]}}, {"id": "592", "type": "Feature", "properties": {"wfo": "GSP", "type": "0", "magf": null, "l": "(\"2024-09-27 05:02:00-05\",0,,\"4 NE Seneca\",Oconee,SC,\"Amateur Radio\",\"Large tree down blocking roadway.\",GSP,\"TROPICAL CYCLONE\",0101000020E61000000AD7A3703DBA54C05C8FC2F5285C4140,202409271008-KGSP-NWUS52-LSRGSP,\"2024-09-27 05:08:00-05\",,,77486,)", "county": "Oconee", "typetext": "TROPICAL CYCLONE", "state": "SC", "remark": "Large tree down blocking roadway.", "city": "4 NE Seneca", "source": "Amateur Radio", "unit": null, "valid": "2024-09-27T10:02:00Z", "lon": -82.91, "lat": 34.72, "qualifier": null, "product_id": "202409271008-KGSP-NWUS52-LSRGSP", "st": "SC", "magnitude": ""}, "geometry": {"type": "Point", "coordinates": [-82.91, 34.72]}}, {"id": "593", "type": "Feature", "properties": {"wfo": "GSP", "type": "0", "magf": null, "l": "(\"2024-09-27 05:21:00-05\",0,,\"3 E Clemson\",Anderson,SC,\"Amateur Radio\",\"Trees down blocking westbound lane of Highway 123.\",GSP,\"TROPICAL CYCLONE\",0101000020E6100000713D0AD7A3B054C0D7A3703D0A574140,202409271028-KGSP-NWUS52-LSRGSP,\"2024-09-27 05:28:00-05\",,,77453,)", "county": "Anderson", "typetext": "TROPICAL CYCLONE", "state": "SC", "remark": "Trees down blocking westbound lane of Highway 123.", "city": "3 E Clemson", "source": "Amateur Radio", "unit": null, "valid": "2024-09-27T10:21:00Z", "lon": -82.76, "lat": 34.68, "qualifier": null, "product_id": "202409271028-KGSP-NWUS52-LSRGSP", "st": "SC", "magnitude": ""}, "geometry": {"type": "Point", "coordinates": [-82.76, 34.68]}}, {"id": "594", "type": "Feature", "properties": {"wfo": "GSP", "type": "0", "magf": null, "l": "(\"2024-09-27 05:54:00-05\",0,,\"3 E Hickory Tavern\",Laurens,SC,\"Amateur Radio\",\"Tree down blocking Wilsontown Road.\",GSP,\"TROPICAL CYCLONE\",0101000020E6100000295C8FC2F58854C0C3F5285C8F424140,202409271110-KGSP-NWUS52-LSRGSP,\"2024-09-27 06:10:00-05\",,,77479,)", "county": "Laurens", "typetext": "TROPICAL CYCLONE", "state": "SC", "remark": "Tree down blocking Wilsontown Road.", "city": "3 E Hickory Tavern", "source": "Amateur Radio", "unit": null, "valid": "2024-09-27T10:54:00Z", "lon": -82.14, "lat": 34.52, "qualifier": null, "product_id": "202409271110-KGSP-NWUS52-LSRGSP", "st": "SC", "magnitude": ""}, "geometry": {"type": "Point", "coordinates": [-82.14, 34.52]}}, {"id": "595", "type": "Feature", "properties": {"wfo": "GSP", "type": "0", "magf": null, "l": "(\"2024-09-27 05:58:00-05\",0,,\"1 W Simpsonville\",Greenville,SC,\"Amateur Radio\",\"Multiple trees down and a tree on a residence.\",GSP,\"TROPICAL CYCLONE\",0101000020E610000052B81E85EB9154C03D0AD7A3705D4140,202409271109-KGSP-NWUS52-LSRGSP,\"2024-09-27 06:09:00-05\",,,77472,)", "county": "Greenville", "typetext": "TROPICAL CYCLONE", "state": "SC", "remark": "Multiple trees down and a tree on a residence.", "city": "1 W Simpsonville", "source": "Amateur Radio", "unit": null, "valid": "2024-09-27T10:58:00Z", "lon": -82.28, "lat": 34.73, "qualifier": null, "product_id": "202409271109-KGSP-NWUS52-LSRGSP", "st": "SC", "magnitude": ""}, "geometry": {"type": "Point", "coordinates": [-82.28, 34.73]}}, {"id": "596", "type": "Feature", "properties": {"wfo": "GSP", "type": "0", "magf": null, "l": "(\"2024-09-27 06:00:00-05\",0,,Greenville,Greenville,SC,\"Utility Company\",\"Widespread trees and power lines down throughout Greenville County. Hundreds of thousands without power.\",GSP,\"TROPICAL CYCLONE\",0101000020E61000000AD7A3703D9A54C0CDCCCCCCCC6C4140,202409271319-KGSP-NWUS52-LSRGSP,\"2024-09-27 08:19:00-05\",,,77472,)", "county": "Greenville", "typetext": "TROPICAL CYCLONE", "state": "SC", "remark": "Widespread trees and power lines down throughout Greenville County. Hundreds of thousands without power.", "city": "Greenville", "source": "Utility Company", "unit": null, "valid": "2024-09-27T11:00:00Z", "lon": -82.41, "lat": 34.85, "qualifier": null, "product_id": "202409271319-KGSP-NWUS52-LSRGSP", "st": "SC", "magnitude": ""}, "geometry": {"type": "Point", "coordinates": [-82.41, 34.85]}}, {"id": "597", "type": "Feature", "properties": {"wfo": "GSP", "type": "0", "magf": null, "l": "(\"2024-09-27 06:00:00-05\",0,,Spartanburg,Spartanburg,SC,\"Utility Company\",\"Widespread trees and power lines down throughout Spartanburg County. Hundreds of thousands without power.\",GSP,\"TROPICAL CYCLONE\",0101000020E61000005C8FC2F5287C54C09A99999999794140,202409271319-KGSP-NWUS52-LSRGSP,\"2024-09-27 08:19:00-05\",,,77491,)", "county": "Spartanburg", "typetext": "TROPICAL CYCLONE", "state": "SC", "remark": "Widespread trees and power lines down throughout Spartanburg County. Hundreds of thousands without power.", "city": "Spartanburg", "source": "Utility Company", "unit": null, "valid": "2024-09-27T11:00:00Z", "lon": -81.94, "lat": 34.95, "qualifier": null, "product_id": "202409271319-KGSP-NWUS52-LSRGSP", "st": "SC", "magnitude": ""}, "geometry": {"type": "Point", "coordinates": [-81.94, 34.95]}}, {"id": "598", "type": "Feature", "properties": {"wfo": "GSP", "type": "0", "magf": null, "l": "(\"2024-09-27 06:14:00-05\",0,,\"2 N Rock Hill\",York,SC,\"Amateur Radio\",\"Tree down on house. Heavily damaged.\",GSP,\"TROPICAL CYCLONE\",0101000020E6100000C3F5285C8F4254C05C8FC2F5287C4140,202409271125-KGSP-NWUS52-LSRGSP,\"2024-09-27 06:25:00-05\",,,77495,)", "county": "York", "typetext": "TROPICAL CYCLONE", "state": "SC", "remark": "Tree down on house. Heavily damaged.", "city": "2 N Rock Hill", "source": "Amateur Radio", "unit": null, "valid": "2024-09-27T11:14:00Z", "lon": -81.04, "lat": 34.97, "qualifier": null, "product_id": "202409271125-KGSP-NWUS52-LSRGSP", "st": "SC", "magnitude": ""}, "geometry": {"type": "Point", "coordinates": [-81.04, 34.97]}}, {"id": "599", "type": "Feature", "properties": {"wfo": "GSP", "type": "0", "magf": null, "l": "(\"2024-09-27 06:16:00-05\",0,,\"2 NNW Rock Hill\",York,SC,\"Amateur Radio\",\"Tree and power lines down.\",GSP,\"TROPICAL CYCLONE\",0101000020E6100000C3F5285C8F4254C05C8FC2F5287C4140,202409271126-KGSP-NWUS52-LSRGSP,\"2024-09-27 06:26:00-05\",,,77495,)", "county": "York", "typetext": "TROPICAL CYCLONE", "state": "SC", "remark": "Tree and power lines down.", "city": "2 NNW Rock Hill", "source": "Amateur Radio", "unit": null, "valid": "2024-09-27T11:16:00Z", "lon": -81.04, "lat": 34.97, "qualifier": null, "product_id": "202409271126-KGSP-NWUS52-LSRGSP", "st": "SC", "magnitude": ""}, "geometry": {"type": "Point", "coordinates": [-81.04, 34.97]}}, {"id": "600", "type": "Feature", "properties": {"wfo": "GSP", "type": "0", "magf": null, "l": "(\"2024-09-27 06:40:00-05\",0,,\"1 W Reidville\",Spartanburg,SC,\"NWS Employee\",\"Numerous trees down around the Reidville area, several fences blown out and shutters blown off homes.\",GSP,\"TROPICAL CYCLONE\",0101000020E6100000B81E85EB518854C0AE47E17A146E4140,202409272226-KGSP-NWUS52-LSRGSP,\"2024-09-27 17:26:00-05\",,,77491,)", "county": "Spartanburg", "typetext": "TROPICAL CYCLONE", "state": "SC", "remark": "Numerous trees down around the Reidville area, several fences blown out and shutters blown off homes.", "city": "1 W Reidville", "source": "NWS Employee", "unit": null, "valid": "2024-09-27T11:40:00Z", "lon": -82.13, "lat": 34.86, "qualifier": null, "product_id": "202409272226-KGSP-NWUS52-LSRGSP", "st": "SC", "magnitude": ""}, "geometry": {"type": "Point", "coordinates": [-82.13, 34.86]}}, {"id": "601", "type": "Feature", "properties": {"wfo": "GSP", "type": "0", "magf": null, "l": "(\"2024-09-27 07:00:00-05\",0,,Union,Union,SC,\"Amateur Radio\",\"Amateur Radio reports trees down in parts of Union County. Time estimated.\",GSP,\"TROPICAL CYCLONE\",0101000020E610000048E17A14AE6754C03D0AD7A3705D4140,202409271539-KGSP-NWUS52-LSRGSP,\"2024-09-27 10:39:00-05\",,,77493,)", "county": "Union", "typetext": "TROPICAL CYCLONE", "state": "SC", "remark": "Amateur Radio reports trees down in parts of Union County. Time estimated.", "city": "Union", "source": "Amateur Radio", "unit": null, "valid": "2024-09-27T12:00:00Z", "lon": -81.62, "lat": 34.73, "qualifier": null, "product_id": "202409271539-KGSP-NWUS52-LSRGSP", "st": "SC", "magnitude": ""}, "geometry": {"type": "Point", "coordinates": [-81.62, 34.73]}}, {"id": "602", "type": "Feature", "properties": {"wfo": "GSP", "type": "0", "magf": null, "l": "(\"2024-09-27 07:01:00-05\",0,,\"4 ESE Powdersville\",Greenville,SC,\"Amateur Radio\",\"Tree down.\",GSP,\"TROPICAL CYCLONE\",0101000020E6100000EC51B81E859B54C0E17A14AE47614140,202409271209-KGSP-NWUS52-LSRGSP,\"2024-09-27 07:09:00-05\",,,77472,)", "county": "Greenville", "typetext": "TROPICAL CYCLONE", "state": "SC", "remark": "Tree down.", "city": "4 ESE Powdersville", "source": "Amateur Radio", "unit": null, "valid": "2024-09-27T12:01:00Z", "lon": -82.43, "lat": 34.76, "qualifier": null, "product_id": "202409271209-KGSP-NWUS52-LSRGSP", "st": "SC", "magnitude": ""}, "geometry": {"type": "Point", "coordinates": [-82.43, 34.76]}}, {"id": "603", "type": "Feature", "properties": {"wfo": "GSP", "type": "0", "magf": null, "l": "(\"2024-09-27 07:11:00-05\",0,,\"3 N Walhalla\",Oconee,SC,\"Amateur Radio\",\"Tree down blocking all lanes Pickett Post Road. Another tree down on Brewer Road.\",GSP,\"TROPICAL CYCLONE\",0101000020E61000003333333333C354C048E17A14AE674140,202409271217-KGSP-NWUS52-LSRGSP,\"2024-09-27 07:17:00-05\",,,77486,)", "county": "Oconee", "typetext": "TROPICAL CYCLONE", "state": "SC", "remark": "Tree down blocking all lanes Pickett Post Road. Another tree down on Brewer Road.", "city": "3 N Walhalla", "source": "Amateur Radio", "unit": null, "valid": "2024-09-27T12:11:00Z", "lon": -83.05, "lat": 34.81, "qualifier": null, "product_id": "202409271217-KGSP-NWUS52-LSRGSP", "st": "SC", "magnitude": ""}, "geometry": {"type": "Point", "coordinates": [-83.05, 34.81]}}, {"id": "604", "type": "Feature", "properties": {"wfo": "GSP", "type": "0", "magf": null, "l": "(\"2024-09-27 07:30:00-05\",0,,\"3 NE Anderson\",Anderson,SC,\"Amateur Radio\",\"Numerous trees down in the area.\",GSP,\"TROPICAL CYCLONE\",0101000020E610000048E17A14AEA754C06666666666464140,202409271248-KGSP-NWUS52-LSRGSP,\"2024-09-27 07:48:00-05\",,,77453,)", "county": "Anderson", "typetext": "TROPICAL CYCLONE", "state": "SC", "remark": "Numerous trees down in the area.", "city": "3 NE Anderson", "source": "Amateur Radio", "unit": null, "valid": "2024-09-27T12:30:00Z", "lon": -82.62, "lat": 34.55, "qualifier": null, "product_id": "202409271248-KGSP-NWUS52-LSRGSP", "st": "SC", "magnitude": ""}, "geometry": {"type": "Point", "coordinates": [-82.62, 34.55]}}, {"id": "605", "type": "Feature", "properties": {"wfo": "GSP", "type": "0", "magf": null, "l": "(\"2024-09-27 07:30:00-05\",0,,\"5 ENE Sandy Springs\",Anderson,SC,\"Amateur Radio\",\"Large oak fell on a vacant house. Numerous other trees down. Subdivision inaccessible.\",GSP,\"TROPICAL CYCLONE\",0101000020E61000007B14AE47E1AA54C08FC2F5285C4F4140,202409271251-KGSP-NWUS52-LSRGSP,\"2024-09-27 07:51:00-05\",,,77453,)", "county": "Anderson", "typetext": "TROPICAL CYCLONE", "state": "SC", "remark": "Large oak fell on a vacant house. Numerous other trees down. Subdivision inaccessible.", "city": "5 ENE Sandy Springs", "source": "Amateur Radio", "unit": null, "valid": "2024-09-27T12:30:00Z", "lon": -82.67, "lat": 34.62, "qualifier": null, "product_id": "202409271251-KGSP-NWUS52-LSRGSP", "st": "SC", "magnitude": ""}, "geometry": {"type": "Point", "coordinates": [-82.67, 34.62]}}, {"id": "606", "type": "Feature", "properties": {"wfo": "GSP", "type": "0", "magf": null, "l": "(\"2024-09-27 07:33:00-05\",0,,\"4 N Edgemoor\",York,SC,\"Amateur Radio\",\"Tree down on I-77 SB at Exit 73. One lane blocked.\",GSP,\"TROPICAL CYCLONE\",0101000020E6100000713D0AD7A34054C0AE47E17A146E4140,202409271237-KGSP-NWUS52-LSRGSP,\"2024-09-27 07:37:00-05\",,,77495,)", "county": "York", "typetext": "TROPICAL CYCLONE", "state": "SC", "remark": "Tree down on I-77 SB at Exit 73. One lane blocked.", "city": "4 N Edgemoor", "source": "Amateur Radio", "unit": null, "valid": "2024-09-27T12:33:00Z", "lon": -81.01, "lat": 34.86, "qualifier": null, "product_id": "202409271237-KGSP-NWUS52-LSRGSP", "st": "SC", "magnitude": ""}, "geometry": {"type": "Point", "coordinates": [-81.01, 34.86]}}, {"id": "607", "type": "Feature", "properties": {"wfo": "GSP", "type": "0", "magf": null, "l": "(\"2024-09-27 07:34:00-05\",0,,\"4 WNW Anderson\",Anderson,SC,\"Amateur Radio\",\"Numerous trees down. One on a house. No injuries.\",GSP,\"TROPICAL CYCLONE\",0101000020E61000003D0AD7A370AD54C0A4703D0AD7434140,202409271235-KGSP-NWUS52-LSRGSP,\"2024-09-27 07:35:00-05\",,,77453,)", "county": "Anderson", "typetext": "TROPICAL CYCLONE", "state": "SC", "remark": "Numerous trees down. One on a house. No injuries.", "city": "4 WNW Anderson", "source": "Amateur Radio", "unit": null, "valid": "2024-09-27T12:34:00Z", "lon": -82.71, "lat": 34.53, "qualifier": null, "product_id": "202409271235-KGSP-NWUS52-LSRGSP", "st": "SC", "magnitude": ""}, "geometry": {"type": "Point", "coordinates": [-82.71, 34.53]}}, {"id": "608", "type": "Feature", "properties": {"wfo": "GSP", "type": "0", "magf": null, "l": "(\"2024-09-27 07:40:00-05\",0,,\"3 SE Central\",Anderson,SC,\"Amateur Radio\",\"Large trees down blocking the road.\",GSP,\"TROPICAL CYCLONE\",0101000020E61000000000000000B054C0B81E85EB51584140,202409271252-KGSP-NWUS52-LSRGSP,\"2024-09-27 07:52:00-05\",,,77453,)", "county": "Anderson", "typetext": "TROPICAL CYCLONE", "state": "SC", "remark": "Large trees down blocking the road.", "city": "3 SE Central", "source": "Amateur Radio", "unit": null, "valid": "2024-09-27T12:40:00Z", "lon": -82.75, "lat": 34.69, "qualifier": null, "product_id": "202409271252-KGSP-NWUS52-LSRGSP", "st": "SC", "magnitude": ""}, "geometry": {"type": "Point", "coordinates": [-82.75, 34.69]}}, {"id": "609", "type": "Feature", "properties": {"wfo": "GSP", "type": "0", "magf": null, "l": "(\"2024-09-27 07:43:00-05\",0,,\"4 N Fort Mill\",York,SC,\"Amateur Radio\",\"Tree down on I-77 at Gold Hill Road. One northbound lane blocked.\",GSP,\"TROPICAL CYCLONE\",0101000020E61000003D0AD7A3703D54C048E17A14AE874140,202409271247-KGSP-NWUS52-LSRGSP,\"2024-09-27 07:47:00-05\",,,77495,)", "county": "York", "typetext": "TROPICAL CYCLONE", "state": "SC", "remark": "Tree down on I-77 at Gold Hill Road. One northbound lane blocked.", "city": "4 N Fort Mill", "source": "Amateur Radio", "unit": null, "valid": "2024-09-27T12:43:00Z", "lon": -80.96, "lat": 35.06, "qualifier": null, "product_id": "202409271247-KGSP-NWUS52-LSRGSP", "st": "SC", "magnitude": ""}, "geometry": {"type": "Point", "coordinates": [-80.96, 35.06]}}, {"id": "610", "type": "Feature", "properties": {"wfo": "GSP", "type": "0", "magf": null, "l": "(\"2024-09-27 07:50:00-05\",0,,\"6 SE York\",York,SC,\"Amateur Radio\",\"Road blocked by downed tree and power lines.\",GSP,\"TROPICAL CYCLONE\",0101000020E61000000AD7A3703D4A54C0B81E85EB51784140,202409271304-KGSP-NWUS52-LSRGSP,\"2024-09-27 08:04:00-05\",,,77495,)", "county": "York", "typetext": "TROPICAL CYCLONE", "state": "SC", "remark": "Road blocked by downed tree and power lines.", "city": "6 SE York", "source": "Amateur Radio", "unit": null, "valid": "2024-09-27T12:50:00Z", "lon": -81.16, "lat": 34.94, "qualifier": null, "product_id": "202409271304-KGSP-NWUS52-LSRGSP", "st": "SC", "magnitude": ""}, "geometry": {"type": "Point", "coordinates": [-81.16, 34.94]}}, {"id": "611", "type": "Feature", "properties": {"wfo": "GSP", "type": "0", "magf": null, "l": "(\"2024-09-27 08:10:00-05\",0,,\"3 SSW Dacusville\",Pickens,SC,\"Amateur Radio\",\"Trees and power lines down.\",GSP,\"TROPICAL CYCLONE\",0101000020E610000014AE47E17AA454C052B81E85EB714140,202409271319-KGSP-NWUS52-LSRGSP,\"2024-09-27 08:19:00-05\",,,77488,)", "county": "Pickens", "typetext": "TROPICAL CYCLONE", "state": "SC", "remark": "Trees and power lines down.", "city": "3 SSW Dacusville", "source": "Amateur Radio", "unit": null, "valid": "2024-09-27T13:10:00Z", "lon": -82.57, "lat": 34.89, "qualifier": null, "product_id": "202409271319-KGSP-NWUS52-LSRGSP", "st": "SC", "magnitude": ""}, "geometry": {"type": "Point", "coordinates": [-82.57, 34.89]}}, {"id": "612", "type": "Feature", "properties": {"wfo": "GSP", "type": "0", "magf": null, "l": "(\"2024-09-27 08:30:00-05\",0,,Greenville,Greenville,SC,Public,\"Multiple trees down across the city and county.\",GSP,\"TROPICAL CYCLONE\",0101000020E610000048E17A14AE9754C0EC51B81E856B4140,202409271411-KGSP-NWUS52-LSRGSP,\"2024-09-27 09:11:00-05\",,,77472,)", "county": "Greenville", "typetext": "TROPICAL CYCLONE", "state": "SC", "remark": "Multiple trees down across the city and county.", "city": "Greenville", "source": "Public", "unit": null, "valid": "2024-09-27T13:30:00Z", "lon": -82.37, "lat": 34.84, "qualifier": null, "product_id": "202409271411-KGSP-NWUS52-LSRGSP", "st": "SC", "magnitude": ""}, "geometry": {"type": "Point", "coordinates": [-82.37, 34.84]}}, {"id": "613", "type": "Feature", "properties": {"wfo": "GSP", "type": "0", "magf": null, "l": "(\"2024-09-27 08:30:00-05\",0,,Greer,Greenville,SC,\"NWS Employee\",\"Multiple trees down across town.\",GSP,\"TROPICAL CYCLONE\",0101000020E61000001F85EB51B88E54C0B81E85EB51784140,202409271410-KGSP-NWUS52-LSRGSP,\"2024-09-27 09:10:00-05\",,,77472,)", "county": "Greenville", "typetext": "TROPICAL CYCLONE", "state": "SC", "remark": "Multiple trees down across town.", "city": "Greer", "source": "NWS Employee", "unit": null, "valid": "2024-09-27T13:30:00Z", "lon": -82.23, "lat": 34.94, "qualifier": null, "product_id": "202409271410-KGSP-NWUS52-LSRGSP", "st": "SC", "magnitude": ""}, "geometry": {"type": "Point", "coordinates": [-82.23, 34.94]}}, {"id": "614", "type": "Feature", "properties": {"wfo": "GSP", "type": "0", "magf": null, "l": "(\"2024-09-27 08:30:00-05\",0,,Spartanburg,Spartanburg,SC,\"NWS Employee\",\"Multiple trees down across the county.\",GSP,\"TROPICAL CYCLONE\",0101000020E6100000EC51B81E857B54C09A99999999794140,202409271409-KGSP-NWUS52-LSRGSP,\"2024-09-27 09:09:00-05\",,,77491,)", "county": "Spartanburg", "typetext": "TROPICAL CYCLONE", "state": "SC", "remark": "Multiple trees down across the county.", "city": "Spartanburg", "source": "NWS Employee", "unit": null, "valid": "2024-09-27T13:30:00Z", "lon": -81.93, "lat": 34.95, "qualifier": null, "product_id": "202409271409-KGSP-NWUS52-LSRGSP", "st": "SC", "magnitude": ""}, "geometry": {"type": "Point", "coordinates": [-81.93, 34.95]}}, {"id": "615", "type": "Feature", "properties": {"wfo": "GSP", "type": "D", "magf": null, "l": "(\"2024-09-24 14:40:00-05\",D,,\"6 ESE Sedalia\",Union,SC,\"Emergency Mngr\",\"Multiple trees down on Hickory Nut Hollow Road and Eaves Road, with one on a barn.\",GSP,\"TSTM WND DMG\",0101000020E610000048E17A14AE6754C0295C8FC2F5484140,202409242054-KGSP-NWUS52-LSRGSP,\"2024-09-24 15:54:00-05\",,,77493,)", "county": "Union", "typetext": "TSTM WND DMG", "state": "SC", "remark": "Multiple trees down on Hickory Nut Hollow Road and Eaves Road, with one on a barn.", "city": "6 ESE Sedalia", "source": "Emergency Mngr", "unit": null, "valid": "2024-09-24T19:40:00Z", "lon": -81.62, "lat": 34.57, "qualifier": null, "product_id": "202409242054-KGSP-NWUS52-LSRGSP", "st": "SC", "magnitude": ""}, "geometry": {"type": "Point", "coordinates": [-81.62, 34.57]}}, {"id": "616", "type": "Feature", "properties": {"wfo": "GSP", "type": "D", "magf": null, "l": "(\"2024-09-24 15:04:00-05\",D,,Carlisle,Union,SC,\"Utility Company\",\"Tree down on power lines in the Carlisle area.\",GSP,\"TSTM WND DMG\",0101000020E61000003D0AD7A3705D54C0EC51B81E854B4140,202409242110-KGSP-NWUS52-LSRGSP,\"2024-09-24 16:10:00-05\",,,77493,)", "county": "Union", "typetext": "TSTM WND DMG", "state": "SC", "remark": "Tree down on power lines in the Carlisle area.", "city": "Carlisle", "source": "Utility Company", "unit": null, "valid": "2024-09-24T20:04:00Z", "lon": -81.46, "lat": 34.59, "qualifier": null, "product_id": "202409242110-KGSP-NWUS52-LSRGSP", "st": "SC", "magnitude": ""}, "geometry": {"type": "Point", "coordinates": [-81.46, 34.59]}}, {"id": "617", "type": "Feature", "properties": {"wfo": "GSP", "type": "D", "magf": null, "l": "(\"2024-09-24 19:10:00-05\",D,,\"2 WNW Downtown Greenvil\",Greenville,SC,\"Emergency Mngr\",\"Multiple trees down around the city of Greenville, including some on homes.\",GSP,\"TSTM WND DMG\",0101000020E61000009A999999999954C0CDCCCCCCCC6C4140,202409250037-KGSP-NWUS52-LSRGSP,\"2024-09-24 19:37:00-05\",,,77472,)", "county": "Greenville", "typetext": "TSTM WND DMG", "state": "SC", "remark": "Multiple trees down around the city of Greenville, including some on homes.", "city": "2 WNW Downtown Greenvil", "source": "Emergency Mngr", "unit": null, "valid": "2024-09-25T00:10:00Z", "lon": -82.4, "lat": 34.85, "qualifier": null, "product_id": "202409250037-KGSP-NWUS52-LSRGSP", "st": "SC", "magnitude": ""}, "geometry": {"type": "Point", "coordinates": [-82.4, 34.85]}}, {"id": "618", "type": "Feature", "properties": {"wfo": "GSP", "type": "D", "magf": null, "l": "(\"2024-09-24 19:13:00-05\",D,,\"1 NNW Downtown Greenvil\",Greenville,SC,\"NWS Employee\",\"Multiple trees and large limbs down on the east side of Greenville in the Overbrook neighborhood. At least one large tree fell on power lines.\",GSP,\"TSTM WND DMG\",0101000020E6100000B81E85EB519854C0AE47E17A146E4140,202409250212-KGSP-NWUS52-LSRGSP,\"2024-09-24 21:12:00-05\",,,77472,)", "county": "Greenville", "typetext": "TSTM WND DMG", "state": "SC", "remark": "Multiple trees and large limbs down on the east side of Greenville in the Overbrook neighborhood. At least one large tree fell on power lines.", "city": "1 NNW Downtown Greenvil", "source": "NWS Employee", "unit": null, "valid": "2024-09-25T00:13:00Z", "lon": -82.38, "lat": 34.86, "qualifier": null, "product_id": "202409250212-KGSP-NWUS52-LSRGSP", "st": "SC", "magnitude": ""}, "geometry": {"type": "Point", "coordinates": [-82.38, 34.86]}}, {"id": "619", "type": "Feature", "properties": {"wfo": "GSP", "type": "D", "magf": null, "l": "(\"2024-09-24 21:00:00-05\",D,,\"2 N Blacksburg\",Cherokee,SC,\"Emergency Mngr\",\"Emergency management reports numerous trees blown down and several power poles snapped in an area centered around N Mountain St. This includes Mt Paran Rd and Hollyridge Rd.\",GSP,\"TSTM WND DMG\",0101000020E6100000E17A14AE476154C014AE47E17A944140,202409250336-KGSP-NWUS52-LSRGSP,\"2024-09-24 22:36:00-05\",,,77460,)", "county": "Cherokee", "typetext": "TSTM WND DMG", "state": "SC", "remark": "Emergency management reports numerous trees blown down and several power poles snapped in an area centered around N Mountain St. This includes Mt Paran Rd and Hollyridge Rd.", "city": "2 N Blacksburg", "source": "Emergency Mngr", "unit": null, "valid": "2024-09-25T02:00:00Z", "lon": -81.52, "lat": 35.16, "qualifier": null, "product_id": "202409250336-KGSP-NWUS52-LSRGSP", "st": "SC", "magnitude": ""}, "geometry": {"type": "Point", "coordinates": [-81.52, 35.16]}}, {"id": "620", "type": "Feature", "properties": {"wfo": "GSP", "type": "D", "magf": null, "l": "(\"2024-09-25 14:05:00-05\",D,,\"1 NW Hollywood\",Habersham,GA,\"Fire Dept/Rescue\",\"A report of trees down in the northern part of Habersham.\",GSP,\"TSTM WND DMG\",0101000020E61000003D0AD7A370DD54C014AE47E17A544140,202409251949-KGSP-NWUS52-LSRGSP,\"2024-09-25 14:49:00-05\",,,75506,)", "county": "Habersham", "typetext": "TSTM WND DMG", "state": "GA", "remark": "A report of trees down in the northern part of Habersham.", "city": "1 NW Hollywood", "source": "Fire Dept/Rescue", "unit": null, "valid": "2024-09-25T19:05:00Z", "lon": -83.46, "lat": 34.66, "qualifier": null, "product_id": "202409251949-KGSP-NWUS52-LSRGSP", "st": "GA", "magnitude": ""}, "geometry": {"type": "Point", "coordinates": [-83.46, 34.66]}}, {"id": "621", "type": "Feature", "properties": {"wfo": "GSP", "type": "D", "magf": null, "l": "(\"2024-09-25 17:50:00-05\",D,,\"2 NNW Cleveland\",Greenville,SC,\"Emergency Mngr\",\"Multiple trees down and small building damaged. Possible tornado.\",GSP,\"TSTM WND DMG\",0101000020E61000003333333333A354C0CDCCCCCCCC8C4140,202409260206-KGSP-NWUS52-LSRGSP,\"2024-09-25 21:06:00-05\",,,77472,)", "county": "Greenville", "typetext": "TSTM WND DMG", "state": "SC", "remark": "Multiple trees down and small building damaged. Possible tornado.", "city": "2 NNW Cleveland", "source": "Emergency Mngr", "unit": null, "valid": "2024-09-25T22:50:00Z", "lon": -82.55, "lat": 35.1, "qualifier": null, "product_id": "202409260206-KGSP-NWUS52-LSRGSP", "st": "SC", "magnitude": ""}, "geometry": {"type": "Point", "coordinates": [-82.55, 35.1]}}, {"id": "622", "type": "Feature", "properties": {"wfo": "GSP", "type": "F", "magf": null, "l": "(\"2024-09-27 05:48:00-05\",F,,\"1 NE Welcome\",Greenville,SC,\"Amateur Radio\",\"Water flooding over the road at Highways 123 and 25.\",GSP,\"FLASH FLOOD\",0101000020E6100000CDCCCCCCCC9C54C00AD7A3703D6A4140,202409271149-KGSP-NWUS52-LSRGSP,\"2024-09-27 06:49:00-05\",,,77472,)", "county": "Greenville", "typetext": "FLASH FLOOD", "state": "SC", "remark": "Water flooding over the road at Highways 123 and 25.", "city": "1 NE Welcome", "source": "Amateur Radio", "unit": null, "valid": "2024-09-27T10:48:00Z", "lon": -82.45, "lat": 34.83, "qualifier": null, "product_id": "202409271149-KGSP-NWUS52-LSRGSP", "st": "SC", "magnitude": ""}, "geometry": {"type": "Point", "coordinates": [-82.45, 34.83]}}, {"id": "623", "type": "Feature", "properties": {"wfo": "GSP", "type": "F", "magf": null, "l": "(\"2024-09-27 07:54:00-05\",F,,\"2 SSE Greenville-Sparta\",Spartanburg,SC,\"NWS Employee\",\"East Howell Road flooded.\",GSP,\"FLASH FLOOD\",0101000020E61000003D0AD7A3708D54C0AE47E17A146E4140,202409271417-KGSP-NWUS52-LSRGSP,\"2024-09-27 09:17:00-05\",,,77491,)", "county": "Spartanburg", "typetext": "FLASH FLOOD", "state": "SC", "remark": "East Howell Road flooded.", "city": "2 SSE Greenville-Sparta", "source": "NWS Employee", "unit": null, "valid": "2024-09-27T12:54:00Z", "lon": -82.21, "lat": 34.86, "qualifier": null, "product_id": "202409271417-KGSP-NWUS52-LSRGSP", "st": "SC", "magnitude": ""}, "geometry": {"type": "Point", "coordinates": [-82.21, 34.86]}}, {"id": "624", "type": "Feature", "properties": {"wfo": "GSP", "type": "G", "magf": 48.0, "l": "(\"2024-09-24 19:17:00-05\",G,48.0,\"1 ENE Downtown Greenvil\",Greenville,SC,ASOS,\"Peak wind gust of 48mph measured at Greenville Downtown Airport (KGMU).\",GSP,\"TSTM WND GST\",0101000020E610000066666666669654C0CDCCCCCCCC6C4140,202409250024-KGSP-NWUS52-LSRGSP,\"2024-09-24 19:24:00-05\",MPH,M,77472,)", "county": "Greenville", "typetext": "TSTM WND GST", "state": "SC", "remark": "Peak wind gust of 48mph measured at Greenville Downtown Airport (KGMU).", "city": "1 ENE Downtown Greenvil", "source": "ASOS", "unit": "MPH", "valid": "2024-09-25T00:17:00Z", "lon": -82.35, "lat": 34.85, "qualifier": "M", "product_id": "202409250024-KGSP-NWUS52-LSRGSP", "st": "SC", "magnitude": "48"}, "geometry": {"type": "Point", "coordinates": [-82.35, 34.85]}}, {"id": "625", "type": "Feature", "properties": {"wfo": "GSP", "type": "H", "magf": 1.0, "l": "(\"2024-09-24 19:50:00-05\",H,1.0,\"4 NW Salem\",Oconee,SC,\"Amateur Radio\",\"Quarter size hail fell along North Little River Road.\",GSP,HAIL,0101000020E6100000E17A14AE47C154C0D7A3703D0A774140,202409250106-KGSP-NWUS52-LSRGSP,\"2024-09-24 20:06:00-05\",Inch,M,77486,)", "county": "Oconee", "typetext": "HAIL", "state": "SC", "remark": "Quarter size hail fell along North Little River Road.", "city": "4 NW Salem", "source": "Amateur Radio", "unit": "Inch", "valid": "2024-09-25T00:50:00Z", "lon": -83.02, "lat": 34.93, "qualifier": "M", "product_id": "202409250106-KGSP-NWUS52-LSRGSP", "st": "SC", "magnitude": "1"}, "geometry": {"type": "Point", "coordinates": [-83.02, 34.93]}}, {"id": "626", "type": "Feature", "properties": {"wfo": "GSP", "type": "H", "magf": 1.0, "l": "(\"2024-09-25 14:07:00-05\",H,1.0,\"3 W Turnerville\",Habersham,GA,Public,\"Quarter sized hail.\",GSP,HAIL,0101000020E6100000AE47E17A14DE54C0B81E85EB51584140,202409251942-KGSP-NWUS52-LSRGSP,\"2024-09-25 14:42:00-05\",Inch,M,75506,)", "county": "Habersham", "typetext": "HAIL", "state": "GA", "remark": "Quarter sized hail.", "city": "3 W Turnerville", "source": "Public", "unit": "Inch", "valid": "2024-09-25T19:07:00Z", "lon": -83.47, "lat": 34.69, "qualifier": "M", "product_id": "202409251942-KGSP-NWUS52-LSRGSP", "st": "GA", "magnitude": "1"}, "geometry": {"type": "Point", "coordinates": [-83.47, 34.69]}}, {"id": "627", "type": "Feature", "properties": {"wfo": "GSP", "type": "O", "magf": null, "l": "(\"2024-09-27 01:50:00-05\",O,,\"1 NE Belton\",Anderson,SC,\"Trained Spotter\",\"Trained spotter reported tree on powerline near Broockside Drive and Hunter Drive.\",GSP,\"NON-TSTM WND DMG\",0101000020E61000001F85EB51B89E54C085EB51B81E454140,202409270731-KGSP-NWUS52-LSRGSP,\"2024-09-27 02:31:00-05\",,,77453,)", "county": "Anderson", "typetext": "NON-TSTM WND DMG", "state": "SC", "remark": "Trained spotter reported tree on powerline near Broockside Drive and Hunter Drive.", "city": "1 NE Belton", "source": "Trained Spotter", "unit": null, "valid": "2024-09-27T06:50:00Z", "lon": -82.48, "lat": 34.54, "qualifier": null, "product_id": "202409270731-KGSP-NWUS52-LSRGSP", "st": "SC", "magnitude": ""}, "geometry": {"type": "Point", "coordinates": [-82.48, 34.54]}}, {"id": "628", "type": "Feature", "properties": {"wfo": "ILM", "type": "T", "magf": null, "l": "(\"2024-09-27 05:04:00-05\",T,,\"12 W Georgetown\",Georgetown,SC,\"NWS Storm Survey\",\"NWS survey team verified an EF-0 tornado touched down near the intersection of Columbus Rd and Stafford Rd, with max winds of 65 mph. The tornado tracked NNE, for 2.42 miles snapping a few trees and numerous limbs. More details will be available in a forthcoming Public Information Statement.\",ILM,TORNADO,0101000020E61000000000000000E053C0AE47E17A14AE4040,202409281858-KILM-NWUS52-LSRILM,\"2024-09-28 13:58:00-05\",,,77471,)", "county": "Georgetown", "typetext": "TORNADO", "state": "SC", "remark": "NWS survey team verified an EF-0 tornado touched down near the intersection of Columbus Rd and Stafford Rd, with max winds of 65 mph. The tornado tracked NNE, for 2.42 miles snapping a few trees and numerous limbs. More details will be available in a forthcoming Public Information Statement.", "city": "12 W Georgetown", "source": "NWS Storm Survey", "unit": null, "valid": "2024-09-27T10:04:00Z", "lon": -79.5, "lat": 33.36, "qualifier": null, "product_id": "202409281858-KILM-NWUS52-LSRILM", "st": "SC", "magnitude": ""}, "geometry": {"type": "Point", "coordinates": [-79.5, 33.36]}}, {"id": "629", "type": "Feature", "properties": {"wfo": "JAX", "type": "0", "magf": null, "l": "(\"2024-09-26 10:15:00-05\",0,,\"1 N Jekyll Island\",Glynn,GA,Mesonet,\"Wind gust of 44 mph observed at Jekyll Island.\",JAX,\"TROPICAL CYCLONE\",0101000020E61000007B14AE47E15A54C0CDCCCCCCCC0C3F40,202409261526-KJAX-NWUS52-LSRJAX,\"2024-09-26 10:26:00-05\",,,75501,)", "county": "Glynn", "typetext": "TROPICAL CYCLONE", "state": "GA", "remark": "Wind gust of 44 mph observed at Jekyll Island.", "city": "1 N Jekyll Island", "source": "Mesonet", "unit": null, "valid": "2024-09-26T15:15:00Z", "lon": -81.42, "lat": 31.05, "qualifier": null, "product_id": "202409261526-KJAX-NWUS52-LSRJAX", "st": "GA", "magnitude": ""}, "geometry": {"type": "Point", "coordinates": [-81.42, 31.05]}}, {"id": "630", "type": "Feature", "properties": {"wfo": "JAX", "type": "0", "magf": null, "l": "(\"2024-09-26 23:22:00-05\",0,,\"1 NNE Jekyll Island\",Glynn,GA,Mesonet,\"The Weatherflow station at Jekyll Islandreported a peak wind gust of 69 mph.\",JAX,\"TROPICAL CYCLONE\",0101000020E61000000AD7A3703D5A54C0CDCCCCCCCC0C3F40,202409270445-KJAX-NWUS52-LSRJAX,\"2024-09-26 23:45:00-05\",,,75501,)", "county": "Glynn", "typetext": "TROPICAL CYCLONE", "state": "GA", "remark": "The Weatherflow station at Jekyll Islandreported a peak wind gust of 69 mph.", "city": "1 NNE Jekyll Island", "source": "Mesonet", "unit": null, "valid": "2024-09-27T04:22:00Z", "lon": -81.41, "lat": 31.05, "qualifier": null, "product_id": "202409270445-KJAX-NWUS52-LSRJAX", "st": "GA", "magnitude": ""}, "geometry": {"type": "Point", "coordinates": [-81.41, 31.05]}}, {"id": "631", "type": "Feature", "properties": {"wfo": "JAX", "type": "0", "magf": null, "l": "(\"2024-09-27 00:00:00-05\",0,,Pridgen,Coffee,GA,Public,\"Time estimated. Several trees down in yard. No damage to structures on property. Observer reported this was due to high winds.\",JAX,\"TROPICAL CYCLONE\",0101000020E61000007B14AE47E1BA54C03333333333B33F40,202409271053-KJAX-NWUS52-LSRJAX,\"2024-09-27 05:53:00-05\",,,75472,)", "county": "Coffee", "typetext": "TROPICAL CYCLONE", "state": "GA", "remark": "Time estimated. Several trees down in yard. No damage to structures on property. Observer reported this was due to high winds.", "city": "Pridgen", "source": "Public", "unit": null, "valid": "2024-09-27T05:00:00Z", "lon": -82.92, "lat": 31.7, "qualifier": null, "product_id": "202409271053-KJAX-NWUS52-LSRJAX", "st": "GA", "magnitude": ""}, "geometry": {"type": "Point", "coordinates": [-82.92, 31.7]}}, {"id": "632", "type": "Feature", "properties": {"wfo": "JAX", "type": "0", "magf": null, "l": "(\"2024-09-27 00:50:00-05\",0,,\"2 NW Jesup\",Wayne,GA,Mesonet,\"Mesonet station 2283W Wayne County High School reported wind gust to 66 mph from the Southeast.\",JAX,\"TROPICAL CYCLONE\",0101000020E61000007B14AE47E17A54C01F85EB51B89E3F40,202409270706-KJAX-NWUS52-LSRJAX,\"2024-09-27 02:06:00-05\",,,75589,)", "county": "Wayne", "typetext": "TROPICAL CYCLONE", "state": "GA", "remark": "Mesonet station 2283W Wayne County High School reported wind gust to 66 mph from the Southeast.", "city": "2 NW Jesup", "source": "Mesonet", "unit": null, "valid": "2024-09-27T05:50:00Z", "lon": -81.92, "lat": 31.62, "qualifier": null, "product_id": "202409270706-KJAX-NWUS52-LSRJAX", "st": "GA", "magnitude": ""}, "geometry": {"type": "Point", "coordinates": [-81.92, 31.62]}}, {"id": "633", "type": "Feature", "properties": {"wfo": "JAX", "type": "0", "magf": null, "l": "(\"2024-09-27 00:52:00-05\",0,,\"1 NNE Jekyll Island\",Glynn,GA,Mesonet,\"Mesonet station XJEK Jekyll Island reported wind gust to 78 mph from the Southeast,.\",JAX,\"TROPICAL CYCLONE\",0101000020E61000000AD7A3703D5A54C0CDCCCCCCCC0C3F40,202409270630-KJAX-NWUS52-LSRJAX,\"2024-09-27 01:30:00-05\",,,75501,)", "county": "Glynn", "typetext": "TROPICAL CYCLONE", "state": "GA", "remark": "Mesonet station XJEK Jekyll Island reported wind gust to 78 mph from the Southeast,.", "city": "1 NNE Jekyll Island", "source": "Mesonet", "unit": null, "valid": "2024-09-27T05:52:00Z", "lon": -81.41, "lat": 31.05, "qualifier": null, "product_id": "202409270630-KJAX-NWUS52-LSRJAX", "st": "GA", "magnitude": ""}, "geometry": {"type": "Point", "coordinates": [-81.41, 31.05]}}, {"id": "634", "type": "Feature", "properties": {"wfo": "JAX", "type": "0", "magf": null, "l": "(\"2024-09-27 01:00:00-05\",0,,Nicholls,Coffee,GA,\"Emergency Mngr\",\"Roof came off of shelter location in Nicholls, GA. Unknown injuries at this time.\",JAX,\"TROPICAL CYCLONE\",0101000020E6100000295C8FC2F5A854C085EB51B81E853F40,202409270639-KJAX-NWUS52-LSRJAX,\"2024-09-27 01:39:00-05\",,,75472,)", "county": "Coffee", "typetext": "TROPICAL CYCLONE", "state": "GA", "remark": "Roof came off of shelter location in Nicholls, GA. Unknown injuries at this time.", "city": "Nicholls", "source": "Emergency Mngr", "unit": null, "valid": "2024-09-27T06:00:00Z", "lon": -82.64, "lat": 31.52, "qualifier": null, "product_id": "202409270639-KJAX-NWUS52-LSRJAX", "st": "GA", "magnitude": ""}, "geometry": {"type": "Point", "coordinates": [-82.64, 31.52]}}, {"id": "635", "type": "Feature", "properties": {"wfo": "JAX", "type": "0", "magf": null, "l": "(\"2024-09-27 01:00:00-05\",0,,Pearson,Atkinson,GA,\"Emergency Mngr\",\"Emergency manager reporting multiple calls from around the county of citizens trapped in homes and cant get out.\",JAX,\"TROPICAL CYCLONE\",0101000020E6100000D7A3703D0AB754C0CDCCCCCCCC4C3F40,202409270647-KJAX-NWUS52-LSRJAX,\"2024-09-27 01:47:00-05\",,,75440,)", "county": "Atkinson", "typetext": "TROPICAL CYCLONE", "state": "GA", "remark": "Emergency manager reporting multiple calls from around the county of citizens trapped in homes and cant get out.", "city": "Pearson", "source": "Emergency Mngr", "unit": null, "valid": "2024-09-27T06:00:00Z", "lon": -82.86, "lat": 31.3, "qualifier": null, "product_id": "202409270647-KJAX-NWUS52-LSRJAX", "st": "GA", "magnitude": ""}, "geometry": {"type": "Point", "coordinates": [-82.86, 31.3]}}, {"id": "636", "type": "Feature", "properties": {"wfo": "JAX", "type": "0", "magf": null, "l": "(\"2024-09-27 01:04:00-05\",0,,\"2 W Deenwood\",Ware,GA,Mesonet,\"Mesonet station OKEG1 Waycross reported wind gust to 71 mph from the Southeast.\",JAX,\"TROPICAL CYCLONE\",0101000020E61000009A999999999954C00000000000403F40,202409270649-KJAX-NWUS52-LSRJAX,\"2024-09-27 01:49:00-05\",,,75586,)", "county": "Ware", "typetext": "TROPICAL CYCLONE", "state": "GA", "remark": "Mesonet station OKEG1 Waycross reported wind gust to 71 mph from the Southeast.", "city": "2 W Deenwood", "source": "Mesonet", "unit": null, "valid": "2024-09-27T06:04:00Z", "lon": -82.4, "lat": 31.25, "qualifier": null, "product_id": "202409270649-KJAX-NWUS52-LSRJAX", "st": "GA", "magnitude": ""}, "geometry": {"type": "Point", "coordinates": [-82.4, 31.25]}}, {"id": "637", "type": "Feature", "properties": {"wfo": "JAX", "type": "0", "magf": null, "l": "(\"2024-09-27 01:08:00-05\",0,,\"2 WSW Alma\",Bacon,GA,ASOS,\"ASOS station KAMG Alma reported wind gust to 86mph from the East.\",JAX,\"TROPICAL CYCLONE\",0101000020E61000000000000000A054C048E17A14AE873F40,202409270620-KJAX-NWUS52-LSRJAX,\"2024-09-27 01:20:00-05\",,,75441,)", "county": "Bacon", "typetext": "TROPICAL CYCLONE", "state": "GA", "remark": "ASOS station KAMG Alma reported wind gust to 86mph from the East.", "city": "2 WSW Alma", "source": "ASOS", "unit": null, "valid": "2024-09-27T06:08:00Z", "lon": -82.5, "lat": 31.53, "qualifier": null, "product_id": "202409270620-KJAX-NWUS52-LSRJAX", "st": "GA", "magnitude": ""}, "geometry": {"type": "Point", "coordinates": [-82.5, 31.53]}}, {"id": "638", "type": "Feature", "properties": {"wfo": "JAX", "type": "0", "magf": null, "l": "(\"2024-09-27 01:15:00-05\",0,,\"2 S Saint Simons\",Glynn,GA,ASOS,\"ASOS station KSSI Brunswick reported 68 mph wind gust from the Southeast.\",JAX,\"TROPICAL CYCLONE\",0101000020E6100000B81E85EB515854C06666666666263F40,202409270655-KJAX-NWUS52-LSRJAX,\"2024-09-27 01:55:00-05\",,,75501,)", "county": "Glynn", "typetext": "TROPICAL CYCLONE", "state": "GA", "remark": "ASOS station KSSI Brunswick reported 68 mph wind gust from the Southeast.", "city": "2 S Saint Simons", "source": "ASOS", "unit": null, "valid": "2024-09-27T06:15:00Z", "lon": -81.38, "lat": 31.15, "qualifier": null, "product_id": "202409270655-KJAX-NWUS52-LSRJAX", "st": "GA", "magnitude": ""}, "geometry": {"type": "Point", "coordinates": [-81.38, 31.15]}}, {"id": "639", "type": "Feature", "properties": {"wfo": "JAX", "type": "0", "magf": null, "l": "(\"2024-09-27 01:15:00-05\",0,,Hazlehurst,\"Jeff Davis\",GA,\"Emergency Mngr\",\"*** 1 FATAL *** Possible fatality in a mobile home.\",JAX,\"TROPICAL CYCLONE\",0101000020E61000006666666666A654C01F85EB51B8DE3F40,202409270644-KJAX-NWUS52-LSRJAX,\"2024-09-27 01:44:00-05\",,,75518,)", "county": "Jeff Davis", "typetext": "TROPICAL CYCLONE", "state": "GA", "remark": "*** 1 FATAL *** Possible fatality in a mobile home.", "city": "Hazlehurst", "source": "Emergency Mngr", "unit": null, "valid": "2024-09-27T06:15:00Z", "lon": -82.6, "lat": 31.87, "qualifier": null, "product_id": "202409270644-KJAX-NWUS52-LSRJAX", "st": "GA", "magnitude": ""}, "geometry": {"type": "Point", "coordinates": [-82.6, 31.87]}}, {"id": "640", "type": "Feature", "properties": {"wfo": "JAX", "type": "0", "magf": null, "l": "(\"2024-09-27 01:38:00-05\",0,,\"4 SSW Baxley\",Appling,GA,Mesonet,\"Mesonet station BXYG1 Baxley reported 68 mph wind gust from the Southeast.\",JAX,\"TROPICAL CYCLONE\",0101000020E6100000295C8FC2F59854C0F6285C8FC2B53F40,202409270655-KJAX-NWUS52-LSRJAX,\"2024-09-27 01:55:00-05\",,,75439,)", "county": "Appling", "typetext": "TROPICAL CYCLONE", "state": "GA", "remark": "Mesonet station BXYG1 Baxley reported 68 mph wind gust from the Southeast.", "city": "4 SSW Baxley", "source": "Mesonet", "unit": null, "valid": "2024-09-27T06:38:00Z", "lon": -82.39, "lat": 31.71, "qualifier": null, "product_id": "202409270655-KJAX-NWUS52-LSRJAX", "st": "GA", "magnitude": ""}, "geometry": {"type": "Point", "coordinates": [-82.39, 31.71]}}, {"id": "641", "type": "Feature", "properties": {"wfo": "JAX", "type": "0", "magf": null, "l": "(\"2024-09-27 01:49:00-05\",0,,\"2 WSW Alma\",Bacon,GA,ASOS,\"ASOS station KAMG Alma reported 91 mph wind gust from the Southeast. This is the highest wind gust on record at this location.\",JAX,\"TROPICAL CYCLONE\",0101000020E61000000000000000A054C048E17A14AE873F40,202409270703-KJAX-NWUS52-LSRJAX,\"2024-09-27 02:03:00-05\",,,75441,)", "county": "Bacon", "typetext": "TROPICAL CYCLONE", "state": "GA", "remark": "ASOS station KAMG Alma reported 91 mph wind gust from the Southeast. This is the highest wind gust on record at this location.", "city": "2 WSW Alma", "source": "ASOS", "unit": null, "valid": "2024-09-27T06:49:00Z", "lon": -82.5, "lat": 31.53, "qualifier": null, "product_id": "202409270703-KJAX-NWUS52-LSRJAX", "st": "GA", "magnitude": ""}, "geometry": {"type": "Point", "coordinates": [-82.5, 31.53]}}, {"id": "642", "type": "Feature", "properties": {"wfo": "JAX", "type": "0", "magf": null, "l": "(\"2024-09-27 02:03:00-05\",0,,\"2 WSW Alma\",Bacon,GA,ASOS,\"ASOS station KAMG Alma just reported wind gust to 100 mph from the South-Southeast. All-time record for this location.\",JAX,\"TROPICAL CYCLONE\",0101000020E61000000000000000A054C048E17A14AE873F40,202409270710-KJAX-NWUS52-LSRJAX,\"2024-09-27 02:10:00-05\",,,75441,)", "county": "Bacon", "typetext": "TROPICAL CYCLONE", "state": "GA", "remark": "ASOS station KAMG Alma just reported wind gust to 100 mph from the South-Southeast. All-time record for this location.", "city": "2 WSW Alma", "source": "ASOS", "unit": null, "valid": "2024-09-27T07:03:00Z", "lon": -82.5, "lat": 31.53, "qualifier": null, "product_id": "202409270710-KJAX-NWUS52-LSRJAX", "st": "GA", "magnitude": ""}, "geometry": {"type": "Point", "coordinates": [-82.5, 31.53]}}, {"id": "643", "type": "Feature", "properties": {"wfo": "JAX", "type": "0", "magf": null, "l": "(\"2024-09-27 02:20:00-05\",0,,\"1 NNE Jesup\",Wayne,GA,Mesonet,\"Mesonet station GA355 Us 341 At Sr 38 reported wind gust to 64 mph from the Southeast.\",JAX,\"TROPICAL CYCLONE\",0101000020E6100000B81E85EB517854C05C8FC2F5289C3F40,202409270738-KJAX-NWUS52-LSRJAX,\"2024-09-27 02:38:00-05\",,,75589,)", "county": "Wayne", "typetext": "TROPICAL CYCLONE", "state": "GA", "remark": "Mesonet station GA355 Us 341 At Sr 38 reported wind gust to 64 mph from the Southeast.", "city": "1 NNE Jesup", "source": "Mesonet", "unit": null, "valid": "2024-09-27T07:20:00Z", "lon": -81.88, "lat": 31.61, "qualifier": null, "product_id": "202409270738-KJAX-NWUS52-LSRJAX", "st": "GA", "magnitude": ""}, "geometry": {"type": "Point", "coordinates": [-81.88, 31.61]}}, {"id": "644", "type": "Feature", "properties": {"wfo": "JAX", "type": "0", "magf": null, "l": "(\"2024-09-27 02:38:00-05\",0,,\"4 SSW Baxley\",Appling,GA,Mesonet,\"Mesonet station BXYG1 Baxley reported wind gust to 73 mph from the South.\",JAX,\"TROPICAL CYCLONE\",0101000020E6100000295C8FC2F59854C0F6285C8FC2B53F40,202409270756-KJAX-NWUS52-LSRJAX,\"2024-09-27 02:56:00-05\",,,75439,)", "county": "Appling", "typetext": "TROPICAL CYCLONE", "state": "GA", "remark": "Mesonet station BXYG1 Baxley reported wind gust to 73 mph from the South.", "city": "4 SSW Baxley", "source": "Mesonet", "unit": null, "valid": "2024-09-27T07:38:00Z", "lon": -82.39, "lat": 31.71, "qualifier": null, "product_id": "202409270756-KJAX-NWUS52-LSRJAX", "st": "GA", "magnitude": ""}, "geometry": {"type": "Point", "coordinates": [-82.39, 31.71]}}, {"id": "645", "type": "Feature", "properties": {"wfo": "JAX", "type": "T", "magf": null, "l": "(\"2024-09-26 13:33:00-05\",T,,\"2 NE Broxton\",Coffee,GA,\"Emergency Mngr\",\"Tornado sighted on ground near Hwy 268. No property damage observed or reported.\",JAX,TORNADO,0101000020E6100000D7A3703D0AB754C06666666666A63F40,202409261838-KJAX-NWUS52-LSRJAX,\"2024-09-26 13:38:00-05\",,,75472,)", "county": "Coffee", "typetext": "TORNADO", "state": "GA", "remark": "Tornado sighted on ground near Hwy 268. No property damage observed or reported.", "city": "2 NE Broxton", "source": "Emergency Mngr", "unit": null, "valid": "2024-09-26T18:33:00Z", "lon": -82.86, "lat": 31.65, "qualifier": null, "product_id": "202409261838-KJAX-NWUS52-LSRJAX", "st": "GA", "magnitude": ""}, "geometry": {"type": "Point", "coordinates": [-82.86, 31.65]}}, {"id": "646", "type": "Feature", "properties": {"wfo": "JAX", "type": "T", "magf": null, "l": "(\"2024-09-26 13:33:00-05\",T,,\"2 NE Broxton\",Coffee,GA,\"Emergency Mngr\",\"Update to previous tornado report from 2 NE Broxton. Tornado sighted on ground near Hwy 268E damaging Shingles and shifting a double-wide trailer off its foundation at 2507 and 2807 Hwy 268E. Multiple trees down with confirmed damage at 1668, 1700, and 1732 George Deen Rd, with some trees having fallen on a house.\",JAX,TORNADO,0101000020E6100000D7A3703D0AB754C06666666666A63F40,202409262057-KJAX-NWUS52-LSRJAX,\"2024-09-26 15:57:00-05\",,,75472,)", "county": "Coffee", "typetext": "TORNADO", "state": "GA", "remark": "Update to previous tornado report from 2 NE Broxton. Tornado sighted on ground near Hwy 268E damaging Shingles and shifting a double-wide trailer off its foundation at 2507 and 2807 Hwy 268E. Multiple trees down with confirmed damage at 1668, 1700, and 1732 George Deen Rd, with some trees having fallen on a house.", "city": "2 NE Broxton", "source": "Emergency Mngr", "unit": null, "valid": "2024-09-26T18:33:00Z", "lon": -82.86, "lat": 31.65, "qualifier": null, "product_id": "202409262057-KJAX-NWUS52-LSRJAX", "st": "GA", "magnitude": ""}, "geometry": {"type": "Point", "coordinates": [-82.86, 31.65]}}, {"id": "647", "type": "Feature", "properties": {"wfo": "JAX", "type": "T", "magf": null, "l": "(\"2024-09-26 13:33:00-05\",T,,\"2 NE Broxton\",Coffee,GA,\"Emergency Mngr\",\"Update to previous tornado report from 2 NE Broxton. Tornado sighted on ground near Hwy 268. Minor structural damage and trees down.\",JAX,TORNADO,0101000020E6100000D7A3703D0AB754C06666666666A63F40,202409261932-KJAX-NWUS52-LSRJAX,\"2024-09-26 14:32:00-05\",,,75472,)", "county": "Coffee", "typetext": "TORNADO", "state": "GA", "remark": "Update to previous tornado report from 2 NE Broxton. Tornado sighted on ground near Hwy 268. Minor structural damage and trees down.", "city": "2 NE Broxton", "source": "Emergency Mngr", "unit": null, "valid": "2024-09-26T18:33:00Z", "lon": -82.86, "lat": 31.65, "qualifier": null, "product_id": "202409261932-KJAX-NWUS52-LSRJAX", "st": "GA", "magnitude": ""}, "geometry": {"type": "Point", "coordinates": [-82.86, 31.65]}}, {"id": "648", "type": "Feature", "properties": {"wfo": "TAE", "type": "0", "magf": null, "l": "(\"2024-09-26 23:20:00-05\",0,,\"2 SSW I-75 at Exit 5\",Lowndes,GA,Mesonet,\"88mph wind gust Lowndes County Utilities Grassy Pond WeatherSTEM.\",TAE,\"TROPICAL CYCLONE\",0101000020E61000001F85EB51B8CE54C06666666666A63E40,202409270434-KTAE-NWUS52-LSRTAE,\"2024-09-26 23:34:00-05\",,,75530,)", "county": "Lowndes", "typetext": "TROPICAL CYCLONE", "state": "GA", "remark": "88mph wind gust Lowndes County Utilities Grassy Pond WeatherSTEM.", "city": "2 SSW I-75 at Exit 5", "source": "Mesonet", "unit": null, "valid": "2024-09-27T04:20:00Z", "lon": -83.23, "lat": 30.65, "qualifier": null, "product_id": "202409270434-KTAE-NWUS52-LSRTAE", "st": "GA", "magnitude": ""}, "geometry": {"type": "Point", "coordinates": [-83.23, 30.65]}}, {"id": "649", "type": "Feature", "properties": {"wfo": "TAE", "type": "0", "magf": null, "l": "(\"2024-09-26 23:46:00-05\",0,,\"1 SW Moody Afb\",Lowndes,GA,AWOS,\"60 kt (69mph) gust at AWOS station KVAD Moody AFB.\",TAE,\"TROPICAL CYCLONE\",0101000020E6100000CDCCCCCCCCCC54C0B81E85EB51F83E40,202409270458-KTAE-NWUS52-LSRTAE,\"2024-09-26 23:58:00-05\",,,75530,)", "county": "Lowndes", "typetext": "TROPICAL CYCLONE", "state": "GA", "remark": "60 kt (69mph) gust at AWOS station KVAD Moody AFB.", "city": "1 SW Moody Afb", "source": "AWOS", "unit": null, "valid": "2024-09-27T04:46:00Z", "lon": -83.2, "lat": 30.97, "qualifier": null, "product_id": "202409270458-KTAE-NWUS52-LSRTAE", "st": "GA", "magnitude": ""}, "geometry": {"type": "Point", "coordinates": [-83.2, 30.97]}}, {"id": "650", "type": "Feature", "properties": {"wfo": "TAE", "type": "0", "magf": null, "l": "(\"2024-09-27 00:08:00-05\",0,,\"1 S Valdosta\",Lowndes,GA,\"Emergency Mngr\",\"Dozens of trees on structures across the county.\",TAE,\"TROPICAL CYCLONE\",0101000020E610000052B81E85EBD154C014AE47E17AD43E40,202409270705-KTAE-NWUS52-LSRTAE,\"2024-09-27 02:05:00-05\",,,75530,)", "county": "Lowndes", "typetext": "TROPICAL CYCLONE", "state": "GA", "remark": "Dozens of trees on structures across the county.", "city": "1 S Valdosta", "source": "Emergency Mngr", "unit": null, "valid": "2024-09-27T05:08:00Z", "lon": -83.28, "lat": 30.83, "qualifier": null, "product_id": "202409270705-KTAE-NWUS52-LSRTAE", "st": "GA", "magnitude": ""}, "geometry": {"type": "Point", "coordinates": [-83.28, 30.83]}}, {"id": "651", "type": "Feature", "properties": {"wfo": "TAE", "type": "0", "magf": null, "l": "(\"2024-09-27 00:10:00-05\",0,,\"2 SSW I-75 at Exit 5\",Lowndes,GA,Mesonet,\"96 mph gust at Lowndes County Utilities Grassy Pond WeatherSTEM site.\",TAE,\"TROPICAL CYCLONE\",0101000020E61000001F85EB51B8CE54C06666666666A63E40,202409270520-KTAE-NWUS52-LSRTAE,\"2024-09-27 00:20:00-05\",,,75530,)", "county": "Lowndes", "typetext": "TROPICAL CYCLONE", "state": "GA", "remark": "96 mph gust at Lowndes County Utilities Grassy Pond WeatherSTEM site.", "city": "2 SSW I-75 at Exit 5", "source": "Mesonet", "unit": null, "valid": "2024-09-27T05:10:00Z", "lon": -83.23, "lat": 30.65, "qualifier": null, "product_id": "202409270520-KTAE-NWUS52-LSRTAE", "st": "GA", "magnitude": ""}, "geometry": {"type": "Point", "coordinates": [-83.23, 30.65]}}, {"id": "652", "type": "Feature", "properties": {"wfo": "TAE", "type": "0", "magf": null, "l": "(\"2024-09-27 01:26:00-05\",0,,\"1 NE Fitzgerald Municip\",\"Ben Hill\",GA,Mesonet,\"WeatherSTEM at Ben Hill County EOC recorded 60 mph gust.\",TAE,\"TROPICAL CYCLONE\",0101000020E6100000713D0AD7A3D054C03333333333B33F40,202409270637-KTAE-NWUS52-LSRTAE,\"2024-09-27 01:37:00-05\",,,75447,)", "county": "Ben Hill", "typetext": "TROPICAL CYCLONE", "state": "GA", "remark": "WeatherSTEM at Ben Hill County EOC recorded 60 mph gust.", "city": "1 NE Fitzgerald Municip", "source": "Mesonet", "unit": null, "valid": "2024-09-27T06:26:00Z", "lon": -83.26, "lat": 31.7, "qualifier": null, "product_id": "202409270637-KTAE-NWUS52-LSRTAE", "st": "GA", "magnitude": ""}, "geometry": {"type": "Point", "coordinates": [-83.26, 31.7]}}, {"id": "653", "type": "Feature", "properties": {"wfo": "TAE", "type": "0", "magf": null, "l": "(\"2024-09-27 01:57:00-05\",0,,Sylvester,Worth,GA,\"911 Call Center\",\"Multiple trees down in Sylvester.\",TAE,\"TROPICAL CYCLONE\",0101000020E6100000F6285C8FC2F554C048E17A14AE873F40,202409270707-KTAE-NWUS52-LSRTAE,\"2024-09-27 02:07:00-05\",,,75597,)", "county": "Worth", "typetext": "TROPICAL CYCLONE", "state": "GA", "remark": "Multiple trees down in Sylvester.", "city": "Sylvester", "source": "911 Call Center", "unit": null, "valid": "2024-09-27T06:57:00Z", "lon": -83.84, "lat": 31.53, "qualifier": null, "product_id": "202409270707-KTAE-NWUS52-LSRTAE", "st": "GA", "magnitude": ""}, "geometry": {"type": "Point", "coordinates": [-83.84, 31.53]}}, {"id": "654", "type": "Feature", "properties": {"wfo": "TAE", "type": "0", "magf": null, "l": "(\"2024-09-27 02:57:00-05\",0,,\"5 NE Teeterville\",Berrien,GA,\"Trained Spotter\",\"Multiple trees approximately 1 foot in diameter were snapped and have fallen on structures.\",TAE,\"TROPICAL CYCLONE\",0101000020E6100000F6285C8FC2C554C0EC51B81E852B3F40,202409270807-KTAE-NWUS52-LSRTAE,\"2024-09-27 03:07:00-05\",,,75448,)", "county": "Berrien", "typetext": "TROPICAL CYCLONE", "state": "GA", "remark": "Multiple trees approximately 1 foot in diameter were snapped and have fallen on structures.", "city": "5 NE Teeterville", "source": "Trained Spotter", "unit": null, "valid": "2024-09-27T07:57:00Z", "lon": -83.09, "lat": 31.17, "qualifier": null, "product_id": "202409270807-KTAE-NWUS52-LSRTAE", "st": "GA", "magnitude": ""}, "geometry": {"type": "Point", "coordinates": [-83.09, 31.17]}}, {"id": "655", "type": "Feature", "properties": {"wfo": "TAE", "type": "C", "magf": null, "l": "(\"2024-09-25 17:21:00-05\",C,,Pineboro,Colquitt,GA,\"Trained Spotter\",\"A trained spotter called and sent in pictures of a funnel cloud in Colquitt County.\",TAE,\"FUNNEL CLOUD\",0101000020E6100000EC51B81E85EB54C0AE47E17A142E3F40,202409252244-KTAE-NWUS52-LSRTAE,\"2024-09-25 17:44:00-05\",,,75473,)", "county": "Colquitt", "typetext": "FUNNEL CLOUD", "state": "GA", "remark": "A trained spotter called and sent in pictures of a funnel cloud in Colquitt County.", "city": "Pineboro", "source": "Trained Spotter", "unit": null, "valid": "2024-09-25T22:21:00Z", "lon": -83.68, "lat": 31.18, "qualifier": null, "product_id": "202409252244-KTAE-NWUS52-LSRTAE", "st": "GA", "magnitude": ""}, "geometry": {"type": "Point", "coordinates": [-83.68, 31.18]}}, {"id": "656", "type": "Feature", "properties": {"wfo": "TAE", "type": "F", "magf": null, "l": "(\"2024-09-25 18:21:00-05\",F,,Moultrie,Colquitt,GA,\"Law Enforcement\",\"Water reported over the road at 1st Ave and 3rd Street.\",TAE,\"FLASH FLOOD\",0101000020E6100000C3F5285C8FF254C0AE47E17A142E3F40,202409252326-KTAE-NWUS52-LSRTAE,\"2024-09-25 18:26:00-05\",,,75473,)", "county": "Colquitt", "typetext": "FLASH FLOOD", "state": "GA", "remark": "Water reported over the road at 1st Ave and 3rd Street.", "city": "Moultrie", "source": "Law Enforcement", "unit": null, "valid": "2024-09-25T23:21:00Z", "lon": -83.79, "lat": 31.18, "qualifier": null, "product_id": "202409252326-KTAE-NWUS52-LSRTAE", "st": "GA", "magnitude": ""}, "geometry": {"type": "Point", "coordinates": [-83.79, 31.18]}}, {"id": "657", "type": "Feature", "properties": {"wfo": "TAE", "type": "F", "magf": null, "l": "(\"2024-09-25 19:00:00-05\",F,,\"2 W Dillon\",Thomas,GA,\"Law Enforcement\",\"Water over the roadway at Highway 319N and Sanford Road.\",TAE,\"FLASH FLOOD\",0101000020E6100000EC51B81E85FB54C06666666666E63E40,202409260001-KTAE-NWUS52-LSRTAE,\"2024-09-25 19:01:00-05\",,,75574,)", "county": "Thomas", "typetext": "FLASH FLOOD", "state": "GA", "remark": "Water over the roadway at Highway 319N and Sanford Road.", "city": "2 W Dillon", "source": "Law Enforcement", "unit": null, "valid": "2024-09-26T00:00:00Z", "lon": -83.93, "lat": 30.9, "qualifier": null, "product_id": "202409260001-KTAE-NWUS52-LSRTAE", "st": "GA", "magnitude": ""}, "geometry": {"type": "Point", "coordinates": [-83.93, 30.9]}}, {"id": "658", "type": "Feature", "properties": {"wfo": "TAE", "type": "F", "magf": null, "l": "(\"2024-09-25 19:00:00-05\",F,,Dillon,Thomas,GA,\"Law Enforcement\",\"Water over the roadway at Airport road and Dillon Road.\",TAE,\"FLASH FLOOD\",0101000020E6100000295C8FC2F5F854C06666666666E63E40,202409260001-KTAE-NWUS52-LSRTAE,\"2024-09-25 19:01:00-05\",,,75574,)", "county": "Thomas", "typetext": "FLASH FLOOD", "state": "GA", "remark": "Water over the roadway at Airport road and Dillon Road.", "city": "Dillon", "source": "Law Enforcement", "unit": null, "valid": "2024-09-26T00:00:00Z", "lon": -83.89, "lat": 30.9, "qualifier": null, "product_id": "202409260001-KTAE-NWUS52-LSRTAE", "st": "GA", "magnitude": ""}, "geometry": {"type": "Point", "coordinates": [-83.89, 30.9]}}, {"id": "659", "type": "Feature", "properties": {"wfo": "TAE", "type": "F", "magf": null, "l": "(\"2024-09-25 21:57:00-05\",F,,\"1 NNW Hobby\",Turner,GA,\"911 Call Center\",\"Report of water over the roadway on Highway 107.\",TAE,\"FLASH FLOOD\",0101000020E61000008FC2F5285CEF54C0EC51B81E85AB3F40,202409260258-KTAE-NWUS52-LSRTAE,\"2024-09-25 21:58:00-05\",,,75580,)", "county": "Turner", "typetext": "FLASH FLOOD", "state": "GA", "remark": "Report of water over the roadway on Highway 107.", "city": "1 NNW Hobby", "source": "911 Call Center", "unit": null, "valid": "2024-09-26T02:57:00Z", "lon": -83.74, "lat": 31.67, "qualifier": null, "product_id": "202409260258-KTAE-NWUS52-LSRTAE", "st": "GA", "magnitude": ""}, "geometry": {"type": "Point", "coordinates": [-83.74, 31.67]}}, {"id": "660", "type": "Feature", "properties": {"wfo": "TAE", "type": "F", "magf": null, "l": "(\"2024-09-25 21:57:00-05\",F,,Tifton,Tift,GA,\"911 Call Center\",\"Several roads flooded in the Tifton area.\",TAE,\"FLASH FLOOD\",0101000020E6100000713D0AD7A3E054C03333333333733F40,202409260258-KTAE-NWUS52-LSRTAE,\"2024-09-25 21:58:00-05\",,,75575,)", "county": "Tift", "typetext": "FLASH FLOOD", "state": "GA", "remark": "Several roads flooded in the Tifton area.", "city": "Tifton", "source": "911 Call Center", "unit": null, "valid": "2024-09-26T02:57:00Z", "lon": -83.51, "lat": 31.45, "qualifier": null, "product_id": "202409260258-KTAE-NWUS52-LSRTAE", "st": "GA", "magnitude": ""}, "geometry": {"type": "Point", "coordinates": [-83.51, 31.45]}}, {"id": "661", "type": "Feature", "properties": {"wfo": "TAE", "type": "F", "magf": null, "l": "(\"2024-09-25 23:15:00-05\",F,,\"1 SSE Shingler\",Worth,GA,\"911 Call Center\",\"Shingler Road was flooded north of Ephesus Church Road.\",TAE,\"FLASH FLOOD\",0101000020E610000052B81E85EBF154C052B81E85EB913F40,202409260458-KTAE-NWUS52-LSRTAE,\"2024-09-25 23:58:00-05\",,,75597,)", "county": "Worth", "typetext": "FLASH FLOOD", "state": "GA", "remark": "Shingler Road was flooded north of Ephesus Church Road.", "city": "1 SSE Shingler", "source": "911 Call Center", "unit": null, "valid": "2024-09-26T04:15:00Z", "lon": -83.78, "lat": 31.57, "qualifier": null, "product_id": "202409260458-KTAE-NWUS52-LSRTAE", "st": "GA", "magnitude": ""}, "geometry": {"type": "Point", "coordinates": [-83.78, 31.57]}}, {"id": "662", "type": "Feature", "properties": {"wfo": "TAE", "type": "F", "magf": null, "l": "(\"2024-09-25 23:15:00-05\",F,,\"3 NNE Sumner\",Worth,GA,\"911 Call Center\",\"Ephesus Church Road was flooded.\",TAE,\"FLASH FLOOD\",0101000020E6100000AE47E17A14EE54C0CDCCCCCCCC8C3F40,202409260458-KTAE-NWUS52-LSRTAE,\"2024-09-25 23:58:00-05\",,,75597,)", "county": "Worth", "typetext": "FLASH FLOOD", "state": "GA", "remark": "Ephesus Church Road was flooded.", "city": "3 NNE Sumner", "source": "911 Call Center", "unit": null, "valid": "2024-09-26T04:15:00Z", "lon": -83.72, "lat": 31.55, "qualifier": null, "product_id": "202409260458-KTAE-NWUS52-LSRTAE", "st": "GA", "magnitude": ""}, "geometry": {"type": "Point", "coordinates": [-83.72, 31.55]}}, {"id": "663", "type": "Feature", "properties": {"wfo": "TAE", "type": "F", "magf": null, "l": "(\"2024-09-25 23:15:00-05\",F,,Ashburn,Turner,GA,\"911 Call Center\",\"Flooding a couple of inches deep in a structure on Pate Street.\",TAE,\"FLASH FLOOD\",0101000020E61000000AD7A3703DEA54C03333333333B33F40,202409260458-KTAE-NWUS52-LSRTAE,\"2024-09-25 23:58:00-05\",,,75580,)", "county": "Turner", "typetext": "FLASH FLOOD", "state": "GA", "remark": "Flooding a couple of inches deep in a structure on Pate Street.", "city": "Ashburn", "source": "911 Call Center", "unit": null, "valid": "2024-09-26T04:15:00Z", "lon": -83.66, "lat": 31.7, "qualifier": null, "product_id": "202409260458-KTAE-NWUS52-LSRTAE", "st": "GA", "magnitude": ""}, "geometry": {"type": "Point", "coordinates": [-83.66, 31.7]}}, {"id": "664", "type": "Feature", "properties": {"wfo": "TAE", "type": "F", "magf": null, "l": "(\"2024-09-27 01:00:00-05\",F,,\"2 SSW Newark\",Thomas,GA,\"County Official\",\"Water was over the bridge on Cone Road.\",TAE,\"FLASH FLOOD\",0101000020E61000009A99999999F954C00AD7A3703DCA3E40,202410030645-KTAE-NWUS52-LSRTAE,\"2024-10-03 01:45:00-05\",,,75574,)", "county": "Thomas", "typetext": "FLASH FLOOD", "state": "GA", "remark": "Water was over the bridge on Cone Road.", "city": "2 SSW Newark", "source": "County Official", "unit": null, "valid": "2024-09-27T06:00:00Z", "lon": -83.9, "lat": 30.79, "qualifier": null, "product_id": "202410030645-KTAE-NWUS52-LSRTAE", "st": "GA", "magnitude": ""}, "geometry": {"type": "Point", "coordinates": [-83.9, 30.79]}}, {"id": "665", "type": "Feature", "properties": {"wfo": "TAE", "type": "F", "magf": null, "l": "(\"2024-09-27 01:00:00-05\",F,,\"3 SSE Armena\",Lee,GA,\"Emergency Mngr\",\"Three homes near Wiregrass and Ivy Lane in extreme SW Lee County had up to 1 ft of water get inside the structures due to flash flooding.\",TAE,\"FLASH FLOOD\",0101000020E6100000E17A14AE471155C01F85EB51B89E3F40,202410050620-KTAE-NWUS52-LSRTAE,\"2024-10-05 01:20:00-05\",,,75526,)", "county": "Lee", "typetext": "FLASH FLOOD", "state": "GA", "remark": "Three homes near Wiregrass and Ivy Lane in extreme SW Lee County had up to 1 ft of water get inside the structures due to flash flooding.", "city": "3 SSE Armena", "source": "Emergency Mngr", "unit": null, "valid": "2024-09-27T06:00:00Z", "lon": -84.27, "lat": 31.62, "qualifier": null, "product_id": "202410050620-KTAE-NWUS52-LSRTAE", "st": "GA", "magnitude": ""}, "geometry": {"type": "Point", "coordinates": [-84.27, 31.62]}}, {"id": "666", "type": "Feature", "properties": {"wfo": "TAE", "type": "F", "magf": null, "l": "(\"2024-09-27 01:30:00-05\",F,,\"2 E Chastain\",Thomas,GA,\"County Official\",\"Water was over the roadway near Rocky Ford Road and Eric Hall Road.\",TAE,\"FLASH FLOOD\",0101000020E61000009A99999999F954C048E17A14AE073F40,202410030645-KTAE-NWUS52-LSRTAE,\"2024-10-03 01:45:00-05\",,,75574,)", "county": "Thomas", "typetext": "FLASH FLOOD", "state": "GA", "remark": "Water was over the roadway near Rocky Ford Road and Eric Hall Road.", "city": "2 E Chastain", "source": "County Official", "unit": null, "valid": "2024-09-27T06:30:00Z", "lon": -83.9, "lat": 31.03, "qualifier": null, "product_id": "202410030645-KTAE-NWUS52-LSRTAE", "st": "GA", "magnitude": ""}, "geometry": {"type": "Point", "coordinates": [-83.9, 31.03]}}, {"id": "667", "type": "Feature", "properties": {"wfo": "TAE", "type": "F", "magf": null, "l": "(\"2024-09-27 01:47:00-05\",F,,\"1 ENE Poulan\",Worth,GA,\"Fire Dept/Rescue\",\"Whiddon Mill Rd (between Joe Sumner Rd and Dooley Rd) - Water was coming out of the banks and encroaching on the bridge.\",TAE,\"FLASH FLOOD\",0101000020E6100000E17A14AE47F154C048E17A14AE873F40,202409270735-KTAE-NWUS52-LSRTAE,\"2024-09-27 02:35:00-05\",,,75597,)", "county": "Worth", "typetext": "FLASH FLOOD", "state": "GA", "remark": "Whiddon Mill Rd (between Joe Sumner Rd and Dooley Rd) - Water was coming out of the banks and encroaching on the bridge.", "city": "1 ENE Poulan", "source": "Fire Dept/Rescue", "unit": null, "valid": "2024-09-27T06:47:00Z", "lon": -83.77, "lat": 31.53, "qualifier": null, "product_id": "202409270735-KTAE-NWUS52-LSRTAE", "st": "GA", "magnitude": ""}, "geometry": {"type": "Point", "coordinates": [-83.77, 31.53]}}, {"id": "668", "type": "Feature", "properties": {"wfo": "TAE", "type": "F", "magf": null, "l": "(\"2024-09-27 01:47:00-05\",F,,Sylvester,Worth,GA,\"911 Call Center\",\"Wallace Street was underwater.\",TAE,\"FLASH FLOOD\",0101000020E610000014AE47E17AF454C00AD7A3703D8A3F40,202409270735-KTAE-NWUS52-LSRTAE,\"2024-09-27 02:35:00-05\",,,75597,)", "county": "Worth", "typetext": "FLASH FLOOD", "state": "GA", "remark": "Wallace Street was underwater.", "city": "Sylvester", "source": "911 Call Center", "unit": null, "valid": "2024-09-27T06:47:00Z", "lon": -83.82, "lat": 31.54, "qualifier": null, "product_id": "202409270735-KTAE-NWUS52-LSRTAE", "st": "GA", "magnitude": ""}, "geometry": {"type": "Point", "coordinates": [-83.82, 31.54]}}, {"id": "669", "type": "Feature", "properties": {"wfo": "TAE", "type": "F", "magf": null, "l": "(\"2024-09-27 02:00:00-05\",F,,\"1 E Moultrie\",Colquitt,GA,\"Local Official\",\"Talmadge Dr was flooded.\",TAE,\"FLASH FLOOD\",0101000020E6100000E17A14AE47F154C0AE47E17A142E3F40,202410030645-KTAE-NWUS52-LSRTAE,\"2024-10-03 01:45:00-05\",,,75473,)", "county": "Colquitt", "typetext": "FLASH FLOOD", "state": "GA", "remark": "Talmadge Dr was flooded.", "city": "1 E Moultrie", "source": "Local Official", "unit": null, "valid": "2024-09-27T07:00:00Z", "lon": -83.77, "lat": 31.18, "qualifier": null, "product_id": "202410030645-KTAE-NWUS52-LSRTAE", "st": "GA", "magnitude": ""}, "geometry": {"type": "Point", "coordinates": [-83.77, 31.18]}}, {"id": "670", "type": "Feature", "properties": {"wfo": "TAE", "type": "F", "magf": null, "l": "(\"2024-09-27 02:00:00-05\",F,,\"2 S Palmyra\",Dougherty,GA,\"Local Official\",\"The 2300 block of Gail Ave was flooded.\",TAE,\"FLASH FLOOD\",0101000020E6100000CDCCCCCCCC0C55C05C8FC2F5289C3F40,202409270928-KTAE-NWUS52-LSRTAE,\"2024-09-27 04:28:00-05\",,,75485,)", "county": "Dougherty", "typetext": "FLASH FLOOD", "state": "GA", "remark": "The 2300 block of Gail Ave was flooded.", "city": "2 S Palmyra", "source": "Local Official", "unit": null, "valid": "2024-09-27T07:00:00Z", "lon": -84.2, "lat": 31.61, "qualifier": null, "product_id": "202409270928-KTAE-NWUS52-LSRTAE", "st": "GA", "magnitude": ""}, "geometry": {"type": "Point", "coordinates": [-84.2, 31.61]}}, {"id": "671", "type": "Feature", "properties": {"wfo": "TAE", "type": "F", "magf": null, "l": "(\"2024-09-27 02:00:00-05\",F,,Albany,Dougherty,GA,\"Local Official\",\"The 800 block of W. Oglethorpe Blvd was flooded.\",TAE,\"FLASH FLOOD\",0101000020E61000007B14AE47E10A55C014AE47E17A943F40,202409270928-KTAE-NWUS52-LSRTAE,\"2024-09-27 04:28:00-05\",,,75485,)", "county": "Dougherty", "typetext": "FLASH FLOOD", "state": "GA", "remark": "The 800 block of W. Oglethorpe Blvd was flooded.", "city": "Albany", "source": "Local Official", "unit": null, "valid": "2024-09-27T07:00:00Z", "lon": -84.17, "lat": 31.58, "qualifier": null, "product_id": "202409270928-KTAE-NWUS52-LSRTAE", "st": "GA", "magnitude": ""}, "geometry": {"type": "Point", "coordinates": [-84.17, 31.58]}}, {"id": "672", "type": "Feature", "properties": {"wfo": "TAE", "type": "F", "magf": null, "l": "(\"2024-09-27 02:28:00-05\",F,,\"2 S Shingler\",Worth,GA,\"Law Enforcement\",\"Ephesus Church Road west of Poulan Shingler Road is covered by deep water.\",TAE,\"FLASH FLOOD\",0101000020E610000052B81E85EBF154C0CDCCCCCCCC8C3F40,202409270735-KTAE-NWUS52-LSRTAE,\"2024-09-27 02:35:00-05\",,,75597,)", "county": "Worth", "typetext": "FLASH FLOOD", "state": "GA", "remark": "Ephesus Church Road west of Poulan Shingler Road is covered by deep water.", "city": "2 S Shingler", "source": "Law Enforcement", "unit": null, "valid": "2024-09-27T07:28:00Z", "lon": -83.78, "lat": 31.55, "qualifier": null, "product_id": "202409270735-KTAE-NWUS52-LSRTAE", "st": "GA", "magnitude": ""}, "geometry": {"type": "Point", "coordinates": [-83.78, 31.55]}}, {"id": "673", "type": "Feature", "properties": {"wfo": "TAE", "type": "F", "magf": null, "l": "(\"2024-09-27 02:30:00-05\",F,,Tifton,Tift,GA,\"Emergency Mngr\",\"Tift county reported road washouts.\",TAE,\"FLASH FLOOD\",0101000020E6100000713D0AD7A3E054C03333333333733F40,202410030645-KTAE-NWUS52-LSRTAE,\"2024-10-03 01:45:00-05\",,,75575,)", "county": "Tift", "typetext": "FLASH FLOOD", "state": "GA", "remark": "Tift county reported road washouts.", "city": "Tifton", "source": "Emergency Mngr", "unit": null, "valid": "2024-09-27T07:30:00Z", "lon": -83.51, "lat": 31.45, "qualifier": null, "product_id": "202410030645-KTAE-NWUS52-LSRTAE", "st": "GA", "magnitude": ""}, "geometry": {"type": "Point", "coordinates": [-83.51, 31.45]}}, {"id": "674", "type": "Feature", "properties": {"wfo": "TAE", "type": "F", "magf": null, "l": "(\"2024-09-27 02:56:00-05\",F,,\"4 ESE Doles\",Worth,GA,\"Law Enforcement\",\"Calhoun Rd East of Jodie Hobby Rd was flooded.\",TAE,\"FLASH FLOOD\",0101000020E610000014AE47E17AF454C0AE47E17A14AE3F40,202410030645-KTAE-NWUS52-LSRTAE,\"2024-10-03 01:45:00-05\",,,75597,)", "county": "Worth", "typetext": "FLASH FLOOD", "state": "GA", "remark": "Calhoun Rd East of Jodie Hobby Rd was flooded.", "city": "4 ESE Doles", "source": "Law Enforcement", "unit": null, "valid": "2024-09-27T07:56:00Z", "lon": -83.82, "lat": 31.68, "qualifier": null, "product_id": "202410030645-KTAE-NWUS52-LSRTAE", "st": "GA", "magnitude": ""}, "geometry": {"type": "Point", "coordinates": [-83.82, 31.68]}}, {"id": "675", "type": "Feature", "properties": {"wfo": "TAE", "type": "R", "magf": 3.01, "l": "(\"2024-09-26 04:35:00-05\",R,3.01,Thomasville,Thomas,GA,Mesonet,\"Mesonet station FW6964 Thomasville 24 hour total.\",TAE,RAIN,0101000020E61000001F85EB51B8FE54C014AE47E17AD43E40,202409260952-KTAE-NWUS52-LSRTAE,\"2024-09-26 04:52:00-05\",Inch,M,75574,)", "county": "Thomas", "typetext": "RAIN", "state": "GA", "remark": "Mesonet station FW6964 Thomasville 24 hour total.", "city": "Thomasville", "source": "Mesonet", "unit": "Inch", "valid": "2024-09-26T09:35:00Z", "lon": -83.98, "lat": 30.83, "qualifier": "M", "product_id": "202409260952-KTAE-NWUS52-LSRTAE", "st": "GA", "magnitude": "3.01"}, "geometry": {"type": "Point", "coordinates": [-83.98, 30.83]}}, {"id": "676", "type": "Feature", "properties": {"wfo": "TAE", "type": "R", "magf": 3.08, "l": "(\"2024-09-26 04:40:00-05\",R,3.08,Damascus,Early,GA,Mesonet,\"Mesonet station 2021D Damascus 24 hour total.\",TAE,RAIN,0101000020E6100000AE47E17A142E55C0CDCCCCCCCC4C3F40,202409260952-KTAE-NWUS52-LSRTAE,\"2024-09-26 04:52:00-05\",Inch,M,75487,)", "county": "Early", "typetext": "RAIN", "state": "GA", "remark": "Mesonet station 2021D Damascus 24 hour total.", "city": "Damascus", "source": "Mesonet", "unit": "Inch", "valid": "2024-09-26T09:40:00Z", "lon": -84.72, "lat": 31.3, "qualifier": "M", "product_id": "202409260952-KTAE-NWUS52-LSRTAE", "st": "GA", "magnitude": "3.08"}, "geometry": {"type": "Point", "coordinates": [-84.72, 31.3]}}, {"id": "677", "type": "Feature", "properties": {"wfo": "TAE", "type": "R", "magf": 4.04, "l": "(\"2024-09-27 03:00:00-05\",R,4.04,\"2 S Elmodel Wma\",Baker,GA,Mesonet,\"Mesonet station IWYG1 ICHAUWAY-GEORGE NEWTON 8 W GA US, two day storm total.\",TAE,RAIN,0101000020E6100000AE47E17A141E55C08FC2F5285C4F3F40,202409270829-KTAE-NWUS52-LSRTAE,\"2024-09-27 03:29:00-05\",Inch,M,75442,)", "county": "Baker", "typetext": "RAIN", "state": "GA", "remark": "Mesonet station IWYG1 ICHAUWAY-GEORGE NEWTON 8 W GA US, two day storm total.", "city": "2 S Elmodel Wma", "source": "Mesonet", "unit": "Inch", "valid": "2024-09-27T08:00:00Z", "lon": -84.47, "lat": 31.31, "qualifier": "M", "product_id": "202409270829-KTAE-NWUS52-LSRTAE", "st": "GA", "magnitude": "4.04"}, "geometry": {"type": "Point", "coordinates": [-84.47, 31.31]}}, {"id": "678", "type": "Feature", "properties": {"wfo": "TAE", "type": "R", "magf": 4.18, "l": "(\"2024-09-25 22:31:00-05\",R,4.18,\"1 NE Sylvester\",Worth,GA,Mesonet,\"Ambient weather station storm total so far.\",TAE,RAIN,0101000020E610000014AE47E17AF454C00AD7A3703D8A3F40,202409260333-KTAE-NWUS52-LSRTAE,\"2024-09-25 22:33:00-05\",Inch,M,75597,)", "county": "Worth", "typetext": "RAIN", "state": "GA", "remark": "Ambient weather station storm total so far.", "city": "1 NE Sylvester", "source": "Mesonet", "unit": "Inch", "valid": "2024-09-26T03:31:00Z", "lon": -83.82, "lat": 31.54, "qualifier": "M", "product_id": "202409260333-KTAE-NWUS52-LSRTAE", "st": "GA", "magnitude": "4.18"}, "geometry": {"type": "Point", "coordinates": [-83.82, 31.54]}}, {"id": "679", "type": "Feature", "properties": {"wfo": "TAE", "type": "R", "magf": 4.33, "l": "(\"2024-09-26 23:37:00-05\",R,4.33,\"2 N Valdosta\",Lowndes,GA,Mesonet,\"Mesonet station GW2038 VALDOSTA, two day storm total.\",TAE,RAIN,0101000020E610000052B81E85EBD154C0E17A14AE47E13E40,202409270829-KTAE-NWUS52-LSRTAE,\"2024-09-27 03:29:00-05\",Inch,M,75530,)", "county": "Lowndes", "typetext": "RAIN", "state": "GA", "remark": "Mesonet station GW2038 VALDOSTA, two day storm total.", "city": "2 N Valdosta", "source": "Mesonet", "unit": "Inch", "valid": "2024-09-27T04:37:00Z", "lon": -83.28, "lat": 30.88, "qualifier": "M", "product_id": "202409270829-KTAE-NWUS52-LSRTAE", "st": "GA", "magnitude": "4.33"}, "geometry": {"type": "Point", "coordinates": [-83.28, 30.88]}}, {"id": "680", "type": "Feature", "properties": {"wfo": "TAE", "type": "R", "magf": 4.56, "l": "(\"2024-09-27 02:58:00-05\",R,4.56,\"Decatur Co a/P\",Decatur,GA,Mesonet,\"Mesonet station TT665 Bainbridge, two day storm total.\",TAE,RAIN,0101000020E6100000B81E85EB512855C0B81E85EB51F83E40,202409270829-KTAE-NWUS52-LSRTAE,\"2024-09-27 03:29:00-05\",Inch,M,75481,)", "county": "Decatur", "typetext": "RAIN", "state": "GA", "remark": "Mesonet station TT665 Bainbridge, two day storm total.", "city": "Decatur Co a/P", "source": "Mesonet", "unit": "Inch", "valid": "2024-09-27T07:58:00Z", "lon": -84.63, "lat": 30.97, "qualifier": "M", "product_id": "202409270829-KTAE-NWUS52-LSRTAE", "st": "GA", "magnitude": "4.56"}, "geometry": {"type": "Point", "coordinates": [-84.63, 30.97]}}, {"id": "681", "type": "Feature", "properties": {"wfo": "TAE", "type": "R", "magf": 4.59, "l": "(\"2024-09-27 00:55:00-05\",R,4.59,\"Fitzgerald Municipal a/\",\"Ben Hill\",GA,AWOS,\"AWOS station KFZG Fitzgerald, two day storm total.\",TAE,RAIN,0101000020E6100000E17A14AE47D154C0AE47E17A14AE3F40,202409270829-KTAE-NWUS52-LSRTAE,\"2024-09-27 03:29:00-05\",Inch,M,75447,)", "county": "Ben Hill", "typetext": "RAIN", "state": "GA", "remark": "AWOS station KFZG Fitzgerald, two day storm total.", "city": "Fitzgerald Municipal a/", "source": "AWOS", "unit": "Inch", "valid": "2024-09-27T05:55:00Z", "lon": -83.27, "lat": 31.68, "qualifier": "M", "product_id": "202409270829-KTAE-NWUS52-LSRTAE", "st": "GA", "magnitude": "4.59"}, "geometry": {"type": "Point", "coordinates": [-83.27, 31.68]}}, {"id": "682", "type": "Feature", "properties": {"wfo": "TAE", "type": "R", "magf": 4.63, "l": "(\"2024-09-25 22:32:00-05\",R,4.63,\"2 NNE Thomasville\",Thomas,GA,Mesonet,\"Ambient weather station storm total so far.\",TAE,RAIN,0101000020E6100000AE47E17A14FE54C01F85EB51B8DE3E40,202409260333-KTAE-NWUS52-LSRTAE,\"2024-09-25 22:33:00-05\",Inch,M,75574,)", "county": "Thomas", "typetext": "RAIN", "state": "GA", "remark": "Ambient weather station storm total so far.", "city": "2 NNE Thomasville", "source": "Mesonet", "unit": "Inch", "valid": "2024-09-26T03:32:00Z", "lon": -83.97, "lat": 30.87, "qualifier": "M", "product_id": "202409260333-KTAE-NWUS52-LSRTAE", "st": "GA", "magnitude": "4.63"}, "geometry": {"type": "Point", "coordinates": [-83.97, 30.87]}}, {"id": "683", "type": "Feature", "properties": {"wfo": "TAE", "type": "R", "magf": 5.61, "l": "(\"2024-09-25 22:30:00-05\",R,5.61,\"2 E Ochlocknee\",Thomas,GA,Mesonet,\"Ambient weather station storm total so far.\",TAE,RAIN,0101000020E6100000713D0AD7A30055C0B81E85EB51F83E40,202409260333-KTAE-NWUS52-LSRTAE,\"2024-09-25 22:33:00-05\",Inch,M,75574,)", "county": "Thomas", "typetext": "RAIN", "state": "GA", "remark": "Ambient weather station storm total so far.", "city": "2 E Ochlocknee", "source": "Mesonet", "unit": "Inch", "valid": "2024-09-26T03:30:00Z", "lon": -84.01, "lat": 30.97, "qualifier": "M", "product_id": "202409260333-KTAE-NWUS52-LSRTAE", "st": "GA", "magnitude": "5.61"}, "geometry": {"type": "Point", "coordinates": [-84.01, 30.97]}}, {"id": "684", "type": "Feature", "properties": {"wfo": "TAE", "type": "R", "magf": 6.71, "l": "(\"2024-09-27 03:15:00-05\",R,6.71,Damascus,Early,GA,Mesonet,\"Mesonet station 2021D Damascus, two day storm total.\",TAE,RAIN,0101000020E6100000AE47E17A142E55C0CDCCCCCCCC4C3F40,202409270829-KTAE-NWUS52-LSRTAE,\"2024-09-27 03:29:00-05\",Inch,M,75487,)", "county": "Early", "typetext": "RAIN", "state": "GA", "remark": "Mesonet station 2021D Damascus, two day storm total.", "city": "Damascus", "source": "Mesonet", "unit": "Inch", "valid": "2024-09-27T08:15:00Z", "lon": -84.72, "lat": 31.3, "qualifier": "M", "product_id": "202409270829-KTAE-NWUS52-LSRTAE", "st": "GA", "magnitude": "6.71"}, "geometry": {"type": "Point", "coordinates": [-84.72, 31.3]}}, {"id": "685", "type": "Feature", "properties": {"wfo": "TAE", "type": "R", "magf": 6.85, "l": "(\"2024-09-25 22:29:00-05\",R,6.85,\"3 SE Center Hill\",Colquitt,GA,Mesonet,\"Ambient weather station storm total so far.\",TAE,RAIN,0101000020E6100000D7A3703D0AF754C05C8FC2F5281C3F40,202409260333-KTAE-NWUS52-LSRTAE,\"2024-09-25 22:33:00-05\",Inch,M,75473,)", "county": "Colquitt", "typetext": "RAIN", "state": "GA", "remark": "Ambient weather station storm total so far.", "city": "3 SE Center Hill", "source": "Mesonet", "unit": "Inch", "valid": "2024-09-26T03:29:00Z", "lon": -83.86, "lat": 31.11, "qualifier": "M", "product_id": "202409260333-KTAE-NWUS52-LSRTAE", "st": "GA", "magnitude": "6.85"}, "geometry": {"type": "Point", "coordinates": [-83.86, 31.11]}}, {"id": "686", "type": "Feature", "properties": {"wfo": "TAE", "type": "R", "magf": 6.87, "l": "(\"2024-09-27 03:00:00-05\",R,6.87,\"2 SE Hoggard Mill\",Baker,GA,Mesonet,\"Mesonet station NWNG1 ICHAUWAY-DUBIGNON NEWTON 11 SW GA US, two day storm total.\",TAE,RAIN,0101000020E6100000CDCCCCCCCC1C55C0713D0AD7A3303F40,202409270829-KTAE-NWUS52-LSRTAE,\"2024-09-27 03:29:00-05\",Inch,M,75442,)", "county": "Baker", "typetext": "RAIN", "state": "GA", "remark": "Mesonet station NWNG1 ICHAUWAY-DUBIGNON NEWTON 11 SW GA US, two day storm total.", "city": "2 SE Hoggard Mill", "source": "Mesonet", "unit": "Inch", "valid": "2024-09-27T08:00:00Z", "lon": -84.45, "lat": 31.19, "qualifier": "M", "product_id": "202409270829-KTAE-NWUS52-LSRTAE", "st": "GA", "magnitude": "6.87"}, "geometry": {"type": "Point", "coordinates": [-84.45, 31.19]}}, {"id": "687", "type": "Feature", "properties": {"wfo": "TAE", "type": "T", "magf": null, "l": "(\"2024-09-25 17:35:00-05\",T,,\"3 W Cool Spring\",Colquitt,GA,\"Law Enforcement\",\"Georgia Highway Patrol reported a brief touchdown. No damage reported at this time.\",TAE,TORNADO,0101000020E61000009A99999999E954C07B14AE47E13A3F40,202409252326-KTAE-NWUS52-LSRTAE,\"2024-09-25 18:26:00-05\",,,75473,)", "county": "Colquitt", "typetext": "TORNADO", "state": "GA", "remark": "Georgia Highway Patrol reported a brief touchdown. No damage reported at this time.", "city": "3 W Cool Spring", "source": "Law Enforcement", "unit": null, "valid": "2024-09-25T22:35:00Z", "lon": -83.65, "lat": 31.23, "qualifier": null, "product_id": "202409252326-KTAE-NWUS52-LSRTAE", "st": "GA", "magnitude": ""}, "geometry": {"type": "Point", "coordinates": [-83.65, 31.23]}}]}