{
"type": "FeatureCollection",
"name": "pyogrio_5a6753fe0ead4e55a8e2168079479035",
"crs": { "type": "name", "properties": { "name": "urn:ogc:def:crs:OGC:1.3:CRS84" } },
"features": [
{"type":"Feature","properties":{"ugclist":"ILC065, ILC191","locations":"Hamilton [IL], Wayne [IL]","utc_issue":"2024-09-24T04:34:00Z","utc_expire":"2024-09-24T06:45:00Z","utc_polygon_begin":"2024-09-24T04:34:00Z","utc_polygon_end":"2024-09-24T06:45:00Z","ph_sig":"FA.Y","wfo":"PAH","eventid":137,"phenomena":"FA","significance":"Y","nws_color":"#00FF7F","event_label":"Flood Advisory","status":"NEW","product_id":"202409240434-KPAH-WGUS83-FLSPAH","year":2024,"fcster":"AL"},"geometry":{"type":"MultiPolygon","coordinates":[[[[-88.7,38.59],[-88.15,38.6],[-88.15,38.26],[-88.37,38.26],[-88.37,38.16],[-88.7,38.11],[-88.7,38.59]]]]}},
{"type":"Feature","properties":{"ugclist":"ILC055, ILC165, ILC199","locations":"Franklin [IL], Saline [IL], Williamson [IL]","utc_issue":"2024-09-24T05:01:00Z","utc_expire":"2024-09-24T08:00:00Z","utc_polygon_begin":"2024-09-24T05:01:00Z","utc_polygon_end":"2024-09-24T08:00:00Z","ph_sig":"FA.Y","wfo":"PAH","eventid":138,"phenomena":"FA","significance":"Y","nws_color":"#00FF7F","event_label":"Flood Advisory","status":"NEW","product_id":"202409240501-KPAH-WGUS83-FLSPAH","year":2024,"fcster":"AL"},"geometry":{"type":"MultiPolygon","coordinates":[[[[-88.9,37.9],[-88.61,37.91],[-88.6,37.91],[-88.59,37.91],[-88.58,37.91],[-88.55,37.91],[-88.52,37.91],[-88.49,37.91],[-88.46,37.91],[-88.44,37.91],[-88.4,37.91],[-88.37,37.91],[-88.37,37.87],[-88.37,37.85],[-88.37,37.83],[-88.71,37.68],[-88.99,37.68],[-88.99,37.86],[-88.9,37.9]]]]}},
{"type":"Feature","properties":{"ugclist":"ILC047, ILC185","locations":"Edwards [IL], Wabash [IL]","utc_issue":"2024-09-24T05:06:00Z","utc_expire":"2024-09-24T07:15:00Z","utc_polygon_begin":"2024-09-24T05:06:00Z","utc_polygon_end":"2024-09-24T07:15:00Z","ph_sig":"FA.Y","wfo":"PAH","eventid":139,"phenomena":"FA","significance":"Y","nws_color":"#00FF7F","event_label":"Flood Advisory","status":"NEW","product_id":"202409240506-KPAH-WGUS83-FLSPAH","year":2024,"fcster":"AL"},"geometry":{"type":"MultiPolygon","coordinates":[[[[-88.15,38.57],[-87.65,38.57],[-87.67,38.55],[-87.65,38.51],[-87.74,38.48],[-87.76,38.46],[-87.73,38.45],[-87.75,38.41],[-88.15,38.26],[-88.15,38.57]]]]}},
{"type":"Feature","properties":{"ugclist":"GMZ074, GMZ075","locations":"Straits of Florida from west end of Seven Mile Bridge to south of Halfmoon Shoal 20 to 60 NM out [], Straits of Florida from Halfmoon Shoal to 20 NM west of Dry Tortugas 20 to 60 NM out []","utc_issue":"2024-09-24T10:23:00Z","utc_expire":"2024-09-24T10:40:00Z","utc_polygon_begin":"2024-09-24T10:23:00Z","utc_polygon_end":"2024-09-24T10:40:00Z","ph_sig":"MA.W","wfo":"KEY","eventid":402,"phenomena":"MA","significance":"W","nws_color":"#FFA500","event_label":"Marine Warning","status":"NEW","product_id":"202409241023-KKEY-WHUS52-SMWKEY","year":2024,"fcster":"AJP"},"geometry":{"type":"MultiPolygon","coordinates":[[[[-82.03,23.97],[-82.09,23.81],[-82.48,23.89],[-82.37,24.15],[-82.03,23.97]]]]}},
{"type":"Feature","properties":{"ugclist":"GMZ772, GMZ775","locations":"Waters from Mexico Beach to Apalachicola FL from 20 to 60 NM [], Waters from Suwannee River to Apalachicola FL from 20 to 60 NM []","utc_issue":"2024-09-24T11:32:00Z","utc_expire":"2024-09-24T12:23:00Z","utc_polygon_begin":"2024-09-24T11:32:00Z","utc_polygon_end":"2024-09-24T12:23:00Z","ph_sig":"MA.W","wfo":"TAE","eventid":317,"phenomena":"MA","significance":"W","nws_color":"#FFA500","event_label":"Marine Warning","status":"NEW","product_id":"202409241132-KTAE-WHUS52-SMWTAE","year":2024,"fcster":"02-MONTGOMERY"},"geometry":{"type":"MultiPolygon","coordinates":[[[[-85.21,28.59],[-85.36,28.62],[-85.48,28.66],[-85.57,29.21],[-85.02,29.19],[-84.97,28.59],[-85.1,28.58],[-85.21,28.59]]]]}},
{"type":"Feature","properties":{"ugclist":"NCC063, NCC135, NCC183","locations":"Durham [NC], Orange [NC], Wake [NC]","utc_issue":"2024-09-24T11:50:00Z","utc_expire":"2024-09-24T14:33:00Z","utc_polygon_begin":"2024-09-24T11:50:00Z","utc_polygon_end":"2024-09-24T14:33:00Z","ph_sig":"FA.Y","wfo":"RAH","eventid":141,"phenomena":"FA","significance":"Y","nws_color":"#00FF7F","event_label":"Flood Advisory","status":"NEW","product_id":"202409241150-KRAH-WGUS82-FLSRAH","year":2024,"fcster":"NTL"},"geometry":{"type":"MultiPolygon","coordinates":[[[[-79.1,35.98],[-79.05,36.03],[-78.9,36.07],[-78.48,35.98],[-78.43,35.9],[-78.42,35.82],[-78.46,35.76],[-78.55,35.73],[-78.77,35.77],[-78.88,35.82],[-78.92,35.83],[-78.91,35.84],[-78.91,35.87],[-78.92,35.87],[-78.93,35.87],[-78.95,35.87],[-79.0,35.86],[-79.07,35.91],[-79.1,35.98]]]]}},
{"type":"Feature","properties":{"ugclist":"OHC133, OHC151, OHC153","locations":"Portage [OH], Stark [OH], Summit [OH]","utc_issue":"2024-09-24T11:53:00Z","utc_expire":"2024-09-24T12:58:00Z","utc_polygon_begin":"2024-09-24T11:53:00Z","utc_polygon_end":"2024-09-24T12:58:00Z","ph_sig":"FA.Y","wfo":"CLE","eventid":75,"phenomena":"FA","significance":"Y","nws_color":"#00FF7F","event_label":"Flood Advisory","status":"NEW","product_id":"202409241153-KCLE-WGUS81-FLSCLE","year":2024,"fcster":"Maines"},"geometry":{"type":"MultiPolygon","coordinates":[[[[-81.64,41.04],[-81.62,41.13],[-81.44,41.14],[-81.39,41.08],[-81.29,40.97],[-81.26,40.92],[-81.31,40.75],[-81.6,40.76],[-81.64,40.99],[-81.64,41.04]]]]}},
{"type":"Feature","properties":{"ugclist":"NCC063","locations":"Durham [NC]","utc_issue":"2024-09-24T12:10:00Z","utc_expire":"2024-09-24T14:32:00Z","utc_polygon_begin":"2024-09-24T12:10:00Z","utc_polygon_end":"2024-09-24T14:32:00Z","ph_sig":"FF.W","wfo":"RAH","eventid":60,"phenomena":"FF","significance":"W","nws_color":"#8B0000","event_label":"Flash Flood Warning","status":"NEW","product_id":"202409241210-KRAH-WGUS52-FFWRAH","year":2024,"fcster":"NTL"},"geometry":{"type":"MultiPolygon","coordinates":[[[[-78.77,35.92],[-78.81,35.93],[-78.83,35.87],[-78.89,35.87],[-78.99,35.91],[-79.0,35.94],[-78.98,36.05],[-78.96,36.05],[-78.83,36.01],[-78.8,35.98],[-78.77,35.92]]]]}},
{"type":"Feature","properties":{"ugclist":"OHC133, OHC151, OHC153","locations":"Portage [OH], Stark [OH], Summit [OH]","utc_issue":"2024-09-24T12:58:00Z","utc_expire":"2024-09-24T16:00:00Z","utc_polygon_begin":"2024-09-24T12:58:00Z","utc_polygon_end":"2024-09-24T15:59:00Z","ph_sig":"FA.W","wfo":"CLE","eventid":7,"phenomena":"FA","significance":"W","nws_color":"#00FF00","event_label":"Flood Warning","status":"NEW","product_id":"202409241258-KCLE-WGUS41-FLWCLE","year":2024,"fcster":"Griffin"},"geometry":{"type":"MultiPolygon","coordinates":[[[[-81.62,41.13],[-81.45,41.14],[-81.3,40.98],[-81.26,40.92],[-81.32,40.75],[-81.6,40.76],[-81.64,41.0],[-81.62,41.13]]]]}},
{"type":"Feature","properties":{"ugclist":"OHC005, OHC103, OHC151, OHC153, OHC169","locations":"Ashland [OH], Medina [OH], Stark [OH], Summit [OH], Wayne [OH]","utc_issue":"2024-09-24T13:04:00Z","utc_expire":"2024-09-24T16:15:00Z","utc_polygon_begin":"2024-09-24T13:04:00Z","utc_polygon_end":"2024-09-24T16:16:00Z","ph_sig":"FA.Y","wfo":"CLE","eventid":76,"phenomena":"FA","significance":"Y","nws_color":"#00FF7F","event_label":"Flood Advisory","status":"NEW","product_id":"202409241304-KCLE-WGUS81-FLSCLE","year":2024,"fcster":"Griffin"},"geometry":{"type":"MultiPolygon","coordinates":[[[[-82.34,40.73],[-82.36,40.73],[-82.42,40.88],[-81.98,41.02],[-81.62,41.13],[-81.64,41.0],[-81.6,40.76],[-81.78,40.67],[-82.34,40.71],[-82.34,40.73]]]]}},
{"type":"Feature","properties":{"ugclist":"OHC099, OHC133, OHC151, OHC155","locations":"Mahoning [OH], Portage [OH], Stark [OH], Trumbull [OH]","utc_issue":"2024-09-24T14:21:00Z","utc_expire":"2024-09-24T17:30:00Z","utc_polygon_begin":"2024-09-24T14:21:00Z","utc_polygon_end":"2024-09-24T17:31:00Z","ph_sig":"FA.Y","wfo":"CLE","eventid":77,"phenomena":"FA","significance":"Y","nws_color":"#00FF7F","event_label":"Flood Advisory","status":"NEW","product_id":"202409241421-KCLE-WGUS81-FLSCLE","year":2024,"fcster":"Apffel"},"geometry":{"type":"MultiPolygon","coordinates":[[[[-80.87,41.17],[-80.52,41.33],[-80.52,41.09],[-80.71,41.01],[-81.05,40.9],[-81.09,40.9],[-81.09,40.89],[-81.3,40.83],[-81.28,40.93],[-81.37,41.03],[-80.87,41.17]]]]}},
{"type":"Feature","properties":{"ugclist":"ILC031, ILC197","locations":"Cook [IL], Will [IL]","utc_issue":"2024-09-24T16:37:00Z","utc_expire":"2024-09-24T18:30:00Z","utc_polygon_begin":"2024-09-24T16:37:00Z","utc_polygon_end":"2024-09-24T18:30:00Z","ph_sig":"FA.Y","wfo":"LOT","eventid":60,"phenomena":"FA","significance":"Y","nws_color":"#00FF7F","event_label":"Flood Advisory","status":"NEW","product_id":"202409241637-KLOT-WGUS83-FLSLOT","year":2024,"fcster":"Carlaw"},"geometry":{"type":"MultiPolygon","coordinates":[[[[-87.71,41.64],[-87.6,41.64],[-87.53,41.64],[-87.53,41.48],[-87.53,41.47],[-87.53,41.41],[-87.53,41.4],[-87.53,41.38],[-87.53,41.36],[-87.53,41.31],[-87.53,41.3],[-87.59,41.3],[-87.72,41.3],[-87.75,41.3],[-87.78,41.3],[-87.8,41.3],[-87.78,41.53],[-87.71,41.64]]]]}},
{"type":"Feature","properties":{"ugclist":"KYC123, KYC155, KYC179, KYC229","locations":"Larue [KY], Marion [KY], Nelson [KY], Washington [KY]","utc_issue":"2024-09-24T16:52:00Z","utc_expire":"2024-09-24T17:30:00Z","utc_polygon_begin":"2024-09-24T16:52:00Z","utc_polygon_end":"2024-09-24T17:12:00Z","ph_sig":"SV.W","wfo":"LMK","eventid":220,"phenomena":"SV","significance":"W","nws_color":"#FFA500","event_label":"Severe Thunderstorm Warning","status":"NEW","product_id":"202409241652-KLMK-WUUS53-SVRLMK","year":2024,"fcster":"RJS"},"geometry":{"type":"MultiPolygon","coordinates":[[[[-85.8,37.56],[-85.42,37.77],[-85.2,37.71],[-85.19,37.53],[-85.62,37.46],[-85.63,37.47],[-85.64,37.46],[-85.76,37.44],[-85.8,37.56]]]]}},
{"type":"Feature","properties":{"ugclist":"INC043, INC061","locations":"Floyd [IN], Harrison [IN]","utc_issue":"2024-09-24T17:08:00Z","utc_expire":"2024-09-24T17:45:00Z","utc_polygon_begin":"2024-09-24T17:08:00Z","utc_polygon_end":"2024-09-24T17:18:00Z","ph_sig":"SV.W","wfo":"LMK","eventid":221,"phenomena":"SV","significance":"W","nws_color":"#FFA500","event_label":"Severe Thunderstorm Warning","status":"NEW","product_id":"202409241708-KLMK-WUUS53-SVRLMK","year":2024,"fcster":"CSG"},"geometry":{"type":"MultiPolygon","coordinates":[[[[-85.81,38.28],[-85.83,38.27],[-85.85,38.23],[-85.89,38.2],[-85.91,38.17],[-86.2,38.12],[-86.28,38.25],[-86.27,38.26],[-85.96,38.4],[-85.88,38.4],[-85.81,38.28]]]]}},
{"type":"Feature","properties":{"ugclist":"ILC031, ILC197","locations":"Cook [IL], Will [IL]","utc_issue":"2024-09-24T17:16:00Z","utc_expire":"2024-09-24T20:15:00Z","utc_polygon_begin":"2024-09-24T17:16:00Z","utc_polygon_end":"2024-09-24T20:15:00Z","ph_sig":"FA.Y","wfo":"LOT","eventid":61,"phenomena":"FA","significance":"Y","nws_color":"#00FF7F","event_label":"Flood Advisory","status":"NEW","product_id":"202409241716-KLOT-WGUS83-FLSLOT","year":2024,"fcster":"Carlaw"},"geometry":{"type":"MultiPolygon","coordinates":[[[[-87.61,41.91],[-87.6,41.91],[-87.58,41.89],[-87.59,41.88],[-87.6,41.88],[-87.59,41.87],[-87.59,41.85],[-87.59,41.84],[-87.57,41.81],[-87.56,41.79],[-87.55,41.79],[-87.55,41.77],[-87.54,41.77],[-87.53,41.76],[-87.53,41.64],[-87.78,41.47],[-87.86,41.46],[-87.91,41.56],[-87.92,41.86],[-87.61,41.91]]]]}},
{"type":"Feature","properties":{"ugclist":"WVC017, WVC021, WVC033, WVC041, WVC085","locations":"Doddridge [WV], Gilmer [WV], Harrison [WV], Lewis [WV], Ritchie [WV]","utc_issue":"2024-09-24T17:18:00Z","utc_expire":"2024-09-24T17:45:00Z","utc_polygon_begin":"2024-09-24T17:18:00Z","utc_polygon_end":"2024-09-24T17:34:00Z","ph_sig":"SV.W","wfo":"RLX","eventid":190,"phenomena":"SV","significance":"W","nws_color":"#FFA500","event_label":"Severe Thunderstorm Warning","status":"NEW","product_id":"202409241718-KRLX-WUUS51-SVRRLX","year":2024,"fcster":"14"},"geometry":{"type":"MultiPolygon","coordinates":[[[[-80.78,38.98],[-80.88,39.2],[-80.45,39.3],[-80.34,39.01],[-80.78,38.98]]]]}},
{"type":"Feature","properties":{"ugclist":"ILC031","locations":"Cook [IL]","utc_issue":"2024-09-24T17:22:00Z","utc_expire":"2024-09-24T17:45:00Z","utc_polygon_begin":"2024-09-24T17:22:00Z","utc_polygon_end":"2024-09-24T17:32:00Z","ph_sig":"TO.W","wfo":"LOT","eventid":35,"phenomena":"TO","significance":"W","nws_color":"#FF0000","event_label":"Tornado Warning","status":"NEW","product_id":"202409241722-KLOT-WFUS53-TORLOT","year":2024,"fcster":"Carlaw"},"geometry":{"type":"MultiPolygon","coordinates":[[[[-87.77,41.47],[-87.78,41.55],[-87.67,41.59],[-87.62,41.47],[-87.77,41.47]]]]}},
{"type":"Feature","properties":{"ugclist":"KYC021, KYC155, KYC167, KYC229","locations":"Boyle [KY], Marion [KY], Mercer [KY], Washington [KY]","utc_issue":"2024-09-24T17:25:00Z","utc_expire":"2024-09-24T18:00:00Z","utc_polygon_begin":"2024-09-24T17:25:00Z","utc_polygon_end":"2024-09-24T17:48:00Z","ph_sig":"SV.W","wfo":"LMK","eventid":222,"phenomena":"SV","significance":"W","nws_color":"#FFA500","event_label":"Severe Thunderstorm Warning","status":"NEW","product_id":"202409241725-KLMK-WUUS53-SVRLMK","year":2024,"fcster":"RJS"},"geometry":{"type":"MultiPolygon","coordinates":[[[[-84.79,37.62],[-85.28,37.56],[-85.34,37.71],[-84.93,37.92],[-84.81,37.8],[-84.79,37.62]]]]}},
{"type":"Feature","properties":{"ugclist":"INC019, INC043, INC061, KYC111, KYC185","locations":"Clark [IN], Floyd [IN], Harrison [IN], Jefferson [KY], Oldham [KY]","utc_issue":"2024-09-24T17:26:00Z","utc_expire":"2024-09-24T18:00:00Z","utc_polygon_begin":"2024-09-24T17:26:00Z","utc_polygon_end":"2024-09-24T17:58:00Z","ph_sig":"SV.W","wfo":"LMK","eventid":223,"phenomena":"SV","significance":"W","nws_color":"#FFA500","event_label":"Severe Thunderstorm Warning","status":"NEW","product_id":"202409241726-KLMK-WUUS53-SVRLMK","year":2024,"fcster":"SRM"},"geometry":{"type":"MultiPolygon","coordinates":[[[[-85.99,38.19],[-85.97,38.37],[-85.58,38.5],[-85.5,38.29],[-85.99,38.19]]]]}},
{"type":"Feature","properties":{"ugclist":"INC019, INC043, INC061, KYC111","locations":"Clark [IN], Floyd [IN], Harrison [IN], Jefferson [KY]","utc_issue":"2024-09-24T17:40:00Z","utc_expire":"2024-09-24T18:15:00Z","utc_polygon_begin":"2024-09-24T17:40:00Z","utc_polygon_end":"2024-09-24T17:53:00Z","ph_sig":"SV.W","wfo":"LMK","eventid":224,"phenomena":"SV","significance":"W","nws_color":"#FFA500","event_label":"Severe Thunderstorm Warning","status":"NEW","product_id":"202409241740-KLMK-WUUS53-SVRLMK","year":2024,"fcster":"SRM"},"geometry":{"type":"MultiPolygon","coordinates":[[[[-86.14,38.12],[-86.04,38.27],[-85.77,38.35],[-85.72,38.22],[-86.14,38.12]]]]}},
{"type":"Feature","properties":{"ugclist":"WVC001, WVC017, WVC033, WVC041, WVC097","locations":"Barbour [WV], Doddridge [WV], Harrison [WV], Lewis [WV], Upshur [WV]","utc_issue":"2024-09-24T17:42:00Z","utc_expire":"2024-09-24T18:15:00Z","utc_polygon_begin":"2024-09-24T17:42:00Z","utc_polygon_end":"2024-09-24T17:51:00Z","ph_sig":"SV.W","wfo":"RLX","eventid":191,"phenomena":"SV","significance":"W","nws_color":"#FFA500","event_label":"Severe Thunderstorm Warning","status":"NEW","product_id":"202409241742-KRLX-WUUS51-SVRRLX","year":2024,"fcster":"14"},"geometry":{"type":"MultiPolygon","coordinates":[[[[-80.52,38.94],[-80.69,39.32],[-80.32,39.44],[-80.12,39.01],[-80.52,38.94]]]]}},
{"type":"Feature","properties":{"ugclist":"ILC031, ILC197","locations":"Cook [IL], Will [IL]","utc_issue":"2024-09-24T17:45:00Z","utc_expire":"2024-09-24T20:45:00Z","utc_polygon_begin":"2024-09-24T17:45:00Z","utc_polygon_end":"2024-09-24T19:13:00Z","ph_sig":"FF.W","wfo":"LOT","eventid":22,"phenomena":"FF","significance":"W","nws_color":"#8B0000","event_label":"Flash Flood Warning","status":"NEW","product_id":"202409241745-KLOT-WGUS53-FFWLOT","year":2024,"fcster":"WSL"},"geometry":{"type":"MultiPolygon","coordinates":[[[[-87.53,41.74],[-87.53,41.47],[-87.79,41.47],[-87.91,41.56],[-87.91,41.64],[-87.53,41.74]]]]}},
{"type":"Feature","properties":{"ugclist":"PRC011, PRC081, PRC099, PRC131","locations":"Anasco [PR], Lares [PR], Moca [PR], San Sebastian [PR]","utc_issue":"2024-09-24T17:48:00Z","utc_expire":"2024-09-24T18:45:00Z","utc_polygon_begin":"2024-09-24T17:48:00Z","utc_polygon_end":"2024-09-24T18:45:00Z","ph_sig":"FA.Y","wfo":"JSJ","eventid":498,"phenomena":"FA","significance":"Y","nws_color":"#00FF7F","event_label":"Flood Advisory","status":"NEW","product_id":"202409241748-TJSJ-WGCA82-FLSSJU","year":2024,"fcster":"CAM"},"geometry":{"type":"MultiPolygon","coordinates":[[[[-67.12,18.41],[-67.06,18.46],[-67.03,18.39],[-66.94,18.38],[-66.92,18.39],[-66.9,18.37],[-66.82,18.34],[-66.82,18.23],[-66.84,18.21],[-66.83,18.17],[-66.9,18.19],[-66.91,18.25],[-66.95,18.27],[-67.04,18.28],[-67.07,18.25],[-67.12,18.24],[-67.23,18.3],[-67.13,18.32],[-67.12,18.41]]]]}},
{"type":"Feature","properties":{"ugclist":"INC019, KYC111, KYC185","locations":"Clark [IN], Jefferson [KY], Oldham [KY]","utc_issue":"2024-09-24T17:52:00Z","utc_expire":"2024-09-24T18:15:00Z","utc_polygon_begin":"2024-09-24T17:52:00Z","utc_polygon_end":"2024-09-24T17:59:00Z","ph_sig":"TO.W","wfo":"LMK","eventid":44,"phenomena":"TO","significance":"W","nws_color":"#FF0000","event_label":"Tornado Warning","status":"NEW","product_id":"202409241752-KLMK-WFUS53-TORLMK","year":2024,"fcster":"CSG"},"geometry":{"type":"MultiPolygon","coordinates":[[[[-85.42,38.53],[-85.43,38.52],[-85.42,38.52],[-85.35,38.38],[-85.68,38.32],[-85.72,38.41],[-85.43,38.55],[-85.42,38.53]]]]}},
{"type":"Feature","properties":{"ugclist":"INC019, INC077, KYC103, KYC111, KYC185, KYC223","locations":"Clark [IN], Jefferson [IN], Henry [KY], Jefferson [KY], Oldham [KY], Trimble [KY]","utc_issue":"2024-09-24T17:53:00Z","utc_expire":"2024-09-24T18:30:00Z","utc_polygon_begin":"2024-09-24T17:53:00Z","utc_polygon_end":"2024-09-24T18:08:00Z","ph_sig":"SV.W","wfo":"LMK","eventid":225,"phenomena":"SV","significance":"W","nws_color":"#FFA500","event_label":"Severe Thunderstorm Warning","status":"NEW","product_id":"202409241753-KLMK-WUUS53-SVRLMK","year":2024,"fcster":"SRM"},"geometry":{"type":"MultiPolygon","coordinates":[[[[-85.68,38.29],[-85.76,38.48],[-85.39,38.66],[-85.19,38.44],[-85.68,38.29]]]]}},
{"type":"Feature","properties":{"ugclist":"MPC110, MPC120","locations":"Saipan [MP], Tinian [MP]","utc_issue":"2024-09-24T17:54:00Z","utc_expire":"2024-09-24T20:50:00Z","utc_polygon_begin":"2024-09-24T17:54:00Z","utc_polygon_end":"2024-09-24T20:50:00Z","ph_sig":"FA.Y","wfo":"GUM","eventid":28,"phenomena":"FA","significance":"Y","nws_color":"#00FF7F","event_label":"Flood Advisory","status":"NEW","product_id":"202409241754-PGUM-WGMY80-FLSGUM","year":2024,"fcster":"PS"},"geometry":{"type":"MultiPolygon","coordinates":[[[[145.52,14.83],[145.51,14.85],[145.53,14.87],[145.57,14.89],[145.59,14.88],[145.62,14.91],[145.56,15.02],[145.63,15.13],[145.65,15.13],[145.67,15.11],[145.69,15.22],[145.69,15.26],[145.71,15.27],[145.73,15.26],[145.8,15.31],[145.82,15.31],[145.83,15.31],[145.85,15.26],[145.8,15.2],[145.81,15.13],[145.78,15.13],[145.77,15.08],[145.75,15.07],[145.7,15.08],[145.67,15.1],[145.67,15.04],[145.7,15.01],[145.69,14.94],[145.65,14.9],[145.62,14.9],[145.6,14.88],[145.6,14.86],[145.58,14.82],[145.56,14.82],[145.52,14.83]]]]}},
{"type":"Feature","properties":{"ugclist":"WVC001, WVC033, WVC041, WVC083, WVC091, WVC097","locations":"Barbour [WV], Harrison [WV], Lewis [WV], Randolph [WV], Taylor [WV], Upshur [WV]","utc_issue":"2024-09-24T17:56:00Z","utc_expire":"2024-09-24T18:45:00Z","utc_polygon_begin":"2024-09-24T17:56:00Z","utc_polygon_end":"2024-09-24T18:16:00Z","ph_sig":"SV.W","wfo":"RLX","eventid":192,"phenomena":"SV","significance":"W","nws_color":"#FFA500","event_label":"Severe Thunderstorm Warning","status":"NEW","product_id":"202409241756-KRLX-WUUS51-SVRRLX","year":2024,"fcster":"14"},"geometry":{"type":"MultiPolygon","coordinates":[[[[-80.33,38.98],[-80.55,39.41],[-80.41,39.46],[-80.28,39.43],[-80.2,39.39],[-80.11,39.41],[-80.09,39.39],[-80.03,39.4],[-79.94,39.45],[-79.9,39.44],[-79.9,39.3],[-79.86,39.29],[-79.84,39.24],[-79.81,39.24],[-79.84,39.13],[-79.78,39.08],[-80.33,38.98]]]]}},
{"type":"Feature","properties":{"ugclist":"NCC021, NCC111, NCC115, NCC121, NCC199","locations":"Buncombe [NC], McDowell [NC], Madison [NC], Mitchell [NC], Yancey [NC]","utc_issue":"2024-09-24T18:06:00Z","utc_expire":"2024-09-24T18:43:00Z","utc_polygon_begin":"2024-09-24T18:06:00Z","utc_polygon_end":"2024-09-24T18:18:00Z","ph_sig":"SV.W","wfo":"GSP","eventid":268,"phenomena":"SV","significance":"W","nws_color":"#FFA500","event_label":"Severe Thunderstorm Warning","status":"NEW","product_id":"202409241806-KGSP-WUUS52-SVRGSP","year":2024,"fcster":"TW"},"geometry":{"type":"MultiPolygon","coordinates":[[[[-81.99,35.81],[-81.93,35.77],[-82.03,35.71],[-82.7,35.6],[-82.65,35.75],[-82.68,35.85],[-82.1,36.0],[-81.99,35.81]]]]}},
{"type":"Feature","properties":{"ugclist":"INC019, KYC103, KYC185, KYC223","locations":"Clark [IN], Henry [KY], Oldham [KY], Trimble [KY]","utc_issue":"2024-09-24T18:07:00Z","utc_expire":"2024-09-24T18:30:00Z","utc_polygon_begin":"2024-09-24T18:07:00Z","utc_polygon_end":"2024-09-24T18:19:00Z","ph_sig":"TO.W","wfo":"LMK","eventid":45,"phenomena":"TO","significance":"W","nws_color":"#FF0000","event_label":"Tornado Warning","status":"NEW","product_id":"202409241807-KLMK-WFUS53-TORLMK","year":2024,"fcster":"CSG"},"geometry":{"type":"MultiPolygon","coordinates":[[[[-85.21,38.58],[-85.21,38.57],[-85.1,38.41],[-85.52,38.35],[-85.57,38.47],[-85.23,38.62],[-85.21,38.58]]]]}},
{"type":"Feature","properties":{"ugclist":"KYC087, KYC155, KYC217","locations":"Green [KY], Marion [KY], Taylor [KY]","utc_issue":"2024-09-24T18:19:00Z","utc_expire":"2024-09-24T18:45:00Z","utc_polygon_begin":"2024-09-24T18:19:00Z","utc_polygon_end":"2024-09-24T18:38:00Z","ph_sig":"SV.W","wfo":"LMK","eventid":226,"phenomena":"SV","significance":"W","nws_color":"#FFA500","event_label":"Severe Thunderstorm Warning","status":"NEW","product_id":"202409241819-KLMK-WUUS53-SVRLMK","year":2024,"fcster":"RJS"},"geometry":{"type":"MultiPolygon","coordinates":[[[[-85.61,37.16],[-85.68,37.25],[-85.32,37.6],[-85.07,37.43],[-85.61,37.16]]]]}},
{"type":"Feature","properties":{"ugclist":"MIC121","locations":"Muskegon [MI]","utc_issue":"2024-09-24T18:19:00Z","utc_expire":"2024-09-25T06:15:00Z","utc_polygon_begin":"2024-09-24T18:19:00Z","utc_polygon_end":"2024-09-25T01:04:00Z","ph_sig":"FA.Y","wfo":"GRR","eventid":16,"phenomena":"FA","significance":"Y","nws_color":"#00FF7F","event_label":"Flood Advisory","status":"NEW","product_id":"202409241819-KGRR-WGUS83-FLSGRR","year":2024,"fcster":"NJJ"},"geometry":{"type":"MultiPolygon","coordinates":[[[[-86.43,43.38],[-86.46,43.47],[-86.04,43.47],[-86.04,43.29],[-85.79,43.29],[-85.79,43.21],[-85.91,43.21],[-85.91,43.12],[-86.27,43.12],[-86.34,43.23],[-86.29,43.22],[-86.25,43.24],[-86.25,43.26],[-86.22,43.27],[-86.37,43.38],[-86.35,43.39],[-86.35,43.41],[-86.43,43.38]]]]}},
{"type":"Feature","properties":{"ugclist":"KYC103, KYC185, KYC223","locations":"Henry [KY], Oldham [KY], Trimble [KY]","utc_issue":"2024-09-24T18:21:00Z","utc_expire":"2024-09-24T18:45:00Z","utc_polygon_begin":"2024-09-24T18:21:00Z","utc_polygon_end":"2024-09-24T18:33:00Z","ph_sig":"SV.W","wfo":"LMK","eventid":227,"phenomena":"SV","significance":"W","nws_color":"#FFA500","event_label":"Severe Thunderstorm Warning","status":"NEW","product_id":"202409241821-KLMK-WUUS53-SVRLMK","year":2024,"fcster":"SRM"},"geometry":{"type":"MultiPolygon","coordinates":[[[[-85.23,38.63],[-85.23,38.62],[-85.21,38.6],[-85.22,38.6],[-85.21,38.58],[-85.08,38.6],[-85.06,38.56],[-85.04,38.57],[-85.0,38.55],[-85.01,38.55],[-85.03,38.51],[-85.43,38.34],[-85.41,38.6],[-85.27,38.67],[-85.23,38.63]]]]}},
{"type":"Feature","properties":{"ugclist":"WVC001, WVC083","locations":"Barbour [WV], Randolph [WV]","utc_issue":"2024-09-24T18:23:00Z","utc_expire":"2024-09-24T19:00:00Z","utc_polygon_begin":"2024-09-24T18:23:00Z","utc_polygon_end":"2024-09-24T18:44:00Z","ph_sig":"SV.W","wfo":"RLX","eventid":193,"phenomena":"SV","significance":"W","nws_color":"#FFA500","event_label":"Severe Thunderstorm Warning","status":"NEW","product_id":"202409241823-KRLX-WUUS51-SVRRLX","year":2024,"fcster":"14"},"geometry":{"type":"MultiPolygon","coordinates":[[[[-80.01,38.88],[-80.05,39.01],[-80.05,39.02],[-80.06,39.03],[-80.05,39.03],[-79.79,39.1],[-79.78,39.08],[-79.78,39.05],[-79.79,39.04],[-79.61,39.0],[-79.57,38.92],[-80.01,38.88]]]]}},
{"type":"Feature","properties":{"ugclist":"TNC021, TNC147, TNC165","locations":"Cheatham [TN], Robertson [TN], Sumner [TN]","utc_issue":"2024-09-24T18:24:00Z","utc_expire":"2024-09-24T19:00:00Z","utc_polygon_begin":"2024-09-24T18:24:00Z","utc_polygon_end":"2024-09-24T18:40:00Z","ph_sig":"SV.W","wfo":"OHX","eventid":163,"phenomena":"SV","significance":"W","nws_color":"#FFA500","event_label":"Severe Thunderstorm Warning","status":"NEW","product_id":"202409241824-KOHX-WUUS54-SVROHX","year":2024,"fcster":"Mueller"},"geometry":{"type":"MultiPolygon","coordinates":[[[[-86.6,36.43],[-86.74,36.39],[-86.75,36.41],[-86.79,36.38],[-86.84,36.36],[-86.86,36.38],[-86.88,36.37],[-86.89,36.39],[-86.91,36.39],[-86.92,36.34],[-87.13,36.28],[-87.2,36.41],[-87.18,36.41],[-87.17,36.43],[-87.15,36.42],[-87.15,36.44],[-87.12,36.46],[-87.13,36.48],[-86.81,36.65],[-86.73,36.65],[-86.6,36.43]]]]}},
{"type":"Feature","properties":{"ugclist":"WVC049, WVC061, WVC077","locations":"Marion [WV], Monongalia [WV], Preston [WV]","utc_issue":"2024-09-24T18:27:00Z","utc_expire":"2024-09-24T19:15:00Z","utc_polygon_begin":"2024-09-24T18:27:00Z","utc_polygon_end":"2024-09-24T18:37:00Z","ph_sig":"SV.W","wfo":"PBZ","eventid":261,"phenomena":"SV","significance":"W","nws_color":"#FFA500","event_label":"Severe Thunderstorm Warning","status":"NEW","product_id":"202409241827-KPBZ-WUUS51-SVRPBZ","year":2024,"fcster":"MLB"},"geometry":{"type":"MultiPolygon","coordinates":[[[[-79.85,39.25],[-79.87,39.29],[-79.9,39.3],[-79.89,39.44],[-79.94,39.45],[-80.01,39.42],[-80.03,39.4],[-80.08,39.39],[-80.11,39.41],[-80.12,39.4],[-80.2,39.39],[-80.24,39.42],[-79.95,39.59],[-79.73,39.53],[-79.68,39.4],[-79.69,39.27],[-79.81,39.23],[-79.85,39.25]]]]}},
{"type":"Feature","properties":{"ugclist":"TNC021, TNC037, TNC147, TNC165","locations":"Cheatham [TN], Davidson [TN], Robertson [TN], Sumner [TN]","utc_issue":"2024-09-24T18:33:00Z","utc_expire":"2024-09-24T19:15:00Z","utc_polygon_begin":"2024-09-24T18:33:00Z","utc_polygon_end":"2024-09-24T18:48:00Z","ph_sig":"SV.W","wfo":"OHX","eventid":164,"phenomena":"SV","significance":"W","nws_color":"#FFA500","event_label":"Severe Thunderstorm Warning","status":"NEW","product_id":"202409241833-KOHX-WUUS54-SVROHX","year":2024,"fcster":"Mueller"},"geometry":{"type":"MultiPolygon","coordinates":[[[[-86.71,36.49],[-86.61,36.24],[-87.11,36.13],[-87.16,36.29],[-86.71,36.49]]]]}},
{"type":"Feature","properties":{"ugclist":"MSC013, MSC071, MSC115, MSC161","locations":"Calhoun [MS], Lafayette [MS], Pontotoc [MS], Yalobusha [MS]","utc_issue":"2024-09-24T18:37:00Z","utc_expire":"2024-09-24T19:30:00Z","utc_polygon_begin":"2024-09-24T18:37:00Z","utc_polygon_end":"2024-09-24T18:56:00Z","ph_sig":"SV.W","wfo":"MEG","eventid":201,"phenomena":"SV","significance":"W","nws_color":"#FFA500","event_label":"Severe Thunderstorm Warning","status":"NEW","product_id":"202409241837-KMEG-WUUS54-SVRMEG","year":2024,"fcster":"AEH"},"geometry":{"type":"MultiPolygon","coordinates":[[[[-89.84,33.95],[-89.76,34.16],[-89.72,34.17],[-89.72,34.26],[-89.21,34.38],[-89.13,34.07],[-89.14,34.02],[-89.84,33.95]]]]}},
{"type":"Feature","properties":{"ugclist":"VAC045, VAC071, VAC121, VAC161, WVC063","locations":"Craig [VA], Giles [VA], Montgomery [VA], Roanoke [VA], Monroe [WV]","utc_issue":"2024-09-24T18:41:00Z","utc_expire":"2024-09-24T19:45:00Z","utc_polygon_begin":"2024-09-24T18:41:00Z","utc_polygon_end":"2024-09-24T19:08:00Z","ph_sig":"SV.W","wfo":"RNK","eventid":173,"phenomena":"SV","significance":"W","nws_color":"#FFA500","event_label":"Severe Thunderstorm Warning","status":"NEW","product_id":"202409241841-KRNK-WUUS51-SVRRNK","year":2024,"fcster":"AS"},"geometry":{"type":"MultiPolygon","coordinates":[[[[-80.35,37.69],[-80.3,37.69],[-80.27,37.65],[-80.23,37.64],[-80.13,37.55],[-80.14,37.33],[-80.79,37.3],[-80.83,37.47],[-80.38,37.7],[-80.38,37.69],[-80.36,37.69],[-80.35,37.71],[-80.35,37.69]]]]}},
{"type":"Feature","properties":{"ugclist":"KYC041, KYC077, KYC081, KYC187","locations":"Carroll [KY], Gallatin [KY], Grant [KY], Owen [KY]","utc_issue":"2024-09-24T18:45:00Z","utc_expire":"2024-09-24T19:30:00Z","utc_polygon_begin":"2024-09-24T18:45:00Z","utc_polygon_end":"2024-09-24T19:02:00Z","ph_sig":"SV.W","wfo":"ILN","eventid":170,"phenomena":"SV","significance":"W","nws_color":"#FFA500","event_label":"Severe Thunderstorm Warning","status":"NEW","product_id":"202409241845-KILN-WUUS51-SVRILN","year":2024,"fcster":"Clark"},"geometry":{"type":"MultiPolygon","coordinates":[[[[-84.99,38.49],[-84.98,38.52],[-85.0,38.52],[-85.02,38.5],[-85.03,38.51],[-85.01,38.55],[-85.0,38.55],[-85.04,38.57],[-85.06,38.56],[-85.08,38.58],[-85.08,38.6],[-85.21,38.58],[-85.2,38.59],[-84.9,38.79],[-84.63,38.72],[-84.55,38.55],[-84.95,38.47],[-84.99,38.49]]]]}},
{"type":"Feature","properties":{"ugclist":"WVC077, WVC093","locations":"Preston [WV], Tucker [WV]","utc_issue":"2024-09-24T18:46:00Z","utc_expire":"2024-09-24T19:30:00Z","utc_polygon_begin":"2024-09-24T18:46:00Z","utc_polygon_end":"2024-09-24T18:59:00Z","ph_sig":"SV.W","wfo":"PBZ","eventid":262,"phenomena":"SV","significance":"W","nws_color":"#FFA500","event_label":"Severe Thunderstorm Warning","status":"NEW","product_id":"202409241846-KPBZ-WUUS51-SVRPBZ","year":2024,"fcster":"MLB"},"geometry":{"type":"MultiPolygon","coordinates":[[[[-79.48,38.98],[-79.5,38.97],[-79.78,39.04],[-79.78,39.08],[-79.84,39.13],[-79.81,39.23],[-79.49,39.34],[-79.49,39.19],[-79.47,39.18],[-79.37,39.2],[-79.34,39.21],[-79.31,39.21],[-79.29,39.19],[-79.33,39.15],[-79.33,39.12],[-79.35,39.09],[-79.3,39.07],[-79.34,38.97],[-79.36,38.96],[-79.48,38.98]]]]}},
{"type":"Feature","properties":{"ugclist":"TNC021, TNC037, TNC043","locations":"Cheatham [TN], Davidson [TN], Dickson [TN]","utc_issue":"2024-09-24T18:47:00Z","utc_expire":"2024-09-24T19:30:00Z","utc_polygon_begin":"2024-09-24T18:47:00Z","utc_polygon_end":"2024-09-24T19:05:00Z","ph_sig":"SV.W","wfo":"OHX","eventid":165,"phenomena":"SV","significance":"W","nws_color":"#FFA500","event_label":"Severe Thunderstorm Warning","status":"NEW","product_id":"202409241847-KOHX-WUUS54-SVROHX","year":2024,"fcster":"Mueller"},"geometry":{"type":"MultiPolygon","coordinates":[[[[-86.91,36.33],[-86.89,36.08],[-87.4,36.02],[-87.44,36.16],[-86.91,36.33]]]]}},
{"type":"Feature","properties":{"ugclist":"KYC003, KYC009","locations":"Allen [KY], Barren [KY]","utc_issue":"2024-09-24T18:54:00Z","utc_expire":"2024-09-24T19:30:00Z","utc_polygon_begin":"2024-09-24T18:54:00Z","utc_polygon_end":"2024-09-24T19:18:00Z","ph_sig":"SV.W","wfo":"LMK","eventid":228,"phenomena":"SV","significance":"W","nws_color":"#FFA500","event_label":"Severe Thunderstorm Warning","status":"NEW","product_id":"202409241854-KLMK-WUUS53-SVRLMK","year":2024,"fcster":"RJS"},"geometry":{"type":"MultiPolygon","coordinates":[[[[-86.38,36.65],[-86.09,36.91],[-85.79,36.96],[-85.74,36.9],[-85.9,36.76],[-85.98,36.72],[-85.97,36.71],[-86.07,36.63],[-86.38,36.65]]]]}},
{"type":"Feature","properties":{"ugclist":"VAC005, VAC017, VAC163, VAC580, WVC025","locations":"Alleghany [VA], Bath [VA], Rockbridge [VA], City of Covington [VA], Greenbrier [WV]","utc_issue":"2024-09-24T18:54:00Z","utc_expire":"2024-09-24T19:42:00Z","utc_polygon_begin":"2024-09-24T18:54:00Z","utc_polygon_end":"2024-09-24T19:19:00Z","ph_sig":"SV.W","wfo":"RNK","eventid":174,"phenomena":"SV","significance":"W","nws_color":"#FFA500","event_label":"Severe Thunderstorm Warning","status":"NEW","product_id":"202409241854-KRNK-WUUS51-SVRRNK","year":2024,"fcster":"AS"},"geometry":{"type":"MultiPolygon","coordinates":[[[[-79.51,38.01],[-79.52,37.82],[-80.3,37.75],[-80.35,37.95],[-79.64,38.17],[-79.51,38.01]]]]}},
{"type":"Feature","properties":{"ugclist":"WVC077, WVC093","locations":"Preston [WV], Tucker [WV]","utc_issue":"2024-09-24T18:56:00Z","utc_expire":"2024-09-24T19:30:00Z","utc_polygon_begin":"2024-09-24T18:56:00Z","utc_polygon_end":"2024-09-24T19:07:00Z","ph_sig":"SV.W","wfo":"PBZ","eventid":263,"phenomena":"SV","significance":"W","nws_color":"#FFA500","event_label":"Severe Thunderstorm Warning","status":"NEW","product_id":"202409241856-KPBZ-WUUS51-SVRPBZ","year":2024,"fcster":"MLB"},"geometry":{"type":"MultiPolygon","coordinates":[[[[-79.76,39.47],[-79.48,39.59],[-79.49,39.31],[-79.66,39.26],[-79.76,39.47]]]]}},
{"type":"Feature","properties":{"ugclist":"TNC147, TNC165","locations":"Robertson [TN], Sumner [TN]","utc_issue":"2024-09-24T18:57:00Z","utc_expire":"2024-09-24T19:30:00Z","utc_polygon_begin":"2024-09-24T18:57:00Z","utc_polygon_end":"2024-09-24T19:11:00Z","ph_sig":"SV.W","wfo":"OHX","eventid":166,"phenomena":"SV","significance":"W","nws_color":"#FFA500","event_label":"Severe Thunderstorm Warning","status":"NEW","product_id":"202409241857-KOHX-WUUS54-SVROHX","year":2024,"fcster":"Mueller"},"geometry":{"type":"MultiPolygon","coordinates":[[[[-86.35,36.65],[-86.27,36.42],[-86.73,36.36],[-86.73,36.39],[-86.75,36.41],[-86.78,36.39],[-86.79,36.36],[-86.83,36.35],[-86.87,36.52],[-86.57,36.64],[-86.56,36.63],[-86.51,36.65],[-86.35,36.65]]]]}},
{"type":"Feature","properties":{"ugclist":"PRC039, PRC073, PRC101, PRC107, PRC141","locations":"Ciales [PR], Jayuya [PR], Morovis [PR], Orocovis [PR], Utuado [PR]","utc_issue":"2024-09-24T18:58:00Z","utc_expire":"2024-09-24T22:00:00Z","utc_polygon_begin":"2024-09-24T18:58:00Z","utc_polygon_end":"2024-09-24T21:58:00Z","ph_sig":"FA.Y","wfo":"JSJ","eventid":499,"phenomena":"FA","significance":"Y","nws_color":"#00FF7F","event_label":"Flood Advisory","status":"NEW","product_id":"202409241858-TJSJ-WGCA82-FLSSJU","year":2024,"fcster":"CVB"},"geometry":{"type":"MultiPolygon","coordinates":[[[[-66.72,18.32],[-66.66,18.32],[-66.42,18.38],[-66.37,18.33],[-66.38,18.28],[-66.35,18.24],[-66.35,18.19],[-66.41,18.16],[-66.46,18.18],[-66.54,18.15],[-66.59,18.17],[-66.68,18.15],[-66.66,18.18],[-66.69,18.22],[-66.76,18.23],[-66.78,18.25],[-66.82,18.23],[-66.83,18.32],[-66.77,18.32],[-66.73,18.35],[-66.72,18.32]]]]}},
{"type":"Feature","properties":{"ugclist":"INC155, KYC015, KYC077, KYC081","locations":"Switzerland [IN], Boone [KY], Gallatin [KY], Grant [KY]","utc_issue":"2024-09-24T18:59:00Z","utc_expire":"2024-09-24T19:14:00Z","utc_polygon_begin":"2024-09-24T18:59:00Z","utc_polygon_end":"2024-09-24T19:14:00Z","ph_sig":"SV.W","wfo":"ILN","eventid":171,"phenomena":"SV","significance":"W","nws_color":"#FFA500","event_label":"Severe Thunderstorm Warning","status":"NEW","product_id":"202409241859-KILN-WUUS51-SVRILN","year":2024,"fcster":"Clark"},"geometry":{"type":"MultiPolygon","coordinates":[[[[-84.66,39.01],[-84.6,38.9],[-84.6,38.86],[-84.62,38.8],[-84.61,38.8],[-84.61,38.77],[-84.99,38.73],[-85.04,38.81],[-84.66,39.01]]]]}},
{"type":"Feature","properties":{"ugclist":"KYC093, KYC099, KYC123","locations":"Hardin [KY], Hart [KY], Larue [KY]","utc_issue":"2024-09-24T19:04:00Z","utc_expire":"2024-09-24T19:30:00Z","utc_polygon_begin":"2024-09-24T19:04:00Z","utc_polygon_end":"2024-09-24T19:20:00Z","ph_sig":"SV.W","wfo":"LMK","eventid":229,"phenomena":"SV","significance":"W","nws_color":"#FFA500","event_label":"Severe Thunderstorm Warning","status":"NEW","product_id":"202409241904-KLMK-WUUS53-SVRLMK","year":2024,"fcster":"CSG"},"geometry":{"type":"MultiPolygon","coordinates":[[[[-86.08,37.34],[-86.07,37.34],[-86.06,37.35],[-86.06,37.37],[-86.04,37.38],[-86.04,37.39],[-86.03,37.4],[-86.03,37.41],[-85.84,37.62],[-85.63,37.47],[-85.64,37.45],[-85.66,37.44],[-85.66,37.42],[-85.95,37.27],[-86.08,37.34]]]]}},
{"type":"Feature","properties":{"ugclist":"SCC059, SCC087","locations":"Laurens [SC], Union [SC]","utc_issue":"2024-09-24T19:04:00Z","utc_expire":"2024-09-24T20:00:00Z","utc_polygon_begin":"2024-09-24T19:04:00Z","utc_polygon_end":"2024-09-24T19:24:00Z","ph_sig":"SV.W","wfo":"GSP","eventid":269,"phenomena":"SV","significance":"W","nws_color":"#FFA500","event_label":"Severe Thunderstorm Warning","status":"NEW","product_id":"202409241904-KGSP-WUUS52-SVRGSP","year":2024,"fcster":"TW"},"geometry":{"type":"MultiPolygon","coordinates":[[[[-81.92,34.57],[-81.56,34.65],[-81.52,34.48],[-81.55,34.47],[-81.61,34.51],[-81.62,34.53],[-81.63,34.52],[-81.64,34.53],[-81.67,34.5],[-81.71,34.45],[-81.91,34.42],[-81.92,34.57]]]]}},
{"type":"Feature","properties":{"ugclist":"LMZ673, LMZ675","locations":"Lake Michigan from North Point Light to Wind Point WI 5NM offshore to Mid Lake [], Lake Michigan from Wind Point WI to Winthrop Harbor IL 5NM offshore to Mid Lake []","utc_issue":"2024-09-24T19:07:00Z","utc_expire":"2024-09-24T20:00:00Z","utc_polygon_begin":"2024-09-24T19:07:00Z","utc_polygon_end":"2024-09-24T20:00:00Z","ph_sig":"MA.W","wfo":"MKX","eventid":48,"phenomena":"MA","significance":"W","nws_color":"#FFA500","event_label":"Marine Warning","status":"NEW","product_id":"202409241907-KMKX-WHUS53-SMWMKX","year":2024,"fcster":"CMILLER"},"geometry":{"type":"MultiPolygon","coordinates":[[[[-87.32,42.47],[-87.1,43.04],[-87.02,42.46],[-87.32,42.47]]]]}},
{"type":"Feature","properties":{"ugclist":"INC115, INC155, KYC015","locations":"Ohio [IN], Switzerland [IN], Boone [KY]","utc_issue":"2024-09-24T19:11:00Z","utc_expire":"2024-09-24T20:05:00Z","utc_polygon_begin":"2024-09-24T19:11:00Z","utc_polygon_end":"2024-09-24T20:05:00Z","ph_sig":"FF.W","wfo":"ILN","eventid":22,"phenomena":"FF","significance":"W","nws_color":"#8B0000","event_label":"Flash Flood Warning","status":"NEW","product_id":"202409241911-KILN-WGUS51-FFWILN","year":2024,"fcster":"Hickman"},"geometry":{"type":"MultiPolygon","coordinates":[[[[-84.82,39.02],[-84.63,39.08],[-84.62,39.04],[-84.62,39.03],[-84.62,39.02],[-84.62,39.01],[-84.74,38.9],[-84.9,38.87],[-84.94,38.93],[-84.82,39.02]]]]}},
{"type":"Feature","properties":{"ugclist":"MSC071, MSC081, MSC115, MSC145","locations":"Lafayette [MS], Lee [MS], Pontotoc [MS], Union [MS]","utc_issue":"2024-09-24T19:15:00Z","utc_expire":"2024-09-24T20:00:00Z","utc_polygon_begin":"2024-09-24T19:15:00Z","utc_polygon_end":"2024-09-24T19:27:00Z","ph_sig":"SV.W","wfo":"MEG","eventid":202,"phenomena":"SV","significance":"W","nws_color":"#FFA500","event_label":"Severe Thunderstorm Warning","status":"NEW","product_id":"202409241915-KMEG-WUUS54-SVRMEG","year":2024,"fcster":"AEH"},"geometry":{"type":"MultiPolygon","coordinates":[[[[-89.25,34.16],[-89.3,34.16],[-89.35,34.27],[-88.83,34.54],[-88.68,34.09],[-88.72,34.09],[-88.72,34.08],[-89.24,34.07],[-89.25,34.16]]]]}},
{"type":"Feature","properties":{"ugclist":"KYC015, KYC037, KYC077, KYC081, KYC117, KYC191","locations":"Boone [KY], Campbell [KY], Gallatin [KY], Grant [KY], Kenton [KY], Pendleton [KY]","utc_issue":"2024-09-24T19:18:00Z","utc_expire":"2024-09-24T19:42:00Z","utc_polygon_begin":"2024-09-24T19:18:00Z","utc_polygon_end":"2024-09-24T19:34:00Z","ph_sig":"SV.W","wfo":"ILN","eventid":172,"phenomena":"SV","significance":"W","nws_color":"#FFA500","event_label":"Severe Thunderstorm Warning","status":"NEW","product_id":"202409241918-KILN-WUUS51-SVRILN","year":2024,"fcster":"Clark"},"geometry":{"type":"MultiPolygon","coordinates":[[[[-84.7,38.61],[-84.78,38.76],[-84.62,38.92],[-84.36,38.91],[-84.25,38.72],[-84.7,38.61]]]]}},
{"type":"Feature","properties":{"ugclist":"IAC003","locations":"Adams [IA]","utc_issue":"2024-09-24T19:21:00Z","utc_expire":"2024-09-24T19:45:00Z","utc_polygon_begin":"2024-09-24T19:21:00Z","utc_polygon_end":"2024-09-24T19:45:00Z","ph_sig":"SV.W","wfo":"DMX","eventid":306,"phenomena":"SV","significance":"W","nws_color":"#FFA500","event_label":"Severe Thunderstorm Warning","status":"NEW","product_id":"202409241921-KDMX-WUUS53-SVRDMX","year":2024,"fcster":"Cogil"},"geometry":{"type":"MultiPolygon","coordinates":[[[[-94.78,41.07],[-94.69,41.12],[-94.56,40.99],[-94.72,40.94],[-94.78,41.07]]]]}},
{"type":"Feature","properties":{"ugclist":"KYC037, KYC117, OHC061","locations":"Campbell [KY], Kenton [KY], Hamilton [OH]","utc_issue":"2024-09-24T19:22:00Z","utc_expire":"2024-09-24T20:22:00Z","utc_polygon_begin":"2024-09-24T19:22:00Z","utc_polygon_end":"2024-09-24T20:22:00Z","ph_sig":"FA.Y","wfo":"ILN","eventid":102,"phenomena":"FA","significance":"Y","nws_color":"#00FF7F","event_label":"Flood Advisory","status":"NEW","product_id":"202409241922-KILN-WGUS81-FLSILN","year":2024,"fcster":"Hickman"},"geometry":{"type":"MultiPolygon","coordinates":[[[[-84.63,39.08],[-84.64,39.08],[-84.48,39.21],[-84.38,39.13],[-84.61,39.0],[-84.62,39.07],[-84.63,39.08]]]]}},
{"type":"Feature","properties":{"ugclist":"MSC013, MSC017, MSC081, MSC115","locations":"Calhoun [MS], Chickasaw [MS], Lee [MS], Pontotoc [MS]","utc_issue":"2024-09-24T19:23:00Z","utc_expire":"2024-09-24T20:15:00Z","utc_polygon_begin":"2024-09-24T19:23:00Z","utc_polygon_end":"2024-09-24T20:00:00Z","ph_sig":"SV.W","wfo":"MEG","eventid":203,"phenomena":"SV","significance":"W","nws_color":"#FFA500","event_label":"Severe Thunderstorm Warning","status":"NEW","product_id":"202409241923-KMEG-WUUS54-SVRMEG","year":2024,"fcster":"AEH"},"geometry":{"type":"MultiPolygon","coordinates":[[[[-89.29,33.94],[-89.31,34.16],[-89.25,34.16],[-89.25,34.17],[-88.71,34.19],[-88.68,34.09],[-88.72,34.09],[-88.72,33.86],[-89.29,33.94]]]]}},
{"type":"Feature","properties":{"ugclist":"TNC111, TNC165","locations":"Macon [TN], Sumner [TN]","utc_issue":"2024-09-24T19:24:00Z","utc_expire":"2024-09-24T20:00:00Z","utc_polygon_begin":"2024-09-24T19:24:00Z","utc_polygon_end":"2024-09-24T19:37:00Z","ph_sig":"SV.W","wfo":"OHX","eventid":167,"phenomena":"SV","significance":"W","nws_color":"#FFA500","event_label":"Severe Thunderstorm Warning","status":"NEW","product_id":"202409241924-KOHX-WUUS54-SVROHX","year":2024,"fcster":"Mueller"},"geometry":{"type":"MultiPolygon","coordinates":[[[[-85.99,36.63],[-85.95,36.48],[-86.17,36.45],[-86.19,36.48],[-86.24,36.49],[-86.24,36.45],[-86.26,36.45],[-86.27,36.43],[-86.49,36.4],[-86.52,36.62],[-86.42,36.65],[-85.99,36.63]]]]}},
{"type":"Feature","properties":{"ugclist":"KYC001, KYC169","locations":"Adair [KY], Metcalfe [KY]","utc_issue":"2024-09-24T19:27:00Z","utc_expire":"2024-09-24T20:00:00Z","utc_polygon_begin":"2024-09-24T19:27:00Z","utc_polygon_end":"2024-09-24T20:00:00Z","ph_sig":"SV.W","wfo":"LMK","eventid":230,"phenomena":"SV","significance":"W","nws_color":"#FFA500","event_label":"Severe Thunderstorm Warning","status":"NEW","product_id":"202409241927-KLMK-WUUS53-SVRLMK","year":2024,"fcster":"RJS"},"geometry":{"type":"MultiPolygon","coordinates":[[[[-85.73,37.05],[-85.32,37.17],[-85.23,36.97],[-85.42,36.93],[-85.45,36.94],[-85.46,36.93],[-85.71,36.88],[-85.73,37.05]]]]}},
{"type":"Feature","properties":{"ugclist":"KYC123, KYC179","locations":"Larue [KY], Nelson [KY]","utc_issue":"2024-09-24T19:29:00Z","utc_expire":"2024-09-24T19:46:00Z","utc_polygon_begin":"2024-09-24T19:29:00Z","utc_polygon_end":"2024-09-24T19:46:00Z","ph_sig":"SV.W","wfo":"LMK","eventid":231,"phenomena":"SV","significance":"W","nws_color":"#FFA500","event_label":"Severe Thunderstorm Warning","status":"NEW","product_id":"202409241929-KLMK-WUUS53-SVRLMK","year":2024,"fcster":"CSG"},"geometry":{"type":"MultiPolygon","coordinates":[[[[-85.89,37.49],[-85.89,37.5],[-85.78,37.63],[-85.77,37.63],[-85.78,37.64],[-85.76,37.65],[-85.74,37.65],[-85.68,37.73],[-85.69,37.74],[-85.68,37.74],[-85.69,37.75],[-85.49,37.63],[-85.8,37.44],[-85.89,37.49]]]]}},
{"type":"Feature","properties":{"ugclist":"VAC021, VAC185, WVC055","locations":"Bland [VA], Tazewell [VA], Mercer [WV]","utc_issue":"2024-09-24T19:30:00Z","utc_expire":"2024-09-24T20:30:00Z","utc_polygon_begin":"2024-09-24T19:30:00Z","utc_polygon_end":"2024-09-24T19:56:00Z","ph_sig":"SV.W","wfo":"RNK","eventid":175,"phenomena":"SV","significance":"W","nws_color":"#FFA500","event_label":"Severe Thunderstorm Warning","status":"NEW","product_id":"202409241930-KRNK-WUUS51-SVRRNK","year":2024,"fcster":"AS"},"geometry":{"type":"MultiPolygon","coordinates":[[[[-81.76,37.2],[-81.73,37.24],[-81.68,37.2],[-81.56,37.21],[-81.51,37.23],[-81.5,37.26],[-81.48,37.25],[-81.42,37.27],[-81.4,37.31],[-81.37,37.33],[-81.31,37.43],[-81.29,37.41],[-81.29,37.43],[-81.2,37.47],[-81.07,37.33],[-81.08,37.16],[-81.7,37.03],[-81.78,37.2],[-81.76,37.2]]]]}},
{"type":"Feature","properties":{"ugclist":"GAC011, GAC139","locations":"Banks [GA], Hall [GA]","utc_issue":"2024-09-24T19:34:00Z","utc_expire":"2024-09-24T20:15:00Z","utc_polygon_begin":"2024-09-24T19:34:00Z","utc_polygon_end":"2024-09-24T19:58:00Z","ph_sig":"SV.W","wfo":"FFC","eventid":288,"phenomena":"SV","significance":"W","nws_color":"#FFA500","event_label":"Severe Thunderstorm Warning","status":"NEW","product_id":"202409241934-KFFC-WUUS52-SVRFFC","year":2024,"fcster":null},"geometry":{"type":"MultiPolygon","coordinates":[[[[-83.61,34.43],[-83.54,34.49],[-83.46,34.48],[-83.42,34.27],[-83.59,34.27],[-83.62,34.29],[-83.64,34.27],[-83.93,34.28],[-83.96,34.44],[-83.92,34.45],[-83.93,34.47],[-83.91,34.47],[-83.91,34.46],[-83.89,34.46],[-83.87,34.48],[-83.75,34.51],[-83.67,34.5],[-83.61,34.43]]]]}},
{"type":"Feature","properties":{"ugclist":"PRC023","locations":"Cabo Rojo [PR]","utc_issue":"2024-09-24T19:35:00Z","utc_expire":"2024-09-24T21:30:00Z","utc_polygon_begin":"2024-09-24T19:35:00Z","utc_polygon_end":"2024-09-24T21:23:00Z","ph_sig":"FA.Y","wfo":"JSJ","eventid":500,"phenomena":"FA","significance":"Y","nws_color":"#00FF7F","event_label":"Flood Advisory","status":"NEW","product_id":"202409241935-TJSJ-WGCA82-FLSSJU","year":2024,"fcster":"CVB"},"geometry":{"type":"MultiPolygon","coordinates":[[[[-67.21,18.04],[-67.18,18.07],[-67.2,18.09],[-67.18,18.17],[-67.1,18.11],[-67.1,18.07],[-67.11,17.95],[-67.12,17.95],[-67.18,17.97],[-67.19,17.95],[-67.19,17.94],[-67.21,17.95],[-67.22,17.98],[-67.17,18.01],[-67.21,18.04]]]]}},
{"type":"Feature","properties":{"ugclist":"OHC095, OHC123, OHC143, OHC147, OHC173","locations":"Lucas [OH], Ottawa [OH], Sandusky [OH], Seneca [OH], Wood [OH]","utc_issue":"2024-09-24T19:41:00Z","utc_expire":"2024-09-24T20:30:00Z","utc_polygon_begin":"2024-09-24T19:41:00Z","utc_polygon_end":"2024-09-24T19:58:00Z","ph_sig":"SV.W","wfo":"CLE","eventid":166,"phenomena":"SV","significance":"W","nws_color":"#FFA500","event_label":"Severe Thunderstorm Warning","status":"NEW","product_id":"202409241941-KCLE-WUUS51-SVRCLE","year":2024,"fcster":"Jaszka"},"geometry":{"type":"MultiPolygon","coordinates":[[[[-83.68,41.55],[-83.33,41.7],[-83.23,41.64],[-83.13,41.62],[-83.11,41.74],[-83.12,41.62],[-83.02,41.55],[-83.01,41.47],[-83.03,41.46],[-83.0,41.45],[-82.96,41.18],[-83.73,41.17],[-83.68,41.55]]]]}},
{"type":"Feature","properties":{"ugclist":"TXC243","locations":"Jeff Davis [TX]","utc_issue":"2024-09-24T19:43:00Z","utc_expire":"2024-09-24T20:30:00Z","utc_polygon_begin":"2024-09-24T19:43:00Z","utc_polygon_end":"2024-09-24T19:58:00Z","ph_sig":"SV.W","wfo":"MAF","eventid":285,"phenomena":"SV","significance":"W","nws_color":"#FFA500","event_label":"Severe Thunderstorm Warning","status":"NEW","product_id":"202409241943-KMAF-WUUS54-SVRMAF","year":2024,"fcster":"93"},"geometry":{"type":"MultiPolygon","coordinates":[[[[-103.93,30.74],[-103.59,30.56],[-103.8,30.41],[-103.82,30.41],[-104.06,30.62],[-103.93,30.74]]]]}},
{"type":"Feature","properties":{"ugclist":"IAC003","locations":"Adams [IA]","utc_issue":"2024-09-24T19:45:00Z","utc_expire":"2024-09-24T20:16:00Z","utc_polygon_begin":"2024-09-24T19:45:00Z","utc_polygon_end":"2024-09-24T19:50:00Z","ph_sig":"SV.W","wfo":"DMX","eventid":307,"phenomena":"SV","significance":"W","nws_color":"#FFA500","event_label":"Severe Thunderstorm Warning","status":"NEW","product_id":"202409241945-KDMX-WUUS53-SVRDMX","year":2024,"fcster":"Fowle"},"geometry":{"type":"MultiPolygon","coordinates":[[[[-94.76,41.04],[-94.65,41.08],[-94.49,40.93],[-94.69,40.9],[-94.74,40.9],[-94.76,41.04]]]]}},
{"type":"Feature","properties":{"ugclist":"TNC037, TNC149, TNC165, TNC187, TNC189","locations":"Davidson [TN], Rutherford [TN], Sumner [TN], Williamson [TN], Wilson [TN]","utc_issue":"2024-09-24T19:46:00Z","utc_expire":"2024-09-24T20:30:00Z","utc_polygon_begin":"2024-09-24T19:46:00Z","utc_polygon_end":"2024-09-24T19:51:00Z","ph_sig":"SV.W","wfo":"OHX","eventid":168,"phenomena":"SV","significance":"W","nws_color":"#FFA500","event_label":"Severe Thunderstorm Warning","status":"NEW","product_id":"202409241946-KOHX-WUUS54-SVROHX","year":2024,"fcster":"Mueller"},"geometry":{"type":"MultiPolygon","coordinates":[[[[-86.94,35.96],[-86.99,36.17],[-86.51,36.32],[-86.44,36.01],[-86.94,35.96]]]]}},
{"type":"Feature","properties":{"ugclist":"SCC023, SCC087","locations":"Chester [SC], Union [SC]","utc_issue":"2024-09-24T19:46:00Z","utc_expire":"2024-09-24T20:30:00Z","utc_polygon_begin":"2024-09-24T19:46:00Z","utc_polygon_end":"2024-09-24T20:09:00Z","ph_sig":"SV.W","wfo":"GSP","eventid":270,"phenomena":"SV","significance":"W","nws_color":"#FFA500","event_label":"Severe Thunderstorm Warning","status":"NEW","product_id":"202409241946-KGSP-WUUS52-SVRGSP","year":2024,"fcster":"TW"},"geometry":{"type":"MultiPolygon","coordinates":[[[[-81.56,34.65],[-81.33,34.71],[-81.28,34.57],[-81.42,34.57],[-81.42,34.56],[-81.43,34.53],[-81.53,34.53],[-81.56,34.65]]]]}},
{"type":"Feature","properties":{"ugclist":"LEZ142, LEZ143, LEZ144, LEZ162, LEZ163, LEZ164","locations":"Maumee Bay to Reno Beach OH [], Reno Beach to The Islands OH [], The Islands to Vermilion OH [], Detroit River Lt. to Maumee Bay OH to Reno Beach OH beyond 5NM offshoreline to US-Canadian border [], Reno Beach to The Islands OH beyond 5NM off shoreline to US-Canadian border [], The Islands to Vermilion OH beyond 5 nm off shoreline to US-Canadian border []","utc_issue":"2024-09-24T19:47:00Z","utc_expire":"2024-09-24T21:03:00Z","utc_polygon_begin":"2024-09-24T19:47:00Z","utc_polygon_end":"2024-09-24T20:21:00Z","ph_sig":"MA.W","wfo":"CLE","eventid":100,"phenomena":"MA","significance":"W","nws_color":"#FFA500","event_label":"Marine Warning","status":"NEW","product_id":"202409241947-KCLE-WHUS51-SMWCLE","year":2024,"fcster":"Jaszka"},"geometry":{"type":"MultiPolygon","coordinates":[[[[-83.09,41.48],[-82.72,41.54],[-83.17,41.5],[-83.12,41.51],[-82.98,41.53],[-83.1,41.61],[-83.17,41.58],[-83.13,41.62],[-83.33,41.7],[-83.41,41.69],[-83.1,41.93],[-83.06,41.86],[-82.7,41.68],[-82.47,41.67],[-82.58,41.48],[-82.75,41.44],[-82.81,41.48],[-82.94,41.42],[-83.09,41.48]]]]}},
{"type":"Feature","properties":{"ugclist":"KYC079, KYC137","locations":"Garrard [KY], Lincoln [KY]","utc_issue":"2024-09-24T19:50:00Z","utc_expire":"2024-09-24T20:15:00Z","utc_polygon_begin":"2024-09-24T19:50:00Z","utc_polygon_end":"2024-09-24T20:05:00Z","ph_sig":"SV.W","wfo":"LMK","eventid":232,"phenomena":"SV","significance":"W","nws_color":"#FFA500","event_label":"Severe Thunderstorm Warning","status":"NEW","product_id":"202409241950-KLMK-WUUS53-SVRLMK","year":2024,"fcster":"SRM"},"geometry":{"type":"MultiPolygon","coordinates":[[[[-84.48,37.41],[-84.81,37.4],[-84.83,37.42],[-84.77,37.54],[-84.51,37.61],[-84.46,37.46],[-84.48,37.41]]]]}},
{"type":"Feature","properties":{"ugclist":"PRC031","locations":"Carolina [PR]","utc_issue":"2024-09-24T19:51:00Z","utc_expire":"2024-09-24T21:11:00Z","utc_polygon_begin":"2024-09-24T19:51:00Z","utc_polygon_end":"2024-09-24T21:11:00Z","ph_sig":"FA.Y","wfo":"JSJ","eventid":501,"phenomena":"FA","significance":"Y","nws_color":"#00FF7F","event_label":"Flood Advisory","status":"NEW","product_id":"202409241951-TJSJ-WGCA82-FLSSJU","year":2024,"fcster":"CVB"},"geometry":{"type":"MultiPolygon","coordinates":[[[[-65.99,18.47],[-65.96,18.45],[-65.99,18.46],[-65.98,18.45],[-65.96,18.44],[-65.95,18.44],[-65.92,18.41],[-65.93,18.39],[-65.91,18.38],[-65.92,18.35],[-65.91,18.34],[-65.91,18.33],[-65.96,18.32],[-66.0,18.38],[-65.99,18.41],[-66.03,18.43],[-66.04,18.44],[-66.04,18.45],[-66.05,18.45],[-65.99,18.47]]]]}},
{"type":"Feature","properties":{"ugclist":"TNC027, TNC087, TNC111","locations":"Clay [TN], Jackson [TN], Macon [TN]","utc_issue":"2024-09-24T19:55:00Z","utc_expire":"2024-09-24T20:30:00Z","utc_polygon_begin":"2024-09-24T19:55:00Z","utc_polygon_end":"2024-09-24T20:14:00Z","ph_sig":"SV.W","wfo":"OHX","eventid":169,"phenomena":"SV","significance":"W","nws_color":"#FFA500","event_label":"Severe Thunderstorm Warning","status":"NEW","product_id":"202409241955-KOHX-WUUS54-SVROHX","year":2024,"fcster":"Mueller"},"geometry":{"type":"MultiPolygon","coordinates":[[[[-85.65,36.62],[-85.65,36.46],[-86.17,36.44],[-86.19,36.48],[-86.22,36.49],[-86.21,36.64],[-85.65,36.62]]]]}},
{"type":"Feature","properties":{"ugclist":"KYC001, KYC045, KYC207","locations":"Adair [KY], Casey [KY], Russell [KY]","utc_issue":"2024-09-24T19:56:00Z","utc_expire":"2024-09-24T20:30:00Z","utc_polygon_begin":"2024-09-24T19:56:00Z","utc_polygon_end":"2024-09-24T20:28:00Z","ph_sig":"SV.W","wfo":"LMK","eventid":233,"phenomena":"SV","significance":"W","nws_color":"#FFA500","event_label":"Severe Thunderstorm Warning","status":"NEW","product_id":"202409241956-KLMK-WUUS53-SVRLMK","year":2024,"fcster":"RJS"},"geometry":{"type":"MultiPolygon","coordinates":[[[[-85.39,37.15],[-84.98,37.35],[-84.82,37.17],[-84.9,37.12],[-84.9,37.1],[-85.32,37.01],[-85.39,37.15]]]]}},
{"type":"Feature","properties":{"ugclist":"OHC095, OHC123, OHC143, OHC173","locations":"Lucas [OH], Ottawa [OH], Sandusky [OH], Wood [OH]","utc_issue":"2024-09-24T20:01:00Z","utc_expire":"2024-09-24T20:45:00Z","utc_polygon_begin":"2024-09-24T20:01:00Z","utc_polygon_end":"2024-09-24T20:13:00Z","ph_sig":"TO.W","wfo":"CLE","eventid":34,"phenomena":"TO","significance":"W","nws_color":"#FF0000","event_label":"Tornado Warning","status":"NEW","product_id":"202409242001-KCLE-WFUS51-TORCLE","year":2024,"fcster":"Jaszka"},"geometry":{"type":"MultiPolygon","coordinates":[[[[-83.51,41.59],[-83.31,41.68],[-83.13,41.62],[-83.11,41.74],[-83.12,41.62],[-82.96,41.51],[-82.86,41.55],[-82.85,41.68],[-82.85,41.61],[-82.82,41.66],[-82.84,41.61],[-82.8,41.55],[-82.82,41.54],[-82.76,41.54],[-82.74,41.51],[-82.74,41.5],[-82.96,41.49],[-83.04,41.46],[-83.01,41.43],[-83.44,41.33],[-83.51,41.59]]]]}},
{"type":"Feature","properties":{"ugclist":"AMZ671","locations":"Waters from Deerfield Beach to Ocean Reef FL from 20 to 60 NM excluding the territorial waters of Bahamas []","utc_issue":"2024-09-24T20:02:00Z","utc_expire":"2024-09-24T20:45:00Z","utc_polygon_begin":"2024-09-24T20:02:00Z","utc_polygon_end":"2024-09-24T20:39:00Z","ph_sig":"MA.W","wfo":"MFL","eventid":449,"phenomena":"MA","significance":"W","nws_color":"#FFA500","event_label":"Marine Warning","status":"NEW","product_id":"202409242002-KMFL-WHUS52-SMWMFL","year":2024,"fcster":"Baxter"},"geometry":{"type":"MultiPolygon","coordinates":[[[[-79.25,25.12],[-79.31,25.0],[-79.69,25.1],[-79.38,25.21],[-79.24,25.15],[-79.25,25.12]]]]}},
{"type":"Feature","properties":{"ugclist":"VAC021, VAC045, VAC071, VAC121, VAC155, VAC161, VAC750, WVC063","locations":"Bland [VA], Craig [VA], Giles [VA], Montgomery [VA], Pulaski [VA], Roanoke [VA], City of Radford [VA], Monroe [WV]","utc_issue":"2024-09-24T20:02:00Z","utc_expire":"2024-09-24T21:00:00Z","utc_polygon_begin":"2024-09-24T20:02:00Z","utc_polygon_end":"2024-09-24T20:29:00Z","ph_sig":"SV.W","wfo":"RNK","eventid":176,"phenomena":"SV","significance":"W","nws_color":"#FFA500","event_label":"Severe Thunderstorm Warning","status":"NEW","product_id":"202409242002-KRNK-WUUS51-SVRRNK","year":2024,"fcster":"AS"},"geometry":{"type":"MultiPolygon","coordinates":[[[[-81.04,37.21],[-80.56,37.48],[-80.01,37.52],[-80.04,37.45],[-80.07,37.42],[-80.06,37.41],[-80.16,37.28],[-80.62,37.08],[-81.04,37.21]]]]}},
{"type":"Feature","properties":{"ugclist":"KYC171","locations":"Monroe [KY]","utc_issue":"2024-09-24T20:08:00Z","utc_expire":"2024-09-24T20:45:00Z","utc_polygon_begin":"2024-09-24T20:08:00Z","utc_polygon_end":"2024-09-24T20:15:00Z","ph_sig":"SV.W","wfo":"LMK","eventid":234,"phenomena":"SV","significance":"W","nws_color":"#FFA500","event_label":"Severe Thunderstorm Warning","status":"NEW","product_id":"202409242008-KLMK-WUUS53-SVRLMK","year":2024,"fcster":"RJS"},"geometry":{"type":"MultiPolygon","coordinates":[[[[-85.97,36.63],[-85.95,36.66],[-85.63,36.82],[-85.48,36.62],[-85.97,36.63]]]]}},
{"type":"Feature","properties":{"ugclist":"OHC125, OHC161","locations":"Paulding [OH], Van Wert [OH]","utc_issue":"2024-09-24T20:08:00Z","utc_expire":"2024-09-24T21:00:00Z","utc_polygon_begin":"2024-09-24T20:08:00Z","utc_polygon_end":"2024-09-24T20:43:00Z","ph_sig":"SV.W","wfo":"IWX","eventid":112,"phenomena":"SV","significance":"W","nws_color":"#FFA500","event_label":"Severe Thunderstorm Warning","status":"NEW","product_id":"202409242008-KIWX-WUUS53-SVRIWX","year":2024,"fcster":"FISHER"},"geometry":{"type":"MultiPolygon","coordinates":[[[[-84.8,40.9],[-84.81,40.93],[-84.8,41.0],[-84.62,41.19],[-84.45,41.01],[-84.8,40.9]]]]}},
{"type":"Feature","properties":{"ugclist":"KYC079, KYC137, KYC151","locations":"Garrard [KY], Lincoln [KY], Madison [KY]","utc_issue":"2024-09-24T20:13:00Z","utc_expire":"2024-09-24T20:45:00Z","utc_polygon_begin":"2024-09-24T20:13:00Z","utc_polygon_end":"2024-09-24T20:38:00Z","ph_sig":"SV.W","wfo":"LMK","eventid":235,"phenomena":"SV","significance":"W","nws_color":"#FFA500","event_label":"Severe Thunderstorm Warning","status":"NEW","product_id":"202409242013-KLMK-WUUS53-SVRLMK","year":2024,"fcster":"SRM"},"geometry":{"type":"MultiPolygon","coordinates":[[[[-84.31,37.53],[-84.32,37.54],[-84.35,37.54],[-84.36,37.52],[-84.35,37.5],[-84.37,37.47],[-84.43,37.48],[-84.45,37.48],[-84.47,37.41],[-84.65,37.41],[-84.54,37.59],[-84.29,37.59],[-84.31,37.53]]]]}},
{"type":"Feature","properties":{"ugclist":"KYC005, KYC211, KYC215","locations":"Anderson [KY], Shelby [KY], Spencer [KY]","utc_issue":"2024-09-24T20:14:00Z","utc_expire":"2024-09-24T20:45:00Z","utc_polygon_begin":"2024-09-24T20:14:00Z","utc_polygon_end":"2024-09-24T20:44:00Z","ph_sig":"SV.W","wfo":"LMK","eventid":236,"phenomena":"SV","significance":"W","nws_color":"#FFA500","event_label":"Severe Thunderstorm Warning","status":"NEW","product_id":"202409242014-KLMK-WUUS53-SVRLMK","year":2024,"fcster":"CSG"},"geometry":{"type":"MultiPolygon","coordinates":[[[[-85.05,38.0],[-85.46,38.03],[-85.46,38.1],[-85.44,38.1],[-85.43,38.11],[-85.06,38.16],[-85.05,38.0]]]]}},
{"type":"Feature","properties":{"ugclist":"KYC073, KYC103","locations":"Franklin [KY], Henry [KY]","utc_issue":"2024-09-24T20:16:00Z","utc_expire":"2024-09-24T20:32:00Z","utc_polygon_begin":"2024-09-24T20:16:00Z","utc_polygon_end":"2024-09-24T20:32:00Z","ph_sig":"SV.W","wfo":"LMK","eventid":237,"phenomena":"SV","significance":"W","nws_color":"#FFA500","event_label":"Severe Thunderstorm Warning","status":"NEW","product_id":"202409242016-KLMK-WUUS53-SVRLMK","year":2024,"fcster":"SRM"},"geometry":{"type":"MultiPolygon","coordinates":[[[[-84.88,38.42],[-84.9,38.39],[-84.9,38.38],[-84.87,38.37],[-84.87,38.36],[-84.84,38.36],[-84.83,38.35],[-84.95,38.3],[-84.96,38.32],[-84.96,38.34],[-84.99,38.39],[-84.91,38.43],[-84.88,38.42]]]]}},
{"type":"Feature","properties":{"ugclist":"KYC081, KYC187","locations":"Grant [KY], Owen [KY]","utc_issue":"2024-09-24T20:18:00Z","utc_expire":"2024-09-24T21:00:00Z","utc_polygon_begin":"2024-09-24T20:18:00Z","utc_polygon_end":"2024-09-24T20:42:00Z","ph_sig":"SV.W","wfo":"ILN","eventid":173,"phenomena":"SV","significance":"W","nws_color":"#FFA500","event_label":"Severe Thunderstorm Warning","status":"NEW","product_id":"202409242018-KILN-WUUS51-SVRILN","year":2024,"fcster":"Clark"},"geometry":{"type":"MultiPolygon","coordinates":[[[[-84.87,38.36],[-84.9,38.38],[-84.89,38.42],[-84.92,38.43],[-84.96,38.43],[-84.94,38.45],[-84.94,38.44],[-84.91,38.45],[-84.92,38.46],[-84.65,38.59],[-84.54,38.5],[-84.56,38.49],[-84.71,38.37],[-84.79,38.34],[-84.87,38.36]]]]}},
{"type":"Feature","properties":{"ugclist":"INC087, INC113","locations":"Lagrange [IN], Noble [IN]","utc_issue":"2024-09-24T20:26:00Z","utc_expire":"2024-09-24T21:00:00Z","utc_polygon_begin":"2024-09-24T20:26:00Z","utc_polygon_end":"2024-09-24T20:48:00Z","ph_sig":"TO.W","wfo":"IWX","eventid":29,"phenomena":"TO","significance":"W","nws_color":"#FF0000","event_label":"Tornado Warning","status":"NEW","product_id":"202409242026-KIWX-WFUS53-TORIWX","year":2024,"fcster":"FISHER"},"geometry":{"type":"MultiPolygon","coordinates":[[[[-85.55,41.43],[-85.58,41.46],[-85.4,41.64],[-85.25,41.52],[-85.55,41.43]]]]}},
{"type":"Feature","properties":{"ugclist":"KYC045, KYC137, KYC207","locations":"Casey [KY], Lincoln [KY], Russell [KY]","utc_issue":"2024-09-24T20:27:00Z","utc_expire":"2024-09-24T21:00:00Z","utc_polygon_begin":"2024-09-24T20:27:00Z","utc_polygon_end":"2024-09-24T20:34:00Z","ph_sig":"SV.W","wfo":"LMK","eventid":238,"phenomena":"SV","significance":"W","nws_color":"#FFA500","event_label":"Severe Thunderstorm Warning","status":"NEW","product_id":"202409242027-KLMK-WUUS53-SVRLMK","year":2024,"fcster":"SRM"},"geometry":{"type":"MultiPolygon","coordinates":[[[[-85.0,37.35],[-84.75,37.52],[-84.64,37.29],[-84.9,37.11],[-85.05,37.1],[-85.0,37.35]]]]}},
{"type":"Feature","properties":{"ugclist":"TNC027, TNC087, TNC111, TNC133, TNC137","locations":"Clay [TN], Jackson [TN], Macon [TN], Overton [TN], Pickett [TN]","utc_issue":"2024-09-24T20:27:00Z","utc_expire":"2024-09-24T21:00:00Z","utc_polygon_begin":"2024-09-24T20:27:00Z","utc_polygon_end":"2024-09-24T20:44:00Z","ph_sig":"SV.W","wfo":"OHX","eventid":170,"phenomena":"SV","significance":"W","nws_color":"#FFA500","event_label":"Severe Thunderstorm Warning","status":"NEW","product_id":"202409242027-KOHX-WUUS54-SVROHX","year":2024,"fcster":"Mueller"},"geometry":{"type":"MultiPolygon","coordinates":[[[[-85.18,36.62],[-85.18,36.5],[-85.86,36.48],[-85.86,36.62],[-85.5,36.61],[-85.27,36.63],[-85.18,36.62]]]]}},
{"type":"Feature","properties":{"ugclist":"KYC121, KYC147, KYC235","locations":"Knox [KY], McCreary [KY], Whitley [KY]","utc_issue":"2024-09-24T20:32:00Z","utc_expire":"2024-09-24T21:00:00Z","utc_polygon_begin":"2024-09-24T20:32:00Z","utc_polygon_end":"2024-09-24T20:45:00Z","ph_sig":"SV.W","wfo":"JKL","eventid":124,"phenomena":"SV","significance":"W","nws_color":"#FFA500","event_label":"Severe Thunderstorm Warning","status":"NEW","product_id":"202409242032-KJKL-WUUS53-SVRJKL","year":2024,"fcster":"VORST"},"geometry":{"type":"MultiPolygon","coordinates":[[[[-84.4,36.6],[-84.25,36.88],[-83.93,36.8],[-84.13,36.59],[-84.4,36.6]]]]}},
{"type":"Feature","properties":{"ugclist":"TNC159, TNC189","locations":"Smith [TN], Wilson [TN]","utc_issue":"2024-09-24T20:33:00Z","utc_expire":"2024-09-24T21:15:00Z","utc_polygon_begin":"2024-09-24T20:33:00Z","utc_polygon_end":"2024-09-24T20:50:00Z","ph_sig":"SV.W","wfo":"OHX","eventid":171,"phenomena":"SV","significance":"W","nws_color":"#FFA500","event_label":"Severe Thunderstorm Warning","status":"NEW","product_id":"202409242033-KOHX-WUUS54-SVROHX","year":2024,"fcster":"Mueller"},"geometry":{"type":"MultiPolygon","coordinates":[[[[-85.93,36.11],[-85.95,36.1],[-85.96,36.11],[-85.99,36.09],[-86.01,36.08],[-86.01,36.09],[-86.02,36.08],[-86.06,36.09],[-86.06,36.06],[-86.44,36.05],[-86.44,36.06],[-86.45,36.06],[-86.46,36.22],[-85.93,36.31],[-85.93,36.11]]]]}},
{"type":"Feature","properties":{"ugclist":"TNC013, TNC025, TNC173","locations":"Campbell [TN], Claiborne [TN], Union [TN]","utc_issue":"2024-09-24T20:33:00Z","utc_expire":"2024-09-24T21:15:00Z","utc_polygon_begin":"2024-09-24T20:33:00Z","utc_polygon_end":"2024-09-24T20:56:00Z","ph_sig":"SV.W","wfo":"MRX","eventid":182,"phenomena":"SV","significance":"W","nws_color":"#FFA500","event_label":"Severe Thunderstorm Warning","status":"NEW","product_id":"202409242033-KMRX-WUUS54-SVRMRX","year":2024,"fcster":"JLB"},"geometry":{"type":"MultiPolygon","coordinates":[[[[-83.64,36.6],[-83.55,36.47],[-84.18,36.27],[-84.27,36.41],[-83.93,36.59],[-83.69,36.58],[-83.67,36.6],[-83.64,36.6]]]]}},
{"type":"Feature","properties":{"ugclist":"OHC039, OHC069, OHC125, OHC137","locations":"Defiance [OH], Henry [OH], Paulding [OH], Putnam [OH]","utc_issue":"2024-09-24T20:36:00Z","utc_expire":"2024-09-24T21:30:00Z","utc_polygon_begin":"2024-09-24T20:36:00Z","utc_polygon_end":"2024-09-24T20:54:00Z","ph_sig":"SV.W","wfo":"IWX","eventid":113,"phenomena":"SV","significance":"W","nws_color":"#FFA500","event_label":"Severe Thunderstorm Warning","status":"NEW","product_id":"202409242036-KIWX-WUUS53-SVRIWX","year":2024,"fcster":"MARSILI"},"geometry":{"type":"MultiPolygon","coordinates":[[[[-84.47,41.0],[-84.61,41.16],[-84.19,41.36],[-84.06,41.06],[-84.47,41.0]]]]}},
{"type":"Feature","properties":{"ugclist":"KYC057, KYC171","locations":"Cumberland [KY], Monroe [KY]","utc_issue":"2024-09-24T20:40:00Z","utc_expire":"2024-09-24T21:15:00Z","utc_polygon_begin":"2024-09-24T20:40:00Z","utc_polygon_end":"2024-09-24T20:57:00Z","ph_sig":"SV.W","wfo":"LMK","eventid":239,"phenomena":"SV","significance":"W","nws_color":"#FFA500","event_label":"Severe Thunderstorm Warning","status":"NEW","product_id":"202409242040-KLMK-WUUS53-SVRLMK","year":2024,"fcster":"RJS"},"geometry":{"type":"MultiPolygon","coordinates":[[[[-85.63,36.77],[-85.33,36.93],[-85.25,36.73],[-85.26,36.71],[-85.37,36.62],[-85.56,36.61],[-85.63,36.77]]]]}},
{"type":"Feature","properties":{"ugclist":"KYC097, KYC209","locations":"Harrison [KY], Scott [KY]","utc_issue":"2024-09-24T20:42:00Z","utc_expire":"2024-09-24T21:15:00Z","utc_polygon_begin":"2024-09-24T20:42:00Z","utc_polygon_end":"2024-09-24T20:55:00Z","ph_sig":"SV.W","wfo":"LMK","eventid":240,"phenomena":"SV","significance":"W","nws_color":"#FFA500","event_label":"Severe Thunderstorm Warning","status":"NEW","product_id":"202409242042-KLMK-WUUS53-SVRLMK","year":2024,"fcster":"SRM"},"geometry":{"type":"MultiPolygon","coordinates":[[[[-84.36,38.42],[-84.7,38.34],[-84.71,38.37],[-84.62,38.43],[-84.57,38.48],[-84.52,38.51],[-84.49,38.51],[-84.48,38.54],[-84.45,38.53],[-84.45,38.54],[-84.42,38.54],[-84.42,38.56],[-84.41,38.56],[-84.36,38.42]]]]}},
{"type":"Feature","properties":{"ugclist":"MSC057, MSC081, MSC095","locations":"Itawamba [MS], Lee [MS], Monroe [MS]","utc_issue":"2024-09-24T20:42:00Z","utc_expire":"2024-09-24T21:30:00Z","utc_polygon_begin":"2024-09-24T20:42:00Z","utc_polygon_end":"2024-09-24T21:00:00Z","ph_sig":"SV.W","wfo":"MEG","eventid":204,"phenomena":"SV","significance":"W","nws_color":"#FFA500","event_label":"Severe Thunderstorm Warning","status":"NEW","product_id":"202409242042-KMEG-WUUS54-SVRMEG","year":2024,"fcster":"AEH"},"geometry":{"type":"MultiPolygon","coordinates":[[[[-88.22,33.94],[-88.6,33.97],[-88.6,34.23],[-88.17,34.32],[-88.22,33.94]]]]}},
{"type":"Feature","properties":{"ugclist":"IAC173","locations":"Taylor [IA]","utc_issue":"2024-09-24T20:43:00Z","utc_expire":"2024-09-24T21:15:00Z","utc_polygon_begin":"2024-09-24T20:43:00Z","utc_polygon_end":"2024-09-24T21:04:00Z","ph_sig":"SV.W","wfo":"DMX","eventid":308,"phenomena":"SV","significance":"W","nws_color":"#FFA500","event_label":"Severe Thunderstorm Warning","status":"NEW","product_id":"202409242043-KDMX-WUUS53-SVRDMX","year":2024,"fcster":"Fowle"},"geometry":{"type":"MultiPolygon","coordinates":[[[[-94.91,40.57],[-94.91,40.68],[-94.88,40.7],[-94.68,40.57],[-94.91,40.57]]]]}},
{"type":"Feature","properties":{"ugclist":"OHC135","locations":"Preble [OH]","utc_issue":"2024-09-24T20:47:00Z","utc_expire":"2024-09-24T21:05:00Z","utc_polygon_begin":"2024-09-24T20:47:00Z","utc_polygon_end":"2024-09-24T20:58:00Z","ph_sig":"TO.W","wfo":"ILN","eventid":76,"phenomena":"TO","significance":"W","nws_color":"#FF0000","event_label":"Tornado Warning","status":"NEW","product_id":"202409242047-KILN-WFUS51-TORILN","year":2024,"fcster":"Clark"},"geometry":{"type":"MultiPolygon","coordinates":[[[[-84.54,39.88],[-84.48,39.78],[-84.49,39.78],[-84.6,39.71],[-84.66,39.76],[-84.54,39.88]]]]}},
{"type":"Feature","properties":{"ugclist":"KYC045, KYC137","locations":"Casey [KY], Lincoln [KY]","utc_issue":"2024-09-24T20:47:00Z","utc_expire":"2024-09-24T21:15:00Z","utc_polygon_begin":"2024-09-24T20:47:00Z","utc_polygon_end":"2024-09-24T21:06:00Z","ph_sig":"SV.W","wfo":"LMK","eventid":241,"phenomena":"SV","significance":"W","nws_color":"#FFA500","event_label":"Severe Thunderstorm Warning","status":"NEW","product_id":"202409242047-KLMK-WUUS53-SVRLMK","year":2024,"fcster":"SRM"},"geometry":{"type":"MultiPolygon","coordinates":[[[[-84.5,37.33],[-84.56,37.35],[-84.79,37.18],[-84.71,37.52],[-84.45,37.49],[-84.5,37.33]]]]}},
{"type":"Feature","properties":{"ugclist":"KYC199","locations":"Pulaski [KY]","utc_issue":"2024-09-24T20:50:00Z","utc_expire":"2024-09-24T21:15:00Z","utc_polygon_begin":"2024-09-24T20:50:00Z","utc_polygon_end":"2024-09-24T21:02:00Z","ph_sig":"SV.W","wfo":"JKL","eventid":125,"phenomena":"SV","significance":"W","nws_color":"#FFA500","event_label":"Severe Thunderstorm Warning","status":"NEW","product_id":"202409242050-KJKL-WUUS53-SVRJKL","year":2024,"fcster":"VORST"},"geometry":{"type":"MultiPolygon","coordinates":[[[[-84.56,37.36],[-84.49,37.32],[-84.53,37.17],[-84.8,37.18],[-84.56,37.36]]]]}},
{"type":"Feature","properties":{"ugclist":"INC087","locations":"Lagrange [IN]","utc_issue":"2024-09-24T20:58:00Z","utc_expire":"2024-09-24T21:30:00Z","utc_polygon_begin":"2024-09-24T20:58:00Z","utc_polygon_end":"2024-09-24T21:10:00Z","ph_sig":"TO.W","wfo":"IWX","eventid":30,"phenomena":"TO","significance":"W","nws_color":"#FF0000","event_label":"Tornado Warning","status":"NEW","product_id":"202409242058-KIWX-WFUS53-TORIWX","year":2024,"fcster":"FISHER"},"geometry":{"type":"MultiPolygon","coordinates":[[[[-85.2,41.68],[-85.39,41.57],[-85.44,41.6],[-85.34,41.76],[-85.2,41.76],[-85.2,41.68]]]]}},
{"type":"Feature","properties":{"ugclist":"VAC067, VAC089, VAC141, VAC143, VAC690","locations":"Franklin [VA], Henry [VA], Patrick [VA], Pittsylvania [VA], City of Martinsville [VA]","utc_issue":"2024-09-24T20:59:00Z","utc_expire":"2024-09-24T22:00:00Z","utc_polygon_begin":"2024-09-24T20:59:00Z","utc_polygon_end":"2024-09-24T21:24:00Z","ph_sig":"SV.W","wfo":"RNK","eventid":177,"phenomena":"SV","significance":"W","nws_color":"#FFA500","event_label":"Severe Thunderstorm Warning","status":"NEW","product_id":"202409242059-KRNK-WUUS51-SVRRNK","year":2024,"fcster":"AS"},"geometry":{"type":"MultiPolygon","coordinates":[[[[-80.21,36.73],[-79.75,37.04],[-79.56,36.94],[-79.45,36.76],[-80.02,36.54],[-80.09,36.54],[-80.21,36.73]]]]}},
{"type":"Feature","properties":{"ugclist":"KYC097, KYC209","locations":"Harrison [KY], Scott [KY]","utc_issue":"2024-09-24T21:03:00Z","utc_expire":"2024-09-24T21:30:00Z","utc_polygon_begin":"2024-09-24T21:03:00Z","utc_polygon_end":"2024-09-24T21:12:00Z","ph_sig":"SV.W","wfo":"LMK","eventid":242,"phenomena":"SV","significance":"W","nws_color":"#FFA500","event_label":"Severe Thunderstorm Warning","status":"NEW","product_id":"202409242103-KLMK-WUUS53-SVRLMK","year":2024,"fcster":"SRM"},"geometry":{"type":"MultiPolygon","coordinates":[[[[-84.52,38.39],[-84.57,38.48],[-84.52,38.51],[-84.49,38.51],[-84.48,38.54],[-84.46,38.53],[-84.43,38.54],[-84.41,38.57],[-84.2,38.58],[-84.2,38.57],[-84.22,38.56],[-84.21,38.55],[-84.16,38.55],[-84.18,38.5],[-84.16,38.5],[-84.17,38.49],[-84.15,38.49],[-84.15,38.48],[-84.13,38.48],[-84.1,38.46],[-84.52,38.39]]]]}},
{"type":"Feature","properties":{"ugclist":"TNC087, TNC159","locations":"Jackson [TN], Smith [TN]","utc_issue":"2024-09-24T21:03:00Z","utc_expire":"2024-09-24T21:45:00Z","utc_polygon_begin":"2024-09-24T21:03:00Z","utc_polygon_end":"2024-09-24T21:19:00Z","ph_sig":"SV.W","wfo":"OHX","eventid":172,"phenomena":"SV","significance":"W","nws_color":"#FFA500","event_label":"Severe Thunderstorm Warning","status":"NEW","product_id":"202409242103-KOHX-WUUS54-SVROHX","year":2024,"fcster":"Mueller"},"geometry":{"type":"MultiPolygon","coordinates":[[[[-85.56,36.46],[-85.5,36.4],[-85.49,36.29],[-85.51,36.28],[-85.51,36.26],[-85.53,36.26],[-85.53,36.24],[-85.66,36.22],[-85.71,36.23],[-85.74,36.23],[-85.78,36.25],[-85.78,36.22],[-85.79,36.21],[-85.81,36.21],[-85.8,36.2],[-86.05,36.16],[-86.1,36.33],[-85.56,36.47],[-85.56,36.46]]]]}},
{"type":"Feature","properties":{"ugclist":"MOC147","locations":"Nodaway [MO]","utc_issue":"2024-09-24T21:05:00Z","utc_expire":"2024-09-24T21:45:00Z","utc_polygon_begin":"2024-09-24T21:05:00Z","utc_polygon_end":"2024-09-24T21:22:00Z","ph_sig":"SV.W","wfo":"EAX","eventid":396,"phenomena":"SV","significance":"W","nws_color":"#FFA500","event_label":"Severe Thunderstorm Warning","status":"NEW","product_id":"202409242105-KEAX-WUUS53-SVREAX","year":2024,"fcster":"CDB"},"geometry":{"type":"MultiPolygon","coordinates":[[[[-94.77,40.57],[-94.63,40.42],[-94.94,40.36],[-94.99,40.58],[-94.77,40.57]]]]}},
{"type":"Feature","properties":{"ugclist":"KYC121, KYC125, KYC235","locations":"Knox [KY], Laurel [KY], Whitley [KY]","utc_issue":"2024-09-24T21:06:00Z","utc_expire":"2024-09-24T21:30:00Z","utc_polygon_begin":"2024-09-24T21:06:00Z","utc_polygon_end":"2024-09-24T21:19:00Z","ph_sig":"SV.W","wfo":"JKL","eventid":126,"phenomena":"SV","significance":"W","nws_color":"#FFA500","event_label":"Severe Thunderstorm Warning","status":"NEW","product_id":"202409242106-KJKL-WUUS53-SVRJKL","year":2024,"fcster":"VORST"},"geometry":{"type":"MultiPolygon","coordinates":[[[[-84.12,36.71],[-84.23,36.77],[-84.07,37.07],[-83.76,36.99],[-84.12,36.71]]]]}},
{"type":"Feature","properties":{"ugclist":"KYC053, KYC057, KYC207","locations":"Clinton [KY], Cumberland [KY], Russell [KY]","utc_issue":"2024-09-24T21:09:00Z","utc_expire":"2024-09-24T21:28:00Z","utc_polygon_begin":"2024-09-24T21:09:00Z","utc_polygon_end":"2024-09-24T21:28:00Z","ph_sig":"SV.W","wfo":"LMK","eventid":243,"phenomena":"SV","significance":"W","nws_color":"#FFA500","event_label":"Severe Thunderstorm Warning","status":"NEW","product_id":"202409242109-KLMK-WUUS53-SVRLMK","year":2024,"fcster":"RAS"},"geometry":{"type":"MultiPolygon","coordinates":[[[[-85.33,36.82],[-84.9,37.04],[-84.84,36.99],[-84.91,36.95],[-84.93,36.96],[-84.95,36.96],[-84.96,36.92],[-85.06,36.86],[-85.06,36.83],[-85.03,36.81],[-85.0,36.75],[-85.02,36.72],[-85.22,36.65],[-85.33,36.82]]]]}},
{"type":"Feature","properties":{"ugclist":"ALC075, ALC093","locations":"Lamar [AL], Marion [AL]","utc_issue":"2024-09-24T21:09:00Z","utc_expire":"2024-09-24T22:00:00Z","utc_polygon_begin":"2024-09-24T21:09:00Z","utc_polygon_end":"2024-09-24T21:40:00Z","ph_sig":"SV.W","wfo":"BMX","eventid":155,"phenomena":"SV","significance":"W","nws_color":"#FFA500","event_label":"Severe Thunderstorm Warning","status":"NEW","product_id":"202409242109-KBMX-WUUS54-SVRBMX","year":2024,"fcster":"12/Robinson"},"geometry":{"type":"MultiPolygon","coordinates":[[[[-88.19,34.2],[-87.81,34.24],[-87.79,33.99],[-88.22,34.01],[-88.19,34.2]]]]}},
{"type":"Feature","properties":{"ugclist":"KYC109, KYC125, KYC199, KYC203","locations":"Jackson [KY], Laurel [KY], Pulaski [KY], Rockcastle [KY]","utc_issue":"2024-09-24T21:11:00Z","utc_expire":"2024-09-24T21:45:00Z","utc_polygon_begin":"2024-09-24T21:11:00Z","utc_polygon_end":"2024-09-24T21:26:00Z","ph_sig":"SV.W","wfo":"JKL","eventid":127,"phenomena":"SV","significance":"W","nws_color":"#FFA500","event_label":"Severe Thunderstorm Warning","status":"NEW","product_id":"202409242111-KJKL-WUUS53-SVRJKL","year":2024,"fcster":"VORST"},"geometry":{"type":"MultiPolygon","coordinates":[[[[-84.55,37.36],[-84.51,37.33],[-84.48,37.41],[-84.15,37.54],[-84.01,37.24],[-84.56,37.2],[-84.58,37.34],[-84.55,37.36]]]]}},
{"type":"Feature","properties":{"ugclist":"KYC053, KYC207","locations":"Clinton [KY], Russell [KY]","utc_issue":"2024-09-24T21:14:00Z","utc_expire":"2024-09-24T21:27:00Z","utc_polygon_begin":"2024-09-24T21:14:00Z","utc_polygon_end":"2024-09-24T21:27:00Z","ph_sig":"TO.W","wfo":"LMK","eventid":46,"phenomena":"TO","significance":"W","nws_color":"#FF0000","event_label":"Tornado Warning","status":"NEW","product_id":"202409242114-KLMK-WFUS53-TORLMK","year":2024,"fcster":"RAS"},"geometry":{"type":"MultiPolygon","coordinates":[[[[-85.23,36.81],[-85.22,36.84],[-85.0,36.96],[-84.97,36.91],[-85.02,36.89],[-85.06,36.86],[-85.06,36.83],[-85.03,36.81],[-85.02,36.78],[-85.2,36.73],[-85.23,36.81]]]]}},
{"type":"Feature","properties":{"ugclist":"KYC013, KYC051, KYC095, KYC131","locations":"Bell [KY], Clay [KY], Harlan [KY], Leslie [KY]","utc_issue":"2024-09-24T21:15:00Z","utc_expire":"2024-09-24T21:45:00Z","utc_polygon_begin":"2024-09-24T21:15:00Z","utc_polygon_end":"2024-09-24T21:36:00Z","ph_sig":"SV.W","wfo":"JKL","eventid":128,"phenomena":"SV","significance":"W","nws_color":"#FFA500","event_label":"Severe Thunderstorm Warning","status":"NEW","product_id":"202409242115-KJKL-WUUS53-SVRJKL","year":2024,"fcster":"GEERTSON"},"geometry":{"type":"MultiPolygon","coordinates":[[[[-83.58,36.91],[-83.57,36.93],[-83.58,36.94],[-83.31,37.14],[-83.15,36.97],[-83.15,36.96],[-83.54,36.85],[-83.58,36.91]]]]}},
{"type":"Feature","properties":{"ugclist":"KYC231","locations":"Wayne [KY]","utc_issue":"2024-09-24T21:17:00Z","utc_expire":"2024-09-24T21:45:00Z","utc_polygon_begin":"2024-09-24T21:17:00Z","utc_polygon_end":"2024-09-24T21:18:00Z","ph_sig":"TO.W","wfo":"JKL","eventid":14,"phenomena":"TO","significance":"W","nws_color":"#FF0000","event_label":"Tornado Warning","status":"NEW","product_id":"202409242117-KJKL-WFUS53-TORJKL","year":2024,"fcster":"VORST"},"geometry":{"type":"MultiPolygon","coordinates":[[[[-85.03,36.88],[-84.96,36.92],[-84.95,36.95],[-84.93,36.96],[-84.81,36.83],[-85.01,36.77],[-85.03,36.81],[-85.06,36.83],[-85.06,36.86],[-85.03,36.88]]]]}},
{"type":"Feature","properties":{"ugclist":"KYC199, KYC231","locations":"Pulaski [KY], Wayne [KY]","utc_issue":"2024-09-24T21:20:00Z","utc_expire":"2024-09-24T21:45:00Z","utc_polygon_begin":"2024-09-24T21:20:00Z","utc_polygon_end":"2024-09-24T21:43:00Z","ph_sig":"SV.W","wfo":"JKL","eventid":129,"phenomena":"SV","significance":"W","nws_color":"#FFA500","event_label":"Severe Thunderstorm Warning","status":"NEW","product_id":"202409242120-KJKL-WUUS53-SVRJKL","year":2024,"fcster":"VORST"},"geometry":{"type":"MultiPolygon","coordinates":[[[[-84.96,36.92],[-84.94,36.96],[-84.92,36.96],[-84.9,36.95],[-84.84,37.0],[-84.89,37.03],[-84.79,37.09],[-84.61,36.79],[-85.02,36.7],[-85.01,36.76],[-85.03,36.81],[-85.06,36.83],[-85.06,36.86],[-84.96,36.92]]]]}},
{"type":"Feature","properties":{"ugclist":"VAC063, VAC121, VAC155, VAC750","locations":"Floyd [VA], Montgomery [VA], Pulaski [VA], City of Radford [VA]","utc_issue":"2024-09-24T21:21:00Z","utc_expire":"2024-09-24T22:15:00Z","utc_polygon_begin":"2024-09-24T21:21:00Z","utc_polygon_end":"2024-09-24T21:35:00Z","ph_sig":"SV.W","wfo":"RNK","eventid":178,"phenomena":"SV","significance":"W","nws_color":"#FFA500","event_label":"Severe Thunderstorm Warning","status":"NEW","product_id":"202409242121-KRNK-WUUS51-SVRRNK","year":2024,"fcster":"AS"},"geometry":{"type":"MultiPolygon","coordinates":[[[[-80.71,36.93],[-80.79,37.06],[-80.37,37.26],[-80.23,37.17],[-80.21,37.05],[-80.71,36.93]]]]}},
{"type":"Feature","properties":{"ugclist":"NCC159","locations":"Rowan [NC]","utc_issue":"2024-09-24T21:24:00Z","utc_expire":"2024-09-24T22:00:00Z","utc_polygon_begin":"2024-09-24T21:24:00Z","utc_polygon_end":"2024-09-24T21:30:00Z","ph_sig":"SV.W","wfo":"GSP","eventid":271,"phenomena":"SV","significance":"W","nws_color":"#FFA500","event_label":"Severe Thunderstorm Warning","status":"NEW","product_id":"202409242124-KGSP-WUUS52-SVRGSP","year":2024,"fcster":"TW"},"geometry":{"type":"MultiPolygon","coordinates":[[[[-80.35,35.5],[-80.42,35.65],[-80.33,35.69],[-80.31,35.67],[-80.29,35.63],[-80.27,35.63],[-80.21,35.59],[-80.21,35.55],[-80.2,35.54],[-80.2,35.53],[-80.18,35.52],[-80.19,35.51],[-80.35,35.5]]]]}},
{"type":"Feature","properties":{"ugclist":"INC087, INC151, MIC023","locations":"Lagrange [IN], Steuben [IN], Branch [MI]","utc_issue":"2024-09-24T21:28:00Z","utc_expire":"2024-09-24T22:00:00Z","utc_polygon_begin":"2024-09-24T21:28:00Z","utc_polygon_end":"2024-09-24T21:41:00Z","ph_sig":"TO.W","wfo":"IWX","eventid":31,"phenomena":"TO","significance":"W","nws_color":"#FF0000","event_label":"Tornado Warning","status":"NEW","product_id":"202409242128-KIWX-WFUS53-TORIWX","year":2024,"fcster":"FISHER"},"geometry":{"type":"MultiPolygon","coordinates":[[[[-85.27,41.66],[-85.31,41.69],[-85.22,41.88],[-85.01,41.78],[-85.27,41.66]]]]}},
{"type":"Feature","properties":{"ugclist":"KYC051, KYC121, KYC125","locations":"Clay [KY], Knox [KY], Laurel [KY]","utc_issue":"2024-09-24T21:30:00Z","utc_expire":"2024-09-24T22:00:00Z","utc_polygon_begin":"2024-09-24T21:30:00Z","utc_polygon_end":"2024-09-24T21:41:00Z","ph_sig":"SV.W","wfo":"JKL","eventid":130,"phenomena":"SV","significance":"W","nws_color":"#FFA500","event_label":"Severe Thunderstorm Warning","status":"NEW","product_id":"202409242130-KJKL-WUUS53-SVRJKL","year":2024,"fcster":"CMC"},"geometry":{"type":"MultiPolygon","coordinates":[[[[-83.98,36.81],[-84.07,36.87],[-84.07,36.89],[-84.08,36.9],[-84.08,36.93],[-84.1,36.96],[-84.12,36.97],[-83.9,37.22],[-83.65,37.04],[-83.98,36.81]]]]}},
{"type":"Feature","properties":{"ugclist":"NCC045, NCC071, SCC021","locations":"Cleveland [NC], Gaston [NC], Cherokee [SC]","utc_issue":"2024-09-24T21:32:00Z","utc_expire":"2024-09-24T22:07:00Z","utc_polygon_begin":"2024-09-24T21:32:00Z","utc_polygon_end":"2024-09-24T21:43:00Z","ph_sig":"SV.W","wfo":"GSP","eventid":272,"phenomena":"SV","significance":"W","nws_color":"#FFA500","event_label":"Severe Thunderstorm Warning","status":"NEW","product_id":"202409242132-KGSP-WUUS52-SVRGSP","year":2024,"fcster":"TW"},"geometry":{"type":"MultiPolygon","coordinates":[[[[-81.34,35.16],[-81.37,35.17],[-81.4,35.14],[-81.4,35.1],[-81.74,35.12],[-81.6,35.42],[-81.17,35.41],[-81.34,35.16]]]]}},
{"type":"Feature","properties":{"ugclist":"MIC121","locations":"Muskegon [MI]","utc_issue":"2024-09-24T21:32:00Z","utc_expire":"2024-09-25T09:30:00Z","utc_polygon_begin":"2024-09-24T21:32:00Z","utc_polygon_end":"2024-09-25T01:04:00Z","ph_sig":"FA.W","wfo":"GRR","eventid":6,"phenomena":"FA","significance":"W","nws_color":"#00FF00","event_label":"Flood Warning","status":"NEW","product_id":"202409242132-KGRR-WGUS43-FLWGRR","year":2024,"fcster":"TJT"},"geometry":{"type":"MultiPolygon","coordinates":[[[[-86.32,43.42],[-86.25,43.42],[-86.18,43.37],[-86.18,43.34],[-86.16,43.32],[-86.19,43.3],[-86.2,43.28],[-86.23,43.23],[-86.31,43.19],[-86.34,43.23],[-86.42,43.36],[-86.36,43.4],[-86.32,43.42]]]]}},
{"type":"Feature","properties":{"ugclist":"TNC027, TNC049, TNC087, TNC133, TNC137, TNC141","locations":"Clay [TN], Fentress [TN], Jackson [TN], Overton [TN], Pickett [TN], Putnam [TN]","utc_issue":"2024-09-24T21:34:00Z","utc_expire":"2024-09-24T22:15:00Z","utc_polygon_begin":"2024-09-24T21:34:00Z","utc_polygon_end":"2024-09-24T21:52:00Z","ph_sig":"SV.W","wfo":"OHX","eventid":173,"phenomena":"SV","significance":"W","nws_color":"#FFA500","event_label":"Severe Thunderstorm Warning","status":"NEW","product_id":"202409242134-KOHX-WUUS54-SVROHX","year":2024,"fcster":"Mueller"},"geometry":{"type":"MultiPolygon","coordinates":[[[[-85.68,36.23],[-85.71,36.48],[-84.99,36.58],[-84.98,36.28],[-85.68,36.23]]]]}},
{"type":"Feature","properties":{"ugclist":"MOC147","locations":"Nodaway [MO]","utc_issue":"2024-09-24T21:36:00Z","utc_expire":"2024-09-24T22:15:00Z","utc_polygon_begin":"2024-09-24T21:36:00Z","utc_polygon_end":"2024-09-24T21:53:00Z","ph_sig":"SV.W","wfo":"EAX","eventid":397,"phenomena":"SV","significance":"W","nws_color":"#FFA500","event_label":"Severe Thunderstorm Warning","status":"NEW","product_id":"202409242136-KEAX-WUUS53-SVREAX","year":2024,"fcster":"CDB"},"geometry":{"type":"MultiPolygon","coordinates":[[[[-94.96,40.44],[-94.85,40.46],[-94.69,40.2],[-94.95,40.18],[-94.96,40.44]]]]}},
{"type":"Feature","properties":{"ugclist":"OHC039, OHC069, OHC137","locations":"Defiance [OH], Henry [OH], Putnam [OH]","utc_issue":"2024-09-24T21:38:00Z","utc_expire":"2024-09-24T22:15:00Z","utc_polygon_begin":"2024-09-24T21:38:00Z","utc_polygon_end":"2024-09-24T22:02:00Z","ph_sig":"SV.W","wfo":"IWX","eventid":114,"phenomena":"SV","significance":"W","nws_color":"#FFA500","event_label":"Severe Thunderstorm Warning","status":"NEW","product_id":"202409242138-KIWX-WUUS53-SVRIWX","year":2024,"fcster":"MARSILI"},"geometry":{"type":"MultiPolygon","coordinates":[[[[-84.28,41.12],[-84.32,41.2],[-84.03,41.34],[-83.95,41.13],[-84.28,41.12]]]]}},
{"type":"Feature","properties":{"ugclist":"KYC147, KYC199, KYC231","locations":"McCreary [KY], Pulaski [KY], Wayne [KY]","utc_issue":"2024-09-24T21:39:00Z","utc_expire":"2024-09-24T21:46:00Z","utc_polygon_begin":"2024-09-24T21:39:00Z","utc_polygon_end":"2024-09-24T21:46:00Z","ph_sig":"TO.W","wfo":"JKL","eventid":15,"phenomena":"TO","significance":"W","nws_color":"#FF0000","event_label":"Tornado Warning","status":"NEW","product_id":"202409242139-KJKL-WFUS53-TORJKL","year":2024,"fcster":"VORST"},"geometry":{"type":"MultiPolygon","coordinates":[[[[-84.97,36.91],[-84.96,36.93],[-84.59,37.1],[-84.44,36.89],[-84.89,36.76],[-84.99,36.9],[-84.97,36.91]]]]}},
{"type":"Feature","properties":{"ugclist":"NCC057, NCC123, NCC151, NCC167","locations":"Davidson [NC], Montgomery [NC], Randolph [NC], Stanly [NC]","utc_issue":"2024-09-24T21:39:00Z","utc_expire":"2024-09-24T22:30:00Z","utc_polygon_begin":"2024-09-24T21:39:00Z","utc_polygon_end":"2024-09-24T22:13:00Z","ph_sig":"SV.W","wfo":"RAH","eventid":170,"phenomena":"SV","significance":"W","nws_color":"#FFA500","event_label":"Severe Thunderstorm Warning","status":"NEW","product_id":"202409242139-KRAH-WUUS52-SVRRAH","year":2024,"fcster":"JD"},"geometry":{"type":"MultiPolygon","coordinates":[[[[-79.87,35.74],[-79.84,35.47],[-80.25,35.4],[-80.3,35.5],[-80.19,35.51],[-80.18,35.52],[-80.2,35.53],[-80.2,35.55],[-80.21,35.55],[-80.21,35.58],[-80.26,35.63],[-80.29,35.64],[-80.31,35.66],[-79.87,35.74]]]]}},
{"type":"Feature","properties":{"ugclist":"OHC069, OHC137","locations":"Henry [OH], Putnam [OH]","utc_issue":"2024-09-24T21:42:00Z","utc_expire":"2024-09-24T22:01:00Z","utc_polygon_begin":"2024-09-24T21:42:00Z","utc_polygon_end":"2024-09-24T21:56:00Z","ph_sig":"TO.W","wfo":"IWX","eventid":32,"phenomena":"TO","significance":"W","nws_color":"#FF0000","event_label":"Tornado Warning","status":"NEW","product_id":"202409242142-KIWX-WFUS53-TORIWX","year":2024,"fcster":"MARSILI"},"geometry":{"type":"MultiPolygon","coordinates":[[[[-83.97,41.15],[-84.22,41.13],[-84.23,41.16],[-84.23,41.2],[-84.05,41.28],[-83.97,41.15]]]]}},
{"type":"Feature","properties":{"ugclist":"KSC085, KSC149, KSC177","locations":"Jackson [KS], Pottawatomie [KS], Shawnee [KS]","utc_issue":"2024-09-24T21:43:00Z","utc_expire":"2024-09-24T22:15:00Z","utc_polygon_begin":"2024-09-24T21:43:00Z","utc_polygon_end":"2024-09-24T21:53:00Z","ph_sig":"SV.W","wfo":"TOP","eventid":328,"phenomena":"SV","significance":"W","nws_color":"#FFA500","event_label":"Severe Thunderstorm Warning","status":"NEW","product_id":"202409242143-KTOP-WUUS53-SVRTOP","year":2024,"fcster":"101"},"geometry":{"type":"MultiPolygon","coordinates":[[[[-95.73,39.22],[-96.04,39.13],[-96.09,39.44],[-95.93,39.49],[-95.73,39.22]]]]}},
{"type":"Feature","properties":{"ugclist":"KYC051, KYC109, KYC125, KYC129, KYC189, KYC203","locations":"Clay [KY], Jackson [KY], Laurel [KY], Lee [KY], Owsley [KY], Rockcastle [KY]","utc_issue":"2024-09-24T21:43:00Z","utc_expire":"2024-09-24T22:15:00Z","utc_polygon_begin":"2024-09-24T21:43:00Z","utc_polygon_end":"2024-09-24T21:56:00Z","ph_sig":"SV.W","wfo":"JKL","eventid":131,"phenomena":"SV","significance":"W","nws_color":"#FFA500","event_label":"Severe Thunderstorm Warning","status":"NEW","product_id":"202409242143-KJKL-WUUS53-SVRJKL","year":2024,"fcster":"GEERTSON"},"geometry":{"type":"MultiPolygon","coordinates":[[[[-84.19,37.29],[-84.2,37.45],[-83.82,37.56],[-83.77,37.31],[-84.19,37.29]]]]}},
{"type":"Feature","properties":{"ugclist":"KYC147, KYC199, KYC231, KYC235","locations":"McCreary [KY], Pulaski [KY], Wayne [KY], Whitley [KY]","utc_issue":"2024-09-24T21:43:00Z","utc_expire":"2024-09-24T22:30:00Z","utc_polygon_begin":"2024-09-24T21:43:00Z","utc_polygon_end":"2024-09-24T21:55:00Z","ph_sig":"SV.W","wfo":"JKL","eventid":132,"phenomena":"SV","significance":"W","nws_color":"#FFA500","event_label":"Severe Thunderstorm Warning","status":"NEW","product_id":"202409242143-KJKL-WUUS53-SVRJKL-RRA","year":2024,"fcster":"VORST"},"geometry":{"type":"MultiPolygon","coordinates":[[[[-84.92,36.96],[-84.9,36.95],[-84.85,36.99],[-84.43,37.14],[-84.35,36.98],[-84.34,36.97],[-84.37,36.95],[-84.32,36.94],[-84.24,36.79],[-84.87,36.75],[-84.95,36.95],[-84.92,36.96]]]]}},
{"type":"Feature","properties":{"ugclist":"TNC025, TNC067, VAC105, VAC169","locations":"Claiborne [TN], Hancock [TN], Lee [VA], Scott [VA]","utc_issue":"2024-09-24T21:43:00Z","utc_expire":"2024-09-24T22:45:00Z","utc_polygon_begin":"2024-09-24T21:43:00Z","utc_polygon_end":"2024-09-24T21:56:00Z","ph_sig":"SV.W","wfo":"MRX","eventid":183,"phenomena":"SV","significance":"W","nws_color":"#FFA500","event_label":"Severe Thunderstorm Warning","status":"NEW","product_id":"202409242143-KMRX-WUUS54-SVRMRX","year":2024,"fcster":"JLB"},"geometry":{"type":"MultiPolygon","coordinates":[[[[-82.85,36.85],[-82.78,36.81],[-82.68,36.69],[-83.59,36.4],[-83.67,36.56],[-83.51,36.67],[-83.42,36.67],[-83.3,36.71],[-83.14,36.74],[-83.13,36.79],[-83.07,36.85],[-83.01,36.85],[-82.91,36.87],[-82.88,36.89],[-82.85,36.85]]]]}},
{"type":"Feature","properties":{"ugclist":"AMZ630, AMZ651","locations":"Biscayne Bay [], Coastal waters from Deerfield Beach to Ocean Reef FL out 20 NM []","utc_issue":"2024-09-24T21:50:00Z","utc_expire":"2024-09-24T22:30:00Z","utc_polygon_begin":"2024-09-24T21:50:00Z","utc_polygon_end":"2024-09-24T22:09:00Z","ph_sig":"MA.W","wfo":"MFL","eventid":450,"phenomena":"MA","significance":"W","nws_color":"#FFA500","event_label":"Marine Warning","status":"NEW","product_id":"202409242150-KMFL-WHUS52-SMWMFL","year":2024,"fcster":"Hadi"},"geometry":{"type":"MultiPolygon","coordinates":[[[[-80.25,25.32],[-80.25,25.34],[-80.27,25.35],[-80.27,25.33],[-80.29,25.33],[-80.33,25.29],[-80.35,25.29],[-80.41,25.32],[-80.35,25.38],[-80.37,25.49],[-80.37,25.52],[-80.35,25.55],[-79.97,25.31],[-80.08,25.21],[-80.25,25.32]]]]}},
{"type":"Feature","properties":{"ugclist":"OHC125","locations":"Paulding [OH]","utc_issue":"2024-09-24T21:51:00Z","utc_expire":"2024-09-24T22:16:00Z","utc_polygon_begin":"2024-09-24T21:51:00Z","utc_polygon_end":"2024-09-24T22:16:00Z","ph_sig":"SV.W","wfo":"IWX","eventid":115,"phenomena":"SV","significance":"W","nws_color":"#FFA500","event_label":"Severe Thunderstorm Warning","status":"NEW","product_id":"202409242151-KIWX-WUUS53-SVRIWX","year":2024,"fcster":"MARSILI"},"geometry":{"type":"MultiPolygon","coordinates":[[[[-84.39,40.99],[-84.52,40.99],[-84.56,41.04],[-84.34,41.17],[-84.34,41.01],[-84.39,40.99]]]]}},
{"type":"Feature","properties":{"ugclist":"KYC025, KYC051, KYC121, KYC125, KYC131, KYC189, KYC193","locations":"Breathitt [KY], Clay [KY], Knox [KY], Laurel [KY], Leslie [KY], Owsley [KY], Perry [KY]","utc_issue":"2024-09-24T21:52:00Z","utc_expire":"2024-09-24T22:30:00Z","utc_polygon_begin":"2024-09-24T21:52:00Z","utc_polygon_end":"2024-09-24T21:56:00Z","ph_sig":"SV.W","wfo":"JKL","eventid":133,"phenomena":"SV","significance":"W","nws_color":"#FFA500","event_label":"Severe Thunderstorm Warning","status":"NEW","product_id":"202409242152-KJKL-WUUS53-SVRJKL","year":2024,"fcster":"VORST"},"geometry":{"type":"MultiPolygon","coordinates":[[[[-84.03,37.07],[-83.82,37.33],[-83.79,37.33],[-83.78,37.34],[-83.8,37.36],[-83.66,37.53],[-83.3,37.38],[-83.8,36.94],[-84.03,37.07]]]]}},
{"type":"Feature","properties":{"ugclist":"VAC067, VAC089, VAC143, VAC590, VAC690","locations":"Franklin [VA], Henry [VA], Pittsylvania [VA], City of Danville [VA], City of Martinsville [VA]","utc_issue":"2024-09-24T21:52:00Z","utc_expire":"2024-09-24T22:45:00Z","utc_polygon_begin":"2024-09-24T21:52:00Z","utc_polygon_end":"2024-09-24T22:21:00Z","ph_sig":"SV.W","wfo":"RNK","eventid":179,"phenomena":"SV","significance":"W","nws_color":"#FFA500","event_label":"Severe Thunderstorm Warning","status":"NEW","product_id":"202409242152-KRNK-WUUS51-SVRRNK","year":2024,"fcster":"AS"},"geometry":{"type":"MultiPolygon","coordinates":[[[[-79.86,36.57],[-79.92,36.77],[-79.53,36.92],[-79.42,36.78],[-79.38,36.63],[-79.86,36.57]]]]}},
{"type":"Feature","properties":{"ugclist":"INC141, MIC027","locations":"St. Joseph [IN], Cass [MI]","utc_issue":"2024-09-24T21:53:00Z","utc_expire":"2024-09-24T22:30:00Z","utc_polygon_begin":"2024-09-24T21:53:00Z","utc_polygon_end":"2024-09-24T22:09:00Z","ph_sig":"TO.W","wfo":"IWX","eventid":33,"phenomena":"TO","significance":"W","nws_color":"#FF0000","event_label":"Tornado Warning","status":"NEW","product_id":"202409242153-KIWX-WFUS53-TORIWX","year":2024,"fcster":"FISHER"},"geometry":{"type":"MultiPolygon","coordinates":[[[[-85.97,41.77],[-86.0,41.76],[-86.06,41.76],[-86.06,41.74],[-86.19,41.69],[-86.22,41.73],[-86.08,41.85],[-85.97,41.77]]]]}},
{"type":"Feature","properties":{"ugclist":"LEZ144, LEZ145, LEZ146, LEZ164, LEZ165, LEZ166, LEZ167","locations":"The Islands to Vermilion OH [], Vermilion to Avon Point OH [], Avon Point to Willowick OH [], The Islands to Vermilion OH beyond 5 nm off shoreline to US-Canadian border [], Vermilion to Avon Point OH beyond 5 nm off shoreline to US-Canadian border [], Avon Point to Willowick OH beyond 5 nm off shoreline to US-Canadian border [], Willowick to Geneva-on-the-Lake OH beyond 5NM off shoreline to US-Canadian border []","utc_issue":"2024-09-24T21:53:00Z","utc_expire":"2024-09-25T00:00:00Z","utc_polygon_begin":"2024-09-24T21:53:00Z","utc_polygon_end":"2024-09-25T00:00:00Z","ph_sig":"MA.W","wfo":"CLE","eventid":101,"phenomena":"MA","significance":"W","nws_color":"#FFA500","event_label":"Marine Warning","status":"NEW","product_id":"202409242153-KCLE-WHUS51-SMWCLE","year":2024,"fcster":"Jaszka"},"geometry":{"type":"MultiPolygon","coordinates":[[[[-82.47,41.39],[-82.36,41.7],[-81.33,42.16],[-81.84,41.49],[-82.02,41.52],[-82.19,41.47],[-82.27,41.43],[-82.36,41.43],[-82.47,41.39]]]]}},
{"type":"Feature","properties":{"ugclist":"INC151, MIC023","locations":"Steuben [IN], Branch [MI]","utc_issue":"2024-09-24T21:55:00Z","utc_expire":"2024-09-24T22:11:00Z","utc_polygon_begin":"2024-09-24T21:55:00Z","utc_polygon_end":"2024-09-24T22:11:00Z","ph_sig":"TO.W","wfo":"IWX","eventid":34,"phenomena":"TO","significance":"W","nws_color":"#FF0000","event_label":"Tornado Warning","status":"NEW","product_id":"202409242155-KIWX-WFUS53-TORIWX","year":2024,"fcster":"FISHER"},"geometry":{"type":"MultiPolygon","coordinates":[[[[-84.88,41.81],[-85.17,41.72],[-85.2,41.73],[-85.2,41.76],[-85.12,41.91],[-84.88,41.81]]]]}},
{"type":"Feature","properties":{"ugclist":"TNC133, TNC137","locations":"Overton [TN], Pickett [TN]","utc_issue":"2024-09-24T21:58:00Z","utc_expire":"2024-09-24T22:18:00Z","utc_polygon_begin":"2024-09-24T21:58:00Z","utc_polygon_end":"2024-09-24T22:18:00Z","ph_sig":"TO.W","wfo":"OHX","eventid":42,"phenomena":"TO","significance":"W","nws_color":"#FF0000","event_label":"Tornado Warning","status":"NEW","product_id":"202409242158-KOHX-WFUS54-TOROHX","year":2024,"fcster":"Mueller"},"geometry":{"type":"MultiPolygon","coordinates":[[[[-85.13,36.44],[-85.38,36.42],[-85.38,36.51],[-85.37,36.51],[-85.31,36.53],[-85.3,36.52],[-85.3,36.53],[-85.29,36.53],[-85.28,36.54],[-85.13,36.58],[-85.13,36.44]]]]}},
{"type":"Feature","properties":{"ugclist":"VAC089, VAC690","locations":"Henry [VA], City of Martinsville [VA]","utc_issue":"2024-09-24T22:04:00Z","utc_expire":"2024-09-25T02:03:00Z","utc_polygon_begin":"2024-09-24T22:04:00Z","utc_polygon_end":"2024-09-24T23:25:00Z","ph_sig":"FF.W","wfo":"RNK","eventid":47,"phenomena":"FF","significance":"W","nws_color":"#8B0000","event_label":"Flash Flood Warning","status":"NEW","product_id":"202409242204-KRNK-WGUS51-FFWRNK","year":2024,"fcster":"AMS"},"geometry":{"type":"MultiPolygon","coordinates":[[[[-79.72,36.61],[-79.99,36.57],[-80.05,36.57],[-80.05,36.6],[-80.05,36.61],[-80.05,36.62],[-80.06,36.66],[-80.06,36.69],[-79.89,36.76],[-79.7,36.68],[-79.72,36.61]]]]}},
{"type":"Feature","properties":{"ugclist":"OHC125, OHC137","locations":"Paulding [OH], Putnam [OH]","utc_issue":"2024-09-24T22:05:00Z","utc_expire":"2024-09-24T22:23:00Z","utc_polygon_begin":"2024-09-24T22:05:00Z","utc_polygon_end":"2024-09-24T22:13:00Z","ph_sig":"TO.W","wfo":"IWX","eventid":35,"phenomena":"TO","significance":"W","nws_color":"#FF0000","event_label":"Tornado Warning","status":"NEW","product_id":"202409242205-KIWX-WFUS53-TORIWX","year":2024,"fcster":"MARSILI"},"geometry":{"type":"MultiPolygon","coordinates":[[[[-84.41,41.02],[-84.46,41.11],[-84.2,41.16],[-84.15,41.05],[-84.41,41.02]]]]}},
{"type":"Feature","properties":{"ugclist":"VAC089, VAC143","locations":"Henry [VA], Pittsylvania [VA]","utc_issue":"2024-09-24T22:08:00Z","utc_expire":"2024-09-24T22:45:00Z","utc_polygon_begin":"2024-09-24T22:08:00Z","utc_polygon_end":"2024-09-24T22:19:00Z","ph_sig":"TO.W","wfo":"RNK","eventid":21,"phenomena":"TO","significance":"W","nws_color":"#FF0000","event_label":"Tornado Warning","status":"NEW","product_id":"202409242208-KRNK-WFUS51-TORRNK","year":2024,"fcster":"AS"},"geometry":{"type":"MultiPolygon","coordinates":[[[[-79.79,36.58],[-79.87,36.78],[-79.79,36.8],[-79.76,36.8],[-79.76,36.79],[-79.7,36.83],[-79.67,36.83],[-79.65,36.84],[-79.53,36.88],[-79.43,36.62],[-79.5,36.62],[-79.51,36.61],[-79.79,36.58]]]]}},
{"type":"Feature","properties":{"ugclist":"OHC069","locations":"Henry [OH]","utc_issue":"2024-09-24T22:09:00Z","utc_expire":"2024-09-24T22:45:00Z","utc_polygon_begin":"2024-09-24T22:09:00Z","utc_polygon_end":"2024-09-24T22:18:00Z","ph_sig":"SV.W","wfo":"IWX","eventid":116,"phenomena":"SV","significance":"W","nws_color":"#FFA500","event_label":"Severe Thunderstorm Warning","status":"NEW","product_id":"202409242209-KIWX-WUUS53-SVRIWX","year":2024,"fcster":"MARSILI"},"geometry":{"type":"MultiPolygon","coordinates":[[[[-84.09,41.18],[-84.16,41.28],[-83.88,41.41],[-83.88,41.2],[-84.09,41.18]]]]}},
{"type":"Feature","properties":{"ugclist":"TNC049, TNC133, TNC137","locations":"Fentress [TN], Overton [TN], Pickett [TN]","utc_issue":"2024-09-24T22:09:00Z","utc_expire":"2024-09-24T22:45:00Z","utc_polygon_begin":"2024-09-24T22:09:00Z","utc_polygon_end":"2024-09-24T22:27:00Z","ph_sig":"SV.W","wfo":"OHX","eventid":174,"phenomena":"SV","significance":"W","nws_color":"#FFA500","event_label":"Severe Thunderstorm Warning","status":"NEW","product_id":"202409242209-KOHX-WUUS54-SVROHX","year":2024,"fcster":"Mueller"},"geometry":{"type":"MultiPolygon","coordinates":[[[[-85.22,36.38],[-85.22,36.61],[-85.09,36.62],[-84.79,36.6],[-84.72,36.5],[-84.69,36.43],[-85.22,36.38]]]]}},
{"type":"Feature","properties":{"ugclist":"VAC005, VAC023, VAC045, VAC071, VAC121, WVC063","locations":"Alleghany [VA], Botetourt [VA], Craig [VA], Giles [VA], Montgomery [VA], Monroe [WV]","utc_issue":"2024-09-24T22:13:00Z","utc_expire":"2024-09-25T00:58:00Z","utc_polygon_begin":"2024-09-24T22:13:00Z","utc_polygon_end":"2024-09-24T23:29:00Z","ph_sig":"FA.Y","wfo":"RNK","eventid":109,"phenomena":"FA","significance":"Y","nws_color":"#00FF7F","event_label":"Flood Advisory","status":"NEW","product_id":"202409242213-KRNK-WGUS81-FLSRNK","year":2024,"fcster":"AMS"},"geometry":{"type":"MultiPolygon","coordinates":[[[[-80.0,37.75],[-79.74,37.63],[-80.04,37.44],[-80.61,37.23],[-80.61,37.24],[-80.69,37.21],[-80.82,37.38],[-80.0,37.75]]]]}},
{"type":"Feature","properties":{"ugclist":"KYC121, KYC125, KYC147, KYC199, KYC235","locations":"Knox [KY], Laurel [KY], McCreary [KY], Pulaski [KY], Whitley [KY]","utc_issue":"2024-09-24T22:14:00Z","utc_expire":"2024-09-24T23:00:00Z","utc_polygon_begin":"2024-09-24T22:14:00Z","utc_polygon_end":"2024-09-24T22:33:00Z","ph_sig":"SV.W","wfo":"JKL","eventid":134,"phenomena":"SV","significance":"W","nws_color":"#FFA500","event_label":"Severe Thunderstorm Warning","status":"NEW","product_id":"202409242214-KJKL-WUUS53-SVRJKL","year":2024,"fcster":"VORST"},"geometry":{"type":"MultiPolygon","coordinates":[[[[-84.48,36.82],[-84.52,37.01],[-83.98,37.16],[-83.87,36.88],[-84.48,36.82]]]]}},
{"type":"Feature","properties":{"ugclist":"OHC033, OHC063, OHC147, OHC175","locations":"Crawford [OH], Hancock [OH], Seneca [OH], Wyandot [OH]","utc_issue":"2024-09-24T22:14:00Z","utc_expire":"2024-09-24T23:00:00Z","utc_polygon_begin":"2024-09-24T22:14:00Z","utc_polygon_end":"2024-09-24T22:34:00Z","ph_sig":"SV.W","wfo":"CLE","eventid":167,"phenomena":"SV","significance":"W","nws_color":"#FFA500","event_label":"Severe Thunderstorm Warning","status":"NEW","product_id":"202409242214-KCLE-WUUS51-SVRCLE","year":2024,"fcster":"Jaszka"},"geometry":{"type":"MultiPolygon","coordinates":[[[[-83.19,41.26],[-82.99,41.26],[-82.83,40.99],[-83.46,40.9],[-83.51,41.04],[-83.19,41.26]]]]}},
{"type":"Feature","properties":{"ugclist":"MSC015, MSC097","locations":"Carroll [MS], Montgomery [MS]","utc_issue":"2024-09-24T22:17:00Z","utc_expire":"2024-09-24T23:00:00Z","utc_polygon_begin":"2024-09-24T22:17:00Z","utc_polygon_end":"2024-09-24T22:32:00Z","ph_sig":"SV.W","wfo":"JAN","eventid":262,"phenomena":"SV","significance":"W","nws_color":"#FFA500","event_label":"Severe Thunderstorm Warning","status":"NEW","product_id":"202409242217-KJAN-WUUS54-SVRJAN","year":2024,"fcster":"DL"},"geometry":{"type":"MultiPolygon","coordinates":[[[[-89.51,33.47],[-89.51,33.46],[-89.5,33.46],[-89.45,33.4],[-89.45,33.36],[-89.8,33.26],[-89.9,33.36],[-89.62,33.62],[-89.51,33.47]]]]}},
{"type":"Feature","properties":{"ugclist":"TNC067, TNC073, VAC105, VAC169","locations":"Hancock [TN], Hawkins [TN], Lee [VA], Scott [VA]","utc_issue":"2024-09-24T22:18:00Z","utc_expire":"2024-09-24T23:00:00Z","utc_polygon_begin":"2024-09-24T22:18:00Z","utc_polygon_end":"2024-09-24T22:25:00Z","ph_sig":"TO.W","wfo":"MRX","eventid":18,"phenomena":"TO","significance":"W","nws_color":"#FF0000","event_label":"Tornado Warning","status":"NEW","product_id":"202409242218-KMRX-WFUS54-TORMRX","year":2024,"fcster":"JLB"},"geometry":{"type":"MultiPolygon","coordinates":[[[[-82.76,36.78],[-82.7,36.46],[-82.7,36.45],[-82.69,36.43],[-83.33,36.45],[-83.34,36.63],[-82.76,36.78]]]]}},
{"type":"Feature","properties":{"ugclist":"OHC173","locations":"Wood [OH]","utc_issue":"2024-09-24T22:19:00Z","utc_expire":"2024-09-24T23:15:00Z","utc_polygon_begin":"2024-09-24T22:19:00Z","utc_polygon_end":"2024-09-24T22:36:00Z","ph_sig":"SV.W","wfo":"CLE","eventid":168,"phenomena":"SV","significance":"W","nws_color":"#FFA500","event_label":"Severe Thunderstorm Warning","status":"NEW","product_id":"202409242219-KCLE-WUUS51-SVRCLE","year":2024,"fcster":"Jaszka"},"geometry":{"type":"MultiPolygon","coordinates":[[[[-83.88,41.41],[-83.42,41.56],[-83.42,41.19],[-83.88,41.2],[-83.88,41.41]]]]}},
{"type":"Feature","properties":{"ugclist":"OHC069, OHC137","locations":"Henry [OH], Putnam [OH]","utc_issue":"2024-09-24T22:22:00Z","utc_expire":"2024-09-24T22:45:00Z","utc_polygon_begin":"2024-09-24T22:22:00Z","utc_polygon_end":"2024-09-24T22:45:00Z","ph_sig":"SV.W","wfo":"IWX","eventid":117,"phenomena":"SV","significance":"W","nws_color":"#FFA500","event_label":"Severe Thunderstorm Warning","status":"NEW","product_id":"202409242222-KIWX-WUUS53-SVRIWX","year":2024,"fcster":"MARSILI"},"geometry":{"type":"MultiPolygon","coordinates":[[[[-84.24,41.07],[-84.29,41.16],[-84.27,41.17],[-84.23,41.17],[-84.23,41.19],[-84.06,41.26],[-83.97,41.09],[-84.24,41.07]]]]}},
{"type":"Feature","properties":{"ugclist":"INC039, MIC027","locations":"Elkhart [IN], Cass [MI]","utc_issue":"2024-09-24T22:24:00Z","utc_expire":"2024-09-24T23:00:00Z","utc_polygon_begin":"2024-09-24T22:24:00Z","utc_polygon_end":"2024-09-24T22:52:00Z","ph_sig":"SV.W","wfo":"IWX","eventid":118,"phenomena":"SV","significance":"W","nws_color":"#FFA500","event_label":"Severe Thunderstorm Warning","status":"NEW","product_id":"202409242224-KIWX-WUUS53-SVRIWX","year":2024,"fcster":"FISHER"},"geometry":{"type":"MultiPolygon","coordinates":[[[[-85.98,41.87],[-85.84,41.77],[-86.06,41.7],[-86.06,41.76],[-86.08,41.76],[-85.98,41.87]]]]}},
{"type":"Feature","properties":{"ugclist":"KYC025, KYC051, KYC129, KYC189","locations":"Breathitt [KY], Clay [KY], Lee [KY], Owsley [KY]","utc_issue":"2024-09-24T22:26:00Z","utc_expire":"2024-09-24T23:00:00Z","utc_polygon_begin":"2024-09-24T22:26:00Z","utc_polygon_end":"2024-09-24T22:41:00Z","ph_sig":"SV.W","wfo":"JKL","eventid":135,"phenomena":"SV","significance":"W","nws_color":"#FFA500","event_label":"Severe Thunderstorm Warning","status":"NEW","product_id":"202409242226-KJKL-WUUS53-SVRJKL","year":2024,"fcster":"GEERTSON"},"geometry":{"type":"MultiPolygon","coordinates":[[[[-83.79,37.33],[-83.78,37.34],[-83.79,37.35],[-83.59,37.64],[-83.27,37.5],[-83.65,37.27],[-83.79,37.33]]]]}},
{"type":"Feature","properties":{"ugclist":"MOC003, MOC147","locations":"Andrew [MO], Nodaway [MO]","utc_issue":"2024-09-24T22:26:00Z","utc_expire":"2024-09-24T23:15:00Z","utc_polygon_begin":"2024-09-24T22:26:00Z","utc_polygon_end":"2024-09-24T22:41:00Z","ph_sig":"SV.W","wfo":"EAX","eventid":398,"phenomena":"SV","significance":"W","nws_color":"#FFA500","event_label":"Severe Thunderstorm Warning","status":"NEW","product_id":"202409242226-KEAX-WUUS53-SVREAX","year":2024,"fcster":"CDB"},"geometry":{"type":"MultiPolygon","coordinates":[[[[-94.62,40.0],[-94.99,39.93],[-95.01,40.02],[-95.0,40.03],[-95.02,40.04],[-95.01,40.05],[-95.02,40.05],[-95.06,40.22],[-94.89,40.25],[-94.62,40.0]]]]}},
{"type":"Feature","properties":{"ugclist":"NCC123, NCC151, NCC167","locations":"Montgomery [NC], Randolph [NC], Stanly [NC]","utc_issue":"2024-09-24T22:27:00Z","utc_expire":"2024-09-24T23:30:00Z","utc_polygon_begin":"2024-09-24T22:27:00Z","utc_polygon_end":"2024-09-24T23:07:00Z","ph_sig":"SV.W","wfo":"RAH","eventid":171,"phenomena":"SV","significance":"W","nws_color":"#FFA500","event_label":"Severe Thunderstorm Warning","status":"NEW","product_id":"202409242227-KRAH-WUUS52-SVRRAH","year":2024,"fcster":"pwb"},"geometry":{"type":"MultiPolygon","coordinates":[[[[-80.04,35.51],[-80.06,35.56],[-79.63,35.66],[-79.6,35.51],[-79.77,35.51],[-79.74,35.39],[-80.03,35.38],[-80.2,35.38],[-80.04,35.51]]]]}},
{"type":"Feature","properties":{"ugclist":"TXC133, TXC429","locations":"Eastland [TX], Stephens [TX]","utc_issue":"2024-09-24T22:29:00Z","utc_expire":"2024-09-24T23:30:00Z","utc_polygon_begin":"2024-09-24T22:29:00Z","utc_polygon_end":"2024-09-24T22:55:00Z","ph_sig":"SV.W","wfo":"FWD","eventid":386,"phenomena":"SV","significance":"W","nws_color":"#FFA500","event_label":"Severe Thunderstorm Warning","status":"NEW","product_id":"202409242229-KFWD-WUUS54-SVRFWD","year":2024,"fcster":"Hernandez"},"geometry":{"type":"MultiPolygon","coordinates":[[[[-99.09,32.55],[-99.1,32.73],[-99.05,32.78],[-98.74,32.53],[-98.97,32.38],[-99.1,32.55],[-99.09,32.55]]]]}},
{"type":"Feature","properties":{"ugclist":"MIC059","locations":"Hillsdale [MI]","utc_issue":"2024-09-24T22:31:00Z","utc_expire":"2024-09-24T23:00:00Z","utc_polygon_begin":"2024-09-24T22:31:00Z","utc_polygon_end":"2024-09-24T23:00:00Z","ph_sig":"SV.W","wfo":"IWX","eventid":119,"phenomena":"SV","significance":"W","nws_color":"#FFA500","event_label":"Severe Thunderstorm Warning","status":"NEW","product_id":"202409242231-KIWX-WUUS53-SVRIWX","year":2024,"fcster":"FISHER"},"geometry":{"type":"MultiPolygon","coordinates":[[[[-84.69,41.73],[-84.74,41.78],[-84.59,41.95],[-84.39,41.79],[-84.69,41.73]]]]}},
{"type":"Feature","properties":{"ugclist":"OHC003, OHC137","locations":"Allen [OH], Putnam [OH]","utc_issue":"2024-09-24T22:36:00Z","utc_expire":"2024-09-24T23:15:00Z","utc_polygon_begin":"2024-09-24T22:36:00Z","utc_polygon_end":"2024-09-24T23:05:00Z","ph_sig":"SV.W","wfo":"IWX","eventid":120,"phenomena":"SV","significance":"W","nws_color":"#FFA500","event_label":"Severe Thunderstorm Warning","status":"NEW","product_id":"202409242236-KIWX-WUUS53-SVRIWX","year":2024,"fcster":"MARSILI"},"geometry":{"type":"MultiPolygon","coordinates":[[[[-84.22,40.81],[-84.34,40.86],[-84.34,40.87],[-84.18,41.09],[-83.93,40.96],[-84.22,40.81]]]]}},
{"type":"Feature","properties":{"ugclist":"OHC069, OHC137","locations":"Henry [OH], Putnam [OH]","utc_issue":"2024-09-24T22:37:00Z","utc_expire":"2024-09-24T23:15:00Z","utc_polygon_begin":"2024-09-24T22:37:00Z","utc_polygon_end":"2024-09-24T23:00:00Z","ph_sig":"SV.W","wfo":"IWX","eventid":121,"phenomena":"SV","significance":"W","nws_color":"#FFA500","event_label":"Severe Thunderstorm Warning","status":"NEW","product_id":"202409242237-KIWX-WUUS53-SVRIWX","year":2024,"fcster":"MARSILI"},"geometry":{"type":"MultiPolygon","coordinates":[[[[-84.08,41.08],[-84.1,41.2],[-84.15,41.24],[-83.88,41.42],[-83.88,41.12],[-84.08,41.08]]]]}},
{"type":"Feature","properties":{"ugclist":"KYC013, KYC095, KYC121, KYC131","locations":"Bell [KY], Harlan [KY], Knox [KY], Leslie [KY]","utc_issue":"2024-09-24T22:37:00Z","utc_expire":"2024-09-25T01:17:00Z","utc_polygon_begin":"2024-09-24T22:37:00Z","utc_polygon_end":"2024-09-25T01:17:00Z","ph_sig":"FA.Y","wfo":"JKL","eventid":105,"phenomena":"FA","significance":"Y","nws_color":"#00FF7F","event_label":"Flood Advisory","status":"NEW","product_id":"202409242237-KJKL-WGUS83-FLSJKL","year":2024,"fcster":"VORST"},"geometry":{"type":"MultiPolygon","coordinates":[[[[-83.53,36.94],[-83.52,36.94],[-83.51,36.94],[-83.51,36.95],[-83.42,37.0],[-83.24,36.95],[-83.49,36.84],[-83.71,36.75],[-83.78,36.82],[-83.53,36.94]]]]}},
{"type":"Feature","properties":{"ugclist":"NCC057, NCC123, NCC151, NCC167","locations":"Davidson [NC], Montgomery [NC], Randolph [NC], Stanly [NC]","utc_issue":"2024-09-24T22:38:00Z","utc_expire":"2024-09-25T01:45:00Z","utc_polygon_begin":"2024-09-24T22:38:00Z","utc_polygon_end":"2024-09-25T01:45:00Z","ph_sig":"FA.Y","wfo":"RAH","eventid":142,"phenomena":"FA","significance":"Y","nws_color":"#00FF7F","event_label":"Flood Advisory","status":"NEW","product_id":"202409242238-KRAH-WGUS82-FLSRAH","year":2024,"fcster":"PWB"},"geometry":{"type":"MultiPolygon","coordinates":[[[[-80.1,35.61],[-80.08,35.66],[-80.06,35.68],[-79.92,35.73],[-79.79,35.74],[-79.67,35.73],[-79.7,35.61],[-79.75,35.52],[-79.77,35.51],[-79.77,35.47],[-79.81,35.44],[-79.92,35.4],[-80.02,35.4],[-80.04,35.38],[-80.14,35.39],[-80.17,35.41],[-80.16,35.47],[-80.11,35.55],[-80.1,35.61]]]]}},
{"type":"Feature","properties":{"ugclist":"MIC059","locations":"Hillsdale [MI]","utc_issue":"2024-09-24T22:39:00Z","utc_expire":"2024-09-24T23:30:00Z","utc_polygon_begin":"2024-09-24T22:39:00Z","utc_polygon_end":"2024-09-24T22:55:00Z","ph_sig":"TO.W","wfo":"IWX","eventid":36,"phenomena":"TO","significance":"W","nws_color":"#FF0000","event_label":"Tornado Warning","status":"NEW","product_id":"202409242239-KIWX-WFUS53-TORIWX","year":2024,"fcster":"FISHER"},"geometry":{"type":"MultiPolygon","coordinates":[[[[-84.36,41.81],[-84.65,41.75],[-84.69,41.83],[-84.37,42.07],[-84.36,41.81]]]]}},
{"type":"Feature","properties":{"ugclist":"KYC121, KYC125, KYC235","locations":"Knox [KY], Laurel [KY], Whitley [KY]","utc_issue":"2024-09-24T22:41:00Z","utc_expire":"2024-09-25T00:43:00Z","utc_polygon_begin":"2024-09-24T22:41:00Z","utc_polygon_end":"2024-09-25T00:43:00Z","ph_sig":"FA.Y","wfo":"JKL","eventid":106,"phenomena":"FA","significance":"Y","nws_color":"#00FF7F","event_label":"Flood Advisory","status":"NEW","product_id":"202409242241-KJKL-WGUS83-FLSJKL","year":2024,"fcster":"VORST"},"geometry":{"type":"MultiPolygon","coordinates":[[[[-84.31,36.86],[-84.33,36.87],[-84.31,36.88],[-84.31,36.89],[-84.32,36.89],[-84.32,36.91],[-84.3,36.91],[-84.31,36.92],[-84.31,36.93],[-84.3,36.94],[-84.3,36.95],[-84.27,37.05],[-84.0,37.07],[-83.98,36.87],[-84.33,36.85],[-84.31,36.86]]]]}},
{"type":"Feature","properties":{"ugclist":"MIC027","locations":"Cass [MI]","utc_issue":"2024-09-24T22:42:00Z","utc_expire":"2024-09-24T23:15:00Z","utc_polygon_begin":"2024-09-24T22:42:00Z","utc_polygon_end":"2024-09-24T23:08:00Z","ph_sig":"TO.W","wfo":"IWX","eventid":37,"phenomena":"TO","significance":"W","nws_color":"#FF0000","event_label":"Tornado Warning","status":"NEW","product_id":"202409242242-KIWX-WFUS53-TORIWX","year":2024,"fcster":"FISHER"},"geometry":{"type":"MultiPolygon","coordinates":[[[[-86.07,41.84],[-86.1,41.89],[-85.95,42.01],[-85.87,41.89],[-86.07,41.84]]]]}},
{"type":"Feature","properties":{"ugclist":"VAC143, VAC590","locations":"Pittsylvania [VA], City of Danville [VA]","utc_issue":"2024-09-24T22:42:00Z","utc_expire":"2024-09-24T23:45:00Z","utc_polygon_begin":"2024-09-24T22:42:00Z","utc_polygon_end":"2024-09-24T23:06:00Z","ph_sig":"SV.W","wfo":"RNK","eventid":180,"phenomena":"SV","significance":"W","nws_color":"#FFA500","event_label":"Severe Thunderstorm Warning","status":"NEW","product_id":"202409242242-KRNK-WUUS51-SVRRNK","year":2024,"fcster":"AS"},"geometry":{"type":"MultiPolygon","coordinates":[[[[-79.66,36.61],[-79.68,36.7],[-79.66,36.77],[-79.32,36.83],[-79.23,36.73],[-79.23,36.64],[-79.66,36.61]]]]}},
{"type":"Feature","properties":{"ugclist":"OKC017, OKC073, OKC083, OKC109","locations":"Canadian [OK], Kingfisher [OK], Logan [OK], Oklahoma [OK]","utc_issue":"2024-09-24T22:45:00Z","utc_expire":"2024-09-24T23:30:00Z","utc_polygon_begin":"2024-09-24T22:45:00Z","utc_polygon_end":"2024-09-24T23:00:00Z","ph_sig":"SV.W","wfo":"OUN","eventid":873,"phenomena":"SV","significance":"W","nws_color":"#FFA500","event_label":"Severe Thunderstorm Warning","status":"NEW","product_id":"202409242245-KOUN-WUUS54-SVROUN","year":2024,"fcster":"JT"},"geometry":{"type":"MultiPolygon","coordinates":[[[[-97.77,35.64],[-97.74,35.79],[-97.18,35.72],[-97.31,35.38],[-97.77,35.64]]]]}},
{"type":"Feature","properties":{"ugclist":"VAC195","locations":"Wise [VA]","utc_issue":"2024-09-24T22:46:00Z","utc_expire":"2024-09-24T23:13:00Z","utc_polygon_begin":"2024-09-24T22:46:00Z","utc_polygon_end":"2024-09-24T23:13:00Z","ph_sig":"SV.W","wfo":"MRX","eventid":184,"phenomena":"SV","significance":"W","nws_color":"#FFA500","event_label":"Severe Thunderstorm Warning","status":"NEW","product_id":"202409242246-KMRX-WUUS54-SVRMRX","year":2024,"fcster":"JLB"},"geometry":{"type":"MultiPolygon","coordinates":[[[[-82.55,37.13],[-82.5,37.07],[-82.48,37.03],[-82.47,37.03],[-82.43,37.0],[-82.78,37.01],[-82.76,37.03],[-82.75,37.03],[-82.74,37.04],[-82.72,37.05],[-82.72,37.12],[-82.64,37.15],[-82.55,37.2],[-82.55,37.13]]]]}},
{"type":"Feature","properties":{"ugclist":"TNC001, TNC093, TNC105, TNC121, TNC129, TNC143, TNC145, TNC151","locations":"Anderson [TN], Knox [TN], Loudon [TN], Meigs [TN], Morgan [TN], Rhea [TN], Roane [TN], Scott [TN]","utc_issue":"2024-09-24T22:47:00Z","utc_expire":"2024-09-24T23:12:00Z","utc_polygon_begin":"2024-09-24T22:47:00Z","utc_polygon_end":"2024-09-24T23:12:00Z","ph_sig":"SV.W","wfo":"MRX","eventid":185,"phenomena":"SV","significance":"W","nws_color":"#FFA500","event_label":"Severe Thunderstorm Warning","status":"NEW","product_id":"202409242247-KMRX-WUUS54-SVRMRX","year":2024,"fcster":"KRS"},"geometry":{"type":"MultiPolygon","coordinates":[[[[-84.68,35.59],[-84.87,35.75],[-84.82,35.82],[-84.77,35.83],[-84.73,35.86],[-84.71,35.89],[-84.68,35.91],[-84.71,35.96],[-84.46,36.28],[-84.37,36.23],[-84.37,36.21],[-84.35,36.22],[-83.94,35.97],[-84.58,35.64],[-84.62,35.64],[-84.66,35.6],[-84.68,35.59]]]]}},
{"type":"Feature","properties":{"ugclist":"KSC139, KSC177","locations":"Osage [KS], Shawnee [KS]","utc_issue":"2024-09-24T22:50:00Z","utc_expire":"2024-09-24T23:15:00Z","utc_polygon_begin":"2024-09-24T22:50:00Z","utc_polygon_end":"2024-09-24T23:00:00Z","ph_sig":"SV.W","wfo":"TOP","eventid":329,"phenomena":"SV","significance":"W","nws_color":"#FFA500","event_label":"Severe Thunderstorm Warning","status":"NEW","product_id":"202409242250-KTOP-WUUS53-SVRTOP","year":2024,"fcster":"101"},"geometry":{"type":"MultiPolygon","coordinates":[[[[-95.89,39.05],[-95.74,39.07],[-95.54,38.86],[-95.78,38.81],[-95.89,39.05]]]]}},
{"type":"Feature","properties":{"ugclist":"KYC051, KYC121, KYC125","locations":"Clay [KY], Knox [KY], Laurel [KY]","utc_issue":"2024-09-24T22:55:00Z","utc_expire":"2024-09-24T23:17:00Z","utc_polygon_begin":"2024-09-24T22:55:00Z","utc_polygon_end":"2024-09-24T23:00:00Z","ph_sig":"SV.W","wfo":"JKL","eventid":136,"phenomena":"SV","significance":"W","nws_color":"#FFA500","event_label":"Severe Thunderstorm Warning","status":"NEW","product_id":"202409242255-KJKL-WUUS53-SVRJKL","year":2024,"fcster":"GEERTSON"},"geometry":{"type":"MultiPolygon","coordinates":[[[[-84.07,36.88],[-84.08,37.03],[-83.65,37.09],[-83.65,36.87],[-84.07,36.88]]]]}},
{"type":"Feature","properties":{"ugclist":"TNC067, TNC073, TNC163, TNC179, VAC105, VAC167, VAC169, VAC191","locations":"Hancock [TN], Hawkins [TN], Sullivan [TN], Washington [TN], Lee [VA], Russell [VA], Scott [VA], Washington [VA]","utc_issue":"2024-09-24T22:55:00Z","utc_expire":"2024-09-24T23:45:00Z","utc_polygon_begin":"2024-09-24T22:55:00Z","utc_polygon_end":"2024-09-24T23:31:00Z","ph_sig":"SV.W","wfo":"MRX","eventid":186,"phenomena":"SV","significance":"W","nws_color":"#FFA500","event_label":"Severe Thunderstorm Warning","status":"NEW","product_id":"202409242255-KMRX-WUUS54-SVRMRX","year":2024,"fcster":"JLB"},"geometry":{"type":"MultiPolygon","coordinates":[[[[-82.28,36.42],[-82.93,36.45],[-82.91,36.73],[-82.2,36.9],[-82.28,36.42]]]]}},
{"type":"Feature","properties":{"ugclist":"NCC169, NCC171, VAC141","locations":"Stokes [NC], Surry [NC], Patrick [VA]","utc_issue":"2024-09-24T22:56:00Z","utc_expire":"2024-09-24T23:15:00Z","utc_polygon_begin":"2024-09-24T22:56:00Z","utc_polygon_end":"2024-09-24T23:15:00Z","ph_sig":"SV.W","wfo":"RNK","eventid":181,"phenomena":"SV","significance":"W","nws_color":"#FFA500","event_label":"Severe Thunderstorm Warning","status":"NEW","product_id":"202409242256-KRNK-WUUS51-SVRRNK","year":2024,"fcster":"AS"},"geometry":{"type":"MultiPolygon","coordinates":[[[[-80.55,36.52],[-80.58,36.6],[-80.23,36.7],[-80.18,36.62],[-80.19,36.54],[-80.55,36.52]]]]}},
{"type":"Feature","properties":{"ugclist":"OHC043, OHC077, OHC093","locations":"Erie [OH], Huron [OH], Lorain [OH]","utc_issue":"2024-09-24T23:02:00Z","utc_expire":"2024-09-24T23:45:00Z","utc_polygon_begin":"2024-09-24T23:02:00Z","utc_polygon_end":"2024-09-24T23:26:00Z","ph_sig":"SV.W","wfo":"CLE","eventid":169,"phenomena":"SV","significance":"W","nws_color":"#FFA500","event_label":"Severe Thunderstorm Warning","status":"NEW","product_id":"202409242302-KCLE-WUUS51-SVRCLE","year":2024,"fcster":"Jaszka"},"geometry":{"type":"MultiPolygon","coordinates":[[[[-82.72,41.01],[-82.74,41.21],[-82.16,41.38],[-82.17,41.07],[-82.27,41.06],[-82.43,41.07],[-82.44,41.04],[-82.72,41.01]]]]}},
{"type":"Feature","properties":{"ugclist":"LAC021","locations":"Caldwell [LA]","utc_issue":"2024-09-24T23:03:00Z","utc_expire":"2024-09-24T23:45:00Z","utc_polygon_begin":"2024-09-24T23:03:00Z","utc_polygon_end":"2024-09-24T23:45:00Z","ph_sig":"SV.W","wfo":"SHV","eventid":292,"phenomena":"SV","significance":"W","nws_color":"#FFA500","event_label":"Severe Thunderstorm Warning","status":"NEW","product_id":"202409242303-KSHV-WUUS54-SVRSHV","year":2024,"fcster":"05"},"geometry":{"type":"MultiPolygon","coordinates":[[[[-91.93,32.07],[-91.9,32.04],[-91.9,31.99],[-92.07,31.93],[-92.25,32.17],[-92.05,32.28],[-91.99,32.28],[-92.0,32.26],[-91.99,32.25],[-92.01,32.23],[-91.99,32.21],[-92.01,32.19],[-91.97,32.2],[-91.98,32.17],[-91.94,32.17],[-91.9,32.16],[-91.9,32.14],[-91.87,32.12],[-91.87,32.09],[-91.93,32.07]]]]}},
{"type":"Feature","properties":{"ugclist":"MSC043, MSC097, MSC155","locations":"Grenada [MS], Montgomery [MS], Webster [MS]","utc_issue":"2024-09-24T23:09:00Z","utc_expire":"2024-09-24T23:34:00Z","utc_polygon_begin":"2024-09-24T23:09:00Z","utc_polygon_end":"2024-09-24T23:23:00Z","ph_sig":"SV.W","wfo":"JAN","eventid":263,"phenomena":"SV","significance":"W","nws_color":"#FFA500","event_label":"Severe Thunderstorm Warning","status":"NEW","product_id":"202409242309-KJAN-WUUS54-SVRJAN","year":2024,"fcster":"DL"},"geometry":{"type":"MultiPolygon","coordinates":[[[[-89.51,33.72],[-89.22,33.72],[-89.43,33.57],[-89.66,33.6],[-89.51,33.82],[-89.51,33.72]]]]}},
{"type":"Feature","properties":{"ugclist":"MSC013, MSC017","locations":"Calhoun [MS], Chickasaw [MS]","utc_issue":"2024-09-24T23:19:00Z","utc_expire":"2024-09-24T23:40:00Z","utc_polygon_begin":"2024-09-24T23:19:00Z","utc_polygon_end":"2024-09-24T23:35:00Z","ph_sig":"SV.W","wfo":"MEG","eventid":205,"phenomena":"SV","significance":"W","nws_color":"#FFA500","event_label":"Severe Thunderstorm Warning","status":"NEW","product_id":"202409242319-KMEG-WUUS54-SVRMEG","year":2024,"fcster":"CAD"},"geometry":{"type":"MultiPolygon","coordinates":[[[[-89.51,33.75],[-89.28,33.96],[-88.85,33.82],[-88.86,33.81],[-88.93,33.81],[-88.93,33.76],[-88.95,33.75],[-89.03,33.75],[-89.04,33.74],[-89.19,33.74],[-89.19,33.72],[-89.51,33.72],[-89.51,33.75]]]]}},
{"type":"Feature","properties":{"ugclist":"OHC063, OHC123, OHC143, OHC147, OHC173","locations":"Hancock [OH], Ottawa [OH], Sandusky [OH], Seneca [OH], Wood [OH]","utc_issue":"2024-09-24T23:23:00Z","utc_expire":"2024-09-25T00:15:00Z","utc_polygon_begin":"2024-09-24T23:23:00Z","utc_polygon_end":"2024-09-25T00:15:00Z","ph_sig":"SV.W","wfo":"CLE","eventid":170,"phenomena":"SV","significance":"W","nws_color":"#FFA500","event_label":"Severe Thunderstorm Warning","status":"NEW","product_id":"202409242323-KCLE-WUUS51-SVRCLE","year":2024,"fcster":"Jaszka"},"geometry":{"type":"MultiPolygon","coordinates":[[[[-83.88,41.38],[-83.58,41.54],[-83.15,41.57],[-83.14,41.03],[-83.88,41.02],[-83.88,41.38]]]]}},
{"type":"Feature","properties":{"ugclist":"OKC027, OKC081, OKC109","locations":"Cleveland [OK], Lincoln [OK], Oklahoma [OK]","utc_issue":"2024-09-24T23:27:00Z","utc_expire":"2024-09-25T00:15:00Z","utc_polygon_begin":"2024-09-24T23:27:00Z","utc_polygon_end":"2024-09-24T23:32:00Z","ph_sig":"SV.W","wfo":"OUN","eventid":874,"phenomena":"SV","significance":"W","nws_color":"#FFA500","event_label":"Severe Thunderstorm Warning","status":"NEW","product_id":"202409242327-KOUN-WUUS54-SVROUN","year":2024,"fcster":"JT"},"geometry":{"type":"MultiPolygon","coordinates":[[[[-97.09,35.46],[-97.14,35.46],[-97.14,35.41],[-97.36,35.15],[-97.56,35.54],[-97.5,35.62],[-97.07,35.49],[-97.09,35.46]]]]}},
{"type":"Feature","properties":{"ugclist":"TNC019, TNC091, TNC163, TNC179, VAC167, VAC169, VAC191, VAC520","locations":"Carter [TN], Johnson [TN], Sullivan [TN], Washington [TN], Russell [VA], Scott [VA], Washington [VA], City of Bristol [VA]","utc_issue":"2024-09-24T23:42:00Z","utc_expire":"2024-09-25T00:45:00Z","utc_polygon_begin":"2024-09-24T23:42:00Z","utc_polygon_end":"2024-09-25T00:37:00Z","ph_sig":"SV.W","wfo":"MRX","eventid":187,"phenomena":"SV","significance":"W","nws_color":"#FFA500","event_label":"Severe Thunderstorm Warning","status":"NEW","product_id":"202409242342-KMRX-WUUS54-SVRMRX","year":2024,"fcster":"JLB"},"geometry":{"type":"MultiPolygon","coordinates":[[[[-82.58,36.43],[-82.54,36.75],[-81.92,36.84],[-81.93,36.41],[-82.58,36.43]]]]}},
{"type":"Feature","properties":{"ugclist":"OHC043, OHC077, OHC093","locations":"Erie [OH], Huron [OH], Lorain [OH]","utc_issue":"2024-09-24T23:44:00Z","utc_expire":"2024-09-25T00:30:00Z","utc_polygon_begin":"2024-09-24T23:44:00Z","utc_polygon_end":"2024-09-24T23:54:00Z","ph_sig":"TO.W","wfo":"CLE","eventid":35,"phenomena":"TO","significance":"W","nws_color":"#FF0000","event_label":"Tornado Warning","status":"NEW","product_id":"202409242344-KCLE-WFUS51-TORCLE","year":2024,"fcster":"Jaszka"},"geometry":{"type":"MultiPolygon","coordinates":[[[[-82.55,41.28],[-82.12,41.41],[-82.05,41.2],[-82.07,41.19],[-82.08,41.17],[-82.52,41.1],[-82.55,41.28]]]]}},
{"type":"Feature","properties":{"ugclist":"SCC007, SCC045, SCC077, SCC083","locations":"Anderson [SC], Greenville [SC], Pickens [SC], Spartanburg [SC]","utc_issue":"2024-09-24T23:49:00Z","utc_expire":"2024-09-25T00:45:00Z","utc_polygon_begin":"2024-09-24T23:49:00Z","utc_polygon_end":"2024-09-25T00:01:00Z","ph_sig":"SV.W","wfo":"GSP","eventid":273,"phenomena":"SV","significance":"W","nws_color":"#FFA500","event_label":"Severe Thunderstorm Warning","status":"NEW","product_id":"202409242349-KGSP-WUUS52-SVRGSP","year":2024,"fcster":"TW"},"geometry":{"type":"MultiPolygon","coordinates":[[[[-82.57,34.71],[-82.61,34.91],[-82.19,35.1],[-82.06,34.89],[-82.57,34.71]]]]}},
{"type":"Feature","properties":{"ugclist":"KYC095, KYC133, KYC193","locations":"Harlan [KY], Letcher [KY], Perry [KY]","utc_issue":"2024-09-24T23:49:00Z","utc_expire":"2024-09-25T03:00:00Z","utc_polygon_begin":"2024-09-24T23:49:00Z","utc_polygon_end":"2024-09-25T02:55:00Z","ph_sig":"FA.Y","wfo":"JKL","eventid":107,"phenomena":"FA","significance":"Y","nws_color":"#00FF7F","event_label":"Flood Advisory","status":"NEW","product_id":"202409242349-KJKL-WGUS83-FLSJKL","year":2024,"fcster":"GEERTSON"},"geometry":{"type":"MultiPolygon","coordinates":[[[[-83.22,36.98],[-82.99,37.08],[-82.91,37.01],[-83.16,36.93],[-83.22,36.98]]]]}},
{"type":"Feature","properties":{"ugclist":"KYC051, KYC121, KYC125","locations":"Clay [KY], Knox [KY], Laurel [KY]","utc_issue":"2024-09-24T23:50:00Z","utc_expire":"2024-09-25T03:00:00Z","utc_polygon_begin":"2024-09-24T23:50:00Z","utc_polygon_end":"2024-09-25T02:56:00Z","ph_sig":"FA.Y","wfo":"JKL","eventid":108,"phenomena":"FA","significance":"Y","nws_color":"#00FF7F","event_label":"Flood Advisory","status":"NEW","product_id":"202409242350-KJKL-WGUS83-FLSJKL","year":2024,"fcster":"GEERTSON"},"geometry":{"type":"MultiPolygon","coordinates":[[[[-83.95,37.08],[-83.93,37.09],[-83.62,37.23],[-83.56,37.16],[-83.79,37.04],[-83.95,36.95],[-83.99,36.93],[-84.0,37.06],[-83.95,37.08]]]]}},
{"type":"Feature","properties":{"ugclist":"LEZ143, LEZ144, LEZ145, LEZ146, LEZ163, LEZ164, LEZ165, LEZ166, LEZ167","locations":"Reno Beach to The Islands OH [], The Islands to Vermilion OH [], Vermilion to Avon Point OH [], Avon Point to Willowick OH [], Reno Beach to The Islands OH beyond 5NM off shoreline to US-Canadian border [], The Islands to Vermilion OH beyond 5 nm off shoreline to US-Canadian border [], Vermilion to Avon Point OH beyond 5 nm off shoreline to US-Canadian border [], Avon Point to Willowick OH beyond 5 nm off shoreline to US-Canadian border [], Willowick to Geneva-on-the-Lake OH beyond 5NM off shoreline to US-Canadian border []","utc_issue":"2024-09-24T23:52:00Z","utc_expire":"2024-09-25T01:45:00Z","utc_polygon_begin":"2024-09-24T23:52:00Z","utc_polygon_end":"2024-09-25T00:50:00Z","ph_sig":"MA.W","wfo":"CLE","eventid":102,"phenomena":"MA","significance":"W","nws_color":"#FFA500","event_label":"Marine Warning","status":"NEW","product_id":"202409242352-KCLE-WHUS51-SMWCLE","year":2024,"fcster":"Jaszka"},"geometry":{"type":"MultiPolygon","coordinates":[[[[-82.62,41.41],[-82.68,41.45],[-82.76,41.44],[-82.81,41.47],[-82.8,41.51],[-82.71,41.53],[-82.72,41.54],[-82.78,41.54],[-82.71,41.69],[-82.4,41.68],[-81.25,42.21],[-81.15,42.22],[-81.72,41.5],[-81.88,41.48],[-82.02,41.52],[-82.47,41.38],[-82.62,41.41]]]]}},
{"type":"Feature","properties":{"ugclist":"OKC027, OKC087, OKC125","locations":"Cleveland [OK], McClain [OK], Pottawatomie [OK]","utc_issue":"2024-09-25T00:12:00Z","utc_expire":"2024-09-25T00:45:00Z","utc_polygon_begin":"2024-09-25T00:12:00Z","utc_polygon_end":"2024-09-25T00:20:00Z","ph_sig":"SV.W","wfo":"OUN","eventid":875,"phenomena":"SV","significance":"W","nws_color":"#FFA500","event_label":"Severe Thunderstorm Warning","status":"NEW","product_id":"202409250012-KOUN-WUUS54-SVROUN","year":2024,"fcster":"JT"},"geometry":{"type":"MultiPolygon","coordinates":[[[[-97.45,35.27],[-97.4,35.35],[-97.32,35.37],[-97.04,35.1],[-97.39,34.92],[-97.45,35.27]]]]}},
{"type":"Feature","properties":{"ugclist":"TNC021, TNC037, TNC043, TNC147, TNC165","locations":"Cheatham [TN], Davidson [TN], Dickson [TN], Robertson [TN], Sumner [TN]","utc_issue":"2024-09-25T00:18:00Z","utc_expire":"2024-09-25T00:35:00Z","utc_polygon_begin":"2024-09-25T00:18:00Z","utc_polygon_end":"2024-09-25T00:35:00Z","ph_sig":"SV.W","wfo":"OHX","eventid":175,"phenomena":"SV","significance":"W","nws_color":"#FFA500","event_label":"Severe Thunderstorm Warning","status":"NEW","product_id":"202409250018-KOHX-WUUS54-SVROHX","year":2024,"fcster":"Mueller"},"geometry":{"type":"MultiPolygon","coordinates":[[[[-87.2,36.2],[-87.22,36.35],[-86.71,36.49],[-86.66,36.24],[-87.2,36.2]]]]}},
{"type":"Feature","properties":{"ugclist":"VAC037, VAC083","locations":"Charlotte [VA], Halifax [VA]","utc_issue":"2024-09-25T00:27:00Z","utc_expire":"2024-09-25T01:13:00Z","utc_polygon_begin":"2024-09-25T00:27:00Z","utc_polygon_end":"2024-09-25T00:48:00Z","ph_sig":"SV.W","wfo":"RNK","eventid":182,"phenomena":"SV","significance":"W","nws_color":"#FFA500","event_label":"Severe Thunderstorm Warning","status":"NEW","product_id":"202409250027-KRNK-WUUS51-SVRRNK","year":2024,"fcster":"BMG"},"geometry":{"type":"MultiPolygon","coordinates":[[[[-78.49,36.89],[-78.64,36.71],[-79.02,36.71],[-79.02,36.89],[-78.46,37.03],[-78.49,36.89]]]]}},
{"type":"Feature","properties":{"ugclist":"OHC035, OHC093","locations":"Cuyahoga [OH], Lorain [OH]","utc_issue":"2024-09-25T00:29:00Z","utc_expire":"2024-09-25T01:15:00Z","utc_polygon_begin":"2024-09-25T00:29:00Z","utc_polygon_end":"2024-09-25T00:42:00Z","ph_sig":"TO.W","wfo":"CLE","eventid":36,"phenomena":"TO","significance":"W","nws_color":"#FF0000","event_label":"Tornado Warning","status":"NEW","product_id":"202409250029-KCLE-WFUS51-TORCLE","year":2024,"fcster":"Jaszka"},"geometry":{"type":"MultiPolygon","coordinates":[[[[-81.95,41.49],[-81.89,41.48],[-81.86,41.48],[-81.8,41.5],[-81.75,41.48],[-82.15,41.28],[-82.3,41.27],[-82.32,41.35],[-82.18,41.47],[-81.99,41.52],[-81.95,41.49]]]]}},
{"type":"Feature","properties":{"ugclist":"OKC081, OKC125, OKC133","locations":"Lincoln [OK], Pottawatomie [OK], Seminole [OK]","utc_issue":"2024-09-25T00:29:00Z","utc_expire":"2024-09-25T01:15:00Z","utc_polygon_begin":"2024-09-25T00:29:00Z","utc_polygon_end":"2024-09-25T00:50:00Z","ph_sig":"SV.W","wfo":"OUN","eventid":876,"phenomena":"SV","significance":"W","nws_color":"#FFA500","event_label":"Severe Thunderstorm Warning","status":"NEW","product_id":"202409250029-KOUN-WUUS54-SVROUN","year":2024,"fcster":"..speg."},"geometry":{"type":"MultiPolygon","coordinates":[[[[-96.59,35.22],[-97.01,35.61],[-96.9,35.73],[-96.62,35.57],[-96.62,35.4],[-96.6,35.4],[-96.58,35.41],[-96.54,35.39],[-96.54,35.41],[-96.57,35.44],[-96.54,35.46],[-96.51,35.43],[-96.49,35.43],[-96.48,35.46],[-96.46,35.46],[-96.44,35.45],[-96.44,35.35],[-96.59,35.22]]]]}},
{"type":"Feature","properties":{"ugclist":"LEZ142, LEZ143, LEZ144, LEZ163, LEZ164","locations":"Maumee Bay to Reno Beach OH [], Reno Beach to The Islands OH [], The Islands to Vermilion OH [], Reno Beach to The Islands OH beyond 5NM off shoreline to US-Canadian border [], The Islands to Vermilion OH beyond 5 nm off shoreline to US-Canadian border []","utc_issue":"2024-09-25T00:39:00Z","utc_expire":"2024-09-25T01:45:00Z","utc_polygon_begin":"2024-09-25T00:39:00Z","utc_polygon_end":"2024-09-25T01:39:00Z","ph_sig":"MA.W","wfo":"CLE","eventid":103,"phenomena":"MA","significance":"W","nws_color":"#FFA500","event_label":"Marine Warning","status":"NEW","product_id":"202409250039-KCLE-WHUS51-SMWCLE","year":2024,"fcster":"Jaszka"},"geometry":{"type":"MultiPolygon","coordinates":[[[[-83.09,41.48],[-82.99,41.46],[-82.73,41.53],[-82.71,41.54],[-83.13,41.49],[-83.15,41.51],[-82.98,41.52],[-82.97,41.52],[-83.1,41.61],[-83.17,41.58],[-83.13,41.62],[-83.29,41.68],[-83.07,41.86],[-82.68,41.67],[-82.42,41.68],[-82.74,41.45],[-82.81,41.48],[-82.94,41.42],[-83.09,41.48]]]]}},
{"type":"Feature","properties":{"ugclist":"SCC073, SCC077","locations":"Oconee [SC], Pickens [SC]","utc_issue":"2024-09-25T00:41:00Z","utc_expire":"2024-09-25T01:26:00Z","utc_polygon_begin":"2024-09-25T00:41:00Z","utc_polygon_end":"2024-09-25T00:52:00Z","ph_sig":"SV.W","wfo":"GSP","eventid":274,"phenomena":"SV","significance":"W","nws_color":"#FFA500","event_label":"Severe Thunderstorm Warning","status":"NEW","product_id":"202409250041-KGSP-WUUS52-SVRGSP","year":2024,"fcster":"TW"},"geometry":{"type":"MultiPolygon","coordinates":[[[[-83.13,34.94],[-83.11,34.93],[-83.13,34.95],[-83.12,34.95],[-83.12,34.97],[-83.1,34.99],[-82.79,35.09],[-82.78,35.08],[-82.78,35.07],[-82.77,35.07],[-82.73,34.88],[-83.13,34.85],[-83.13,34.94]]]]}},
{"type":"Feature","properties":{"ugclist":"OKC109","locations":"Oklahoma [OK]","utc_issue":"2024-09-25T00:49:00Z","utc_expire":"2024-09-25T03:00:00Z","utc_polygon_begin":"2024-09-25T00:49:00Z","utc_polygon_end":"2024-09-25T03:00:00Z","ph_sig":"FA.Y","wfo":"OUN","eventid":193,"phenomena":"FA","significance":"Y","nws_color":"#00FF7F","event_label":"Flood Advisory","status":"NEW","product_id":"202409250049-KOUN-WGUS84-FLSOUN","year":2024,"fcster":".speg."},"geometry":{"type":"MultiPolygon","coordinates":[[[[-97.38,35.46],[-97.36,35.38],[-97.41,35.38],[-97.51,35.38],[-97.55,35.43],[-97.54,35.49],[-97.6,35.62],[-97.5,35.63],[-97.43,35.5],[-97.38,35.46]]]]}},
{"type":"Feature","properties":{"ugclist":"NCC001, NCC063, NCC135, NCC145","locations":"Alamance [NC], Durham [NC], Orange [NC], Person [NC]","utc_issue":"2024-09-25T00:50:00Z","utc_expire":"2024-09-25T04:00:00Z","utc_polygon_begin":"2024-09-25T00:50:00Z","utc_polygon_end":"2024-09-25T04:00:00Z","ph_sig":"FA.Y","wfo":"RAH","eventid":143,"phenomena":"FA","significance":"Y","nws_color":"#00FF7F","event_label":"Flood Advisory","status":"NEW","product_id":"202409250050-KRAH-WGUS82-FLSRAH","year":2024,"fcster":"PWB"},"geometry":{"type":"MultiPolygon","coordinates":[[[[-79.34,36.05],[-79.37,36.11],[-79.33,36.25],[-79.15,36.24],[-79.14,36.54],[-78.8,36.54],[-78.81,36.25],[-78.88,36.08],[-79.11,36.02],[-79.33,36.03],[-79.34,36.05]]]]}},
{"type":"Feature","properties":{"ugclist":"NCC057, NCC081, NCC151","locations":"Davidson [NC], Guilford [NC], Randolph [NC]","utc_issue":"2024-09-25T00:54:00Z","utc_expire":"2024-09-25T04:00:00Z","utc_polygon_begin":"2024-09-25T00:54:00Z","utc_polygon_end":"2024-09-25T04:00:00Z","ph_sig":"FA.Y","wfo":"RAH","eventid":144,"phenomena":"FA","significance":"Y","nws_color":"#00FF7F","event_label":"Flood Advisory","status":"NEW","product_id":"202409250054-KRAH-WGUS82-FLSRAH","year":2024,"fcster":"PWB"},"geometry":{"type":"MultiPolygon","coordinates":[[[[-80.28,35.69],[-80.33,35.72],[-80.35,35.8],[-80.33,35.84],[-80.3,35.89],[-80.12,36.02],[-80.04,36.01],[-80.04,36.06],[-79.89,36.09],[-79.8,36.13],[-79.71,36.15],[-79.7,36.08],[-79.61,35.94],[-79.61,35.89],[-79.64,35.8],[-80.09,35.66],[-80.28,35.69]]]]}},
{"type":"Feature","properties":{"ugclist":"MSC007, MSC051, MSC163","locations":"Attala [MS], Holmes [MS], Yazoo [MS]","utc_issue":"2024-09-25T00:56:00Z","utc_expire":"2024-09-25T01:45:00Z","utc_polygon_begin":"2024-09-25T00:56:00Z","utc_polygon_end":"2024-09-25T01:01:00Z","ph_sig":"SV.W","wfo":"JAN","eventid":264,"phenomena":"SV","significance":"W","nws_color":"#FFA500","event_label":"Severe Thunderstorm Warning","status":"NEW","product_id":"202409250056-KJAN-WUUS54-SVRJAN","year":2024,"fcster":"DL"},"geometry":{"type":"MultiPolygon","coordinates":[[[[-90.01,33.13],[-89.77,32.93],[-89.86,32.88],[-89.97,32.88],[-89.99,32.84],[-90.0,32.83],[-90.02,32.83],[-90.02,32.79],[-90.07,32.76],[-90.19,32.85],[-90.01,33.13]]]]}},
{"type":"Feature","properties":{"ugclist":"VAC037, VAC083, VAC143, VAC590","locations":"Charlotte [VA], Halifax [VA], Pittsylvania [VA], City of Danville [VA]","utc_issue":"2024-09-25T00:56:00Z","utc_expire":"2024-09-25T04:00:00Z","utc_polygon_begin":"2024-09-25T00:56:00Z","utc_polygon_end":"2024-09-25T04:00:00Z","ph_sig":"FA.Y","wfo":"RNK","eventid":110,"phenomena":"FA","significance":"Y","nws_color":"#00FF7F","event_label":"Flood Advisory","status":"NEW","product_id":"202409250056-KRNK-WGUS81-FLSRNK","year":2024,"fcster":"AS"},"geometry":{"type":"MultiPolygon","coordinates":[[[[-79.41,36.86],[-78.94,36.87],[-78.67,36.86],[-78.54,36.83],[-78.65,36.7],[-78.62,36.67],[-78.56,36.64],[-78.55,36.64],[-78.55,36.63],[-78.58,36.64],[-78.65,36.69],[-78.7,36.68],[-78.72,36.58],[-78.73,36.57],[-78.73,36.54],[-79.49,36.55],[-79.41,36.86]]]]}},
{"type":"Feature","properties":{"ugclist":"MOC095","locations":"Jackson [MO]","utc_issue":"2024-09-25T01:11:00Z","utc_expire":"2024-09-25T01:31:00Z","utc_polygon_begin":"2024-09-25T01:11:00Z","utc_polygon_end":"2024-09-25T01:31:00Z","ph_sig":"SV.W","wfo":"EAX","eventid":399,"phenomena":"SV","significance":"W","nws_color":"#FFA500","event_label":"Severe Thunderstorm Warning","status":"NEW","product_id":"202409250111-KEAX-WUUS53-SVREAX","year":2024,"fcster":"CDB"},"geometry":{"type":"MultiPolygon","coordinates":[[[[-94.44,38.87],[-94.49,39.14],[-94.46,39.12],[-94.4,39.17],[-94.4,39.19],[-94.39,39.19],[-94.37,39.16],[-94.33,39.19],[-94.32,39.21],[-94.31,39.21],[-94.13,38.94],[-94.44,38.87]]]]}},
{"type":"Feature","properties":{"ugclist":"OKC037, OKC111","locations":"Creek [OK], Okmulgee [OK]","utc_issue":"2024-09-25T01:11:00Z","utc_expire":"2024-09-25T01:45:00Z","utc_polygon_begin":"2024-09-25T01:11:00Z","utc_polygon_end":"2024-09-25T01:18:00Z","ph_sig":"SV.W","wfo":"TSA","eventid":423,"phenomena":"SV","significance":"W","nws_color":"#FFA500","event_label":"Severe Thunderstorm Warning","status":"NEW","product_id":"202409250111-KTSA-WUUS54-SVRTSA","year":2024,"fcster":null},"geometry":{"type":"MultiPolygon","coordinates":[[[[-96.29,36.03],[-96.03,35.89],[-96.03,35.86],[-95.97,35.86],[-95.95,35.85],[-96.1,35.68],[-96.41,35.86],[-96.29,36.03]]]]}},
{"type":"Feature","properties":{"ugclist":"OKC133","locations":"Seminole [OK]","utc_issue":"2024-09-25T01:12:00Z","utc_expire":"2024-09-25T01:25:00Z","utc_polygon_begin":"2024-09-25T01:12:00Z","utc_polygon_end":"2024-09-25T01:25:00Z","ph_sig":"SV.W","wfo":"OUN","eventid":877,"phenomena":"SV","significance":"W","nws_color":"#FFA500","event_label":"Severe Thunderstorm Warning","status":"NEW","product_id":"202409250112-KOUN-WUUS54-SVROUN","year":2024,"fcster":"..speg."},"geometry":{"type":"MultiPolygon","coordinates":[[[[-96.49,35.12],[-96.49,35.04],[-96.72,35.39],[-96.69,35.41],[-96.65,35.39],[-96.6,35.4],[-96.58,35.41],[-96.55,35.39],[-96.53,35.39],[-96.53,35.4],[-96.54,35.41],[-96.56,35.42],[-96.56,35.43],[-96.57,35.44],[-96.56,35.45],[-96.44,35.35],[-96.44,35.12],[-96.49,35.12]]]]}},
{"type":"Feature","properties":{"ugclist":"OKC037, OKC107, OKC111","locations":"Creek [OK], Okfuskee [OK], Okmulgee [OK]","utc_issue":"2024-09-25T01:14:00Z","utc_expire":"2024-09-25T01:46:00Z","utc_polygon_begin":"2024-09-25T01:14:00Z","utc_polygon_end":"2024-09-25T01:27:00Z","ph_sig":"SV.W","wfo":"TSA","eventid":424,"phenomena":"SV","significance":"W","nws_color":"#FFA500","event_label":"Severe Thunderstorm Warning","status":"NEW","product_id":"202409250114-KTSA-WUUS54-SVRTSA","year":2024,"fcster":null},"geometry":{"type":"MultiPolygon","coordinates":[[[[-96.61,35.75],[-96.48,35.89],[-96.09,35.68],[-96.25,35.5],[-96.61,35.75]]]]}},
{"type":"Feature","properties":{"ugclist":"OHC035, OHC093","locations":"Cuyahoga [OH], Lorain [OH]","utc_issue":"2024-09-25T01:15:00Z","utc_expire":"2024-09-25T01:45:00Z","utc_polygon_begin":"2024-09-25T01:15:00Z","utc_polygon_end":"2024-09-25T01:36:00Z","ph_sig":"TO.W","wfo":"CLE","eventid":37,"phenomena":"TO","significance":"W","nws_color":"#FF0000","event_label":"Tornado Warning","status":"NEW","product_id":"202409250115-KCLE-WFUS51-TORCLE","year":2024,"fcster":"Jaszka"},"geometry":{"type":"MultiPolygon","coordinates":[[[[-81.95,41.49],[-81.89,41.48],[-81.86,41.48],[-81.8,41.5],[-81.76,41.49],[-81.97,41.39],[-82.14,41.47],[-82.12,41.49],[-81.99,41.52],[-81.95,41.49]]]]}},
{"type":"Feature","properties":{"ugclist":"OKC081","locations":"Lincoln [OK]","utc_issue":"2024-09-25T01:32:00Z","utc_expire":"2024-09-25T01:42:00Z","utc_polygon_begin":"2024-09-25T01:32:00Z","utc_polygon_end":"2024-09-25T01:42:00Z","ph_sig":"SV.W","wfo":"OUN","eventid":878,"phenomena":"SV","significance":"W","nws_color":"#FFA500","event_label":"Severe Thunderstorm Warning","status":"NEW","product_id":"202409250132-KOUN-WUUS54-SVROUN","year":2024,"fcster":"JT"},"geometry":{"type":"MultiPolygon","coordinates":[[[[-96.77,35.75],[-96.66,35.83],[-96.62,35.8],[-96.63,35.49],[-96.77,35.75]]]]}},
{"type":"Feature","properties":{"ugclist":"OKC037, OKC107","locations":"Creek [OK], Okfuskee [OK]","utc_issue":"2024-09-25T01:33:00Z","utc_expire":"2024-09-25T02:15:00Z","utc_polygon_begin":"2024-09-25T01:33:00Z","utc_polygon_end":"2024-09-25T01:45:00Z","ph_sig":"SV.W","wfo":"TSA","eventid":425,"phenomena":"SV","significance":"W","nws_color":"#FFA500","event_label":"Severe Thunderstorm Warning","status":"NEW","product_id":"202409250133-KTSA-WUUS54-SVRTSA","year":2024,"fcster":null},"geometry":{"type":"MultiPolygon","coordinates":[[[[-96.62,35.8],[-96.32,35.6],[-96.62,35.46],[-96.63,35.47],[-96.62,35.8]]]]}},
{"type":"Feature","properties":{"ugclist":"OKC107","locations":"Okfuskee [OK]","utc_issue":"2024-09-25T01:52:00Z","utc_expire":"2024-09-25T02:31:00Z","utc_polygon_begin":"2024-09-25T01:52:00Z","utc_polygon_end":"2024-09-25T02:07:00Z","ph_sig":"SV.W","wfo":"TSA","eventid":426,"phenomena":"SV","significance":"W","nws_color":"#FFA500","event_label":"Severe Thunderstorm Warning","status":"NEW","product_id":"202409250152-KTSA-WUUS54-SVRTSA","year":2024,"fcster":null},"geometry":{"type":"MultiPolygon","coordinates":[[[[-96.62,35.64],[-96.23,35.64],[-96.19,35.57],[-96.19,35.55],[-96.17,35.55],[-96.08,35.42],[-96.09,35.38],[-96.06,35.38],[-96.0,35.29],[-96.44,35.29],[-96.44,35.46],[-96.47,35.46],[-96.5,35.43],[-96.55,35.45],[-96.57,35.44],[-96.54,35.41],[-96.54,35.39],[-96.58,35.41],[-96.6,35.4],[-96.62,35.4],[-96.62,35.64]]]]}},
{"type":"Feature","properties":{"ugclist":"VAC037, VAC083","locations":"Charlotte [VA], Halifax [VA]","utc_issue":"2024-09-25T01:57:00Z","utc_expire":"2024-09-25T04:39:00Z","utc_polygon_begin":"2024-09-25T01:57:00Z","utc_polygon_end":"2024-09-25T04:39:00Z","ph_sig":"FA.Y","wfo":"RNK","eventid":111,"phenomena":"FA","significance":"Y","nws_color":"#00FF7F","event_label":"Flood Advisory","status":"NEW","product_id":"202409250157-KRNK-WGUS81-FLSRNK","year":2024,"fcster":"BMG"},"geometry":{"type":"MultiPolygon","coordinates":[[[[-78.78,36.94],[-78.62,37.03],[-78.47,37.09],[-78.46,37.08],[-78.44,37.08],[-78.49,36.89],[-78.54,36.83],[-78.66,36.86],[-78.78,36.86],[-78.78,36.94]]]]}},
{"type":"Feature","properties":{"ugclist":"NCC033, NCC157","locations":"Caswell [NC], Rockingham [NC]","utc_issue":"2024-09-25T02:00:00Z","utc_expire":"2024-09-25T05:00:00Z","utc_polygon_begin":"2024-09-25T02:00:00Z","utc_polygon_end":"2024-09-25T04:53:00Z","ph_sig":"FA.Y","wfo":"RNK","eventid":112,"phenomena":"FA","significance":"Y","nws_color":"#00FF7F","event_label":"Flood Advisory","status":"NEW","product_id":"202409250200-KRNK-WGUS81-FLSRNK","year":2024,"fcster":"BMG"},"geometry":{"type":"MultiPolygon","coordinates":[[[[-79.36,36.54],[-79.14,36.54],[-79.15,36.24],[-79.53,36.25],[-79.53,36.24],[-79.59,36.24],[-79.65,36.35],[-79.36,36.54]]]]}},
{"type":"Feature","properties":{"ugclist":"NCC045, NCC071, NCC109, SCC021","locations":"Cleveland [NC], Gaston [NC], Lincoln [NC], Cherokee [SC]","utc_issue":"2024-09-25T02:04:00Z","utc_expire":"2024-09-25T02:45:00Z","utc_polygon_begin":"2024-09-25T02:04:00Z","utc_polygon_end":"2024-09-25T02:27:00Z","ph_sig":"SV.W","wfo":"GSP","eventid":275,"phenomena":"SV","significance":"W","nws_color":"#FFA500","event_label":"Severe Thunderstorm Warning","status":"NEW","product_id":"202409250204-KGSP-WUUS52-SVRGSP","year":2024,"fcster":"TW"},"geometry":{"type":"MultiPolygon","coordinates":[[[[-80.97,35.35],[-80.99,35.34],[-80.98,35.33],[-81.02,35.27],[-81.01,35.25],[-81.29,35.16],[-81.37,35.17],[-81.4,35.13],[-81.58,35.07],[-81.58,35.22],[-81.64,35.39],[-81.18,35.56],[-81.04,35.54],[-80.96,35.39],[-80.99,35.37],[-80.97,35.36],[-80.96,35.38],[-80.94,35.35],[-80.97,35.35]]]]}},
{"type":"Feature","properties":{"ugclist":"OKC091, OKC111","locations":"McIntosh [OK], Okmulgee [OK]","utc_issue":"2024-09-25T02:05:00Z","utc_expire":"2024-09-25T02:33:00Z","utc_polygon_begin":"2024-09-25T02:05:00Z","utc_polygon_end":"2024-09-25T02:19:00Z","ph_sig":"SV.W","wfo":"TSA","eventid":427,"phenomena":"SV","significance":"W","nws_color":"#FFA500","event_label":"Severe Thunderstorm Warning","status":"NEW","product_id":"202409250205-KTSA-WUUS54-SVRTSA","year":2024,"fcster":null},"geometry":{"type":"MultiPolygon","coordinates":[[[[-95.87,35.63],[-95.41,35.38],[-95.6,35.22],[-95.62,35.22],[-95.62,35.23],[-95.6,35.24],[-95.61,35.25],[-95.66,35.23],[-95.97,35.46],[-95.87,35.63]]]]}},
{"type":"Feature","properties":{"ugclist":"VAC111, VAC117","locations":"Lunenburg [VA], Mecklenburg [VA]","utc_issue":"2024-09-25T02:20:00Z","utc_expire":"2024-09-25T05:00:00Z","utc_polygon_begin":"2024-09-25T02:20:00Z","utc_polygon_end":"2024-09-25T04:58:00Z","ph_sig":"FF.W","wfo":"AKQ","eventid":124,"phenomena":"FF","significance":"W","nws_color":"#8B0000","event_label":"Flash Flood Warning","status":"NEW","product_id":"202409250220-KAKQ-WGUS51-FFWAKQ","year":2024,"fcster":"05"},"geometry":{"type":"MultiPolygon","coordinates":[[[[-78.49,36.9],[-78.48,36.94],[-78.47,36.98],[-78.47,36.99],[-78.37,37.03],[-78.28,37.07],[-78.21,37.06],[-78.17,36.99],[-78.2,36.94],[-78.25,36.9],[-78.32,36.84],[-78.49,36.77],[-78.58,36.79],[-78.56,36.8],[-78.56,36.81],[-78.52,36.85],[-78.49,36.89],[-78.49,36.9]]]]}},
{"type":"Feature","properties":{"ugclist":"OKC091","locations":"McIntosh [OK]","utc_issue":"2024-09-25T02:25:00Z","utc_expire":"2024-09-25T02:52:00Z","utc_polygon_begin":"2024-09-25T02:25:00Z","utc_polygon_end":"2024-09-25T02:34:00Z","ph_sig":"SV.W","wfo":"TSA","eventid":428,"phenomena":"SV","significance":"W","nws_color":"#FFA500","event_label":"Severe Thunderstorm Warning","status":"NEW","product_id":"202409250225-KTSA-WUUS54-SVRTSA","year":2024,"fcster":null},"geometry":{"type":"MultiPolygon","coordinates":[[[[-95.66,35.54],[-95.41,35.38],[-95.6,35.22],[-95.62,35.22],[-95.62,35.23],[-95.6,35.24],[-95.61,35.25],[-95.63,35.25],[-95.64,35.24],[-95.66,35.23],[-95.8,35.4],[-95.66,35.54]]]]}},
{"type":"Feature","properties":{"ugclist":"NCC037, NCC105, NCC183","locations":"Chatham [NC], Lee [NC], Wake [NC]","utc_issue":"2024-09-25T02:40:00Z","utc_expire":"2024-09-25T05:45:00Z","utc_polygon_begin":"2024-09-25T02:40:00Z","utc_polygon_end":"2024-09-25T05:45:00Z","ph_sig":"FA.Y","wfo":"RAH","eventid":145,"phenomena":"FA","significance":"Y","nws_color":"#00FF7F","event_label":"Flood Advisory","status":"NEW","product_id":"202409250240-KRAH-WGUS82-FLSRAH","year":2024,"fcster":"CBL"},"geometry":{"type":"MultiPolygon","coordinates":[[[[-79.54,35.84],[-79.24,35.85],[-79.25,35.88],[-78.83,35.87],[-78.81,35.93],[-78.76,35.92],[-78.7,36.01],[-78.75,36.03],[-78.75,36.07],[-78.68,36.07],[-78.43,35.97],[-78.26,35.83],[-78.47,35.71],[-78.71,35.52],[-78.91,35.58],[-79.18,35.31],[-79.27,35.35],[-79.36,35.47],[-79.35,35.52],[-79.56,35.52],[-79.54,35.84]]]]}},
{"type":"Feature","properties":{"ugclist":"OKC063, OKC133","locations":"Hughes [OK], Seminole [OK]","utc_issue":"2024-09-25T03:09:00Z","utc_expire":"2024-09-25T03:30:00Z","utc_polygon_begin":"2024-09-25T03:09:00Z","utc_polygon_end":"2024-09-25T03:22:00Z","ph_sig":"SV.W","wfo":"OUN","eventid":879,"phenomena":"SV","significance":"W","nws_color":"#FFA500","event_label":"Severe Thunderstorm Warning","status":"NEW","product_id":"202409250309-KOUN-WUUS54-SVROUN","year":2024,"fcster":"JT"},"geometry":{"type":"MultiPolygon","coordinates":[[[[-96.55,34.96],[-96.78,35.25],[-96.78,35.31],[-96.64,35.39],[-96.29,35.13],[-96.55,34.96]]]]}},
{"type":"Feature","properties":{"ugclist":"NCC101","locations":"Johnston [NC]","utc_issue":"2024-09-25T03:37:00Z","utc_expire":"2024-09-27T23:01:00Z","utc_polygon_begin":"2024-09-25T03:37:00Z","utc_polygon_end":"2024-09-25T09:51:00Z","ph_sig":"FL.W","wfo":"RAH","eventid":49,"phenomena":"FL","significance":"W","nws_color":"#00FF00","event_label":"Flood Warning","status":"NEW","product_id":"202409250337-KRAH-WGUS42-FLWRAH","year":2024,"fcster":"CA"},"geometry":{"type":"MultiPolygon","coordinates":[[[[-78.29,35.54],[-78.34,35.48],[-78.29,35.44],[-78.33,35.41],[-78.42,35.47],[-78.35,35.56],[-78.29,35.54]]]]}},
{"type":"Feature","properties":{"ugclist":"NCC069, NCC077, NCC181, NCC185","locations":"Franklin [NC], Granville [NC], Vance [NC], Warren [NC]","utc_issue":"2024-09-25T03:44:00Z","utc_expire":"2024-09-25T06:45:00Z","utc_polygon_begin":"2024-09-25T03:44:00Z","utc_polygon_end":"2024-09-25T06:45:00Z","ph_sig":"FA.Y","wfo":"RAH","eventid":146,"phenomena":"FA","significance":"Y","nws_color":"#00FF7F","event_label":"Flood Advisory","status":"NEW","product_id":"202409250344-KRAH-WGUS82-FLSRAH","year":2024,"fcster":"PWB"},"geometry":{"type":"MultiPolygon","coordinates":[[[[-78.72,36.17],[-78.65,36.3],[-78.63,36.4],[-78.58,36.53],[-78.54,36.54],[-77.9,36.54],[-77.91,36.44],[-77.94,36.39],[-78.04,36.25],[-78.1,36.21],[-78.16,36.14],[-78.24,36.01],[-78.49,36.0],[-78.72,36.09],[-78.72,36.17]]]]}},
{"type":"Feature","properties":{"ugclist":"NCC071","locations":"Gaston [NC]","utc_issue":"2024-09-25T03:49:00Z","utc_expire":"2024-09-25T05:43:00Z","utc_polygon_begin":"2024-09-25T03:49:00Z","utc_polygon_end":"2024-09-25T05:43:00Z","ph_sig":"FA.Y","wfo":"GSP","eventid":143,"phenomena":"FA","significance":"Y","nws_color":"#00FF7F","event_label":"Flood Advisory","status":"NEW","product_id":"202409250349-KGSP-WGUS82-FLSGSP","year":2024,"fcster":"RWH"},"geometry":{"type":"MultiPolygon","coordinates":[[[[-81.07,35.16],[-81.13,35.2],[-81.2,35.24],[-81.19,35.26],[-81.12,35.23],[-81.06,35.18],[-81.07,35.16]]]]}},
{"type":"Feature","properties":{"ugclist":"NCC025, NCC159","locations":"Cabarrus [NC], Rowan [NC]","utc_issue":"2024-09-25T04:00:00Z","utc_expire":"2024-09-25T04:47:00Z","utc_polygon_begin":"2024-09-25T04:00:00Z","utc_polygon_end":"2024-09-25T04:22:00Z","ph_sig":"SV.W","wfo":"GSP","eventid":276,"phenomena":"SV","significance":"W","nws_color":"#FFA500","event_label":"Severe Thunderstorm Warning","status":"NEW","product_id":"202409250400-KGSP-WUUS52-SVRGSP","year":2024,"fcster":"RWH"},"geometry":{"type":"MultiPolygon","coordinates":[[[[-80.29,35.5],[-80.36,35.4],[-80.67,35.28],[-80.69,35.35],[-80.75,35.38],[-80.76,35.41],[-80.75,35.42],[-80.78,35.49],[-80.33,35.69],[-80.29,35.64],[-80.27,35.63],[-80.21,35.59],[-80.21,35.55],[-80.2,35.54],[-80.18,35.51],[-80.29,35.5]]]]}},
{"type":"Feature","properties":{"ugclist":"VAC007, VAC041, VAC053, VAC135","locations":"Amelia [VA], Chesterfield [VA], Dinwiddie [VA], Nottoway [VA]","utc_issue":"2024-09-25T04:00:00Z","utc_expire":"2024-09-25T07:00:00Z","utc_polygon_begin":"2024-09-25T04:00:00Z","utc_polygon_end":"2024-09-25T07:00:00Z","ph_sig":"FA.Y","wfo":"AKQ","eventid":114,"phenomena":"FA","significance":"Y","nws_color":"#00FF7F","event_label":"Flood Advisory","status":"NEW","product_id":"202409250400-KAKQ-WGUS81-FLSAKQ","year":2024,"fcster":"Brown"},"geometry":{"type":"MultiPolygon","coordinates":[[[[-77.93,37.31],[-77.88,37.33],[-77.65,37.32],[-77.58,37.3],[-77.53,37.25],[-77.54,37.19],[-77.56,37.12],[-77.58,37.08],[-77.62,37.06],[-77.76,37.01],[-77.93,36.98],[-77.97,36.99],[-78.0,37.02],[-78.02,37.02],[-78.03,37.04],[-78.03,37.2],[-77.99,37.26],[-77.93,37.31]]]]}},
{"type":"Feature","properties":{"ugclist":"OKC005, OKC029, OKC063, OKC123","locations":"Atoka [OK], Coal [OK], Hughes [OK], Pontotoc [OK]","utc_issue":"2024-09-25T04:11:00Z","utc_expire":"2024-09-25T04:45:00Z","utc_polygon_begin":"2024-09-25T04:11:00Z","utc_polygon_end":"2024-09-25T04:45:00Z","ph_sig":"SV.W","wfo":"OUN","eventid":880,"phenomena":"SV","significance":"W","nws_color":"#FFA500","event_label":"Severe Thunderstorm Warning","status":"NEW","product_id":"202409250411-KOUN-WUUS54-SVROUN","year":2024,"fcster":"MDU"},"geometry":{"type":"MultiPolygon","coordinates":[[[[-96.03,34.45],[-96.21,34.36],[-96.52,34.71],[-96.29,34.92],[-96.09,34.82],[-96.09,34.68],[-95.89,34.68],[-95.88,34.65],[-96.03,34.45]]]]}},
{"type":"Feature","properties":{"ugclist":"TXC009, TXC077","locations":"Archer [TX], Clay [TX]","utc_issue":"2024-09-25T04:32:00Z","utc_expire":"2024-09-25T05:15:00Z","utc_polygon_begin":"2024-09-25T04:32:00Z","utc_polygon_end":"2024-09-25T04:46:00Z","ph_sig":"SV.W","wfo":"OUN","eventid":881,"phenomena":"SV","significance":"W","nws_color":"#FFA500","event_label":"Severe Thunderstorm Warning","status":"NEW","product_id":"202409250432-KOUN-WUUS54-SVROUN","year":2024,"fcster":"MAD"},"geometry":{"type":"MultiPolygon","coordinates":[[[[-98.8,33.74],[-98.63,33.84],[-98.62,33.84],[-98.25,33.5],[-98.3,33.46],[-98.42,33.47],[-98.42,33.4],[-98.66,33.4],[-98.8,33.74]]]]}},
{"type":"Feature","properties":{"ugclist":"TNC019, TNC059, TNC163, TNC171, TNC179","locations":"Carter [TN], Greene [TN], Sullivan [TN], Unicoi [TN], Washington [TN]","utc_issue":"2024-09-25T04:35:00Z","utc_expire":"2024-09-25T07:30:00Z","utc_polygon_begin":"2024-09-25T04:35:00Z","utc_polygon_end":"2024-09-25T07:30:00Z","ph_sig":"FA.Y","wfo":"MRX","eventid":81,"phenomena":"FA","significance":"Y","nws_color":"#00FF7F","event_label":"Flood Advisory","status":"NEW","product_id":"202409250435-KMRX-WGUS84-FLSMRX","year":2024,"fcster":null},"geometry":{"type":"MultiPolygon","coordinates":[[[[-82.88,36.15],[-82.32,36.47],[-82.04,36.39],[-82.7,36.03],[-82.88,36.15]]]]}},
{"type":"Feature","properties":{"ugclist":"OKC005, OKC029","locations":"Atoka [OK], Coal [OK]","utc_issue":"2024-09-25T04:42:00Z","utc_expire":"2024-09-25T05:17:00Z","utc_polygon_begin":"2024-09-25T04:42:00Z","utc_polygon_end":"2024-09-25T05:01:00Z","ph_sig":"SV.W","wfo":"OUN","eventid":882,"phenomena":"SV","significance":"W","nws_color":"#FFA500","event_label":"Severe Thunderstorm Warning","status":"NEW","product_id":"202409250442-KOUN-WUUS54-SVROUN","year":2024,"fcster":"MAD"},"geometry":{"type":"MultiPolygon","coordinates":[[[[-95.78,34.51],[-95.78,34.16],[-95.91,34.16],[-96.25,34.58],[-96.11,34.77],[-96.09,34.77],[-96.09,34.68],[-95.89,34.68],[-95.88,34.59],[-95.67,34.59],[-95.67,34.51],[-95.78,34.51]]]]}},
{"type":"Feature","properties":{"ugclist":"NCC037, NCC085, NCC105, NCC183","locations":"Chatham [NC], Harnett [NC], Lee [NC], Wake [NC]","utc_issue":"2024-09-25T04:57:00Z","utc_expire":"2024-09-25T07:46:00Z","utc_polygon_begin":"2024-09-25T04:57:00Z","utc_polygon_end":"2024-09-25T07:46:00Z","ph_sig":"FF.W","wfo":"RAH","eventid":61,"phenomena":"FF","significance":"W","nws_color":"#8B0000","event_label":"Flash Flood Warning","status":"NEW","product_id":"202409250457-KRAH-WGUS52-FFWRAH","year":2024,"fcster":"CA"},"geometry":{"type":"MultiPolygon","coordinates":[[[[-79.34,35.66],[-79.28,35.75],[-79.14,35.78],[-79.02,35.83],[-78.84,35.82],[-78.65,35.81],[-78.46,35.71],[-78.53,35.67],[-78.59,35.62],[-78.63,35.58],[-78.65,35.57],[-78.73,35.54],[-78.82,35.51],[-78.89,35.49],[-78.97,35.48],[-79.03,35.48],[-79.17,35.5],[-79.27,35.55],[-79.33,35.58],[-79.34,35.66]]]]}},
{"type":"Feature","properties":{"ugclist":"OKC013, OKC069, OKC095, OKC099","locations":"Bryan [OK], Johnston [OK], Marshall [OK], Murray [OK]","utc_issue":"2024-09-25T04:59:00Z","utc_expire":"2024-09-25T05:45:00Z","utc_polygon_begin":"2024-09-25T04:59:00Z","utc_polygon_end":"2024-09-25T05:16:00Z","ph_sig":"SV.W","wfo":"OUN","eventid":883,"phenomena":"SV","significance":"W","nws_color":"#FFA500","event_label":"Severe Thunderstorm Warning","status":"NEW","product_id":"202409250459-KOUN-WUUS54-SVROUN","year":2024,"fcster":"MAD"},"geometry":{"type":"MultiPolygon","coordinates":[[[[-96.8,33.87],[-96.84,33.87],[-96.94,34.26],[-96.93,34.33],[-96.96,34.33],[-96.96,34.35],[-96.84,34.4],[-96.34,34.06],[-96.53,33.93],[-96.64,33.9],[-96.67,33.92],[-96.69,33.88],[-96.78,33.86],[-96.8,33.87]]]]}},
{"type":"Feature","properties":{"ugclist":"NCC069, NCC083, NCC127, NCC181, NCC185","locations":"Franklin [NC], Halifax [NC], Nash [NC], Vance [NC], Warren [NC]","utc_issue":"2024-09-25T05:04:00Z","utc_expire":"2024-09-25T08:15:00Z","utc_polygon_begin":"2024-09-25T05:04:00Z","utc_polygon_end":"2024-09-25T08:01:00Z","ph_sig":"FF.W","wfo":"RAH","eventid":62,"phenomena":"FF","significance":"W","nws_color":"#8B0000","event_label":"Flash Flood Warning","status":"NEW","product_id":"202409250504-KRAH-WGUS52-FFWRAH","year":2024,"fcster":"CA"},"geometry":{"type":"MultiPolygon","coordinates":[[[[-77.9,36.54],[-77.9,36.51],[-77.82,36.5],[-77.75,36.48],[-77.73,36.49],[-77.65,36.48],[-77.63,36.45],[-77.59,36.42],[-77.55,36.42],[-77.54,36.4],[-77.55,36.37],[-77.58,36.34],[-77.57,36.31],[-77.66,36.14],[-77.67,36.14],[-77.68,36.15],[-77.7,36.15],[-77.7,36.14],[-78.45,36.16],[-78.45,36.54],[-77.9,36.54]]]]}},
{"type":"Feature","properties":{"ugclist":"TNC019, TNC091, TNC163, VAC191","locations":"Carter [TN], Johnson [TN], Sullivan [TN], Washington [VA]","utc_issue":"2024-09-25T05:15:00Z","utc_expire":"2024-09-25T08:00:00Z","utc_polygon_begin":"2024-09-25T05:15:00Z","utc_polygon_end":"2024-09-25T08:00:00Z","ph_sig":"FA.Y","wfo":"MRX","eventid":82,"phenomena":"FA","significance":"Y","nws_color":"#00FF7F","event_label":"Flood Advisory","status":"NEW","product_id":"202409250515-KMRX-WGUS84-FLSMRX","year":2024,"fcster":null},"geometry":{"type":"MultiPolygon","coordinates":[[[[-81.7,36.78],[-81.62,36.63],[-81.61,36.64],[-81.61,36.63],[-81.63,36.61],[-81.65,36.61],[-81.68,36.59],[-81.68,36.58],[-81.97,36.37],[-82.32,36.47],[-81.7,36.78]]]]}},
{"type":"Feature","properties":{"ugclist":"NCC145","locations":"Person [NC]","utc_issue":"2024-09-25T05:37:00Z","utc_expire":"2024-09-25T08:45:00Z","utc_polygon_begin":"2024-09-25T05:37:00Z","utc_polygon_end":"2024-09-25T08:39:00Z","ph_sig":"FA.Y","wfo":"RAH","eventid":147,"phenomena":"FA","significance":"Y","nws_color":"#00FF7F","event_label":"Flood Advisory","status":"NEW","product_id":"202409250537-KRAH-WGUS82-FLSRAH","year":2024,"fcster":"CA"},"geometry":{"type":"MultiPolygon","coordinates":[[[[-79.15,36.26],[-79.15,36.32],[-79.15,36.33],[-79.15,36.34],[-79.15,36.39],[-79.14,36.41],[-79.14,36.44],[-79.14,36.5],[-79.14,36.54],[-79.11,36.54],[-79.07,36.54],[-79.01,36.54],[-78.87,36.54],[-78.85,36.54],[-78.83,36.54],[-78.82,36.54],[-78.85,36.24],[-79.15,36.26]]]]}},
{"type":"Feature","properties":{"ugclist":"GMZ052, GMZ072","locations":"Straits of Florida from Ocean Reef to Craig Key out 20 NM [], Straits of Florida from Ocean Reef to Craig Key 20 to 60 NM out []","utc_issue":"2024-09-25T05:53:00Z","utc_expire":"2024-09-25T06:10:00Z","utc_polygon_begin":"2024-09-25T05:53:00Z","utc_polygon_end":"2024-09-25T06:10:00Z","ph_sig":"MA.W","wfo":"KEY","eventid":403,"phenomena":"MA","significance":"W","nws_color":"#FFA500","event_label":"Marine Warning","status":"NEW","product_id":"202409250553-KKEY-WHUS52-SMWKEY","year":2024,"fcster":"AJP"},"geometry":{"type":"MultiPolygon","coordinates":[[[[-80.01,24.42],[-80.24,24.3],[-80.52,24.66],[-80.27,24.81],[-80.01,24.42]]]]}},
{"type":"Feature","properties":{"ugclist":"NCC089, NCC149, SCC045","locations":"Henderson [NC], Polk [NC], Greenville [SC]","utc_issue":"2024-09-25T06:05:00Z","utc_expire":"2024-09-25T10:00:00Z","utc_polygon_begin":"2024-09-25T06:05:00Z","utc_polygon_end":"2024-09-25T10:00:00Z","ph_sig":"FA.Y","wfo":"GSP","eventid":144,"phenomena":"FA","significance":"Y","nws_color":"#00FF7F","event_label":"Flood Advisory","status":"NEW","product_id":"202409250605-KGSP-WGUS82-FLSGSP","year":2024,"fcster":"Lane"},"geometry":{"type":"MultiPolygon","coordinates":[[[[-82.38,35.28],[-82.25,35.32],[-82.23,35.19],[-82.36,35.16],[-82.42,35.22],[-82.38,35.28]]]]}},
{"type":"Feature","properties":{"ugclist":"GMZ031, GMZ032","locations":"Florida Bay including Barnes Sound, Blackwater Sound, and Buttonwood Sound [], Bayside and Gulf side from Craig Key to West End of Seven Mile Bridge []","utc_issue":"2024-09-25T06:21:00Z","utc_expire":"2024-09-25T06:45:00Z","utc_polygon_begin":"2024-09-25T06:21:00Z","utc_polygon_end":"2024-09-25T06:40:00Z","ph_sig":"MA.W","wfo":"KEY","eventid":404,"phenomena":"MA","significance":"W","nws_color":"#FFA500","event_label":"Marine Warning","status":"NEW","product_id":"202409250621-KKEY-WHUS52-SMWKEY","year":2024,"fcster":"AJP"},"geometry":{"type":"MultiPolygon","coordinates":[[[[-80.4,25.14],[-80.75,24.85],[-81.08,25.12],[-80.81,25.18],[-80.86,25.21],[-80.85,25.21],[-80.84,25.22],[-80.83,25.22],[-80.74,25.14],[-80.72,25.14],[-80.76,25.19],[-80.76,25.2],[-80.71,25.14],[-80.58,25.2],[-80.61,25.21],[-80.6,25.22],[-80.4,25.14]]]]}},
{"type":"Feature","properties":{"ugclist":"TXC085, TXC121, TXC181","locations":"Collin [TX], Denton [TX], Grayson [TX]","utc_issue":"2024-09-25T06:51:00Z","utc_expire":"2024-09-25T07:45:00Z","utc_polygon_begin":"2024-09-25T06:51:00Z","utc_polygon_end":"2024-09-25T07:16:00Z","ph_sig":"SV.W","wfo":"FWD","eventid":387,"phenomena":"SV","significance":"W","nws_color":"#FFA500","event_label":"Severe Thunderstorm Warning","status":"NEW","product_id":"202409250651-KFWD-WUUS54-SVRFWD","year":2024,"fcster":"Dunn"},"geometry":{"type":"MultiPolygon","coordinates":[[[[-96.32,33.23],[-96.97,33.25],[-96.96,33.42],[-96.94,33.42],[-96.94,33.68],[-96.59,33.68],[-96.32,33.23]]]]}},
{"type":"Feature","properties":{"ugclist":"TXC085, TXC121","locations":"Collin [TX], Denton [TX]","utc_issue":"2024-09-25T07:31:00Z","utc_expire":"2024-09-25T08:15:00Z","utc_polygon_begin":"2024-09-25T07:31:00Z","utc_polygon_end":"2024-09-25T07:51:00Z","ph_sig":"SV.W","wfo":"FWD","eventid":388,"phenomena":"SV","significance":"W","nws_color":"#FFA500","event_label":"Severe Thunderstorm Warning","status":"NEW","product_id":"202409250731-KFWD-WUUS54-SVRFWD","year":2024,"fcster":"Dunn"},"geometry":{"type":"MultiPolygon","coordinates":[[[[-96.52,33.4],[-96.47,32.98],[-97.07,32.98],[-96.98,33.41],[-96.52,33.4]]]]}},
{"type":"Feature","properties":{"ugclist":"NCC037, NCC085, NCC105, NCC183","locations":"Chatham [NC], Harnett [NC], Lee [NC], Wake [NC]","utc_issue":"2024-09-25T08:00:00Z","utc_expire":"2024-09-25T11:54:00Z","utc_polygon_begin":"2024-09-25T08:00:00Z","utc_polygon_end":"2024-09-25T11:54:00Z","ph_sig":"FA.W","wfo":"RAH","eventid":10,"phenomena":"FA","significance":"W","nws_color":"#00FF00","event_label":"Flood Warning","status":"NEW","product_id":"202409250800-KRAH-WGUS42-FLWRAH","year":2024,"fcster":"CA"},"geometry":{"type":"MultiPolygon","coordinates":[[[[-79.34,35.66],[-79.28,35.75],[-79.16,35.78],[-79.0,35.83],[-78.65,35.81],[-78.46,35.71],[-78.64,35.57],[-78.88,35.49],[-79.02,35.48],[-79.17,35.5],[-79.33,35.58],[-79.34,35.66]]]]}},
{"type":"Feature","properties":{"ugclist":"TXC085, TXC113, TXC121","locations":"Collin [TX], Dallas [TX], Denton [TX]","utc_issue":"2024-09-25T08:07:00Z","utc_expire":"2024-09-25T09:00:00Z","utc_polygon_begin":"2024-09-25T08:07:00Z","utc_polygon_end":"2024-09-25T08:15:00Z","ph_sig":"SV.W","wfo":"FWD","eventid":389,"phenomena":"SV","significance":"W","nws_color":"#FFA500","event_label":"Severe Thunderstorm Warning","status":"NEW","product_id":"202409250807-KFWD-WUUS54-SVRFWD","year":2024,"fcster":"Dunn"},"geometry":{"type":"MultiPolygon","coordinates":[[[[-96.54,32.55],[-97.04,32.55],[-97.03,33.11],[-96.58,33.11],[-96.54,32.55]]]]}},
{"type":"Feature","properties":{"ugclist":"MSC121, MSC123","locations":"Rankin [MS], Scott [MS]","utc_issue":"2024-09-25T08:36:00Z","utc_expire":"2024-09-25T09:01:00Z","utc_polygon_begin":"2024-09-25T08:36:00Z","utc_polygon_end":"2024-09-25T09:01:00Z","ph_sig":"SV.W","wfo":"JAN","eventid":265,"phenomena":"SV","significance":"W","nws_color":"#FFA500","event_label":"Severe Thunderstorm Warning","status":"NEW","product_id":"202409250836-KJAN-WUUS54-SVRJAN","year":2024,"fcster":"22"},"geometry":{"type":"MultiPolygon","coordinates":[[[[-89.65,32.22],[-89.73,32.22],[-89.73,32.2],[-90.05,32.1],[-90.15,32.24],[-89.71,32.52],[-89.53,32.26],[-89.65,32.22]]]]}},
{"type":"Feature","properties":{"ugclist":"TXC113","locations":"Dallas [TX]","utc_issue":"2024-09-25T08:56:00Z","utc_expire":"2024-09-25T10:30:00Z","utc_polygon_begin":"2024-09-25T08:56:00Z","utc_polygon_end":"2024-09-25T10:30:00Z","ph_sig":"FA.Y","wfo":"FWD","eventid":113,"phenomena":"FA","significance":"Y","nws_color":"#00FF7F","event_label":"Flood Advisory","status":"NEW","product_id":"202409250856-KFWD-WGUS84-FLSFWD","year":2024,"fcster":"Dunn"},"geometry":{"type":"MultiPolygon","coordinates":[[[[-96.52,32.62],[-96.82,32.62],[-97.0,32.68],[-97.0,32.85],[-96.92,32.99],[-96.52,32.98],[-96.52,32.62]]]]}},
{"type":"Feature","properties":{"ugclist":"TXC113, TXC257","locations":"Dallas [TX], Kaufman [TX]","utc_issue":"2024-09-25T08:59:00Z","utc_expire":"2024-09-25T09:33:00Z","utc_polygon_begin":"2024-09-25T08:59:00Z","utc_polygon_end":"2024-09-25T09:22:00Z","ph_sig":"SV.W","wfo":"FWD","eventid":390,"phenomena":"SV","significance":"W","nws_color":"#FFA500","event_label":"Severe Thunderstorm Warning","status":"NEW","product_id":"202409250859-KFWD-WUUS54-SVRFWD","year":2024,"fcster":"Dunn"},"geometry":{"type":"MultiPolygon","coordinates":[[[[-96.99,32.82],[-96.8,32.89],[-96.52,32.89],[-96.52,32.81],[-96.3,32.81],[-96.16,32.54],[-96.93,32.55],[-96.99,32.82]]]]}},
{"type":"Feature","properties":{"ugclist":"NCC145","locations":"Person [NC]","utc_issue":"2024-09-25T09:01:00Z","utc_expire":"2024-09-25T12:00:00Z","utc_polygon_begin":"2024-09-25T09:01:00Z","utc_polygon_end":"2024-09-25T11:44:00Z","ph_sig":"FF.W","wfo":"RAH","eventid":63,"phenomena":"FF","significance":"W","nws_color":"#8B0000","event_label":"Flash Flood Warning","status":"NEW","product_id":"202409250901-KRAH-WGUS52-FFWRAH","year":2024,"fcster":"CA"},"geometry":{"type":"MultiPolygon","coordinates":[[[[-78.85,36.4],[-79.05,36.28],[-79.09,36.27],[-79.12,36.29],[-79.08,36.36],[-78.98,36.46],[-78.9,36.52],[-78.82,36.5],[-78.85,36.4]]]]}},
{"type":"Feature","properties":{"ugclist":"VAC083","locations":"Halifax [VA]","utc_issue":"2024-09-25T09:09:00Z","utc_expire":"2024-09-25T12:15:00Z","utc_polygon_begin":"2024-09-25T09:09:00Z","utc_polygon_end":"2024-09-25T12:15:00Z","ph_sig":"FA.Y","wfo":"RNK","eventid":113,"phenomena":"FA","significance":"Y","nws_color":"#00FF7F","event_label":"Flood Advisory","status":"NEW","product_id":"202409250909-KRNK-WGUS81-FLSRNK","year":2024,"fcster":"BMG"},"geometry":{"type":"MultiPolygon","coordinates":[[[[-78.67,36.72],[-78.67,36.71],[-78.64,36.7],[-78.63,36.68],[-78.64,36.68],[-78.65,36.69],[-78.67,36.69],[-78.7,36.68],[-78.7,36.67],[-78.71,36.64],[-78.72,36.59],[-78.72,36.58],[-78.73,36.57],[-78.74,36.55],[-78.73,36.54],[-78.94,36.54],[-78.8,36.74],[-78.67,36.76],[-78.69,36.74],[-78.67,36.72]]]]}},
{"type":"Feature","properties":{"ugclist":"FLC087","locations":"Mainland Monroe [FL]","utc_issue":"2024-09-25T09:17:00Z","utc_expire":"2024-09-25T11:15:00Z","utc_polygon_begin":"2024-09-25T09:17:00Z","utc_polygon_end":"2024-09-25T11:15:00Z","ph_sig":"FA.Y","wfo":"KEY","eventid":19,"phenomena":"FA","significance":"Y","nws_color":"#00FF7F","event_label":"Flood Advisory","status":"NEW","product_id":"202409250917-KKEY-WGUS82-FLSKEY","year":2024,"fcster":"AJP"},"geometry":{"type":"MultiPolygon","coordinates":[[[[-80.38,25.29],[-80.36,25.29],[-80.35,25.28],[-80.27,25.26],[-80.36,25.11],[-80.38,25.08],[-80.48,25.14],[-80.38,25.29]]]]}},
{"type":"Feature","properties":{"ugclist":"NCC101","locations":"Johnston [NC]","utc_issue":"2024-09-25T10:00:00Z","utc_expire":"2024-09-26T06:41:00Z","utc_polygon_begin":"2024-09-25T09:52:00Z","utc_polygon_end":"2024-09-25T09:52:00Z","ph_sig":"FL.W","wfo":"RAH","eventid":50,"phenomena":"FL","significance":"W","nws_color":"#00FF00","event_label":"Flood Warning","status":"NEW","product_id":"202409250409-KRAH-WGUS42-FLWRAH","year":2024,"fcster":"JD"},"geometry":{"type":"MultiPolygon","coordinates":[[[[-78.43,35.72],[-78.29,35.58],[-78.29,35.54],[-78.35,35.56],[-78.49,35.69],[-78.43,35.72]]]]}},
{"type":"Feature","properties":{"ugclist":"FLC037, FLC077, FLC129","locations":"Franklin [FL], Liberty [FL], Wakulla [FL]","utc_issue":"2024-09-25T11:30:00Z","utc_expire":"2024-09-25T13:30:00Z","utc_polygon_begin":"2024-09-25T11:30:00Z","utc_polygon_end":"2024-09-25T13:30:00Z","ph_sig":"FA.Y","wfo":"TAE","eventid":227,"phenomena":"FA","significance":"Y","nws_color":"#00FF7F","event_label":"Flood Advisory","status":"NEW","product_id":"202409251130-KTAE-WGUS82-FLSTAE","year":2024,"fcster":"IG3"},"geometry":{"type":"MultiPolygon","coordinates":[[[[-84.95,30.11],[-84.89,30.28],[-84.75,30.3],[-84.71,30.3],[-84.67,30.3],[-84.53,30.2],[-84.75,29.79],[-85.02,29.71],[-84.95,30.11]]]]}},
{"type":"Feature","properties":{"ugclist":"GMZ750","locations":"Coastal waters from Okaloosa-Walton County Line to Mexico Beach out 20 NM []","utc_issue":"2024-09-25T11:43:00Z","utc_expire":"2024-09-25T12:22:00Z","utc_polygon_begin":"2024-09-25T11:43:00Z","utc_polygon_end":"2024-09-25T12:22:00Z","ph_sig":"MA.W","wfo":"TAE","eventid":318,"phenomena":"MA","significance":"W","nws_color":"#FFA500","event_label":"Marine Warning","status":"NEW","product_id":"202409251143-KTAE-WHUS52-SMWTAE","year":2024,"fcster":"IG3"},"geometry":{"type":"MultiPolygon","coordinates":[[[[-86.08,30.35],[-86.03,30.32],[-85.9,30.25],[-85.86,30.17],[-86.1,30.12],[-86.28,30.38],[-86.23,30.38],[-86.08,30.35]]]]}},
{"type":"Feature","properties":{"ugclist":"AMZ555","locations":"Sebastian Inlet to Jupiter Inlet 0-20 nm []","utc_issue":"2024-09-25T12:01:00Z","utc_expire":"2024-09-25T13:00:00Z","utc_polygon_begin":"2024-09-25T12:01:00Z","utc_polygon_end":"2024-09-25T13:00:00Z","ph_sig":"MA.W","wfo":"MLB","eventid":235,"phenomena":"MA","significance":"W","nws_color":"#FFA500","event_label":"Marine Warning","status":"NEW","product_id":"202409251201-KMLB-WHUS52-SMWMLB","year":2024,"fcster":"Watson"},"geometry":{"type":"MultiPolygon","coordinates":[[[[-80.11,26.97],[-80.18,27.11],[-80.22,27.15],[-80.38,27.49],[-80.39,27.56],[-80.04,27.51],[-79.73,26.97],[-80.11,26.97]]]]}},
{"type":"Feature","properties":{"ugclist":"FLC037, FLC077","locations":"Franklin [FL], Liberty [FL]","utc_issue":"2024-09-25T12:19:00Z","utc_expire":"2024-09-25T15:30:00Z","utc_polygon_begin":"2024-09-25T12:19:00Z","utc_polygon_end":"2024-09-25T15:30:00Z","ph_sig":"FF.W","wfo":"TAE","eventid":92,"phenomena":"FF","significance":"W","nws_color":"#8B0000","event_label":"Flash Flood Warning","status":"NEW","product_id":"202409251219-KTAE-WGUS52-FFWTAE","year":2024,"fcster":"IG3"},"geometry":{"type":"MultiPolygon","coordinates":[[[[-84.94,30.15],[-84.75,30.13],[-84.73,29.87],[-85.01,29.79],[-84.94,30.15]]]]}},
{"type":"Feature","properties":{"ugclist":"AMZ555","locations":"Sebastian Inlet to Jupiter Inlet 0-20 nm []","utc_issue":"2024-09-25T12:59:00Z","utc_expire":"2024-09-25T14:30:00Z","utc_polygon_begin":"2024-09-25T12:59:00Z","utc_polygon_end":"2024-09-25T14:30:00Z","ph_sig":"MA.W","wfo":"MLB","eventid":236,"phenomena":"MA","significance":"W","nws_color":"#FFA500","event_label":"Marine Warning","status":"NEW","product_id":"202409251259-KMLB-WHUS52-SMWMLB","year":2024,"fcster":"Watson"},"geometry":{"type":"MultiPolygon","coordinates":[[[[-80.2,27.13],[-80.4,27.6],[-80.09,27.6],[-79.74,27.01],[-80.12,26.99],[-80.2,27.13]]]]}},
{"type":"Feature","properties":{"ugclist":"TNC009, TNC155","locations":"Blount [TN], Sevier [TN]","utc_issue":"2024-09-25T13:23:00Z","utc_expire":"2024-09-25T13:44:00Z","utc_polygon_begin":"2024-09-25T13:23:00Z","utc_polygon_end":"2024-09-25T13:35:00Z","ph_sig":"SV.W","wfo":"MRX","eventid":188,"phenomena":"SV","significance":"W","nws_color":"#FFA500","event_label":"Severe Thunderstorm Warning","status":"NEW","product_id":"202409251323-KMRX-WUUS54-SVRMRX","year":2024,"fcster":"CED"},"geometry":{"type":"MultiPolygon","coordinates":[[[[-83.78,35.65],[-83.85,35.74],[-83.53,35.96],[-83.37,35.78],[-83.78,35.65]]]]}},
{"type":"Feature","properties":{"ugclist":"FLC003, FLC089, GAC049","locations":"Baker [FL], Nassau [FL], Charlton [GA]","utc_issue":"2024-09-26T23:06:00Z","utc_expire":"2024-09-26T14:13:00Z","utc_polygon_begin":"2024-09-25T13:28:00Z","utc_polygon_end":"2024-09-25T13:28:00Z","ph_sig":"FL.W","wfo":"JAX","eventid":50,"phenomena":"FL","significance":"W","nws_color":"#00FF00","event_label":"Flood Warning","status":"NEW","product_id":"202409250118-KJAX-WGUS42-FLWJAX","year":2024,"fcster":"HESS"},"geometry":{"type":"MultiPolygon","coordinates":[[[[-82.21,30.41],[-82.07,30.38],[-82.04,30.62],[-81.98,30.62],[-82.03,30.34],[-82.2,30.35],[-82.21,30.41]]]]}},
{"type":"Feature","properties":{"ugclist":"FLC037, FLC045, FLC077","locations":"Franklin [FL], Gulf [FL], Liberty [FL]","utc_issue":"2024-09-25T13:47:00Z","utc_expire":"2024-09-25T15:30:00Z","utc_polygon_begin":"2024-09-25T13:47:00Z","utc_polygon_end":"2024-09-25T15:30:00Z","ph_sig":"FF.W","wfo":"TAE","eventid":93,"phenomena":"FF","significance":"W","nws_color":"#8B0000","event_label":"Flash Flood Warning","status":"NEW","product_id":"202409251347-KTAE-WGUS52-FFWTAE","year":2024,"fcster":"IG3"},"geometry":{"type":"MultiPolygon","coordinates":[[[[-85.12,30.2],[-85.11,30.22],[-85.1,30.21],[-85.1,30.22],[-84.94,30.15],[-85.01,29.79],[-85.22,29.76],[-85.26,30.2],[-85.12,30.2]]]]}},
{"type":"Feature","properties":{"ugclist":"FLC057","locations":"Hillsborough [FL]","utc_issue":"2024-09-26T22:05:00Z","utc_expire":"2024-09-27T13:48:00Z","utc_polygon_begin":"2024-09-25T14:00:00Z","utc_polygon_end":"2024-09-25T14:00:00Z","ph_sig":"FL.W","wfo":"TBW","eventid":40,"phenomena":"FL","significance":"W","nws_color":"#00FF00","event_label":"Flood Warning","status":"NEW","product_id":"202409242136-KTBW-WGUS42-FLWTBW","year":2024,"fcster":"TBW"},"geometry":{"type":"MultiPolygon","coordinates":[[[[-82.35,27.85],[-82.35,27.89],[-82.29,27.9],[-82.29,27.85],[-82.35,27.85]]]]}},
{"type":"Feature","properties":{"ugclist":"TNC009, TNC123","locations":"Blount [TN], Monroe [TN]","utc_issue":"2024-09-25T14:07:00Z","utc_expire":"2024-09-25T18:15:00Z","utc_polygon_begin":"2024-09-25T14:07:00Z","utc_polygon_end":"2024-09-25T16:53:00Z","ph_sig":"FF.W","wfo":"MRX","eventid":33,"phenomena":"FF","significance":"W","nws_color":"#8B0000","event_label":"Flash Flood Warning","status":"NEW","product_id":"202409251407-KMRX-WGUS54-FFWMRX","year":2024,"fcster":"CD"},"geometry":{"type":"MultiPolygon","coordinates":[[[[-84.15,35.53],[-83.99,35.75],[-83.88,35.84],[-83.86,35.84],[-83.85,35.84],[-83.77,35.82],[-83.89,35.61],[-84.02,35.46],[-84.15,35.53]]]]}},
{"type":"Feature","properties":{"ugclist":"GAC015, GAC115, GAC233","locations":"Bartow [GA], Floyd [GA], Polk [GA]","utc_issue":"2024-09-25T14:47:00Z","utc_expire":"2024-09-25T15:30:00Z","utc_polygon_begin":"2024-09-25T14:47:00Z","utc_polygon_end":"2024-09-25T15:19:00Z","ph_sig":"SV.W","wfo":"FFC","eventid":289,"phenomena":"SV","significance":"W","nws_color":"#FFA500","event_label":"Severe Thunderstorm Warning","status":"NEW","product_id":"202409251447-KFFC-WUUS52-SVRFFC","year":2024,"fcster":null},"geometry":{"type":"MultiPolygon","coordinates":[[[[-85.17,34.45],[-85.1,34.42],[-85.11,34.41],[-85.1,34.4],[-85.03,34.4],[-85.02,34.39],[-84.95,34.37],[-84.86,34.16],[-85.25,33.94],[-85.41,34.03],[-85.42,34.07],[-85.17,34.45]]]]}},
{"type":"Feature","properties":{"ugclist":"TNC067, TNC073, VAC167, VAC169, VAC195","locations":"Hancock [TN], Hawkins [TN], Russell [VA], Scott [VA], Wise [VA]","utc_issue":"2024-09-25T15:10:00Z","utc_expire":"2024-09-25T19:15:00Z","utc_polygon_begin":"2024-09-25T15:10:00Z","utc_polygon_end":"2024-09-25T19:15:00Z","ph_sig":"FF.W","wfo":"MRX","eventid":34,"phenomena":"FF","significance":"W","nws_color":"#8B0000","event_label":"Flash Flood Warning","status":"NEW","product_id":"202409251510-KMRX-WGUS54-FFWMRX","year":2024,"fcster":"CD"},"geometry":{"type":"MultiPolygon","coordinates":[[[[-82.36,36.96],[-82.33,36.97],[-82.27,36.95],[-82.38,36.86],[-82.52,36.68],[-82.93,36.38],[-83.12,36.3],[-83.25,36.4],[-82.42,36.99],[-82.36,36.96]]]]}},
{"type":"Feature","properties":{"ugclist":"FLC037, FLC045, FLC077","locations":"Franklin [FL], Gulf [FL], Liberty [FL]","utc_issue":"2024-09-25T15:31:00Z","utc_expire":"2024-09-25T18:30:00Z","utc_polygon_begin":"2024-09-25T15:31:00Z","utc_polygon_end":"2024-09-25T18:30:00Z","ph_sig":"FF.W","wfo":"TAE","eventid":94,"phenomena":"FF","significance":"W","nws_color":"#8B0000","event_label":"Flash Flood Warning","status":"NEW","product_id":"202409251531-KTAE-WGUS52-FFWTAE","year":2024,"fcster":"IG3"},"geometry":{"type":"MultiPolygon","coordinates":[[[[-85.31,30.2],[-85.12,30.2],[-85.11,30.22],[-85.1,30.22],[-84.94,30.15],[-84.75,30.13],[-84.73,29.87],[-85.06,29.72],[-85.29,29.68],[-85.31,29.9],[-85.31,30.2]]]]}},
{"type":"Feature","properties":{"ugclist":"FLC099","locations":"Palm Beach [FL]","utc_issue":"2024-09-25T15:59:00Z","utc_expire":"2024-09-25T17:37:00Z","utc_polygon_begin":"2024-09-25T15:59:00Z","utc_polygon_end":"2024-09-25T17:15:00Z","ph_sig":"FA.Y","wfo":"MFL","eventid":210,"phenomena":"FA","significance":"Y","nws_color":"#00FF7F","event_label":"Flood Advisory","status":"NEW","product_id":"202409251559-KMFL-WGUS82-FLSMFL","year":2024,"fcster":"BAXTER"},"geometry":{"type":"MultiPolygon","coordinates":[[[[-80.23,26.57],[-80.39,26.58],[-80.43,26.81],[-80.23,26.79],[-80.23,26.57]]]]}},
{"type":"Feature","properties":{"ugclist":"AMZ552, AMZ555, AMZ572, AMZ575","locations":"Volusia-Brevard County Line to Sebastian Inlet 0-20 nm [], Sebastian Inlet to Jupiter Inlet 0-20 nm [], Volusia-Brevard County Line to Sebastian Inlet 20-60 nm [], Sebastian Inlet to Jupiter Inlet 20-60 nm []","utc_issue":"2024-09-25T16:05:00Z","utc_expire":"2024-09-25T18:00:00Z","utc_polygon_begin":"2024-09-25T16:05:00Z","utc_polygon_end":"2024-09-25T18:00:00Z","ph_sig":"MA.W","wfo":"MLB","eventid":237,"phenomena":"MA","significance":"W","nws_color":"#FFA500","event_label":"Marine Warning","status":"NEW","product_id":"202409251605-KMLB-WHUS52-SMWMLB","year":2024,"fcster":"Law"},"geometry":{"type":"MultiPolygon","coordinates":[[[[-80.11,26.97],[-80.28,27.26],[-80.26,27.24],[-80.37,27.46],[-80.41,27.65],[-80.65,28.07],[-80.72,28.29],[-79.54,28.41],[-79.54,28.29],[-79.14,27.32],[-79.05,26.98],[-80.11,26.97]]]]}},
{"type":"Feature","properties":{"ugclist":"LAC003, LAC011, LAC053","locations":"Allen [LA], Beauregard [LA], Jefferson Davis [LA]","utc_issue":"2024-09-25T16:18:00Z","utc_expire":"2024-09-25T16:31:00Z","utc_polygon_begin":"2024-09-25T16:18:00Z","utc_polygon_end":"2024-09-25T16:28:00Z","ph_sig":"SV.W","wfo":"LCH","eventid":245,"phenomena":"SV","significance":"W","nws_color":"#FFA500","event_label":"Severe Thunderstorm Warning","status":"NEW","product_id":"202409251618-KLCH-WUUS54-SVRLCH","year":2024,"fcster":"Calhoun"},"geometry":{"type":"MultiPolygon","coordinates":[[[[-93.16,30.62],[-93.13,30.71],[-92.76,30.58],[-92.9,30.36],[-93.16,30.62]]]]}},
{"type":"Feature","properties":{"ugclist":"ALC013, ALC035, ALC039","locations":"Butler [AL], Conecuh [AL], Covington [AL]","utc_issue":"2024-09-25T16:45:00Z","utc_expire":"2024-09-25T19:45:00Z","utc_polygon_begin":"2024-09-25T16:45:00Z","utc_polygon_end":"2024-09-25T19:45:00Z","ph_sig":"FA.Y","wfo":"MOB","eventid":98,"phenomena":"FA","significance":"Y","nws_color":"#00FF7F","event_label":"Flood Advisory","status":"NEW","product_id":"202409251645-KMOB-WGUS84-FLSMOB","year":2024,"fcster":null},"geometry":{"type":"MultiPolygon","coordinates":[[[[-86.76,31.83],[-86.49,31.65],[-86.5,31.65],[-86.5,31.64],[-86.7,31.33],[-86.76,31.24],[-86.77,31.25],[-86.77,31.26],[-86.8,31.26],[-86.82,31.26],[-87.05,31.33],[-86.89,31.6],[-86.76,31.83]]]]}},
{"type":"Feature","properties":{"ugclist":"GMZ750, GMZ752, GMZ770, GMZ772","locations":"Coastal waters from Okaloosa-Walton County Line to Mexico Beach out 20 NM [], Coastal Waters from Mexico Beach to Apalachicola out 20 NM [], Waters from Okaloosa-Walton County Line to Mexico Beach from 20 to 60 NM [], Waters from Mexico Beach to Apalachicola FL from 20 to 60 NM []","utc_issue":"2024-09-25T16:58:00Z","utc_expire":"2024-09-25T18:30:00Z","utc_polygon_begin":"2024-09-25T16:58:00Z","utc_polygon_end":"2024-09-25T18:22:00Z","ph_sig":"MA.W","wfo":"TAE","eventid":319,"phenomena":"MA","significance":"W","nws_color":"#FFA500","event_label":"Marine Warning","status":"NEW","product_id":"202409251658-KTAE-WHUS52-SMWTAE","year":2024,"fcster":"IG3"},"geometry":{"type":"MultiPolygon","coordinates":[[[[-85.63,28.97],[-85.74,29.21],[-85.38,29.96],[-85.3,29.87],[-85.25,29.79],[-85.25,29.73],[-85.21,29.74],[-85.18,29.71],[-85.12,29.52],[-85.63,28.97]]]]}},
{"type":"Feature","properties":{"ugclist":"TNC009, TNC123, TNC155","locations":"Blount [TN], Monroe [TN], Sevier [TN]","utc_issue":"2024-09-25T17:25:00Z","utc_expire":"2024-09-25T20:30:00Z","utc_polygon_begin":"2024-09-25T17:25:00Z","utc_polygon_end":"2024-09-25T20:30:00Z","ph_sig":"FF.W","wfo":"MRX","eventid":35,"phenomena":"FF","significance":"W","nws_color":"#8B0000","event_label":"Flash Flood Warning","status":"NEW","product_id":"202409251725-KMRX-WGUS54-FFWMRX","year":2024,"fcster":"GC"},"geometry":{"type":"MultiPolygon","coordinates":[[[[-83.89,35.61],[-83.78,35.82],[-83.58,35.81],[-83.73,35.56],[-83.77,35.56],[-83.78,35.55],[-83.83,35.52],[-83.88,35.52],[-83.91,35.48],[-83.94,35.47],[-83.95,35.46],[-83.96,35.46],[-83.98,35.44],[-83.99,35.44],[-84.02,35.46],[-83.89,35.61]]]]}},
{"type":"Feature","properties":{"ugclist":"FLC099","locations":"Palm Beach [FL]","utc_issue":"2024-09-25T17:41:00Z","utc_expire":"2024-09-25T19:45:00Z","utc_polygon_begin":"2024-09-25T17:41:00Z","utc_polygon_end":"2024-09-25T19:45:00Z","ph_sig":"FA.Y","wfo":"MFL","eventid":211,"phenomena":"FA","significance":"Y","nws_color":"#00FF7F","event_label":"Flood Advisory","status":"NEW","product_id":"202409251741-KMFL-WGUS82-FLSMFL","year":2024,"fcster":"BAXTER"},"geometry":{"type":"MultiPolygon","coordinates":[[[[-80.23,26.69],[-80.38,26.96],[-80.36,26.96],[-80.29,26.96],[-80.26,26.96],[-80.24,26.96],[-80.23,26.96],[-80.21,26.96],[-80.06,26.76],[-80.23,26.69]]]]}},
{"type":"Feature","properties":{"ugclist":"PRC001, PRC081, PRC083, PRC093, PRC131, PRC141","locations":"Adjuntas [PR], Lares [PR], Las Marias [PR], Maricao [PR], San Sebastian [PR], Utuado [PR]","utc_issue":"2024-09-25T18:17:00Z","utc_expire":"2024-09-25T21:15:00Z","utc_polygon_begin":"2024-09-25T18:17:00Z","utc_polygon_end":"2024-09-25T21:14:00Z","ph_sig":"FA.Y","wfo":"JSJ","eventid":502,"phenomena":"FA","significance":"Y","nws_color":"#00FF7F","event_label":"Flood Advisory","status":"NEW","product_id":"202409251817-TJSJ-WGCA82-FLSSJU","year":2024,"fcster":"YZR"},"geometry":{"type":"MultiPolygon","coordinates":[[[[-67.02,18.39],[-66.95,18.38],[-66.92,18.39],[-66.83,18.32],[-66.73,18.35],[-66.72,18.32],[-66.61,18.33],[-66.57,18.3],[-66.63,18.25],[-66.65,18.16],[-66.73,18.11],[-66.83,18.17],[-66.86,18.14],[-67.04,18.17],[-67.05,18.17],[-67.02,18.2],[-67.08,18.25],[-67.04,18.27],[-67.05,18.35],[-67.02,18.39]]]]}},
{"type":"Feature","properties":{"ugclist":"ALC101","locations":"Montgomery [AL]","utc_issue":"2024-09-25T18:21:00Z","utc_expire":"2024-09-25T19:15:00Z","utc_polygon_begin":"2024-09-25T18:21:00Z","utc_polygon_end":"2024-09-25T19:15:00Z","ph_sig":"FA.Y","wfo":"BMX","eventid":134,"phenomena":"FA","significance":"Y","nws_color":"#00FF7F","event_label":"Flood Advisory","status":"NEW","product_id":"202409251821-KBMX-WGUS84-FLSBMX","year":2024,"fcster":"86/Martin"},"geometry":{"type":"MultiPolygon","coordinates":[[[[-86.1,32.4],[-86.25,32.08],[-86.39,32.13],[-86.37,32.4],[-86.33,32.43],[-86.32,32.42],[-86.32,32.41],[-86.31,32.41],[-86.31,32.42],[-86.31,32.43],[-86.3,32.44],[-86.25,32.45],[-86.1,32.4]]]]}},
{"type":"Feature","properties":{"ugclist":"NCC075","locations":"Graham [NC]","utc_issue":"2024-09-25T18:23:00Z","utc_expire":"2024-09-25T20:30:00Z","utc_polygon_begin":"2024-09-25T18:23:00Z","utc_polygon_end":"2024-09-25T20:30:00Z","ph_sig":"FA.Y","wfo":"GSP","eventid":145,"phenomena":"FA","significance":"Y","nws_color":"#00FF7F","event_label":"Flood Advisory","status":"NEW","product_id":"202409251823-KGSP-WGUS82-FLSGSP","year":2024,"fcster":"CSH"},"geometry":{"type":"MultiPolygon","coordinates":[[[[-83.94,35.45],[-83.91,35.47],[-83.87,35.46],[-83.86,35.45],[-83.88,35.42],[-83.89,35.4],[-83.88,35.36],[-83.85,35.31],[-83.86,35.25],[-83.89,35.24],[-83.96,35.22],[-84.0,35.23],[-84.01,35.27],[-84.03,35.29],[-84.02,35.3],[-84.04,35.31],[-84.04,35.35],[-84.01,35.37],[-84.02,35.41],[-83.96,35.46],[-83.94,35.45]]]]}},
{"type":"Feature","properties":{"ugclist":"VAC185","locations":"Tazewell [VA]","utc_issue":"2024-09-25T18:24:00Z","utc_expire":"2024-09-25T21:30:00Z","utc_polygon_begin":"2024-09-25T18:24:00Z","utc_polygon_end":"2024-09-25T21:30:00Z","ph_sig":"FA.Y","wfo":"RNK","eventid":114,"phenomena":"FA","significance":"Y","nws_color":"#00FF7F","event_label":"Flood Advisory","status":"NEW","product_id":"202409251824-KRNK-WGUS81-FLSRNK","year":2024,"fcster":"EB"},"geometry":{"type":"MultiPolygon","coordinates":[[[[-81.8,37.0],[-81.82,37.04],[-81.89,37.11],[-81.9,37.14],[-81.9,37.15],[-81.87,37.16],[-81.87,37.17],[-81.86,37.17],[-81.76,37.2],[-81.74,37.24],[-81.72,37.24],[-81.68,37.2],[-81.56,37.21],[-81.51,37.23],[-81.5,37.26],[-81.48,37.25],[-81.45,37.27],[-81.42,37.27],[-81.41,37.28],[-81.36,37.2],[-81.8,37.0]]]]}},
{"type":"Feature","properties":{"ugclist":"ALC017, ALC081","locations":"Chambers [AL], Lee [AL]","utc_issue":"2024-09-25T18:38:00Z","utc_expire":"2024-09-25T21:45:00Z","utc_polygon_begin":"2024-09-25T18:38:00Z","utc_polygon_end":"2024-09-25T21:45:00Z","ph_sig":"FA.Y","wfo":"BMX","eventid":135,"phenomena":"FA","significance":"Y","nws_color":"#00FF7F","event_label":"Flood Advisory","status":"NEW","product_id":"202409251838-KBMX-WGUS84-FLSBMX","year":2024,"fcster":"86/Martin"},"geometry":{"type":"MultiPolygon","coordinates":[[[[-85.38,33.04],[-85.22,33.04],[-85.18,32.86],[-85.17,32.85],[-85.3,32.58],[-85.42,32.48],[-85.44,32.48],[-85.44,32.5],[-85.48,32.5],[-85.54,32.52],[-85.49,32.78],[-85.38,33.04]]]]}},
{"type":"Feature","properties":{"ugclist":"GAC137, GAC241","locations":"Habersham [GA], Rabun [GA]","utc_issue":"2024-09-25T18:44:00Z","utc_expire":"2024-09-25T19:30:00Z","utc_polygon_begin":"2024-09-25T18:44:00Z","utc_polygon_end":"2024-09-25T19:01:00Z","ph_sig":"TO.W","wfo":"GSP","eventid":8,"phenomena":"TO","significance":"W","nws_color":"#FF0000","event_label":"Tornado Warning","status":"NEW","product_id":"202409251844-KGSP-WFUS52-TORGSP","year":2024,"fcster":"JRK"},"geometry":{"type":"MultiPolygon","coordinates":[[[[-83.64,34.62],[-83.64,34.63],[-83.61,34.83],[-83.35,34.71],[-83.35,34.7],[-83.5,34.59],[-83.61,34.52],[-83.63,34.53],[-83.62,34.54],[-83.62,34.55],[-83.64,34.58],[-83.64,34.59],[-83.65,34.6],[-83.64,34.62]]]]}},
{"type":"Feature","properties":{"ugclist":"PRC121, PRC125, PRC153","locations":"Sabana Grande [PR], San German [PR], Yauco [PR]","utc_issue":"2024-09-25T18:45:00Z","utc_expire":"2024-09-25T21:15:00Z","utc_polygon_begin":"2024-09-25T18:45:00Z","utc_polygon_end":"2024-09-25T21:15:00Z","ph_sig":"FA.Y","wfo":"JSJ","eventid":503,"phenomena":"FA","significance":"Y","nws_color":"#00FF7F","event_label":"Flood Advisory","status":"NEW","product_id":"202409251845-TJSJ-WGCA82-FLSSJU","year":2024,"fcster":"ERG"},"geometry":{"type":"MultiPolygon","coordinates":[[[[-66.97,18.14],[-66.92,18.15],[-66.86,18.14],[-66.85,18.16],[-66.83,18.17],[-66.8,18.12],[-66.81,18.11],[-66.8,18.09],[-66.84,17.97],[-66.86,17.96],[-66.86,18.0],[-66.88,18.02],[-66.96,18.03],[-67.01,18.06],[-67.11,18.06],[-67.1,18.1],[-67.08,18.11],[-67.09,18.14],[-67.08,18.17],[-67.01,18.17],[-66.97,18.14]]]]}},
{"type":"Feature","properties":{"ugclist":"PRC011, PRC023, PRC067, PRC097","locations":"Anasco [PR], Cabo Rojo [PR], Hormigueros [PR], Mayaguez [PR]","utc_issue":"2024-09-25T18:46:00Z","utc_expire":"2024-09-25T21:15:00Z","utc_polygon_begin":"2024-09-25T18:46:00Z","utc_polygon_end":"2024-09-25T21:15:00Z","ph_sig":"FA.Y","wfo":"JSJ","eventid":504,"phenomena":"FA","significance":"Y","nws_color":"#00FF7F","event_label":"Flood Advisory","status":"NEW","product_id":"202409251846-TJSJ-WGCA82-FLSSJU","year":2024,"fcster":"ERG"},"geometry":{"type":"MultiPolygon","coordinates":[[[[-67.06,18.31],[-67.04,18.27],[-67.08,18.25],[-67.02,18.19],[-67.07,18.17],[-67.11,17.95],[-67.12,17.95],[-67.19,17.93],[-67.21,17.99],[-67.17,18.01],[-67.2,18.09],[-67.13,18.2],[-67.23,18.3],[-67.06,18.31]]]]}},
{"type":"Feature","properties":{"ugclist":"TNC029, TNC059, TNC163, TNC179","locations":"Cocke [TN], Greene [TN], Sullivan [TN], Washington [TN]","utc_issue":"2024-09-25T18:50:00Z","utc_expire":"2024-09-25T23:00:00Z","utc_polygon_begin":"2024-09-25T18:50:00Z","utc_polygon_end":"2024-09-25T21:48:00Z","ph_sig":"FF.W","wfo":"MRX","eventid":36,"phenomena":"FF","significance":"W","nws_color":"#8B0000","event_label":"Flash Flood Warning","status":"NEW","product_id":"202409251850-KMRX-WGUS54-FFWMRX","year":2024,"fcster":"GC"},"geometry":{"type":"MultiPolygon","coordinates":[[[[-83.13,35.89],[-82.89,36.24],[-82.75,36.38],[-82.68,36.43],[-82.54,36.45],[-82.74,36.07],[-83.05,35.87],[-83.13,35.89]]]]}},
{"type":"Feature","properties":{"ugclist":"GMZ750, GMZ770","locations":"Coastal waters from Okaloosa-Walton County Line to Mexico Beach out 20 NM [], Waters from Okaloosa-Walton County Line to Mexico Beach from 20 to 60 NM []","utc_issue":"2024-09-25T19:01:00Z","utc_expire":"2024-09-25T21:00:00Z","utc_polygon_begin":"2024-09-25T19:01:00Z","utc_polygon_end":"2024-09-25T20:53:00Z","ph_sig":"MA.W","wfo":"TAE","eventid":320,"phenomena":"MA","significance":"W","nws_color":"#FFA500","event_label":"Marine Warning","status":"NEW","product_id":"202409251901-KTAE-WHUS52-SMWTAE","year":2024,"fcster":"IG3"},"geometry":{"type":"MultiPolygon","coordinates":[[[[-86.39,30.18],[-86.14,30.25],[-85.91,30.09],[-85.75,29.74],[-85.73,29.53],[-85.63,29.44],[-85.85,29.01],[-86.4,29.3],[-86.39,30.18]]]]}},
{"type":"Feature","properties":{"ugclist":"GAC137, GAC241, NCC113, SCC073","locations":"Habersham [GA], Rabun [GA], Macon [NC], Oconee [SC]","utc_issue":"2024-09-25T19:16:00Z","utc_expire":"2024-09-25T20:00:00Z","utc_polygon_begin":"2024-09-25T19:16:00Z","utc_polygon_end":"2024-09-25T19:31:00Z","ph_sig":"SV.W","wfo":"GSP","eventid":277,"phenomena":"SV","significance":"W","nws_color":"#FFA500","event_label":"Severe Thunderstorm Warning","status":"NEW","product_id":"202409251916-KGSP-WUUS52-SVRGSP","year":2024,"fcster":"JRK"},"geometry":{"type":"MultiPolygon","coordinates":[[[[-83.24,35.1],[-83.11,35.01],[-83.11,35.0],[-83.1,35.0],[-82.92,34.88],[-83.32,34.68],[-83.34,34.69],[-83.36,34.68],[-83.39,34.64],[-83.51,34.71],[-83.24,35.1]]]]}},
{"type":"Feature","properties":{"ugclist":"GMZ330, GMZ335, GMZ350, GMZ355, GMZ370, GMZ375","locations":"Matagorda Bay [], Galveston Bay [], Coastal waters from Freeport to Matagorda Ship Channel TX out 20 NM [], Coastal waters from High Island to Freeport TX out 20 NM [], Waters from Freeport to Matagorda Ship Channel TX from 20 to 60 NM [], Waters from High Island to Freeport TX from 20 to 60 NM []","utc_issue":"2024-09-25T19:19:00Z","utc_expire":"2024-09-25T20:00:00Z","utc_polygon_begin":"2024-09-25T19:19:00Z","utc_polygon_end":"2024-09-25T20:00:00Z","ph_sig":"MA.W","wfo":"HGX","eventid":161,"phenomena":"MA","significance":"W","nws_color":"#FFA500","event_label":"Marine Warning","status":"NEW","product_id":"202409251919-KHGX-WHUS54-SMWHGX","year":2024,"fcster":"JM"},"geometry":{"type":"MultiPolygon","coordinates":[[[[-95.93,28.72],[-95.65,28.78],[-95.33,28.93],[-95.22,29.09],[-95.02,28.66],[-95.81,28.28],[-96.09,28.65],[-95.93,28.72]]]]}},
{"type":"Feature","properties":{"ugclist":"LAC103","locations":"St. Tammany [LA]","utc_issue":"2024-09-25T19:26:00Z","utc_expire":"2024-09-25T20:15:00Z","utc_polygon_begin":"2024-09-25T19:26:00Z","utc_polygon_end":"2024-09-25T20:02:00Z","ph_sig":"SV.W","wfo":"LIX","eventid":161,"phenomena":"SV","significance":"W","nws_color":"#FFA500","event_label":"Severe Thunderstorm Warning","status":"NEW","product_id":"202409251926-KLIX-WUUS54-SVRLIX","year":2024,"fcster":"Schlotz"},"geometry":{"type":"MultiPolygon","coordinates":[[[[-90.13,30.37],[-90.09,30.51],[-89.74,30.5],[-89.78,30.22],[-90.13,30.37]]]]}},
{"type":"Feature","properties":{"ugclist":"ALC045","locations":"Dale [AL]","utc_issue":"2024-09-25T19:35:00Z","utc_expire":"2024-09-25T22:45:00Z","utc_polygon_begin":"2024-09-25T19:35:00Z","utc_polygon_end":"2024-09-25T22:45:00Z","ph_sig":"FF.W","wfo":"TAE","eventid":95,"phenomena":"FF","significance":"W","nws_color":"#8B0000","event_label":"Flash Flood Warning","status":"NEW","product_id":"202409251935-KTAE-WGUS52-FFWTAE","year":2024,"fcster":"IG3"},"geometry":{"type":"MultiPolygon","coordinates":[[[[-85.79,31.32],[-85.79,31.62],[-85.52,31.62],[-85.55,31.38],[-85.79,31.32]]]]}},
{"type":"Feature","properties":{"ugclist":"PRC021, PRC061, PRC127, PRC135, PRC137","locations":"Bayamon [PR], Guaynabo [PR], San Juan [PR], Toa Alta [PR], Toa Baja [PR]","utc_issue":"2024-09-25T19:44:00Z","utc_expire":"2024-09-25T21:16:00Z","utc_polygon_begin":"2024-09-25T19:44:00Z","utc_polygon_end":"2024-09-25T21:16:00Z","ph_sig":"FA.Y","wfo":"JSJ","eventid":505,"phenomena":"FA","significance":"Y","nws_color":"#00FF7F","event_label":"Flood Advisory","status":"NEW","product_id":"202409251944-TJSJ-WGCA82-FLSSJU","year":2024,"fcster":"ERG"},"geometry":{"type":"MultiPolygon","coordinates":[[[[-66.24,18.43],[-66.21,18.43],[-66.19,18.42],[-66.11,18.4],[-66.03,18.39],[-66.03,18.37],[-66.04,18.35],[-66.04,18.32],[-66.26,18.34],[-66.26,18.37],[-66.25,18.39],[-66.25,18.41],[-66.24,18.43]]]]}},
{"type":"Feature","properties":{"ugclist":"GMZ330, GMZ335, GMZ350","locations":"Matagorda Bay [], Galveston Bay [], Coastal waters from Freeport to Matagorda Ship Channel TX out 20 NM []","utc_issue":"2024-09-25T19:53:00Z","utc_expire":"2024-09-25T21:30:00Z","utc_polygon_begin":"2024-09-25T19:53:00Z","utc_polygon_end":"2024-09-25T21:08:00Z","ph_sig":"MA.W","wfo":"HGX","eventid":162,"phenomena":"MA","significance":"W","nws_color":"#FFA500","event_label":"Marine Warning","status":"NEW","product_id":"202409251953-KHGX-WHUS54-SMWHGX","year":2024,"fcster":"03"},"geometry":{"type":"MultiPolygon","coordinates":[[[[-96.52,28.72],[-96.51,28.71],[-96.56,28.71],[-96.44,28.6],[-96.45,28.59],[-96.47,28.58],[-96.17,28.72],[-96.17,28.71],[-96.21,28.6],[-95.3,28.95],[-95.13,28.62],[-95.13,28.61],[-96.09,28.14],[-96.43,28.48],[-96.56,28.48],[-96.53,28.49],[-96.67,28.7],[-96.52,28.72]]]]}},
{"type":"Feature","properties":{"ugclist":"WVC081","locations":"Raleigh [WV]","utc_issue":"2024-09-25T19:59:00Z","utc_expire":"2024-09-25T22:53:00Z","utc_polygon_begin":"2024-09-25T19:59:00Z","utc_polygon_end":"2024-09-25T21:35:00Z","ph_sig":"FF.W","wfo":"RLX","eventid":45,"phenomena":"FF","significance":"W","nws_color":"#8B0000","event_label":"Flash Flood Warning","status":"NEW","product_id":"202409251959-KRLX-WGUS51-FFWRLX","year":2024,"fcster":null},"geometry":{"type":"MultiPolygon","coordinates":[[[[-80.92,37.75],[-80.92,37.74],[-80.9,37.71],[-80.91,37.7],[-80.95,37.72],[-80.98,37.71],[-80.97,37.7],[-81.02,37.67],[-81.03,37.66],[-81.07,37.64],[-81.07,37.63],[-81.06,37.61],[-81.07,37.6],[-81.09,37.6],[-81.09,37.59],[-81.11,37.59],[-81.1,37.68],[-81.05,37.83],[-80.96,37.82],[-80.92,37.75]]]]}},
{"type":"Feature","properties":{"ugclist":"ALC017, ALC081","locations":"Chambers [AL], Lee [AL]","utc_issue":"2024-09-25T20:01:00Z","utc_expire":"2024-09-25T23:00:00Z","utc_polygon_begin":"2024-09-25T20:01:00Z","utc_polygon_end":"2024-09-25T20:59:00Z","ph_sig":"FF.W","wfo":"BMX","eventid":21,"phenomena":"FF","significance":"W","nws_color":"#8B0000","event_label":"Flash Flood Warning","status":"NEW","product_id":"202409252001-KBMX-WGUS54-FFWBMX","year":2024,"fcster":"40/Sizemore"},"geometry":{"type":"MultiPolygon","coordinates":[[[[-85.39,32.96],[-85.31,33.0],[-85.21,33.0],[-85.18,32.86],[-85.17,32.85],[-85.3,32.58],[-85.42,32.48],[-85.44,32.48],[-85.44,32.5],[-85.48,32.5],[-85.54,32.52],[-85.5,32.73],[-85.45,32.78],[-85.39,32.96]]]]}},
{"type":"Feature","properties":{"ugclist":"WVC025, WVC063, WVC089","locations":"Greenbrier [WV], Monroe [WV], Summers [WV]","utc_issue":"2024-09-25T20:11:00Z","utc_expire":"2024-09-25T21:15:00Z","utc_polygon_begin":"2024-09-25T20:11:00Z","utc_polygon_end":"2024-09-25T20:37:00Z","ph_sig":"SV.W","wfo":"RNK","eventid":183,"phenomena":"SV","significance":"W","nws_color":"#FFA500","event_label":"Severe Thunderstorm Warning","status":"NEW","product_id":"202409252011-KRNK-WUUS51-SVRRNK","year":2024,"fcster":"SH"},"geometry":{"type":"MultiPolygon","coordinates":[[[[-80.5,37.92],[-80.58,37.66],[-80.97,37.5],[-80.99,37.52],[-80.9,37.69],[-80.9,37.67],[-80.88,37.68],[-80.89,37.72],[-80.92,37.74],[-80.89,37.77],[-80.94,37.82],[-80.81,37.87],[-80.75,37.86],[-80.8,37.94],[-80.62,38.05],[-80.5,37.92]]]]}},
{"type":"Feature","properties":{"ugclist":"GAC241, SCC073","locations":"Rabun [GA], Oconee [SC]","utc_issue":"2024-09-25T20:12:00Z","utc_expire":"2024-09-25T22:00:00Z","utc_polygon_begin":"2024-09-25T20:12:00Z","utc_polygon_end":"2024-09-25T21:50:00Z","ph_sig":"FA.Y","wfo":"GSP","eventid":146,"phenomena":"FA","significance":"Y","nws_color":"#00FF7F","event_label":"Flood Advisory","status":"NEW","product_id":"202409252012-KGSP-WGUS82-FLSGSP","year":2024,"fcster":"CSH"},"geometry":{"type":"MultiPolygon","coordinates":[[[[-83.39,34.86],[-83.3,35.0],[-83.03,35.0],[-83.04,34.96],[-83.09,34.88],[-83.11,34.8],[-83.11,34.77],[-83.1,34.64],[-83.16,34.6],[-83.33,34.69],[-83.35,34.7],[-83.35,34.72],[-83.38,34.73],[-83.39,34.86]]]]}},
{"type":"Feature","properties":{"ugclist":"TNC029, TNC089, TNC155","locations":"Cocke [TN], Jefferson [TN], Sevier [TN]","utc_issue":"2024-09-25T20:15:00Z","utc_expire":"2024-09-25T23:15:00Z","utc_polygon_begin":"2024-09-25T20:15:00Z","utc_polygon_end":"2024-09-25T21:54:00Z","ph_sig":"FF.W","wfo":"MRX","eventid":37,"phenomena":"FF","significance":"W","nws_color":"#8B0000","event_label":"Flash Flood Warning","status":"NEW","product_id":"202409252015-KMRX-WGUS54-FFWMRX","year":2024,"fcster":"GC"},"geometry":{"type":"MultiPolygon","coordinates":[[[[-83.3,35.66],[-83.31,35.65],[-83.32,35.66],[-83.34,35.66],[-83.35,35.66],[-83.37,35.64],[-83.39,35.63],[-83.4,35.62],[-83.42,35.61],[-83.45,35.61],[-83.48,35.58],[-83.49,35.57],[-83.5,35.56],[-83.57,35.57],[-83.55,35.79],[-83.48,35.96],[-83.36,36.07],[-83.25,35.99],[-83.28,35.68],[-83.3,35.66]]]]}},
{"type":"Feature","properties":{"ugclist":"AMZ610","locations":"Lake Okeechobee []","utc_issue":"2024-09-25T20:19:00Z","utc_expire":"2024-09-25T21:00:00Z","utc_polygon_begin":"2024-09-25T20:19:00Z","utc_polygon_end":"2024-09-25T21:00:00Z","ph_sig":"MA.W","wfo":"MFL","eventid":451,"phenomena":"MA","significance":"W","nws_color":"#FFA500","event_label":"Marine Warning","status":"NEW","product_id":"202409252019-KMFL-WHUS52-SMWMFL","year":2024,"fcster":"Baxter"},"geometry":{"type":"MultiPolygon","coordinates":[[[[-80.94,27.12],[-80.9,26.79],[-81.0,26.78],[-81.08,26.82],[-81.15,26.92],[-81.15,26.93],[-81.12,26.96],[-81.12,26.99],[-80.98,27.11],[-80.94,27.12]]]]}},
{"type":"Feature","properties":{"ugclist":"GMZ236, GMZ237, GMZ255","locations":"Copano, Aransas, and Redfish Bays [], San Antonio, Mesquite, and Espiritu Santo Bays [], Coastal waters from Port Aransas to Matagorda Ship Channel out 20 NM []","utc_issue":"2024-09-25T20:19:00Z","utc_expire":"2024-09-25T21:15:00Z","utc_polygon_begin":"2024-09-25T20:19:00Z","utc_polygon_end":"2024-09-25T21:15:00Z","ph_sig":"MA.W","wfo":"CRP","eventid":98,"phenomena":"MA","significance":"W","nws_color":"#FFA500","event_label":"Marine Warning","status":"NEW","product_id":"202409252019-KCRP-WHUS54-SMWCRP","year":2024,"fcster":"JCP"},"geometry":{"type":"MultiPolygon","coordinates":[[[[-96.42,28.46],[-96.38,28.39],[-96.09,28.14],[-96.12,28.11],[-96.27,28.04],[-96.65,28.0],[-97.28,28.01],[-97.14,28.25],[-96.95,28.32],[-96.87,28.31],[-96.94,28.44],[-96.89,28.47],[-96.42,28.46]]]]}},
{"type":"Feature","properties":{"ugclist":"WVC025, WVC089","locations":"Greenbrier [WV], Summers [WV]","utc_issue":"2024-09-25T20:28:00Z","utc_expire":"2024-09-25T21:00:00Z","utc_polygon_begin":"2024-09-25T20:28:00Z","utc_polygon_end":"2024-09-25T20:42:00Z","ph_sig":"TO.W","wfo":"RNK","eventid":22,"phenomena":"TO","significance":"W","nws_color":"#FF0000","event_label":"Tornado Warning","status":"NEW","product_id":"202409252028-KRNK-WFUS51-TORRNK","year":2024,"fcster":"SH"},"geometry":{"type":"MultiPolygon","coordinates":[[[[-80.65,37.8],[-80.82,37.68],[-80.88,37.76],[-80.79,37.87],[-80.75,37.87],[-80.77,37.89],[-80.76,37.9],[-80.65,37.8]]]]}},
{"type":"Feature","properties":{"ugclist":"NCC099, NCC175","locations":"Jackson [NC], Transylvania [NC]","utc_issue":"2024-09-25T20:31:00Z","utc_expire":"2024-09-25T23:00:00Z","utc_polygon_begin":"2024-09-25T20:31:00Z","utc_polygon_end":"2024-09-25T22:53:00Z","ph_sig":"FA.Y","wfo":"GSP","eventid":147,"phenomena":"FA","significance":"Y","nws_color":"#00FF7F","event_label":"Flood Advisory","status":"NEW","product_id":"202409252031-KGSP-WGUS82-FLSGSP","year":2024,"fcster":"CSH"},"geometry":{"type":"MultiPolygon","coordinates":[[[[-83.11,35.0],[-83.11,35.01],[-83.13,35.03],[-83.13,35.04],[-83.15,35.05],[-83.16,35.06],[-83.17,35.07],[-83.16,35.08],[-83.14,35.08],[-83.15,35.09],[-83.07,35.16],[-83.0,35.2],[-82.94,35.22],[-82.85,35.21],[-82.83,35.17],[-82.87,35.06],[-83.05,35.02],[-83.11,35.0]]]]}},
{"type":"Feature","properties":{"ugclist":"AMZ651, AMZ670, AMZ671","locations":"Coastal waters from Deerfield Beach to Ocean Reef FL out 20 NM [], Waters from Jupiter Inlet to Deerfield Beach FL from 20 to 60 NM [], Waters from Deerfield Beach to Ocean Reef FL from 20 to 60 NM excluding the territorial waters of Bahamas []","utc_issue":"2024-09-25T20:52:00Z","utc_expire":"2024-09-25T22:15:00Z","utc_polygon_begin":"2024-09-25T20:52:00Z","utc_polygon_end":"2024-09-25T22:15:00Z","ph_sig":"MA.W","wfo":"MFL","eventid":452,"phenomena":"MA","significance":"W","nws_color":"#FFA500","event_label":"Marine Warning","status":"NEW","product_id":"202409252052-KMFL-WHUS52-SMWMFL","year":2024,"fcster":"Baxter"},"geometry":{"type":"MultiPolygon","coordinates":[[[[-79.03,26.57],[-79.09,26.18],[-79.1,25.88],[-79.75,26.25],[-79.7,26.61],[-79.69,26.81],[-79.73,26.97],[-79.04,26.97],[-79.03,26.57]]]]}},
{"type":"Feature","properties":{"ugclist":"WVC025","locations":"Greenbrier [WV]","utc_issue":"2024-09-25T20:53:00Z","utc_expire":"2024-09-25T21:30:00Z","utc_polygon_begin":"2024-09-25T20:53:00Z","utc_polygon_end":"2024-09-25T21:30:00Z","ph_sig":"TO.W","wfo":"RNK","eventid":23,"phenomena":"TO","significance":"W","nws_color":"#FF0000","event_label":"Tornado Warning","status":"NEW","product_id":"202409252053-KRNK-WFUS51-TORRNK","year":2024,"fcster":"SH"},"geometry":{"type":"MultiPolygon","coordinates":[[[[-80.66,37.83],[-80.68,37.86],[-80.57,37.97],[-80.49,37.88],[-80.66,37.83]]]]}},
{"type":"Feature","properties":{"ugclist":"AMZ741","locations":"Mona Passage Southward to 17N []","utc_issue":"2024-09-25T20:55:00Z","utc_expire":"2024-09-25T21:31:00Z","utc_polygon_begin":"2024-09-25T20:55:00Z","utc_polygon_end":"2024-09-25T21:31:00Z","ph_sig":"MA.W","wfo":"JSJ","eventid":54,"phenomena":"MA","significance":"W","nws_color":"#FFA500","event_label":"Marine Warning","status":"NEW","product_id":"202409252055-TJSJ-WHCA52-SMWSJU","year":2024,"fcster":"CVB"},"geometry":{"type":"MultiPolygon","coordinates":[[[[-68.0,18.1],[-68.0,18.29],[-67.69,18.4],[-67.61,18.09],[-68.0,17.88],[-68.0,18.09],[-68.01,18.09],[-68.0,18.1]]]]}},
{"type":"Feature","properties":{"ugclist":"FLC059","locations":"Holmes [FL]","utc_issue":"2024-09-25T20:56:00Z","utc_expire":"2024-09-26T00:00:00Z","utc_polygon_begin":"2024-09-25T20:56:00Z","utc_polygon_end":"2024-09-26T00:00:00Z","ph_sig":"FF.W","wfo":"TAE","eventid":96,"phenomena":"FF","significance":"W","nws_color":"#8B0000","event_label":"Flash Flood Warning","status":"NEW","product_id":"202409252056-KTAE-WGUS52-FFWTAE","year":2024,"fcster":"IG3"},"geometry":{"type":"MultiPolygon","coordinates":[[[[-86.04,30.78],[-86.04,30.79],[-86.04,30.81],[-86.04,30.83],[-86.04,30.86],[-86.04,30.88],[-86.04,30.91],[-86.04,30.97],[-86.03,30.99],[-85.99,30.99],[-85.96,30.99],[-85.87,30.99],[-85.79,30.99],[-85.9,30.79],[-86.04,30.78]]]]}},
{"type":"Feature","properties":{"ugclist":"WVC025","locations":"Greenbrier [WV]","utc_issue":"2024-09-25T21:11:00Z","utc_expire":"2024-09-25T21:45:00Z","utc_polygon_begin":"2024-09-25T21:11:00Z","utc_polygon_end":"2024-09-25T21:31:00Z","ph_sig":"TO.W","wfo":"RNK","eventid":24,"phenomena":"TO","significance":"W","nws_color":"#FF0000","event_label":"Tornado Warning","status":"NEW","product_id":"202409252111-KRNK-WFUS51-TORRNK","year":2024,"fcster":"SH"},"geometry":{"type":"MultiPolygon","coordinates":[[[[-80.58,37.89],[-80.64,37.94],[-80.47,38.15],[-80.28,37.94],[-80.58,37.89]]]]}},
{"type":"Feature","properties":{"ugclist":"GMZ236, GMZ237, GMZ255, GMZ275","locations":"Copano, Aransas, and Redfish Bays [], San Antonio, Mesquite, and Espiritu Santo Bays [], Coastal waters from Port Aransas to Matagorda Ship Channel out 20 NM [], Waters from Port Aransas to Matagorda Ship Channel from 20 to 60 NM []","utc_issue":"2024-09-25T21:11:00Z","utc_expire":"2024-09-25T22:15:00Z","utc_polygon_begin":"2024-09-25T21:11:00Z","utc_polygon_end":"2024-09-25T22:15:00Z","ph_sig":"MA.W","wfo":"CRP","eventid":99,"phenomena":"MA","significance":"W","nws_color":"#FFA500","event_label":"Marine Warning","status":"NEW","product_id":"202409252111-KCRP-WHUS54-SMWCRP","year":2024,"fcster":"JCP"},"geometry":{"type":"MultiPolygon","coordinates":[[[[-95.92,27.99],[-96.59,27.86],[-97.15,27.88],[-97.09,28.27],[-96.95,28.32],[-96.87,28.31],[-96.87,28.32],[-96.9,28.36],[-96.64,28.35],[-96.37,28.38],[-95.92,27.99]]]]}},
{"type":"Feature","properties":{"ugclist":"AMZ550, AMZ552, AMZ555, AMZ570, AMZ572, AMZ575","locations":"Flagler Beach to Volusia-Brevard County Line 0-20 nm [], Volusia-Brevard County Line to Sebastian Inlet 0-20 nm [], Sebastian Inlet to Jupiter Inlet 0-20 nm [], Flagler Beach to Volusia-Brevard County Line 20-60 nm [], Volusia-Brevard County Line to Sebastian Inlet 20-60 nm [], Sebastian Inlet to Jupiter Inlet 20-60 nm []","utc_issue":"2024-09-25T21:11:00Z","utc_expire":"2024-09-25T23:15:00Z","utc_polygon_begin":"2024-09-25T21:11:00Z","utc_polygon_end":"2024-09-25T23:15:00Z","ph_sig":"MA.W","wfo":"MLB","eventid":238,"phenomena":"MA","significance":"W","nws_color":"#FFA500","event_label":"Marine Warning","status":"NEW","product_id":"202409252111-KMLB-WHUS52-SMWMLB","year":2024,"fcster":"Law"},"geometry":{"type":"MultiPolygon","coordinates":[[[[-80.31,27.34],[-80.41,27.65],[-80.65,28.08],[-80.85,28.65],[-80.89,28.81],[-80.85,28.84],[-80.96,29.04],[-79.82,29.24],[-79.58,28.77],[-79.54,28.29],[-79.18,27.42],[-80.31,27.34]]]]}},
{"type":"Feature","properties":{"ugclist":"TXC007, TXC057, TXC391","locations":"Aransas [TX], Calhoun [TX], Refugio [TX]","utc_issue":"2024-09-25T21:14:00Z","utc_expire":"2024-09-25T22:00:00Z","utc_polygon_begin":"2024-09-25T21:14:00Z","utc_polygon_end":"2024-09-25T21:29:00Z","ph_sig":"SV.W","wfo":"CRP","eventid":80,"phenomena":"SV","significance":"W","nws_color":"#FFA500","event_label":"Severe Thunderstorm Warning","status":"NEW","product_id":"202409252114-KCRP-WUUS54-SVRCRP","year":2024,"fcster":"JCP"},"geometry":{"type":"MultiPolygon","coordinates":[[[[-96.77,28.01],[-97.14,28.02],[-97.05,28.42],[-96.82,28.42],[-96.72,28.06],[-96.77,28.01]]]]}},
{"type":"Feature","properties":{"ugclist":"AMZ610","locations":"Lake Okeechobee []","utc_issue":"2024-09-25T21:25:00Z","utc_expire":"2024-09-25T22:30:00Z","utc_polygon_begin":"2024-09-25T21:25:00Z","utc_polygon_end":"2024-09-25T22:30:00Z","ph_sig":"MA.W","wfo":"MFL","eventid":453,"phenomena":"MA","significance":"W","nws_color":"#FFA500","event_label":"Marine Warning","status":"NEW","product_id":"202409252125-KMFL-WHUS52-SMWMFL","year":2024,"fcster":"Baxter"},"geometry":{"type":"MultiPolygon","coordinates":[[[[-80.76,26.67],[-80.84,26.68],[-81.0,26.79],[-81.11,26.83],[-81.15,26.89],[-81.15,26.93],[-81.12,26.96],[-81.12,26.99],[-80.92,27.16],[-80.88,27.17],[-80.87,27.14],[-80.85,27.17],[-80.76,26.67]]]]}},
{"type":"Feature","properties":{"ugclist":"NCC175","locations":"Transylvania [NC]","utc_issue":"2024-09-25T21:29:00Z","utc_expire":"2024-09-25T23:30:00Z","utc_polygon_begin":"2024-09-25T21:29:00Z","utc_polygon_end":"2024-09-25T23:19:00Z","ph_sig":"FA.Y","wfo":"GSP","eventid":148,"phenomena":"FA","significance":"Y","nws_color":"#00FF7F","event_label":"Flood Advisory","status":"NEW","product_id":"202409252129-KGSP-WGUS82-FLSGSP","year":2024,"fcster":"CSH"},"geometry":{"type":"MultiPolygon","coordinates":[[[[-82.85,35.21],[-82.93,35.22],[-82.92,35.29],[-82.83,35.31],[-82.75,35.35],[-82.74,35.39],[-82.72,35.39],[-82.66,35.33],[-82.62,35.3],[-82.62,35.26],[-82.6,35.2],[-82.71,35.12],[-82.87,35.07],[-82.83,35.18],[-82.85,35.21]]]]}},
{"type":"Feature","properties":{"ugclist":"NCC021","locations":"Buncombe [NC]","utc_issue":"2024-09-25T21:32:00Z","utc_expire":"2024-09-26T00:00:00Z","utc_polygon_begin":"2024-09-25T21:32:00Z","utc_polygon_end":"2024-09-26T00:00:00Z","ph_sig":"FA.Y","wfo":"GSP","eventid":149,"phenomena":"FA","significance":"Y","nws_color":"#00FF7F","event_label":"Flood Advisory","status":"NEW","product_id":"202409252132-KGSP-WGUS82-FLSGSP","year":2024,"fcster":"CSH"},"geometry":{"type":"MultiPolygon","coordinates":[[[[-82.43,35.74],[-82.37,35.71],[-82.36,35.69],[-82.37,35.62],[-82.34,35.52],[-82.4,35.48],[-82.46,35.45],[-82.53,35.44],[-82.61,35.45],[-82.64,35.47],[-82.75,35.46],[-82.77,35.6],[-82.75,35.71],[-82.69,35.73],[-82.68,35.73],[-82.67,35.73],[-82.55,35.77],[-82.52,35.77],[-82.43,35.74]]]]}},
{"type":"Feature","properties":{"ugclist":"WAC047","locations":"Okanogan [WA]","utc_issue":"2024-09-25T21:38:00Z","utc_expire":"2024-09-25T22:15:00Z","utc_polygon_begin":"2024-09-25T21:38:00Z","utc_polygon_end":"2024-09-25T22:06:00Z","ph_sig":"SV.W","wfo":"OTX","eventid":2,"phenomena":"SV","significance":"W","nws_color":"#FFA500","event_label":"Severe Thunderstorm Warning","status":"NEW","product_id":"202409252138-KOTX-WUUS56-SVROTX","year":2024,"fcster":"Fewkes"},"geometry":{"type":"MultiPolygon","coordinates":[[[[-118.98,49.0],[-118.95,48.99],[-119.44,48.63],[-119.83,48.89],[-119.66,49.0],[-118.98,49.0]]]]}},
{"type":"Feature","properties":{"ugclist":"AMZ650","locations":"Coastal waters from Jupiter Inlet to Deerfield Beach FL out 20 NM []","utc_issue":"2024-09-25T21:39:00Z","utc_expire":"2024-09-25T22:15:00Z","utc_polygon_begin":"2024-09-25T21:39:00Z","utc_polygon_end":"2024-09-25T22:15:00Z","ph_sig":"MA.W","wfo":"MFL","eventid":454,"phenomena":"MA","significance":"W","nws_color":"#FFA500","event_label":"Marine Warning","status":"NEW","product_id":"202409252139-KMFL-WHUS52-SMWMFL","year":2024,"fcster":"Baxter"},"geometry":{"type":"MultiPolygon","coordinates":[[[[-79.69,26.81],[-79.7,26.61],[-79.74,26.39],[-80.08,26.53],[-80.08,26.78],[-80.09,26.8],[-80.1,26.97],[-79.73,26.97],[-79.69,26.81]]]]}},
{"type":"Feature","properties":{"ugclist":"FLC087","locations":"Mainland Monroe [FL]","utc_issue":"2024-09-25T21:40:00Z","utc_expire":"2024-09-25T22:00:00Z","utc_polygon_begin":"2024-09-25T21:40:00Z","utc_polygon_end":"2024-09-25T21:51:00Z","ph_sig":"TO.W","wfo":"KEY","eventid":5,"phenomena":"TO","significance":"W","nws_color":"#FF0000","event_label":"Tornado Warning","status":"NEW","product_id":"202409252140-KKEY-WFUS52-TORKEY","year":2024,"fcster":"NB"},"geometry":{"type":"MultiPolygon","coordinates":[[[[-81.73,24.7],[-81.68,24.73],[-81.62,24.7],[-81.6,24.76],[-81.54,24.59],[-81.62,24.56],[-81.73,24.7]]]]}},
{"type":"Feature","properties":{"ugclist":"WVC025","locations":"Greenbrier [WV]","utc_issue":"2024-09-25T21:41:00Z","utc_expire":"2024-09-25T22:04:00Z","utc_polygon_begin":"2024-09-25T21:41:00Z","utc_polygon_end":"2024-09-25T21:55:00Z","ph_sig":"TO.W","wfo":"RNK","eventid":25,"phenomena":"TO","significance":"W","nws_color":"#FF0000","event_label":"Tornado Warning","status":"NEW","product_id":"202409252141-KRNK-WFUS51-TORRNK","year":2024,"fcster":"SH"},"geometry":{"type":"MultiPolygon","coordinates":[[[[-80.33,38.09],[-80.27,38.05],[-80.22,38.04],[-80.15,38.04],[-80.11,38.0],[-80.42,37.97],[-80.47,38.03],[-80.36,38.12],[-80.33,38.09]]]]}},
{"type":"Feature","properties":{"ugclist":"ALC067","locations":"Henry [AL]","utc_issue":"2024-09-25T21:49:00Z","utc_expire":"2024-09-26T01:00:00Z","utc_polygon_begin":"2024-09-25T21:49:00Z","utc_polygon_end":"2024-09-26T01:00:00Z","ph_sig":"FF.W","wfo":"TAE","eventid":97,"phenomena":"FF","significance":"W","nws_color":"#8B0000","event_label":"Flash Flood Warning","status":"NEW","product_id":"202409252149-KTAE-WGUS52-FFWTAE","year":2024,"fcster":"IG3"},"geometry":{"type":"MultiPolygon","coordinates":[[[[-85.21,31.71],[-85.21,31.74],[-85.15,31.77],[-85.14,31.77],[-85.13,31.77],[-85.13,31.76],[-85.12,31.73],[-85.13,31.72],[-85.13,31.69],[-85.11,31.69],[-85.09,31.66],[-85.08,31.66],[-85.09,31.64],[-85.06,31.62],[-85.06,31.51],[-85.18,31.4],[-85.36,31.39],[-85.27,31.7],[-85.22,31.7],[-85.21,31.71]]]]}},
{"type":"Feature","properties":{"ugclist":"WVC075","locations":"Pocahontas [WV]","utc_issue":"2024-09-25T21:50:00Z","utc_expire":"2024-09-25T22:15:00Z","utc_polygon_begin":"2024-09-25T21:50:00Z","utc_polygon_end":"2024-09-25T22:05:00Z","ph_sig":"TO.W","wfo":"RLX","eventid":17,"phenomena":"TO","significance":"W","nws_color":"#FF0000","event_label":"Tornado Warning","status":"NEW","product_id":"202409252150-KRLX-WFUS51-TORRLX","year":2024,"fcster":"JMC"},"geometry":{"type":"MultiPolygon","coordinates":[[[[-80.11,38.06],[-80.17,38.03],[-80.19,38.04],[-80.25,38.04],[-80.28,38.05],[-80.36,38.11],[-80.36,38.12],[-80.2,38.27],[-80.02,38.06],[-80.11,38.06]]]]}},
{"type":"Feature","properties":{"ugclist":"GAC145, GAC199, GAC215, GAC231, GAC263, GAC285, GAC293","locations":"Harris [GA], Meriwether [GA], Muscogee [GA], Pike [GA], Talbot [GA], Troup [GA], Upson [GA]","utc_issue":"2024-09-25T21:57:00Z","utc_expire":"2024-09-26T00:02:00Z","utc_polygon_begin":"2024-09-25T21:57:00Z","utc_polygon_end":"2024-09-26T00:02:00Z","ph_sig":"FF.W","wfo":"FFC","eventid":49,"phenomena":"FF","significance":"W","nws_color":"#8B0000","event_label":"Flash Flood Warning","status":"NEW","product_id":"202409252157-KFFC-WGUS52-FFWFFC","year":2024,"fcster":null},"geometry":{"type":"MultiPolygon","coordinates":[[[[-85.09,32.62],[-85.08,32.64],[-85.1,32.64],[-85.09,32.66],[-85.12,32.69],[-85.12,32.72],[-85.11,32.74],[-85.14,32.75],[-85.14,32.76],[-85.12,32.77],[-85.13,32.78],[-84.68,33.16],[-84.3,32.98],[-84.98,32.4],[-84.96,32.42],[-84.97,32.44],[-85.0,32.45],[-85.0,32.51],[-85.02,32.54],[-85.07,32.58],[-85.09,32.62]]]]}},
{"type":"Feature","properties":{"ugclist":"GMZ231, GMZ232, GMZ236, GMZ250, GMZ255, GMZ270, GMZ275","locations":"Baffin Bay and Upper Laguna Madre [], Corpus Christi and Nueces Bays [], Copano, Aransas, and Redfish Bays [], Coastal waters from Baffin Bay to Port Aransas out 20 NM [], Coastal waters from Port Aransas to Matagorda Ship Channel out 20 NM [], Waters from Baffin Bay to Port Aransas from 20 to 60 NM [], Waters from Port Aransas to Matagorda Ship Channel from 20 to 60 NM []","utc_issue":"2024-09-25T22:01:00Z","utc_expire":"2024-09-26T00:00:00Z","utc_polygon_begin":"2024-09-25T22:01:00Z","utc_polygon_end":"2024-09-25T23:15:00Z","ph_sig":"MA.W","wfo":"CRP","eventid":100,"phenomena":"MA","significance":"W","nws_color":"#FFA500","event_label":"Marine Warning","status":"NEW","product_id":"202409252201-KCRP-WHUS54-SMWCRP","year":2024,"fcster":"JCP"},"geometry":{"type":"MultiPolygon","coordinates":[[[[-97.78,27.5],[-97.7,27.5],[-97.64,27.44],[-97.6,27.54],[-97.42,27.52],[-97.4,27.56],[-97.53,27.67],[-97.55,27.88],[-97.26,27.95],[-97.28,27.98],[-96.92,27.96],[-96.66,28.09],[-96.45,28.01],[-96.33,27.66],[-96.43,27.12],[-97.35,27.25],[-97.35,27.28],[-97.53,27.23],[-97.65,27.28],[-97.8,27.27],[-97.78,27.5]]]]}},
{"type":"Feature","properties":{"ugclist":"AMZ550","locations":"Flagler Beach to Volusia-Brevard County Line 0-20 nm []","utc_issue":"2024-09-25T22:06:00Z","utc_expire":"2024-09-25T23:00:00Z","utc_polygon_begin":"2024-09-25T22:06:00Z","utc_polygon_end":"2024-09-25T23:00:00Z","ph_sig":"MA.W","wfo":"MLB","eventid":239,"phenomena":"MA","significance":"W","nws_color":"#FFA500","event_label":"Marine Warning","status":"NEW","product_id":"202409252206-KMLB-WHUS52-SMWMLB","year":2024,"fcster":"Law"},"geometry":{"type":"MultiPolygon","coordinates":[[[[-81.13,29.42],[-81.1,29.43],[-81.11,29.44],[-81.12,29.43],[-81.11,29.45],[-81.12,29.45],[-81.13,29.46],[-81.04,29.47],[-80.78,29.48],[-80.57,29.1],[-80.95,29.02],[-81.13,29.38],[-81.13,29.42]]]]}},
{"type":"Feature","properties":{"ugclist":"AMZ650, AMZ670","locations":"Coastal waters from Jupiter Inlet to Deerfield Beach FL out 20 NM [], Waters from Jupiter Inlet to Deerfield Beach FL from 20 to 60 NM []","utc_issue":"2024-09-25T22:07:00Z","utc_expire":"2024-09-25T23:00:00Z","utc_polygon_begin":"2024-09-25T22:07:00Z","utc_polygon_end":"2024-09-25T23:00:00Z","ph_sig":"MA.W","wfo":"MFL","eventid":455,"phenomena":"MA","significance":"W","nws_color":"#FFA500","event_label":"Marine Warning","status":"NEW","product_id":"202409252207-KMFL-WHUS52-SMWMFL","year":2024,"fcster":"Baxter"},"geometry":{"type":"MultiPolygon","coordinates":[[[[-79.05,26.42],[-80.07,26.65],[-80.11,26.97],[-79.05,26.98],[-79.03,26.73],[-79.05,26.42]]]]}},
{"type":"Feature","properties":{"ugclist":"NCC021, NCC089, NCC115","locations":"Buncombe [NC], Henderson [NC], Madison [NC]","utc_issue":"2024-09-25T22:12:00Z","utc_expire":"2024-09-26T03:15:00Z","utc_polygon_begin":"2024-09-25T22:12:00Z","utc_polygon_end":"2024-09-26T03:14:00Z","ph_sig":"FF.W","wfo":"GSP","eventid":53,"phenomena":"FF","significance":"W","nws_color":"#8B0000","event_label":"Flash Flood Warning","status":"NEW","product_id":"202409252212-KGSP-WGUS52-FFWGSP","year":2024,"fcster":"TBW"},"geometry":{"type":"MultiPolygon","coordinates":[[[[-82.61,35.78],[-82.52,35.83],[-82.42,35.79],[-82.46,35.54],[-82.5,35.33],[-82.57,35.3],[-82.65,35.33],[-82.69,35.37],[-82.7,35.38],[-82.71,35.39],[-82.7,35.44],[-82.67,35.64],[-82.61,35.78]]]]}},
{"type":"Feature","properties":{"ugclist":"WVC075","locations":"Pocahontas [WV]","utc_issue":"2024-09-25T22:13:00Z","utc_expire":"2024-09-25T22:45:00Z","utc_polygon_begin":"2024-09-25T22:13:00Z","utc_polygon_end":"2024-09-25T22:32:00Z","ph_sig":"TO.W","wfo":"RLX","eventid":18,"phenomena":"TO","significance":"W","nws_color":"#FF0000","event_label":"Tornado Warning","status":"NEW","product_id":"202409252213-KRLX-WFUS51-TORRLX","year":2024,"fcster":"JMC"},"geometry":{"type":"MultiPolygon","coordinates":[[[[-80.24,38.07],[-80.31,38.17],[-80.13,38.33],[-79.94,38.11],[-80.24,38.07]]]]}},
{"type":"Feature","properties":{"ugclist":"TXC273, TXC355","locations":"Kleberg [TX], Nueces [TX]","utc_issue":"2024-09-25T22:20:00Z","utc_expire":"2024-09-25T22:43:00Z","utc_polygon_begin":"2024-09-25T22:20:00Z","utc_polygon_end":"2024-09-25T22:31:00Z","ph_sig":"SV.W","wfo":"CRP","eventid":81,"phenomena":"SV","significance":"W","nws_color":"#FFA500","event_label":"Severe Thunderstorm Warning","status":"NEW","product_id":"202409252220-KCRP-WUUS54-SVRCRP","year":2024,"fcster":"JCP"},"geometry":{"type":"MultiPolygon","coordinates":[[[[-97.65,27.75],[-97.55,27.86],[-97.53,27.85],[-97.5,27.85],[-97.53,27.86],[-97.55,27.87],[-97.53,27.87],[-97.51,27.88],[-97.48,27.87],[-97.48,27.86],[-97.47,27.86],[-97.11,27.69],[-97.29,27.39],[-97.65,27.75]]]]}},
{"type":"Feature","properties":{"ugclist":"GAC071","locations":"Colquitt [GA]","utc_issue":"2024-09-25T22:27:00Z","utc_expire":"2024-09-25T22:46:00Z","utc_polygon_begin":"2024-09-25T22:27:00Z","utc_polygon_end":"2024-09-25T22:46:00Z","ph_sig":"TO.W","wfo":"TAE","eventid":84,"phenomena":"TO","significance":"W","nws_color":"#FF0000","event_label":"Tornado Warning","status":"NEW","product_id":"202409252227-KTAE-WFUS52-TORTAE","year":2024,"fcster":"IG3"},"geometry":{"type":"MultiPolygon","coordinates":[[[[-83.59,31.19],[-83.72,31.17],[-83.8,31.32],[-83.76,31.33],[-83.76,31.32],[-83.72,31.32],[-83.71,31.33],[-83.58,31.33],[-83.59,31.19]]]]}},
{"type":"Feature","properties":{"ugclist":"NCC189","locations":"Watauga [NC]","utc_issue":"2024-09-25T22:28:00Z","utc_expire":"2024-09-25T23:30:00Z","utc_polygon_begin":"2024-09-25T22:28:00Z","utc_polygon_end":"2024-09-25T22:45:00Z","ph_sig":"SV.W","wfo":"RNK","eventid":184,"phenomena":"SV","significance":"W","nws_color":"#FFA500","event_label":"Severe Thunderstorm Warning","status":"NEW","product_id":"202409252228-KRNK-WUUS51-SVRRNK","year":2024,"fcster":"16"},"geometry":{"type":"MultiPolygon","coordinates":[[[[-81.73,36.34],[-81.71,36.34],[-81.73,36.35],[-81.71,36.38],[-81.64,36.35],[-81.57,36.28],[-81.52,36.26],[-81.61,36.12],[-81.71,36.12],[-81.81,36.11],[-81.82,36.14],[-81.73,36.34]]]]}},
{"type":"Feature","properties":{"ugclist":"AMZ454","locations":"Coastal waters from St. Augustine to Flagler Beach FL out 20 NM []","utc_issue":"2024-09-25T22:32:00Z","utc_expire":"2024-09-25T23:30:00Z","utc_polygon_begin":"2024-09-25T22:32:00Z","utc_polygon_end":"2024-09-25T23:30:00Z","ph_sig":"MA.W","wfo":"JAX","eventid":204,"phenomena":"MA","significance":"W","nws_color":"#FFA500","event_label":"Marine Warning","status":"NEW","product_id":"202409252232-KJAX-WHUS52-SMWJAX","year":2024,"fcster":"KB"},"geometry":{"type":"MultiPolygon","coordinates":[[[[-81.16,29.46],[-81.2,29.53],[-81.24,29.55],[-81.25,29.63],[-81.28,29.65],[-81.28,29.73],[-81.31,29.76],[-81.05,29.79],[-80.89,29.48],[-80.91,29.47],[-81.16,29.46]]]]}},
{"type":"Feature","properties":{"ugclist":"AMZ555, AMZ575","locations":"Sebastian Inlet to Jupiter Inlet 0-20 nm [], Sebastian Inlet to Jupiter Inlet 20-60 nm []","utc_issue":"2024-09-25T22:35:00Z","utc_expire":"2024-09-26T00:30:00Z","utc_polygon_begin":"2024-09-25T22:35:00Z","utc_polygon_end":"2024-09-26T00:30:00Z","ph_sig":"MA.W","wfo":"MLB","eventid":240,"phenomena":"MA","significance":"W","nws_color":"#FFA500","event_label":"Marine Warning","status":"NEW","product_id":"202409252235-KMLB-WHUS52-SMWMLB","year":2024,"fcster":"Sedlock"},"geometry":{"type":"MultiPolygon","coordinates":[[[[-80.11,26.97],[-80.18,27.11],[-80.22,27.15],[-80.26,27.13],[-80.34,27.28],[-80.26,27.24],[-80.37,27.46],[-80.41,27.65],[-80.51,27.83],[-79.41,27.99],[-79.13,27.29],[-79.05,26.98],[-80.11,26.97]]]]}},
{"type":"Feature","properties":{"ugclist":"WAC003, WAC023, WAC075","locations":"Asotin [WA], Garfield [WA], Whitman [WA]","utc_issue":"2024-09-25T22:41:00Z","utc_expire":"2024-09-25T23:45:00Z","utc_polygon_begin":"2024-09-25T22:41:00Z","utc_polygon_end":"2024-09-25T23:28:00Z","ph_sig":"SV.W","wfo":"OTX","eventid":3,"phenomena":"SV","significance":"W","nws_color":"#FFA500","event_label":"Severe Thunderstorm Warning","status":"NEW","product_id":"202409252241-KOTX-WUUS56-SVROTX","year":2024,"fcster":"SB"},"geometry":{"type":"MultiPolygon","coordinates":[[[[-117.61,46.26],[-117.62,46.33],[-117.65,46.34],[-117.77,46.61],[-117.2,47.07],[-117.05,46.89],[-117.04,46.52],[-117.61,46.26]]]]}},
{"type":"Feature","properties":{"ugclist":"GAC027, GAC071, GAC131, GAC205, GAC275","locations":"Brooks [GA], Colquitt [GA], Grady [GA], Mitchell [GA], Thomas [GA]","utc_issue":"2024-09-25T22:45:00Z","utc_expire":"2024-09-26T01:45:00Z","utc_polygon_begin":"2024-09-25T22:45:00Z","utc_polygon_end":"2024-09-26T00:06:00Z","ph_sig":"FF.W","wfo":"TAE","eventid":98,"phenomena":"FF","significance":"W","nws_color":"#8B0000","event_label":"Flash Flood Warning","status":"NEW","product_id":"202409252245-KTAE-WGUS52-FFWTAE","year":2024,"fcster":"IG3"},"geometry":{"type":"MultiPolygon","coordinates":[[[[-84.0,31.34],[-83.81,31.33],[-83.73,31.15],[-83.74,30.66],[-84.09,30.68],[-84.19,30.79],[-84.21,31.18],[-84.0,31.34]]]]}},
{"type":"Feature","properties":{"ugclist":"IDC009, IDC057, IDC069, WAC003, WAC023, WAC075","locations":"Benewah [ID], Latah [ID], Nez Perce [ID], Asotin [WA], Garfield [WA], Whitman [WA]","utc_issue":"2024-09-25T22:50:00Z","utc_expire":"2024-09-25T23:45:00Z","utc_polygon_begin":"2024-09-25T22:50:00Z","utc_polygon_end":"2024-09-25T23:38:00Z","ph_sig":"DS.W","wfo":"OTX","eventid":2,"phenomena":"DS","significance":"W","nws_color":"#FFE4C4","event_label":"Dust Storm Warning","status":"NEW","product_id":"202409252250-KOTX-WWUS56-DSWOTX","year":2024,"fcster":"SB"},"geometry":{"type":"MultiPolygon","coordinates":[[[[-117.62,46.33],[-117.64,46.34],[-117.74,46.45],[-117.74,46.47],[-117.76,46.47],[-117.85,46.57],[-117.85,46.63],[-117.15,47.23],[-116.92,47.05],[-116.91,46.47],[-117.56,46.25],[-117.62,46.33]]]]}},
{"type":"Feature","properties":{"ugclist":"GAC071, GAC277, GAC321","locations":"Colquitt [GA], Tift [GA], Worth [GA]","utc_issue":"2024-09-25T22:51:00Z","utc_expire":"2024-09-25T23:04:00Z","utc_polygon_begin":"2024-09-25T22:51:00Z","utc_polygon_end":"2024-09-25T22:57:00Z","ph_sig":"TO.W","wfo":"TAE","eventid":85,"phenomena":"TO","significance":"W","nws_color":"#FF0000","event_label":"Tornado Warning","status":"NEW","product_id":"202409252251-KTAE-WFUS52-TORTAE","year":2024,"fcster":"IG3"},"geometry":{"type":"MultiPolygon","coordinates":[[[[-83.62,31.28],[-83.74,31.27],[-83.82,31.41],[-83.71,31.45],[-83.59,31.45],[-83.62,31.28]]]]}},
{"type":"Feature","properties":{"ugclist":"WVC075","locations":"Pocahontas [WV]","utc_issue":"2024-09-25T22:57:00Z","utc_expire":"2024-09-26T02:00:00Z","utc_polygon_begin":"2024-09-25T22:57:00Z","utc_polygon_end":"2024-09-26T00:32:00Z","ph_sig":"FF.W","wfo":"RLX","eventid":46,"phenomena":"FF","significance":"W","nws_color":"#8B0000","event_label":"Flash Flood Warning","status":"NEW","product_id":"202409252257-KRLX-WGUS51-FFWRLX","year":2024,"fcster":null},"geometry":{"type":"MultiPolygon","coordinates":[[[[-80.26,38.05],[-80.36,38.11],[-80.36,38.14],[-80.36,38.16],[-80.36,38.17],[-80.31,38.23],[-80.17,38.24],[-80.26,38.05]]]]}},
{"type":"Feature","properties":{"ugclist":"IDC057, IDC061, IDC069, WAC003, WAC023, WAC075","locations":"Latah [ID], Lewis [ID], Nez Perce [ID], Asotin [WA], Garfield [WA], Whitman [WA]","utc_issue":"2024-09-25T22:58:00Z","utc_expire":"2024-09-26T00:00:00Z","utc_polygon_begin":"2024-09-25T22:58:00Z","utc_polygon_end":"2024-09-25T23:43:00Z","ph_sig":"SV.W","wfo":"OTX","eventid":4,"phenomena":"SV","significance":"W","nws_color":"#FFA500","event_label":"Severe Thunderstorm Warning","status":"NEW","product_id":"202409252258-KOTX-WUUS56-SVROTX","year":2024,"fcster":"SB"},"geometry":{"type":"MultiPolygon","coordinates":[[[[-117.47,46.32],[-116.78,46.63],[-116.59,46.48],[-116.5,46.38],[-116.46,46.24],[-117.22,46.07],[-117.47,46.32]]]]}},
{"type":"Feature","properties":{"ugclist":"TNC029, TNC059, TNC063, TNC073, TNC089, TNC155, TNC163, TNC171, TNC179","locations":"Cocke [TN], Greene [TN], Hamblen [TN], Hawkins [TN], Jefferson [TN], Sevier [TN], Sullivan [TN], Unicoi [TN], Washington [TN]","utc_issue":"2024-09-25T23:02:00Z","utc_expire":"2024-09-26T02:00:00Z","utc_polygon_begin":"2024-09-25T23:02:00Z","utc_polygon_end":"2024-09-26T02:00:00Z","ph_sig":"FF.W","wfo":"MRX","eventid":38,"phenomena":"FF","significance":"W","nws_color":"#8B0000","event_label":"Flash Flood Warning","status":"NEW","product_id":"202409252302-KMRX-WGUS54-FFWMRX","year":2024,"fcster":"DH"},"geometry":{"type":"MultiPolygon","coordinates":[[[[-83.0,36.49],[-82.75,36.58],[-82.48,36.46],[-82.55,36.04],[-82.61,35.98],[-82.59,36.03],[-82.64,36.07],[-82.78,36.0],[-82.81,35.93],[-82.9,35.94],[-82.92,35.93],[-82.9,35.88],[-82.96,35.79],[-83.16,35.77],[-83.19,35.73],[-83.24,35.73],[-83.26,35.69],[-83.32,35.66],[-83.29,35.96],[-83.31,36.07],[-83.0,36.49]]]]}},
{"type":"Feature","properties":{"ugclist":"IDC079","locations":"Shoshone [ID]","utc_issue":"2024-09-25T23:03:00Z","utc_expire":"2024-09-25T23:43:00Z","utc_polygon_begin":"2024-09-25T23:03:00Z","utc_polygon_end":"2024-09-25T23:31:00Z","ph_sig":"SV.W","wfo":"OTX","eventid":5,"phenomena":"SV","significance":"W","nws_color":"#FFA500","event_label":"Severe Thunderstorm Warning","status":"NEW","product_id":"202409252303-KOTX-WUUS56-SVROTX","year":2024,"fcster":"SB"},"geometry":{"type":"MultiPolygon","coordinates":[[[[-115.69,47.46],[-115.75,47.43],[-115.69,47.4],[-116.1,47.15],[-116.27,47.22],[-116.08,47.78],[-115.72,47.7],[-115.73,47.65],[-115.69,47.6],[-115.76,47.55],[-115.71,47.54],[-115.69,47.49],[-115.64,47.48],[-115.64,47.46],[-115.69,47.46]]]]}},
{"type":"Feature","properties":{"ugclist":"WAC001","locations":"Adams [WA]","utc_issue":"2024-09-25T23:06:00Z","utc_expire":"2024-09-26T00:30:00Z","utc_polygon_begin":"2024-09-25T23:06:00Z","utc_polygon_end":"2024-09-26T00:30:00Z","ph_sig":"DS.W","wfo":"OTX","eventid":3,"phenomena":"DS","significance":"W","nws_color":"#FFE4C4","event_label":"Dust Storm Warning","status":"NEW","product_id":"202409252306-KOTX-WWUS56-DSWOTX","year":2024,"fcster":"Fewkes"},"geometry":{"type":"MultiPolygon","coordinates":[[[[-119.37,46.74],[-119.37,46.92],[-118.98,46.92],[-118.97,47.26],[-117.96,47.26],[-117.96,46.92],[-118.02,46.81],[-118.01,46.78],[-118.05,46.77],[-118.09,46.78],[-118.21,46.74],[-119.37,46.74]]]]}},
{"type":"Feature","properties":{"ugclist":"TNC029, TNC089, TNC155","locations":"Cocke [TN], Jefferson [TN], Sevier [TN]","utc_issue":"2024-09-25T23:08:00Z","utc_expire":"2024-09-26T02:00:00Z","utc_polygon_begin":"2024-09-25T23:08:00Z","utc_polygon_end":"2024-09-26T02:00:00Z","ph_sig":"FF.W","wfo":"MRX","eventid":39,"phenomena":"FF","significance":"W","nws_color":"#8B0000","event_label":"Flash Flood Warning","status":"NEW","product_id":"202409252308-KMRX-WGUS54-FFWMRX","year":2024,"fcster":"DH"},"geometry":{"type":"MultiPolygon","coordinates":[[[[-83.67,35.69],[-83.68,35.69],[-83.77,35.88],[-83.69,35.94],[-83.69,35.95],[-83.64,35.99],[-83.37,36.08],[-83.29,36.08],[-83.27,35.98],[-83.29,35.66],[-83.31,35.65],[-83.35,35.66],[-83.4,35.62],[-83.45,35.61],[-83.5,35.56],[-83.59,35.56],[-83.6,35.58],[-83.65,35.57],[-83.66,35.69],[-83.67,35.69]]]]}},
{"type":"Feature","properties":{"ugclist":"IDC009, IDC017, IDC055, WAC001, WAC043, WAC051, WAC063, WAC065, WAC075","locations":"Benewah [ID], Bonner [ID], Kootenai [ID], Adams [WA], Lincoln [WA], Pend Oreille [WA], Spokane [WA], Stevens [WA], Whitman [WA]","utc_issue":"2024-09-25T23:12:00Z","utc_expire":"2024-09-25T23:45:00Z","utc_polygon_begin":"2024-09-25T23:12:00Z","utc_polygon_end":"2024-09-25T23:43:00Z","ph_sig":"DS.W","wfo":"OTX","eventid":4,"phenomena":"DS","significance":"W","nws_color":"#FFE4C4","event_label":"Dust Storm Warning","status":"NEW","product_id":"202409252312-KOTX-WWUS56-DSWOTX","year":2024,"fcster":"SB"},"geometry":{"type":"MultiPolygon","coordinates":[[[[-116.86,48.06],[-116.87,47.71],[-116.95,47.24],[-118.5,47.26],[-118.5,47.79],[-118.41,47.83],[-118.37,47.83],[-118.36,47.86],[-117.77,48.13],[-116.86,48.06]]]]}},
{"type":"Feature","properties":{"ugclist":"IDC009, IDC055, IDC057, IDC069, WAC075","locations":"Benewah [ID], Kootenai [ID], Latah [ID], Nez Perce [ID], Whitman [WA]","utc_issue":"2024-09-25T23:17:00Z","utc_expire":"2024-09-26T00:15:00Z","utc_polygon_begin":"2024-09-25T23:17:00Z","utc_polygon_end":"2024-09-25T23:27:00Z","ph_sig":"SV.W","wfo":"OTX","eventid":6,"phenomena":"SV","significance":"W","nws_color":"#FFA500","event_label":"Severe Thunderstorm Warning","status":"NEW","product_id":"202409252317-KOTX-WUUS56-SVROTX","year":2024,"fcster":"SB"},"geometry":{"type":"MultiPolygon","coordinates":[[[[-117.03,46.53],[-117.04,46.9],[-117.25,47.12],[-116.56,47.41],[-116.39,47.13],[-116.34,46.81],[-117.03,46.53]]]]}},
{"type":"Feature","properties":{"ugclist":"IDC017, IDC055, WAC051, WAC063, WAC065","locations":"Bonner [ID], Kootenai [ID], Pend Oreille [WA], Spokane [WA], Stevens [WA]","utc_issue":"2024-09-25T23:23:00Z","utc_expire":"2024-09-26T00:30:00Z","utc_polygon_begin":"2024-09-25T23:23:00Z","utc_polygon_end":"2024-09-25T23:53:00Z","ph_sig":"SV.W","wfo":"OTX","eventid":7,"phenomena":"SV","significance":"W","nws_color":"#FFA500","event_label":"Severe Thunderstorm Warning","status":"NEW","product_id":"202409252323-KOTX-WUUS56-SVROTX","year":2024,"fcster":"SB"},"geometry":{"type":"MultiPolygon","coordinates":[[[[-117.51,47.58],[-117.82,48.02],[-117.12,48.46],[-116.67,47.96],[-117.51,47.58]]]]}},
{"type":"Feature","properties":{"ugclist":"NCC009, VAC077","locations":"Ashe [NC], Grayson [VA]","utc_issue":"2024-09-25T23:28:00Z","utc_expire":"2024-09-26T00:18:00Z","utc_polygon_begin":"2024-09-25T23:28:00Z","utc_polygon_end":"2024-09-25T23:46:00Z","ph_sig":"SV.W","wfo":"RNK","eventid":185,"phenomena":"SV","significance":"W","nws_color":"#FFA500","event_label":"Severe Thunderstorm Warning","status":"NEW","product_id":"202409252328-KRNK-WUUS51-SVRRNK","year":2024,"fcster":"16"},"geometry":{"type":"MultiPolygon","coordinates":[[[[-81.72,36.43],[-81.72,36.46],[-81.7,36.47],[-81.71,36.53],[-81.66,36.6],[-81.63,36.62],[-81.45,36.61],[-81.54,36.29],[-81.6,36.31],[-81.64,36.35],[-81.73,36.39],[-81.74,36.41],[-81.72,36.43]]]]}},
{"type":"Feature","properties":{"ugclist":"WAC063, WAC075","locations":"Spokane [WA], Whitman [WA]","utc_issue":"2024-09-25T23:39:00Z","utc_expire":"2024-09-26T00:15:00Z","utc_polygon_begin":"2024-09-25T23:39:00Z","utc_polygon_end":"2024-09-25T23:59:00Z","ph_sig":"SV.W","wfo":"OTX","eventid":8,"phenomena":"SV","significance":"W","nws_color":"#FFA500","event_label":"Severe Thunderstorm Warning","status":"NEW","product_id":"202409252339-KOTX-WUUS56-SVROTX","year":2024,"fcster":"SB"},"geometry":{"type":"MultiPolygon","coordinates":[[[[-117.5,46.93],[-117.48,47.35],[-117.03,47.27],[-117.04,47.25],[-117.35,46.89],[-117.5,46.93]]]]}},
{"type":"Feature","properties":{"ugclist":"IDC055, WAC063","locations":"Kootenai [ID], Spokane [WA]","utc_issue":"2024-09-25T23:51:00Z","utc_expire":"2024-09-26T00:30:00Z","utc_polygon_begin":"2024-09-25T23:51:00Z","utc_polygon_end":"2024-09-26T00:30:00Z","ph_sig":"SV.W","wfo":"OTX","eventid":9,"phenomena":"SV","significance":"W","nws_color":"#FFA500","event_label":"Severe Thunderstorm Warning","status":"NEW","product_id":"202409252351-KOTX-WUUS56-SVROTX","year":2024,"fcster":"Fewkes"},"geometry":{"type":"MultiPolygon","coordinates":[[[[-117.04,47.37],[-117.17,47.46],[-116.82,47.88],[-116.4,47.64],[-117.04,47.37]]]]}},
{"type":"Feature","properties":{"ugclist":"VAC021, VAC185, WVC055","locations":"Bland [VA], Tazewell [VA], Mercer [WV]","utc_issue":"2024-09-25T23:53:00Z","utc_expire":"2024-09-26T00:30:00Z","utc_polygon_begin":"2024-09-25T23:53:00Z","utc_polygon_end":"2024-09-26T00:11:00Z","ph_sig":"TO.W","wfo":"RNK","eventid":26,"phenomena":"TO","significance":"W","nws_color":"#FF0000","event_label":"Tornado Warning","status":"NEW","product_id":"202409252353-KRNK-WFUS51-TORRNK","year":2024,"fcster":"16"},"geometry":{"type":"MultiPolygon","coordinates":[[[[-81.17,37.15],[-81.31,37.19],[-81.24,37.46],[-81.01,37.37],[-81.17,37.15]]]]}},
{"type":"Feature","properties":{"ugclist":"NCC021, NCC089, NCC111, NCC121, NCC149, NCC161, NCC199","locations":"Buncombe [NC], Henderson [NC], McDowell [NC], Mitchell [NC], Polk [NC], Rutherford [NC], Yancey [NC]","utc_issue":"2024-09-26T00:07:00Z","utc_expire":"2024-09-26T05:00:00Z","utc_polygon_begin":"2024-09-26T00:07:00Z","utc_polygon_end":"2024-09-26T01:10:00Z","ph_sig":"FF.W","wfo":"GSP","eventid":54,"phenomena":"FF","significance":"W","nws_color":"#8B0000","event_label":"Flash Flood Warning","status":"NEW","product_id":"202409260007-KGSP-WGUS52-FFWGSP","year":2024,"fcster":"TBW"},"geometry":{"type":"MultiPolygon","coordinates":[[[[-82.28,35.86],[-82.14,35.9],[-81.94,35.87],[-81.96,35.82],[-81.99,35.81],[-81.97,35.8],[-82.1,35.49],[-82.31,35.2],[-82.38,35.19],[-82.39,35.22],[-82.41,35.2],[-82.45,35.27],[-82.34,35.73],[-82.28,35.86]]]]}},
{"type":"Feature","properties":{"ugclist":"WVC025","locations":"Greenbrier [WV]","utc_issue":"2024-09-26T00:08:00Z","utc_expire":"2024-09-26T03:15:00Z","utc_polygon_begin":"2024-09-26T00:08:00Z","utc_polygon_end":"2024-09-26T03:13:00Z","ph_sig":"FA.Y","wfo":"RNK","eventid":115,"phenomena":"FA","significance":"Y","nws_color":"#00FF7F","event_label":"Flood Advisory","status":"NEW","product_id":"202409260008-KRNK-WGUS81-FLSRNK","year":2024,"fcster":"SH"},"geometry":{"type":"MultiPolygon","coordinates":[[[[-80.36,38.14],[-80.36,38.11],[-80.29,38.06],[-80.52,37.9],[-80.58,37.99],[-80.56,38.0],[-80.37,38.15],[-80.36,38.14]]]]}},
{"type":"Feature","properties":{"ugclist":"IDC017, IDC021","locations":"Bonner [ID], Boundary [ID]","utc_issue":"2024-09-26T00:09:00Z","utc_expire":"2024-09-26T01:15:00Z","utc_polygon_begin":"2024-09-26T00:09:00Z","utc_polygon_end":"2024-09-26T00:28:00Z","ph_sig":"SV.W","wfo":"OTX","eventid":10,"phenomena":"SV","significance":"W","nws_color":"#FFA500","event_label":"Severe Thunderstorm Warning","status":"NEW","product_id":"202409260009-KOTX-WUUS56-SVROTX","year":2024,"fcster":"Fewkes"},"geometry":{"type":"MultiPolygon","coordinates":[[[[-116.39,48.91],[-116.04,48.59],[-116.05,48.28],[-116.64,47.97],[-116.68,47.98],[-117.04,48.37],[-117.04,48.51],[-116.39,48.91]]]]}},
{"type":"Feature","properties":{"ugclist":"TNC019, TNC091, TNC171, VAC191","locations":"Carter [TN], Johnson [TN], Unicoi [TN], Washington [VA]","utc_issue":"2024-09-26T00:10:00Z","utc_expire":"2024-09-26T03:15:00Z","utc_polygon_begin":"2024-09-26T00:10:00Z","utc_polygon_end":"2024-09-26T03:15:00Z","ph_sig":"FF.W","wfo":"MRX","eventid":40,"phenomena":"FF","significance":"W","nws_color":"#8B0000","event_label":"Flash Flood Warning","status":"NEW","product_id":"202409260010-KMRX-WGUS54-FFWMRX","year":2024,"fcster":"DH"},"geometry":{"type":"MultiPolygon","coordinates":[[[[-81.93,36.57],[-81.83,36.61],[-81.87,36.62],[-81.75,36.84],[-81.7,36.79],[-81.61,36.64],[-81.71,36.54],[-81.7,36.47],[-81.74,36.41],[-81.71,36.34],[-81.79,36.36],[-81.86,36.34],[-81.91,36.3],[-82.03,36.12],[-82.08,36.1],[-82.13,36.11],[-82.15,36.15],[-82.26,36.13],[-82.33,36.23],[-81.93,36.57]]]]}},
{"type":"Feature","properties":{"ugclist":"GAC017, GAC019, GAC071, GAC075, GAC155, GAC277, GAC287, GAC321","locations":"Ben Hill [GA], Berrien [GA], Colquitt [GA], Cook [GA], Irwin [GA], Tift [GA], Turner [GA], Worth [GA]","utc_issue":"2024-09-26T00:12:00Z","utc_expire":"2024-09-26T04:15:00Z","utc_polygon_begin":"2024-09-26T00:12:00Z","utc_polygon_end":"2024-09-26T04:15:00Z","ph_sig":"FF.W","wfo":"TAE","eventid":99,"phenomena":"FF","significance":"W","nws_color":"#8B0000","event_label":"Flash Flood Warning","status":"NEW","product_id":"202409260012-KTAE-WGUS52-FFWTAE","year":2024,"fcster":"42-DVD"},"geometry":{"type":"MultiPolygon","coordinates":[[[[-84.02,31.72],[-83.99,31.77],[-84.01,31.8],[-83.94,31.85],[-83.8,31.8],[-83.61,31.8],[-83.61,31.85],[-83.18,31.85],[-83.13,31.81],[-83.0,31.78],[-83.0,31.66],[-83.06,31.61],[-83.11,31.48],[-83.15,31.46],[-83.14,31.4],[-83.06,31.32],[-83.76,31.12],[-84.0,31.33],[-83.98,31.56],[-84.02,31.72]]]]}},
{"type":"Feature","properties":{"ugclist":"IDC009, IDC017, IDC055, IDC079","locations":"Benewah [ID], Bonner [ID], Kootenai [ID], Shoshone [ID]","utc_issue":"2024-09-26T00:13:00Z","utc_expire":"2024-09-26T01:15:00Z","utc_polygon_begin":"2024-09-26T00:13:00Z","utc_polygon_end":"2024-09-26T00:46:00Z","ph_sig":"SV.W","wfo":"OTX","eventid":11,"phenomena":"SV","significance":"W","nws_color":"#FFA500","event_label":"Severe Thunderstorm Warning","status":"NEW","product_id":"202409260013-KOTX-WUUS56-SVROTX","year":2024,"fcster":"SB"},"geometry":{"type":"MultiPolygon","coordinates":[[[[-116.24,46.93],[-116.33,46.93],[-116.33,47.02],[-116.37,47.02],[-116.44,47.21],[-116.79,47.36],[-116.16,48.06],[-116.05,48.0],[-115.97,47.9],[-115.85,47.83],[-115.83,47.75],[-115.72,47.7],[-115.73,47.65],[-115.69,47.6],[-115.76,47.55],[-115.64,47.46],[-115.75,47.43],[-115.57,47.36],[-116.24,46.93]]]]}},
{"type":"Feature","properties":{"ugclist":"VAC021, VAC185, VAC197, WVC055","locations":"Bland [VA], Tazewell [VA], Wythe [VA], Mercer [WV]","utc_issue":"2024-09-26T00:15:00Z","utc_expire":"2024-09-26T05:55:00Z","utc_polygon_begin":"2024-09-26T00:15:00Z","utc_polygon_end":"2024-09-26T01:51:00Z","ph_sig":"FF.W","wfo":"RNK","eventid":48,"phenomena":"FF","significance":"W","nws_color":"#8B0000","event_label":"Flash Flood Warning","status":"NEW","product_id":"202409260015-KRNK-WGUS51-FFWRNK","year":2024,"fcster":"16"},"geometry":{"type":"MultiPolygon","coordinates":[[[[-81.39,37.32],[-81.37,37.32],[-81.31,37.42],[-81.29,37.41],[-81.28,37.42],[-81.31,37.46],[-81.28,37.47],[-81.26,37.5],[-81.21,37.51],[-81.21,37.53],[-81.2,37.54],[-81.2,37.58],[-81.14,37.6],[-81.12,37.59],[-81.11,37.59],[-81.09,37.59],[-81.06,37.57],[-81.17,36.97],[-81.41,37.02],[-81.4,37.3],[-81.39,37.32]]]]}},
{"type":"Feature","properties":{"ugclist":"IDC017, IDC055, IDC079","locations":"Bonner [ID], Kootenai [ID], Shoshone [ID]","utc_issue":"2024-09-26T00:17:00Z","utc_expire":"2024-09-26T01:15:00Z","utc_polygon_begin":"2024-09-26T00:17:00Z","utc_polygon_end":"2024-09-26T00:49:00Z","ph_sig":"SV.W","wfo":"OTX","eventid":12,"phenomena":"SV","significance":"W","nws_color":"#FFA500","event_label":"Severe Thunderstorm Warning","status":"NEW","product_id":"202409260017-KOTX-WUUS56-SVROTX","year":2024,"fcster":"Fewkes"},"geometry":{"type":"MultiPolygon","coordinates":[[[[-116.06,48.46],[-116.04,48.29],[-116.05,48.01],[-116.66,47.53],[-116.99,47.7],[-116.06,48.46]]]]}},
{"type":"Feature","properties":{"ugclist":"WVC055, WVC089","locations":"Mercer [WV], Summers [WV]","utc_issue":"2024-09-26T00:21:00Z","utc_expire":"2024-09-26T01:00:00Z","utc_polygon_begin":"2024-09-26T00:21:00Z","utc_polygon_end":"2024-09-26T00:58:00Z","ph_sig":"TO.W","wfo":"RNK","eventid":27,"phenomena":"TO","significance":"W","nws_color":"#FF0000","event_label":"Tornado Warning","status":"NEW","product_id":"202409260021-KRNK-WFUS51-TORRNK","year":2024,"fcster":"16"},"geometry":{"type":"MultiPolygon","coordinates":[[[[-81.14,37.6],[-81.12,37.59],[-81.09,37.59],[-81.08,37.6],[-81.07,37.6],[-81.06,37.62],[-80.98,37.63],[-80.87,37.56],[-81.03,37.38],[-81.19,37.44],[-81.14,37.6]]]]}},
{"type":"Feature","properties":{"ugclist":"GMZ755","locations":"Coastal Waters From  Ochlockonee River to Apalachicola FL out to 20 Nm []","utc_issue":"2024-09-26T00:24:00Z","utc_expire":"2024-09-26T02:00:00Z","utc_polygon_begin":"2024-09-26T00:24:00Z","utc_polygon_end":"2024-09-26T02:00:00Z","ph_sig":"MA.W","wfo":"TAE","eventid":321,"phenomena":"MA","significance":"W","nws_color":"#FFA500","event_label":"Marine Warning","status":"NEW","product_id":"202409260024-KTAE-WHUS52-SMWTAE","year":2024,"fcster":"42-DVD"},"geometry":{"type":"MultiPolygon","coordinates":[[[[-84.81,29.82],[-84.7,29.63],[-84.86,29.53],[-84.99,29.69],[-84.99,29.78],[-84.86,29.86],[-84.81,29.82]]]]}},
{"type":"Feature","properties":{"ugclist":"VAC019, VAC023, VAC063, VAC067, VAC121, VAC141, VAC161, VAC770, VAC775","locations":"Bedford [VA], Botetourt [VA], Floyd [VA], Franklin [VA], Montgomery [VA], Patrick [VA], Roanoke [VA], City of Roanoke [VA], City of Salem [VA]","utc_issue":"2024-09-26T00:39:00Z","utc_expire":"2024-09-26T01:24:00Z","utc_polygon_begin":"2024-09-26T00:39:00Z","utc_polygon_end":"2024-09-26T01:24:00Z","ph_sig":"SV.W","wfo":"RNK","eventid":186,"phenomena":"SV","significance":"W","nws_color":"#FFA500","event_label":"Severe Thunderstorm Warning","status":"NEW","product_id":"202409260039-KRNK-WUUS51-SVRRNK","year":2024,"fcster":"SH"},"geometry":{"type":"MultiPolygon","coordinates":[[[[-80.17,36.61],[-80.44,37.21],[-80.27,37.35],[-80.08,37.42],[-79.97,37.55],[-79.82,37.63],[-79.68,36.98],[-80.0,36.83],[-80.03,36.78],[-80.08,36.79],[-80.09,36.71],[-80.17,36.61]]]]}},
{"type":"Feature","properties":{"ugclist":"ALC051, ALC087, ALC101","locations":"Elmore [AL], Macon [AL], Montgomery [AL]","utc_issue":"2024-09-27T11:18:00Z","utc_expire":"2024-09-26T14:46:00Z","utc_polygon_begin":"2024-09-26T00:43:00Z","utc_polygon_end":"2024-09-26T00:43:00Z","ph_sig":"FL.W","wfo":"BMX","eventid":39,"phenomena":"FL","significance":"W","nws_color":"#00FF00","event_label":"Flood Warning","status":"NEW","product_id":"202409251550-KBMX-WGUS44-FLWBMX","year":2024,"fcster":"88"},"geometry":{"type":"MultiPolygon","coordinates":[[[[-85.84,32.47],[-85.88,32.43],[-86.09,32.39],[-86.09,32.44],[-85.91,32.46],[-85.87,32.48],[-85.84,32.47]]]]}},
{"type":"Feature","properties":{"ugclist":"ALC017, ALC111, ALC123","locations":"Chambers [AL], Randolph [AL], Tallapoosa [AL]","utc_issue":"2024-09-27T18:43:00Z","utc_expire":"2024-09-27T01:38:00Z","utc_polygon_begin":"2024-09-26T00:44:00Z","utc_polygon_end":"2024-09-26T00:44:00Z","ph_sig":"FL.W","wfo":"BMX","eventid":38,"phenomena":"FL","significance":"W","nws_color":"#00FF00","event_label":"Flood Warning","status":"NEW","product_id":"202409251546-KBMX-WGUS44-FLWBMX","year":2024,"fcster":"88"},"geometry":{"type":"MultiPolygon","coordinates":[[[[-85.57,33.21],[-85.54,33.08],[-85.55,33.02],[-85.6,33.03],[-85.58,33.08],[-85.61,33.21],[-85.57,33.21]]]]}},
{"type":"Feature","properties":{"ugclist":"ALC051, ALC101","locations":"Elmore [AL], Montgomery [AL]","utc_issue":"2024-09-27T08:40:00Z","utc_expire":"2024-09-27T01:38:00Z","utc_polygon_begin":"2024-09-26T00:45:00Z","utc_polygon_end":"2024-09-26T00:45:00Z","ph_sig":"FL.W","wfo":"BMX","eventid":37,"phenomena":"FL","significance":"W","nws_color":"#00FF00","event_label":"Flood Warning","status":"NEW","product_id":"202409251543-KBMX-WGUS44-FLWBMX","year":2024,"fcster":"88"},"geometry":{"type":"MultiPolygon","coordinates":[[[[-86.09,32.39],[-86.2,32.42],[-86.26,32.49],[-86.24,32.5],[-86.16,32.44],[-86.09,32.44],[-86.09,32.39]]]]}},
{"type":"Feature","properties":{"ugclist":"NCC011, NCC023, NCC111, NCC121, NCC199","locations":"Avery [NC], Burke [NC], McDowell [NC], Mitchell [NC], Yancey [NC]","utc_issue":"2024-09-26T00:46:00Z","utc_expire":"2024-09-26T05:45:00Z","utc_polygon_begin":"2024-09-26T00:46:00Z","utc_polygon_end":"2024-09-26T01:14:00Z","ph_sig":"FF.W","wfo":"GSP","eventid":55,"phenomena":"FF","significance":"W","nws_color":"#8B0000","event_label":"Flash Flood Warning","status":"NEW","product_id":"202409260046-KGSP-WGUS52-FFWGSP","year":2024,"fcster":"TBW"},"geometry":{"type":"MultiPolygon","coordinates":[[[[-82.25,36.13],[-82.21,36.16],[-82.15,36.15],[-82.13,36.1],[-82.03,36.12],[-81.92,36.29],[-81.89,36.27],[-81.91,36.23],[-81.9,36.21],[-81.89,36.19],[-81.86,36.19],[-81.83,36.16],[-81.81,36.11],[-81.74,36.07],[-81.8,35.95],[-81.95,35.82],[-81.96,35.82],[-81.94,35.87],[-82.14,35.9],[-82.28,35.86],[-82.25,36.13]]]]}},
{"type":"Feature","properties":{"ugclist":"VAC021, VAC077, VAC173, VAC185","locations":"Bland [VA], Grayson [VA], Smyth [VA], Tazewell [VA]","utc_issue":"2024-09-26T00:47:00Z","utc_expire":"2024-09-26T06:06:00Z","utc_polygon_begin":"2024-09-26T00:47:00Z","utc_polygon_end":"2024-09-26T01:56:00Z","ph_sig":"FF.W","wfo":"RNK","eventid":49,"phenomena":"FF","significance":"W","nws_color":"#8B0000","event_label":"Flash Flood Warning","status":"NEW","product_id":"202409260047-KRNK-WGUS51-FFWRNK","year":2024,"fcster":"16"},"geometry":{"type":"MultiPolygon","coordinates":[[[[-81.82,37.04],[-81.89,37.11],[-81.9,37.15],[-81.76,37.2],[-81.73,37.24],[-81.68,37.2],[-81.55,37.21],[-81.51,37.23],[-81.5,37.26],[-81.42,37.27],[-81.38,37.32],[-81.42,36.58],[-81.68,36.59],[-81.61,36.62],[-81.61,36.64],[-81.62,36.63],[-81.7,36.79],[-81.83,36.93],[-81.78,36.96],[-81.82,37.04]]]]}},
{"type":"Feature","properties":{"ugclist":"VAC025, VAC081","locations":"Brunswick [VA], Greensville [VA]","utc_issue":"2024-09-26T08:53:00Z","utc_expire":"2024-09-27T10:43:00Z","utc_polygon_begin":"2024-09-26T00:49:00Z","utc_polygon_end":"2024-09-26T00:49:00Z","ph_sig":"FL.W","wfo":"AKQ","eventid":41,"phenomena":"FL","significance":"W","nws_color":"#00FF00","event_label":"Flood Warning","status":"NEW","product_id":"202409251508-KAKQ-WGUS41-FLWAKQ","year":2024,"fcster":"Butner"},"geometry":{"type":"MultiPolygon","coordinates":[[[[-78.02,36.83],[-77.56,36.76],[-77.57,36.66],[-77.83,36.68],[-77.93,36.66],[-78.03,36.72],[-78.02,36.83]]]]}},
{"type":"Feature","properties":{"ugclist":"VAC021, VAC173, VAC185, VAC197","locations":"Bland [VA], Smyth [VA], Tazewell [VA], Wythe [VA]","utc_issue":"2024-09-26T00:51:00Z","utc_expire":"2024-09-26T01:30:00Z","utc_polygon_begin":"2024-09-26T00:51:00Z","utc_polygon_end":"2024-09-26T01:07:00Z","ph_sig":"TO.W","wfo":"RNK","eventid":28,"phenomena":"TO","significance":"W","nws_color":"#FF0000","event_label":"Tornado Warning","status":"NEW","product_id":"202409260051-KRNK-WFUS51-TORRNK","year":2024,"fcster":"16"},"geometry":{"type":"MultiPolygon","coordinates":[[[[-81.33,36.78],[-81.5,36.82],[-81.43,37.1],[-81.26,37.15],[-81.18,37.03],[-81.33,36.78]]]]}},
{"type":"Feature","properties":{"ugclist":"MTC061, MTC089","locations":"Mineral [MT], Sanders [MT]","utc_issue":"2024-09-26T00:54:00Z","utc_expire":"2024-09-26T01:30:00Z","utc_polygon_begin":"2024-09-26T00:54:00Z","utc_polygon_end":"2024-09-26T01:21:00Z","ph_sig":"SV.W","wfo":"MSO","eventid":32,"phenomena":"SV","significance":"W","nws_color":"#FFA500","event_label":"Severe Thunderstorm Warning","status":"NEW","product_id":"202409260054-KMSO-WUUS55-SVRMSO","year":2024,"fcster":"AL"},"geometry":{"type":"MultiPolygon","coordinates":[[[[-115.27,47.89],[-115.04,47.24],[-115.29,47.22],[-115.33,47.26],[-115.41,47.26],[-115.53,47.3],[-115.58,47.37],[-115.69,47.42],[-115.76,47.43],[-115.72,47.45],[-115.65,47.46],[-115.63,47.48],[-115.68,47.48],[-115.7,47.53],[-115.75,47.54],[-115.69,47.59],[-115.69,47.62],[-115.73,47.64],[-115.73,47.7],[-115.78,47.73],[-115.27,47.89]]]]}},
{"type":"Feature","properties":{"ugclist":"IDC021","locations":"Boundary [ID]","utc_issue":"2024-09-26T00:57:00Z","utc_expire":"2024-09-26T01:30:00Z","utc_polygon_begin":"2024-09-26T00:57:00Z","utc_polygon_end":"2024-09-26T01:30:00Z","ph_sig":"SV.W","wfo":"OTX","eventid":13,"phenomena":"SV","significance":"W","nws_color":"#FFA500","event_label":"Severe Thunderstorm Warning","status":"NEW","product_id":"202409260057-KOTX-WUUS56-SVROTX","year":2024,"fcster":"SB"},"geometry":{"type":"MultiPolygon","coordinates":[[[[-116.05,48.6],[-116.39,48.91],[-116.26,49.0],[-116.05,49.0],[-116.05,48.6]]]]}},
{"type":"Feature","properties":{"ugclist":"VAC037, VAC083","locations":"Charlotte [VA], Halifax [VA]","utc_issue":"2024-09-26T00:58:00Z","utc_expire":"2024-09-26T01:45:00Z","utc_polygon_begin":"2024-09-26T00:58:00Z","utc_polygon_end":"2024-09-26T01:39:00Z","ph_sig":"TO.W","wfo":"RNK","eventid":29,"phenomena":"TO","significance":"W","nws_color":"#FF0000","event_label":"Tornado Warning","status":"NEW","product_id":"202409260058-KRNK-WFUS51-TORRNK","year":2024,"fcster":"SH"},"geometry":{"type":"MultiPolygon","coordinates":[[[[-78.82,36.85],[-78.87,36.85],[-78.89,37.0],[-78.7,36.98],[-78.82,36.85]]]]}},
{"type":"Feature","properties":{"ugclist":"VAC011","locations":"Appomattox [VA]","utc_issue":"2024-09-26T01:09:00Z","utc_expire":"2024-09-26T01:45:00Z","utc_polygon_begin":"2024-09-26T01:09:00Z","utc_polygon_end":"2024-09-26T01:42:00Z","ph_sig":"TO.W","wfo":"RNK","eventid":30,"phenomena":"TO","significance":"W","nws_color":"#FF0000","event_label":"Tornado Warning","status":"NEW","product_id":"202409260109-KRNK-WFUS51-TORRNK","year":2024,"fcster":"16"},"geometry":{"type":"MultiPolygon","coordinates":[[[[-78.74,37.25],[-78.89,37.27],[-78.91,37.41],[-78.77,37.49],[-78.67,37.39],[-78.74,37.25]]]]}},
{"type":"Feature","properties":{"ugclist":"FLC057","locations":"Hillsborough [FL]","utc_issue":"2024-09-27T06:30:00Z","utc_expire":"2024-10-16T14:00:00Z","utc_polygon_begin":"2024-09-26T01:13:00Z","utc_polygon_end":"2024-09-26T01:13:00Z","ph_sig":"FL.W","wfo":"TBW","eventid":41,"phenomena":"FL","significance":"W","nws_color":"#00FF00","event_label":"Flood Warning","status":"NEW","product_id":"202409251400-KTBW-WGUS42-FLWTBW","year":2024,"fcster":"TBW"},"geometry":{"type":"MultiPolygon","coordinates":[[[[-82.31,27.63],[-82.43,27.64],[-82.43,27.7],[-82.31,27.7],[-82.31,27.63]]]]}},
{"type":"Feature","properties":{"ugclist":"FLC081","locations":"Manatee [FL]","utc_issue":"2024-09-27T12:00:00Z","utc_expire":"2024-09-28T08:00:00Z","utc_polygon_begin":"2024-09-26T01:13:00Z","utc_polygon_end":"2024-09-26T01:13:00Z","ph_sig":"FL.W","wfo":"TBW","eventid":42,"phenomena":"FL","significance":"W","nws_color":"#00FF00","event_label":"Flood Warning","status":"NEW","product_id":"202409251400-KTBW-WGUS42-FLWTBW","year":2024,"fcster":"TBW"},"geometry":{"type":"MultiPolygon","coordinates":[[[[-82.17,27.46],[-82.24,27.43],[-82.33,27.45],[-82.33,27.52],[-82.24,27.51],[-82.24,27.53],[-82.17,27.46]]]]}},
{"type":"Feature","properties":{"ugclist":"VAC011, VAC029","locations":"Appomattox [VA], Buckingham [VA]","utc_issue":"2024-09-26T01:17:00Z","utc_expire":"2024-09-26T06:02:00Z","utc_polygon_begin":"2024-09-26T01:17:00Z","utc_polygon_end":"2024-09-26T04:11:00Z","ph_sig":"FF.W","wfo":"RNK","eventid":50,"phenomena":"FF","significance":"W","nws_color":"#8B0000","event_label":"Flash Flood Warning","status":"NEW","product_id":"202409260117-KRNK-WGUS51-FFWRNK","year":2024,"fcster":"SH"},"geometry":{"type":"MultiPolygon","coordinates":[[[[-78.59,37.39],[-78.74,37.22],[-78.75,37.22],[-78.91,37.26],[-79.0,37.42],[-78.86,37.54],[-78.69,37.48],[-78.59,37.39]]]]}},
{"type":"Feature","properties":{"ugclist":"FLC037, FLC039, FLC045, FLC073, FLC077, FLC129, GAC087, GAC131","locations":"Franklin [FL], Gadsden [FL], Gulf [FL], Leon [FL], Liberty [FL], Wakulla [FL], Decatur [GA], Grady [GA]","utc_issue":"2024-09-26T01:20:00Z","utc_expire":"2024-09-26T05:15:00Z","utc_polygon_begin":"2024-09-26T01:20:00Z","utc_polygon_end":"2024-09-26T05:15:00Z","ph_sig":"FF.W","wfo":"TAE","eventid":100,"phenomena":"FF","significance":"W","nws_color":"#8B0000","event_label":"Flash Flood Warning","status":"NEW","product_id":"202409260120-KTAE-WGUS52-FFWTAE","year":2024,"fcster":"42-DVD"},"geometry":{"type":"MultiPolygon","coordinates":[[[[-84.35,31.08],[-84.15,31.08],[-84.15,30.69],[-84.44,30.41],[-84.48,29.81],[-84.52,29.76],[-84.65,29.71],[-84.75,29.62],[-85.02,29.52],[-85.08,29.52],[-85.25,29.61],[-85.34,29.58],[-85.4,29.6],[-85.45,29.67],[-84.69,30.57],[-84.35,31.08]]]]}},
{"type":"Feature","properties":{"ugclist":"NCC175","locations":"Transylvania [NC]","utc_issue":"2024-09-26T01:24:00Z","utc_expire":"2024-09-26T09:19:00Z","utc_polygon_begin":"2024-09-26T01:24:00Z","utc_polygon_end":"2024-09-26T09:19:00Z","ph_sig":"FA.Y","wfo":"GSP","eventid":150,"phenomena":"FA","significance":"Y","nws_color":"#00FF7F","event_label":"Flood Advisory","status":"NEW","product_id":"202409260124-KGSP-WGUS82-FLSGSP","year":2024,"fcster":"JMP"},"geometry":{"type":"MultiPolygon","coordinates":[[[[-82.62,35.26],[-82.58,35.14],[-82.66,35.12],[-82.68,35.13],[-82.7,35.1],[-82.73,35.09],[-82.76,35.07],[-82.78,35.07],[-82.78,35.09],[-83.01,35.03],[-83.06,35.05],[-82.98,35.13],[-83.0,35.16],[-82.98,35.17],[-82.99,35.19],[-82.93,35.23],[-82.92,35.29],[-82.83,35.32],[-82.74,35.42],[-82.61,35.29],[-82.62,35.26]]]]}},
{"type":"Feature","properties":{"ugclist":"GAC117, GAC121","locations":"Forsyth [GA], Fulton [GA]","utc_issue":"2024-09-26T20:48:00Z","utc_expire":"2024-09-29T06:25:00Z","utc_polygon_begin":"2024-09-26T01:26:00Z","utc_polygon_end":"2024-09-26T01:26:00Z","ph_sig":"FL.W","wfo":"FFC","eventid":226,"phenomena":"FL","significance":"W","nws_color":"#00FF00","event_label":"Flood Warning","status":"NEW","product_id":"202409252015-KFFC-WGUS42-FLWFFC","year":2024,"fcster":null},"geometry":{"type":"MultiPolygon","coordinates":[[[[-84.25,34.1],[-84.2,34.1],[-84.25,34.04],[-84.3,34.02],[-84.33,34.04],[-84.27,34.07],[-84.25,34.1]]]]}},
{"type":"Feature","properties":{"ugclist":"VAC037","locations":"Charlotte [VA]","utc_issue":"2024-09-26T01:44:00Z","utc_expire":"2024-09-26T02:15:00Z","utc_polygon_begin":"2024-09-26T01:44:00Z","utc_polygon_end":"2024-09-26T01:52:00Z","ph_sig":"TO.W","wfo":"RNK","eventid":31,"phenomena":"TO","significance":"W","nws_color":"#FF0000","event_label":"Tornado Warning","status":"NEW","product_id":"202409260144-KRNK-WFUS51-TORRNK","year":2024,"fcster":"BMG"},"geometry":{"type":"MultiPolygon","coordinates":[[[[-78.71,36.99],[-78.74,36.99],[-78.75,37.01],[-78.76,37.0],[-78.75,36.99],[-78.84,37.0],[-78.82,37.21],[-78.81,37.2],[-78.79,37.22],[-78.69,37.21],[-78.68,37.19],[-78.64,37.19],[-78.63,37.17],[-78.61,37.15],[-78.71,36.99]]]]}},
{"type":"Feature","properties":{"ugclist":"NCC089","locations":"Henderson [NC]","utc_issue":"2024-09-26T01:49:00Z","utc_expire":"2024-09-26T09:28:00Z","utc_polygon_begin":"2024-09-26T01:49:00Z","utc_polygon_end":"2024-09-26T09:28:00Z","ph_sig":"FA.Y","wfo":"GSP","eventid":151,"phenomena":"FA","significance":"Y","nws_color":"#00FF7F","event_label":"Flood Advisory","status":"NEW","product_id":"202409260149-KGSP-WGUS82-FLSGSP","year":2024,"fcster":"JMP"},"geometry":{"type":"MultiPolygon","coordinates":[[[[-82.52,35.39],[-82.49,35.42],[-82.43,35.4],[-82.4,35.36],[-82.38,35.3],[-82.4,35.21],[-82.42,35.2],[-82.44,35.17],[-82.45,35.18],[-82.48,35.18],[-82.53,35.16],[-82.55,35.16],[-82.58,35.15],[-82.59,35.16],[-82.6,35.26],[-82.62,35.26],[-82.61,35.29],[-82.63,35.32],[-82.55,35.31],[-82.49,35.34],[-82.52,35.39]]]]}},
{"type":"Feature","properties":{"ugclist":"NCC189","locations":"Watauga [NC]","utc_issue":"2024-09-26T01:58:00Z","utc_expire":"2024-09-26T02:30:00Z","utc_polygon_begin":"2024-09-26T01:58:00Z","utc_polygon_end":"2024-09-26T02:15:00Z","ph_sig":"TO.W","wfo":"RNK","eventid":32,"phenomena":"TO","significance":"W","nws_color":"#FF0000","event_label":"Tornado Warning","status":"NEW","product_id":"202409260158-KRNK-WFUS51-TORRNK","year":2024,"fcster":"BMG"},"geometry":{"type":"MultiPolygon","coordinates":[[[[-81.85,36.34],[-81.8,36.36],[-81.76,36.34],[-81.71,36.34],[-81.71,36.35],[-81.64,36.34],[-81.58,36.3],[-81.56,36.27],[-81.53,36.26],[-81.63,36.12],[-81.71,36.12],[-81.81,36.11],[-81.82,36.16],[-81.85,36.19],[-81.89,36.19],[-81.85,36.34]]]]}},
{"type":"Feature","properties":{"ugclist":"GAC217, GAC247","locations":"Newton [GA], Rockdale [GA]","utc_issue":"2024-09-27T00:00:00Z","utc_expire":"2024-09-29T14:00:00Z","utc_polygon_begin":"2024-09-26T02:02:00Z","utc_polygon_end":"2024-09-26T02:02:00Z","ph_sig":"FL.W","wfo":"FFC","eventid":224,"phenomena":"FL","significance":"W","nws_color":"#00FF00","event_label":"Flood Warning","status":"NEW","product_id":"202409252003-KFFC-WGUS42-FLWFFC","year":2024,"fcster":null},"geometry":{"type":"MultiPolygon","coordinates":[[[[-83.99,33.66],[-83.95,33.71],[-83.87,33.59],[-83.93,33.56],[-83.99,33.66]]]]}},
{"type":"Feature","properties":{"ugclist":"TNC009, TNC029, TNC089, TNC155","locations":"Blount [TN], Cocke [TN], Jefferson [TN], Sevier [TN]","utc_issue":"2024-09-26T02:03:00Z","utc_expire":"2024-09-26T04:30:00Z","utc_polygon_begin":"2024-09-26T02:03:00Z","utc_polygon_end":"2024-09-26T04:30:00Z","ph_sig":"FF.W","wfo":"MRX","eventid":41,"phenomena":"FF","significance":"W","nws_color":"#8B0000","event_label":"Flash Flood Warning","status":"NEW","product_id":"202409260203-KMRX-WGUS54-FFWMRX","year":2024,"fcster":"DH"},"geometry":{"type":"MultiPolygon","coordinates":[[[[-83.69,35.94],[-83.69,35.95],[-83.67,35.96],[-83.56,36.01],[-83.36,36.08],[-83.25,35.87],[-83.3,35.66],[-83.33,35.67],[-83.35,35.66],[-83.37,35.64],[-83.4,35.62],[-83.45,35.61],[-83.5,35.56],[-83.59,35.56],[-83.6,35.58],[-83.64,35.57],[-83.67,35.57],[-83.77,35.91],[-83.69,35.94]]]]}},
{"type":"Feature","properties":{"ugclist":"GAC021, GAC079, GAC093, GAC153, GAC169, GAC193, GAC225, GAC289","locations":"Bibb [GA], Crawford [GA], Dooly [GA], Houston [GA], Jones [GA], Macon [GA], Peach [GA], Twiggs [GA]","utc_issue":"2024-09-26T02:24:00Z","utc_expire":"2024-09-26T05:52:00Z","utc_polygon_begin":"2024-09-26T02:24:00Z","utc_polygon_end":"2024-09-26T05:52:00Z","ph_sig":"FF.W","wfo":"FFC","eventid":50,"phenomena":"FF","significance":"W","nws_color":"#8B0000","event_label":"Flash Flood Warning","status":"NEW","product_id":"202409260224-KFFC-WGUS52-FFWFFC","year":2024,"fcster":null},"geometry":{"type":"MultiPolygon","coordinates":[[[[-84.06,32.32],[-83.99,32.58],[-83.71,32.91],[-83.42,32.88],[-83.65,32.42],[-83.88,32.21],[-84.06,32.32]]]]}},
{"type":"Feature","properties":{"ugclist":"VAC023, VAC161, VAC770, VAC775","locations":"Botetourt [VA], Roanoke [VA], City of Roanoke [VA], City of Salem [VA]","utc_issue":"2024-09-26T02:28:00Z","utc_expire":"2024-09-26T05:15:00Z","utc_polygon_begin":"2024-09-26T02:28:00Z","utc_polygon_end":"2024-09-26T05:15:00Z","ph_sig":"FA.Y","wfo":"RNK","eventid":116,"phenomena":"FA","significance":"Y","nws_color":"#00FF7F","event_label":"Flood Advisory","status":"NEW","product_id":"202409260228-KRNK-WGUS81-FLSRNK","year":2024,"fcster":"BMG"},"geometry":{"type":"MultiPolygon","coordinates":[[[[-80.07,37.42],[-80.04,37.45],[-79.94,37.43],[-79.88,37.32],[-79.87,37.22],[-79.88,37.21],[-79.89,37.2],[-79.89,37.19],[-79.96,37.14],[-80.01,37.16],[-80.0,37.17],[-80.01,37.17],[-80.02,37.17],[-80.03,37.17],[-80.04,37.17],[-80.07,37.18],[-80.13,37.39],[-80.07,37.42]]]]}},
{"type":"Feature","properties":{"ugclist":"NCC189","locations":"Watauga [NC]","utc_issue":"2024-09-26T02:35:00Z","utc_expire":"2024-09-26T06:13:00Z","utc_polygon_begin":"2024-09-26T02:35:00Z","utc_polygon_end":"2024-09-26T06:13:00Z","ph_sig":"FF.W","wfo":"RNK","eventid":51,"phenomena":"FF","significance":"W","nws_color":"#8B0000","event_label":"Flash Flood Warning","status":"NEW","product_id":"202409260235-KRNK-WGUS51-FFWRNK","year":2024,"fcster":"BMG"},"geometry":{"type":"MultiPolygon","coordinates":[[[[-81.53,36.25],[-81.6,36.12],[-81.67,36.12],[-81.81,36.11],[-81.83,36.17],[-81.86,36.19],[-81.88,36.19],[-81.91,36.22],[-81.89,36.26],[-81.9,36.28],[-81.92,36.29],[-81.86,36.34],[-81.79,36.36],[-81.79,36.35],[-81.76,36.34],[-81.71,36.34],[-81.73,36.38],[-81.73,36.39],[-81.68,36.37],[-81.57,36.27],[-81.53,36.25]]]]}},
{"type":"Feature","properties":{"ugclist":"VAC019, VAC031","locations":"Bedford [VA], Campbell [VA]","utc_issue":"2024-09-26T02:55:00Z","utc_expire":"2024-09-26T06:37:00Z","utc_polygon_begin":"2024-09-26T02:55:00Z","utc_polygon_end":"2024-09-26T06:37:00Z","ph_sig":"FF.W","wfo":"RNK","eventid":52,"phenomena":"FF","significance":"W","nws_color":"#8B0000","event_label":"Flash Flood Warning","status":"NEW","product_id":"202409260255-KRNK-WGUS51-FFWRNK","year":2024,"fcster":"BMG"},"geometry":{"type":"MultiPolygon","coordinates":[[[[-79.5,37.21],[-79.35,37.52],[-79.3,37.5],[-79.28,37.5],[-79.22,37.49],[-79.2,37.48],[-79.22,37.46],[-79.27,37.45],[-79.27,37.44],[-79.26,37.43],[-79.25,37.41],[-79.24,37.39],[-79.26,37.36],[-79.22,37.33],[-79.31,37.12],[-79.33,37.13],[-79.34,37.13],[-79.4,37.14],[-79.5,37.21]]]]}},
{"type":"Feature","properties":{"ugclist":"GAC013, GAC157","locations":"Barrow [GA], Jackson [GA]","utc_issue":"2024-09-27T01:14:00Z","utc_expire":"2024-09-28T18:00:00Z","utc_polygon_begin":"2024-09-26T03:09:00Z","utc_polygon_end":"2024-09-26T03:09:00Z","ph_sig":"FL.W","wfo":"FFC","eventid":225,"phenomena":"FL","significance":"W","nws_color":"#00FF00","event_label":"Flood Warning","status":"NEW","product_id":"202409252011-KFFC-WGUS42-FLWFFC","year":2024,"fcster":null},"geometry":{"type":"MultiPolygon","coordinates":[[[[-83.77,34.04],[-83.75,34.1],[-83.55,34.06],[-83.47,34.0],[-83.52,33.95],[-83.63,34.02],[-83.77,34.04]]]]}},
{"type":"Feature","properties":{"ugclist":"GAC089, GAC247","locations":"DeKalb [GA], Rockdale [GA]","utc_issue":"2024-09-26T22:48:00Z","utc_expire":"2024-09-28T21:00:00Z","utc_polygon_begin":"2024-09-26T03:10:00Z","utc_polygon_end":"2024-09-26T03:10:00Z","ph_sig":"FL.W","wfo":"FFC","eventid":223,"phenomena":"FL","significance":"W","nws_color":"#00FF00","event_label":"Flood Warning","status":"NEW","product_id":"202409252003-KFFC-WGUS42-FLWFFC","year":2024,"fcster":null},"geometry":{"type":"MultiPolygon","coordinates":[[[[-84.09,33.77],[-84.02,33.77],[-83.99,33.72],[-84.03,33.67],[-84.09,33.77]]]]}},
{"type":"Feature","properties":{"ugclist":"VAC019","locations":"Bedford [VA]","utc_issue":"2024-09-26T03:11:00Z","utc_expire":"2024-09-26T06:36:00Z","utc_polygon_begin":"2024-09-26T03:11:00Z","utc_polygon_end":"2024-09-26T06:36:00Z","ph_sig":"FF.W","wfo":"RNK","eventid":53,"phenomena":"FF","significance":"W","nws_color":"#8B0000","event_label":"Flash Flood Warning","status":"NEW","product_id":"202409260311-KRNK-WGUS51-FFWRNK","year":2024,"fcster":"BMG"},"geometry":{"type":"MultiPolygon","coordinates":[[[[-79.35,37.52],[-79.49,37.21],[-79.39,37.14],[-79.44,37.06],[-79.5,37.06],[-79.48,37.04],[-79.48,37.03],[-79.46,37.02],[-79.48,37.01],[-79.54,37.05],[-79.55,37.04],[-79.57,37.04],[-79.61,37.09],[-79.65,37.11],[-79.67,37.15],[-79.69,37.15],[-79.69,37.29],[-79.54,37.5],[-79.35,37.52]]]]}},
{"type":"Feature","properties":{"ugclist":"TNC019, TNC091, TNC171, VAC191","locations":"Carter [TN], Johnson [TN], Unicoi [TN], Washington [VA]","utc_issue":"2024-09-26T03:13:00Z","utc_expire":"2024-09-26T06:15:00Z","utc_polygon_begin":"2024-09-26T03:13:00Z","utc_polygon_end":"2024-09-26T06:12:00Z","ph_sig":"FF.W","wfo":"MRX","eventid":42,"phenomena":"FF","significance":"W","nws_color":"#8B0000","event_label":"Flash Flood Warning","status":"NEW","product_id":"202409260313-KMRX-WGUS54-FFWMRX","year":2024,"fcster":"DH"},"geometry":{"type":"MultiPolygon","coordinates":[[[[-81.87,36.6],[-81.83,36.61],[-81.86,36.62],[-81.74,36.83],[-81.7,36.79],[-81.61,36.64],[-81.71,36.54],[-81.7,36.47],[-81.74,36.41],[-81.71,36.34],[-81.79,36.36],[-81.86,36.34],[-81.91,36.3],[-82.03,36.12],[-82.08,36.1],[-82.13,36.1],[-82.21,36.16],[-82.26,36.13],[-82.36,36.24],[-81.87,36.6]]]]}},
{"type":"Feature","properties":{"ugclist":"VAC009, VAC031, VAC680","locations":"Amherst [VA], Campbell [VA], City of Lynchburg [VA]","utc_issue":"2024-09-26T03:15:00Z","utc_expire":"2024-09-26T06:25:00Z","utc_polygon_begin":"2024-09-26T03:15:00Z","utc_polygon_end":"2024-09-26T06:25:00Z","ph_sig":"FF.W","wfo":"RNK","eventid":54,"phenomena":"FF","significance":"W","nws_color":"#8B0000","event_label":"Flash Flood Warning","status":"NEW","product_id":"202409260315-KRNK-WGUS51-FFWRNK","year":2024,"fcster":"BMG"},"geometry":{"type":"MultiPolygon","coordinates":[[[[-79.26,37.41],[-79.25,37.42],[-79.26,37.44],[-79.19,37.47],[-79.22,37.51],[-79.26,37.49],[-79.26,37.51],[-79.29,37.5],[-79.35,37.52],[-79.33,37.64],[-79.16,37.61],[-78.94,37.5],[-79.02,37.43],[-78.98,37.36],[-79.22,37.34],[-79.24,37.35],[-79.23,37.39],[-79.26,37.41]]]]}},
{"type":"Feature","properties":{"ugclist":"NCC023, NCC027, NCC111","locations":"Burke [NC], Caldwell [NC], McDowell [NC]","utc_issue":"2024-09-26T03:22:00Z","utc_expire":"2024-09-26T08:15:00Z","utc_polygon_begin":"2024-09-26T03:22:00Z","utc_polygon_end":"2024-09-26T08:08:00Z","ph_sig":"FA.Y","wfo":"GSP","eventid":152,"phenomena":"FA","significance":"Y","nws_color":"#00FF7F","event_label":"Flood Advisory","status":"NEW","product_id":"202409260322-KGSP-WGUS82-FLSGSP","year":2024,"fcster":"TBW"},"geometry":{"type":"MultiPolygon","coordinates":[[[[-81.97,35.8],[-81.99,35.81],[-81.95,35.82],[-81.8,35.95],[-81.74,36.07],[-81.77,36.1],[-81.81,36.11],[-81.67,36.12],[-81.55,36.12],[-81.68,35.93],[-81.82,35.74],[-82.0,35.73],[-81.97,35.8]]]]}},
{"type":"Feature","properties":{"ugclist":"VAC071, VAC121, VAC155, VAC750, WVC063","locations":"Giles [VA], Montgomery [VA], Pulaski [VA], City of Radford [VA], Monroe [WV]","utc_issue":"2024-09-26T03:31:00Z","utc_expire":"2024-09-26T07:17:00Z","utc_polygon_begin":"2024-09-26T03:31:00Z","utc_polygon_end":"2024-09-26T07:17:00Z","ph_sig":"FF.W","wfo":"RNK","eventid":55,"phenomena":"FF","significance":"W","nws_color":"#8B0000","event_label":"Flash Flood Warning","status":"NEW","product_id":"202409260331-KRNK-WGUS51-FFWRNK","year":2024,"fcster":"BMG"},"geometry":{"type":"MultiPolygon","coordinates":[[[[-80.8,37.53],[-80.58,37.53],[-80.52,37.46],[-80.44,37.12],[-80.48,37.0],[-80.49,37.0],[-80.49,36.99],[-80.5,36.99],[-80.52,37.01],[-80.52,37.0],[-80.53,36.99],[-80.55,36.98],[-80.55,36.97],[-80.63,36.95],[-80.78,36.94],[-80.85,37.43],[-80.8,37.53]]]]}},
{"type":"Feature","properties":{"ugclist":"VAC009, VAC019, VAC680","locations":"Amherst [VA], Bedford [VA], City of Lynchburg [VA]","utc_issue":"2024-09-26T03:51:00Z","utc_expire":"2024-09-26T04:00:00Z","utc_polygon_begin":"2024-09-26T03:51:00Z","utc_polygon_end":"2024-09-26T04:00:00Z","ph_sig":"TO.W","wfo":"RNK","eventid":33,"phenomena":"TO","significance":"W","nws_color":"#FF0000","event_label":"Tornado Warning","status":"NEW","product_id":"202409260351-KRNK-WFUS51-TORRNK","year":2024,"fcster":"SH"},"geometry":{"type":"MultiPolygon","coordinates":[[[[-79.39,37.28],[-79.5,37.33],[-79.33,37.58],[-79.14,37.44],[-79.39,37.28]]]]}},
{"type":"Feature","properties":{"ugclist":"LAC051, LAC089","locations":"Jefferson [LA], St. Charles [LA]","utc_issue":"2024-09-26T03:53:00Z","utc_expire":"2024-09-26T06:00:00Z","utc_polygon_begin":"2024-09-26T03:53:00Z","utc_polygon_end":"2024-09-26T06:00:00Z","ph_sig":"FA.Y","wfo":"LIX","eventid":103,"phenomena":"FA","significance":"Y","nws_color":"#00FF7F","event_label":"Flood Advisory","status":"NEW","product_id":"202409260353-KLIX-WGUS84-FLSLIX","year":2024,"fcster":"HRL"},"geometry":{"type":"MultiPolygon","coordinates":[[[[-90.34,30.01],[-90.26,29.99],[-90.27,29.92],[-90.35,29.93],[-90.34,30.01]]]]}},
{"type":"Feature","properties":{"ugclist":"VAC003, VAC015, VAC125, VAC165, VAC540","locations":"Albemarle [VA], Augusta [VA], Nelson [VA], Rockingham [VA], City of Charlottesville [VA]","utc_issue":"2024-09-26T04:01:00Z","utc_expire":"2024-09-26T10:00:00Z","utc_polygon_begin":"2024-09-26T04:01:00Z","utc_polygon_end":"2024-09-26T05:12:00Z","ph_sig":"FA.W","wfo":"LWX","eventid":62,"phenomena":"FA","significance":"W","nws_color":"#00FF00","event_label":"Flood Warning","status":"NEW","product_id":"202409260401-KLWX-WGUS41-FLWLWX","year":2024,"fcster":"DHOF"},"geometry":{"type":"MultiPolygon","coordinates":[[[[-79.11,37.98],[-78.95,37.95],[-78.82,38.09],[-78.73,38.28],[-78.21,38.13],[-78.5,37.76],[-78.62,37.76],[-78.65,37.72],[-78.64,37.68],[-78.69,37.7],[-78.72,37.64],[-78.82,37.63],[-78.83,37.54],[-78.9,37.54],[-78.99,37.7],[-79.07,37.72],[-79.08,37.78],[-79.17,37.81],[-79.14,37.86],[-79.18,37.91],[-79.11,37.98]]]]}},
{"type":"Feature","properties":{"ugclist":"NCC161","locations":"Rutherford [NC]","utc_issue":"2024-09-26T04:03:00Z","utc_expire":"2024-09-26T10:00:00Z","utc_polygon_begin":"2024-09-26T04:03:00Z","utc_polygon_end":"2024-09-26T09:55:00Z","ph_sig":"FF.W","wfo":"GSP","eventid":56,"phenomena":"FF","significance":"W","nws_color":"#8B0000","event_label":"Flash Flood Warning","status":"NEW","product_id":"202409260403-KGSP-WGUS52-FFWGSP","year":2024,"fcster":"JMP"},"geometry":{"type":"MultiPolygon","coordinates":[[[[-82.18,35.41],[-82.19,35.42],[-82.18,35.44],[-82.12,35.43],[-81.91,35.24],[-81.85,35.22],[-81.76,35.23],[-81.77,35.19],[-81.94,35.19],[-81.97,35.22],[-81.96,35.25],[-81.97,35.26],[-82.03,35.3],[-82.12,35.4],[-82.18,35.41]]]]}},
{"type":"Feature","properties":{"ugclist":"GAC017, GAC155, GAC277, GAC287, GAC321","locations":"Ben Hill [GA], Irwin [GA], Tift [GA], Turner [GA], Worth [GA]","utc_issue":"2024-09-26T04:09:00Z","utc_expire":"2024-09-26T07:15:00Z","utc_polygon_begin":"2024-09-26T04:09:00Z","utc_polygon_end":"2024-09-26T07:15:00Z","ph_sig":"FF.W","wfo":"TAE","eventid":101,"phenomena":"FF","significance":"W","nws_color":"#8B0000","event_label":"Flash Flood Warning","status":"NEW","product_id":"202409260409-KTAE-WGUS52-FFWTAE","year":2024,"fcster":"42-DVD"},"geometry":{"type":"MultiPolygon","coordinates":[[[[-83.61,31.8],[-83.61,31.85],[-83.18,31.85],[-83.13,31.81],[-83.0,31.78],[-83.0,31.66],[-83.06,31.61],[-83.06,31.55],[-83.12,31.47],[-83.37,31.47],[-83.37,31.4],[-83.46,31.33],[-84.0,31.34],[-83.98,31.56],[-84.03,31.72],[-83.99,31.77],[-84.01,31.8],[-83.98,31.8],[-83.95,31.85],[-83.8,31.8],[-83.61,31.8]]]]}},
{"type":"Feature","properties":{"ugclist":"FLC021","locations":"Collier [FL]","utc_issue":"2024-09-26T04:13:00Z","utc_expire":"2024-09-26T04:45:00Z","utc_polygon_begin":"2024-09-26T04:13:00Z","utc_polygon_end":"2024-09-26T04:35:00Z","ph_sig":"TO.W","wfo":"MFL","eventid":21,"phenomena":"TO","significance":"W","nws_color":"#FF0000","event_label":"Tornado Warning","status":"NEW","product_id":"202409260413-KMFL-WFUS52-TORMFL","year":2024,"fcster":"RAG"},"geometry":{"type":"MultiPolygon","coordinates":[[[[-81.59,26.22],[-81.3,26.25],[-81.29,25.81],[-81.4,25.8],[-81.48,25.78],[-81.59,26.22]]]]}},
{"type":"Feature","properties":{"ugclist":"GMZ656","locations":"Coastal waters from Chokoloskee to Bonita Beach FL out 20 NM []","utc_issue":"2024-09-26T04:17:00Z","utc_expire":"2024-09-26T05:15:00Z","utc_polygon_begin":"2024-09-26T04:17:00Z","utc_polygon_end":"2024-09-26T05:15:00Z","ph_sig":"MA.W","wfo":"MFL","eventid":456,"phenomena":"MA","significance":"W","nws_color":"#FFA500","event_label":"Marine Warning","status":"NEW","product_id":"202409260417-KMFL-WHUS52-SMWMFL","year":2024,"fcster":"RAG"},"geometry":{"type":"MultiPolygon","coordinates":[[[[-81.86,26.33],[-81.82,26.33],[-81.8,26.3],[-81.78,26.17],[-81.75,26.15],[-81.76,26.08],[-81.68,26.0],[-81.59,25.83],[-81.85,25.77],[-82.09,26.25],[-81.86,26.33]]]]}},
{"type":"Feature","properties":{"ugclist":"GMZ656, GMZ657","locations":"Coastal waters from Chokoloskee to Bonita Beach FL out 20 NM [], Coastal waters from East Cape Sable to Chokoloskee FL out 20 NM []","utc_issue":"2024-09-26T04:33:00Z","utc_expire":"2024-09-26T05:00:00Z","utc_polygon_begin":"2024-09-26T04:33:00Z","utc_polygon_end":"2024-09-26T05:00:00Z","ph_sig":"MA.W","wfo":"MFL","eventid":457,"phenomena":"MA","significance":"W","nws_color":"#FFA500","event_label":"Marine Warning","status":"NEW","product_id":"202409260433-KMFL-WHUS52-SMWMFL","year":2024,"fcster":"RAG"},"geometry":{"type":"MultiPolygon","coordinates":[[[[-81.75,26.06],[-81.7,26.02],[-81.65,26.0],[-81.62,25.96],[-81.47,25.93],[-81.44,25.9],[-81.41,25.9],[-81.36,25.68],[-81.55,25.63],[-81.75,26.06]]]]}},
{"type":"Feature","properties":{"ugclist":"VAC005, VAC045, VAC071, WVC025, WVC063","locations":"Alleghany [VA], Craig [VA], Giles [VA], Greenbrier [WV], Monroe [WV]","utc_issue":"2024-09-26T04:38:00Z","utc_expire":"2024-09-26T07:17:00Z","utc_polygon_begin":"2024-09-26T04:38:00Z","utc_polygon_end":"2024-09-26T07:17:00Z","ph_sig":"FF.W","wfo":"RNK","eventid":56,"phenomena":"FF","significance":"W","nws_color":"#8B0000","event_label":"Flash Flood Warning","status":"NEW","product_id":"202409260438-KRNK-WGUS51-FFWRNK","year":2024,"fcster":"BMG"},"geometry":{"type":"MultiPolygon","coordinates":[[[[-80.21,37.76],[-80.2,37.43],[-80.32,37.36],[-80.33,37.37],[-80.34,37.36],[-80.37,37.34],[-80.42,37.32],[-80.48,37.28],[-80.54,37.46],[-80.66,37.66],[-80.21,37.76]]]]}},
{"type":"Feature","properties":{"ugclist":"FLC021","locations":"Collier [FL]","utc_issue":"2024-09-26T04:40:00Z","utc_expire":"2024-09-26T08:00:00Z","utc_polygon_begin":"2024-09-26T04:40:00Z","utc_polygon_end":"2024-09-26T08:00:00Z","ph_sig":"FA.Y","wfo":"MFL","eventid":212,"phenomena":"FA","significance":"Y","nws_color":"#00FF7F","event_label":"Flood Advisory","status":"NEW","product_id":"202409260440-KMFL-WGUS82-FLSMFL","year":2024,"fcster":"RAG"},"geometry":{"type":"MultiPolygon","coordinates":[[[[-81.82,26.33],[-81.82,26.32],[-81.75,26.32],[-81.59,25.88],[-81.71,25.81],[-81.9,26.31],[-81.85,26.33],[-81.82,26.33]]]]}},
{"type":"Feature","properties":{"ugclist":"VAC003, VAC125","locations":"Albemarle [VA], Nelson [VA]","utc_issue":"2024-09-26T04:41:00Z","utc_expire":"2024-09-26T08:30:00Z","utc_polygon_begin":"2024-09-26T04:41:00Z","utc_polygon_end":"2024-09-26T05:13:00Z","ph_sig":"FF.W","wfo":"LWX","eventid":52,"phenomena":"FF","significance":"W","nws_color":"#8B0000","event_label":"Flash Flood Warning","status":"NEW","product_id":"202409260441-KLWX-WGUS51-FFWLWX","year":2024,"fcster":"DHOF"},"geometry":{"type":"MultiPolygon","coordinates":[[[[-78.79,38.08],[-78.78,38.08],[-78.78,38.11],[-78.79,38.13],[-78.77,38.14],[-78.77,38.17],[-78.74,38.22],[-78.71,38.23],[-78.65,38.18],[-78.62,38.13],[-78.61,37.95],[-78.62,37.87],[-78.68,37.8],[-78.78,37.8],[-78.92,37.94],[-78.9,37.95],[-78.89,37.98],[-78.79,38.07],[-78.79,38.08]]]]}},
{"type":"Feature","properties":{"ugclist":"GAC023, GAC091, GAC235","locations":"Bleckley [GA], Dodge [GA], Pulaski [GA]","utc_issue":"2024-09-26T04:44:00Z","utc_expire":"2024-09-26T05:15:00Z","utc_polygon_begin":"2024-09-26T04:44:00Z","utc_polygon_end":"2024-09-26T05:03:00Z","ph_sig":"TO.W","wfo":"FFC","eventid":25,"phenomena":"TO","significance":"W","nws_color":"#FF0000","event_label":"Tornado Warning","status":"NEW","product_id":"202409260444-KFFC-WFUS52-TORFFC","year":2024,"fcster":null},"geometry":{"type":"MultiPolygon","coordinates":[[[[-83.24,31.95],[-83.26,31.95],[-83.29,31.99],[-83.28,32.0],[-83.3,32.01],[-83.29,32.02],[-83.31,32.05],[-83.3,32.08],[-83.31,32.09],[-83.32,32.09],[-83.34,32.11],[-83.4,32.37],[-83.12,32.4],[-83.09,32.33],[-83.08,32.01],[-83.17,31.93],[-83.22,31.93],[-83.24,31.95]]]]}},
{"type":"Feature","properties":{"ugclist":"FLC021","locations":"Collier [FL]","utc_issue":"2024-09-26T04:48:00Z","utc_expire":"2024-09-26T05:30:00Z","utc_polygon_begin":"2024-09-26T04:48:00Z","utc_polygon_end":"2024-09-26T05:29:00Z","ph_sig":"TO.W","wfo":"MFL","eventid":22,"phenomena":"TO","significance":"W","nws_color":"#FF0000","event_label":"Tornado Warning","status":"NEW","product_id":"202409260448-KMFL-WFUS52-TORMFL","year":2024,"fcster":"RAG"},"geometry":{"type":"MultiPolygon","coordinates":[[[[-81.43,26.22],[-81.41,25.78],[-81.43,25.78],[-81.44,25.79],[-81.55,25.77],[-81.59,25.8],[-81.72,26.17],[-81.43,26.22]]]]}},
{"type":"Feature","properties":{"ugclist":"VAC003, VAC540","locations":"Albemarle [VA], City of Charlottesville [VA]","utc_issue":"2024-09-26T05:04:00Z","utc_expire":"2024-09-26T05:30:00Z","utc_polygon_begin":"2024-09-26T05:04:00Z","utc_polygon_end":"2024-09-26T05:14:00Z","ph_sig":"SV.W","wfo":"LWX","eventid":295,"phenomena":"SV","significance":"W","nws_color":"#FFA500","event_label":"Severe Thunderstorm Warning","status":"NEW","product_id":"202409260504-KLWX-WUUS51-SVRLWX","year":2024,"fcster":"DHOF"},"geometry":{"type":"MultiPolygon","coordinates":[[[[-78.67,38.02],[-78.56,38.24],[-78.33,38.17],[-78.27,38.15],[-78.53,37.96],[-78.67,38.02]]]]}},
{"type":"Feature","properties":{"ugclist":"NCC021, NCC089","locations":"Buncombe [NC], Henderson [NC]","utc_issue":"2024-09-26T06:00:00Z","utc_expire":"2024-09-30T18:00:00Z","utc_polygon_begin":"2024-09-26T05:11:00Z","utc_polygon_end":"2024-09-26T05:11:00Z","ph_sig":"FL.W","wfo":"GSP","eventid":12,"phenomena":"FL","significance":"W","nws_color":"#00FF00","event_label":"Flood Warning","status":"NEW","product_id":"202409251951-KGSP-WGUS42-FLWGSP","year":2024,"fcster":"JMP"},"geometry":{"type":"MultiPolygon","coordinates":[[[[-82.57,35.38],[-82.57,35.41],[-82.62,35.5],[-82.54,35.5],[-82.5,35.4],[-82.5,35.37],[-82.57,35.38]]]]}},
{"type":"Feature","properties":{"ugclist":"NCC021","locations":"Buncombe [NC]","utc_issue":"2024-09-26T18:00:00Z","utc_expire":"2024-09-29T12:30:00Z","utc_polygon_begin":"2024-09-26T05:11:00Z","utc_polygon_end":"2024-09-26T05:11:00Z","ph_sig":"FL.W","wfo":"GSP","eventid":13,"phenomena":"FL","significance":"W","nws_color":"#00FF00","event_label":"Flood Warning","status":"NEW","product_id":"202409251951-KGSP-WGUS42-FLWGSP","year":2024,"fcster":"JMP"},"geometry":{"type":"MultiPolygon","coordinates":[[[[-82.62,35.5],[-82.61,35.6],[-82.65,35.69],[-82.57,35.7],[-82.55,35.58],[-82.54,35.5],[-82.62,35.5]]]]}},
{"type":"Feature","properties":{"ugclist":"NCC089, NCC175","locations":"Henderson [NC], Transylvania [NC]","utc_issue":"2024-09-26T18:00:00Z","utc_expire":"2024-10-01T00:00:00Z","utc_polygon_begin":"2024-09-26T05:11:00Z","utc_polygon_end":"2024-09-26T05:11:00Z","ph_sig":"FL.W","wfo":"GSP","eventid":14,"phenomena":"FL","significance":"W","nws_color":"#00FF00","event_label":"Flood Warning","status":"NEW","product_id":"202409251951-KGSP-WGUS42-FLWGSP","year":2024,"fcster":"JMP"},"geometry":{"type":"MultiPolygon","coordinates":[[[[-82.57,35.38],[-82.5,35.37],[-82.54,35.29],[-82.67,35.21],[-82.74,35.26],[-82.61,35.34],[-82.57,35.38]]]]}},
{"type":"Feature","properties":{"ugclist":"NCC021","locations":"Buncombe [NC]","utc_issue":"2024-09-27T06:00:00Z","utc_expire":"2024-09-28T12:00:00Z","utc_polygon_begin":"2024-09-26T05:11:00Z","utc_polygon_end":"2024-09-26T05:11:00Z","ph_sig":"FL.W","wfo":"GSP","eventid":15,"phenomena":"FL","significance":"W","nws_color":"#00FF00","event_label":"Flood Warning","status":"NEW","product_id":"202409251951-KGSP-WGUS42-FLWGSP","year":2024,"fcster":"JMP"},"geometry":{"type":"MultiPolygon","coordinates":[[[[-82.55,35.55],[-82.55,35.63],[-82.45,35.63],[-82.44,35.58],[-82.55,35.55]]]]}},
{"type":"Feature","properties":{"ugclist":"NCC115","locations":"Madison [NC]","utc_issue":"2024-09-27T06:00:00Z","utc_expire":"2024-09-29T12:00:00Z","utc_polygon_begin":"2024-09-26T05:11:00Z","utc_polygon_end":"2024-09-26T05:11:00Z","ph_sig":"FL.W","wfo":"GSP","eventid":16,"phenomena":"FL","significance":"W","nws_color":"#00FF00","event_label":"Flood Warning","status":"NEW","product_id":"202409251951-KGSP-WGUS42-FLWGSP","year":2024,"fcster":"JMP"},"geometry":{"type":"MultiPolygon","coordinates":[[[[-82.77,35.82],[-82.91,35.93],[-82.87,35.95],[-82.76,35.9],[-82.71,35.83],[-82.77,35.82]]]]}},
{"type":"Feature","properties":{"ugclist":"NCC115","locations":"Madison [NC]","utc_issue":"2024-09-27T06:00:00Z","utc_expire":"2024-09-29T12:00:00Z","utc_polygon_begin":"2024-09-26T05:11:00Z","utc_polygon_end":"2024-09-26T05:11:00Z","ph_sig":"FL.W","wfo":"GSP","eventid":17,"phenomena":"FL","significance":"W","nws_color":"#00FF00","event_label":"Flood Warning","status":"NEW","product_id":"202409251951-KGSP-WGUS42-FLWGSP","year":2024,"fcster":"JMP"},"geometry":{"type":"MultiPolygon","coordinates":[[[[-82.65,35.69],[-82.7,35.76],[-82.77,35.82],[-82.71,35.83],[-82.63,35.78],[-82.57,35.7],[-82.65,35.69]]]]}},
{"type":"Feature","properties":{"ugclist":"FLC021","locations":"Collier [FL]","utc_issue":"2024-09-26T05:34:00Z","utc_expire":"2024-09-26T06:00:00Z","utc_polygon_begin":"2024-09-26T05:34:00Z","utc_polygon_end":"2024-09-26T05:49:00Z","ph_sig":"TO.W","wfo":"MFL","eventid":23,"phenomena":"TO","significance":"W","nws_color":"#FF0000","event_label":"Tornado Warning","status":"NEW","product_id":"202409260534-KMFL-WFUS52-TORMFL","year":2024,"fcster":"RAG"},"geometry":{"type":"MultiPolygon","coordinates":[[[[-81.42,25.99],[-81.62,25.95],[-81.75,26.29],[-81.45,26.35],[-81.42,25.99]]]]}},
{"type":"Feature","properties":{"ugclist":"GMZ656","locations":"Coastal waters from Chokoloskee to Bonita Beach FL out 20 NM []","utc_issue":"2024-09-26T05:35:00Z","utc_expire":"2024-09-26T06:00:00Z","utc_polygon_begin":"2024-09-26T05:35:00Z","utc_polygon_end":"2024-09-26T06:00:00Z","ph_sig":"MA.W","wfo":"MFL","eventid":458,"phenomena":"MA","significance":"W","nws_color":"#FFA500","event_label":"Marine Warning","status":"NEW","product_id":"202409260535-KMFL-WHUS52-SMWMFL","year":2024,"fcster":"SB"},"geometry":{"type":"MultiPolygon","coordinates":[[[[-81.86,26.33],[-81.82,26.33],[-81.82,26.32],[-81.8,26.3],[-81.79,26.21],[-81.81,26.03],[-81.99,25.97],[-82.15,26.23],[-81.86,26.33]]]]}},
{"type":"Feature","properties":{"ugclist":"NCC087","locations":"Haywood [NC]","utc_issue":"2024-09-26T12:00:00Z","utc_expire":"2024-09-28T00:00:00Z","utc_polygon_begin":"2024-09-26T05:41:00Z","utc_polygon_end":"2024-09-26T05:41:00Z","ph_sig":"FL.W","wfo":"GSP","eventid":20,"phenomena":"FL","significance":"W","nws_color":"#00FF00","event_label":"Flood Warning","status":"NEW","product_id":"202409252051-KGSP-WGUS42-FLWGSP","year":2024,"fcster":"JMP"},"geometry":{"type":"MultiPolygon","coordinates":[[[[-82.92,35.49],[-82.86,35.53],[-82.9,35.53],[-82.9,35.57],[-82.81,35.55],[-82.86,35.49],[-82.92,35.49]]]]}},
{"type":"Feature","properties":{"ugclist":"NCC173","locations":"Swain [NC]","utc_issue":"2024-09-26T18:00:00Z","utc_expire":"2024-09-28T08:04:00Z","utc_polygon_begin":"2024-09-26T05:51:00Z","utc_polygon_end":"2024-09-26T05:51:00Z","ph_sig":"FL.W","wfo":"GSP","eventid":21,"phenomena":"FL","significance":"W","nws_color":"#00FF00","event_label":"Flood Warning","status":"NEW","product_id":"202409252120-KGSP-WGUS42-FLWGSP","year":2024,"fcster":"JMP"},"geometry":{"type":"MultiPolygon","coordinates":[[[[-83.39,35.47],[-83.39,35.43],[-83.48,35.41],[-83.48,35.44],[-83.42,35.44],[-83.39,35.47]]]]}},
{"type":"Feature","properties":{"ugclist":"ALC005","locations":"Barbour [AL]","utc_issue":"2024-09-26T05:55:00Z","utc_expire":"2024-09-26T09:00:00Z","utc_polygon_begin":"2024-09-26T05:55:00Z","utc_polygon_end":"2024-09-26T09:00:00Z","ph_sig":"FA.Y","wfo":"BMX","eventid":136,"phenomena":"FA","significance":"Y","nws_color":"#00FF7F","event_label":"Flood Advisory","status":"NEW","product_id":"202409260555-KBMX-WGUS84-FLSBMX","year":2024,"fcster":"25/Owen"},"geometry":{"type":"MultiPolygon","coordinates":[[[[-85.06,32.06],[-85.06,32.03],[-85.05,32.02],[-85.07,31.99],[-85.07,31.97],[-85.08,31.96],[-85.08,31.94],[-85.11,31.91],[-85.12,31.89],[-85.13,31.89],[-85.13,31.88],[-85.14,31.84],[-85.13,31.8],[-85.14,31.78],[-85.13,31.76],[-85.16,31.77],[-85.2,31.74],[-85.22,31.7],[-85.39,31.71],[-85.07,32.06],[-85.06,32.06]]]]}},
{"type":"Feature","properties":{"ugclist":"VAC021, VAC185, VAC197, WVC055","locations":"Bland [VA], Tazewell [VA], Wythe [VA], Mercer [WV]","utc_issue":"2024-09-26T05:55:00Z","utc_expire":"2024-09-26T12:00:00Z","utc_polygon_begin":"2024-09-26T05:55:00Z","utc_polygon_end":"2024-09-26T12:00:00Z","ph_sig":"FA.W","wfo":"RNK","eventid":26,"phenomena":"FA","significance":"W","nws_color":"#00FF00","event_label":"Flood Warning","status":"NEW","product_id":"202409260555-KRNK-WGUS41-FLWRNK","year":2024,"fcster":"BMG"},"geometry":{"type":"MultiPolygon","coordinates":[[[[-81.39,37.32],[-81.37,37.32],[-81.31,37.42],[-81.29,37.41],[-81.28,37.42],[-81.31,37.46],[-81.28,37.47],[-81.26,37.5],[-81.21,37.51],[-81.21,37.53],[-81.2,37.54],[-81.2,37.58],[-81.14,37.6],[-81.12,37.59],[-81.09,37.59],[-81.06,37.57],[-81.17,36.97],[-81.41,37.02],[-81.4,37.3],[-81.39,37.32]]]]}},
{"type":"Feature","properties":{"ugclist":"FLC021","locations":"Collier [FL]","utc_issue":"2024-09-26T05:56:00Z","utc_expire":"2024-09-26T06:14:00Z","utc_polygon_begin":"2024-09-26T05:56:00Z","utc_polygon_end":"2024-09-26T06:14:00Z","ph_sig":"TO.W","wfo":"MFL","eventid":24,"phenomena":"TO","significance":"W","nws_color":"#FF0000","event_label":"Tornado Warning","status":"NEW","product_id":"202409260556-KMFL-WFUS52-TORMFL","year":2024,"fcster":"RAG"},"geometry":{"type":"MultiPolygon","coordinates":[[[[-81.66,26.32],[-81.66,26.42],[-81.57,26.42],[-81.56,26.51],[-81.5,26.51],[-81.47,26.17],[-81.66,26.14],[-81.72,26.32],[-81.66,26.32]]]]}},
{"type":"Feature","properties":{"ugclist":"VAC021, VAC077, VAC173, VAC185","locations":"Bland [VA], Grayson [VA], Smyth [VA], Tazewell [VA]","utc_issue":"2024-09-26T05:58:00Z","utc_expire":"2024-09-26T09:00:00Z","utc_polygon_begin":"2024-09-26T05:58:00Z","utc_polygon_end":"2024-09-26T08:46:00Z","ph_sig":"FA.W","wfo":"RNK","eventid":27,"phenomena":"FA","significance":"W","nws_color":"#00FF00","event_label":"Flood Warning","status":"NEW","product_id":"202409260558-KRNK-WGUS41-FLWRNK","year":2024,"fcster":"BMG"},"geometry":{"type":"MultiPolygon","coordinates":[[[[-81.73,37.24],[-81.68,37.2],[-81.55,37.21],[-81.51,37.23],[-81.5,37.26],[-81.48,37.25],[-81.42,37.27],[-81.38,37.32],[-81.42,36.58],[-81.68,36.59],[-81.61,36.62],[-81.61,36.64],[-81.62,36.63],[-81.7,36.79],[-81.83,36.93],[-81.78,36.96],[-81.82,37.04],[-81.89,37.11],[-81.9,37.15],[-81.76,37.2],[-81.73,37.24]]]]}},
{"type":"Feature","properties":{"ugclist":"VAC011, VAC029","locations":"Appomattox [VA], Buckingham [VA]","utc_issue":"2024-09-26T06:02:00Z","utc_expire":"2024-09-26T09:00:00Z","utc_polygon_begin":"2024-09-26T06:02:00Z","utc_polygon_end":"2024-09-26T08:49:00Z","ph_sig":"FA.W","wfo":"RNK","eventid":28,"phenomena":"FA","significance":"W","nws_color":"#00FF00","event_label":"Flood Warning","status":"NEW","product_id":"202409260602-KRNK-WGUS41-FLWRNK","year":2024,"fcster":"BMG"},"geometry":{"type":"MultiPolygon","coordinates":[[[[-78.6,37.39],[-78.6,37.38],[-78.74,37.22],[-78.75,37.22],[-78.76,37.22],[-78.76,37.23],[-78.77,37.23],[-78.78,37.23],[-78.91,37.26],[-79.0,37.42],[-78.86,37.54],[-78.69,37.48],[-78.6,37.39]]]]}},
{"type":"Feature","properties":{"ugclist":"VAC003","locations":"Albemarle [VA]","utc_issue":"2024-09-26T06:07:00Z","utc_expire":"2024-09-26T09:15:00Z","utc_polygon_begin":"2024-09-26T06:07:00Z","utc_polygon_end":"2024-09-26T08:02:00Z","ph_sig":"FF.W","wfo":"LWX","eventid":53,"phenomena":"FF","significance":"W","nws_color":"#8B0000","event_label":"Flash Flood Warning","status":"NEW","product_id":"202409260607-KLWX-WGUS51-FFWLWX","year":2024,"fcster":"DHOF"},"geometry":{"type":"MultiPolygon","coordinates":[[[[-78.62,38.26],[-78.58,38.25],[-78.55,38.24],[-78.52,38.23],[-78.5,38.23],[-78.48,38.22],[-78.46,38.21],[-78.44,38.2],[-78.5,38.08],[-78.61,37.94],[-78.62,38.08],[-78.62,38.13],[-78.66,38.18],[-78.71,38.23],[-78.64,38.26],[-78.63,38.27],[-78.62,38.26]]]]}},
{"type":"Feature","properties":{"ugclist":"NCC189","locations":"Watauga [NC]","utc_issue":"2024-09-26T06:13:00Z","utc_expire":"2024-09-26T12:15:00Z","utc_polygon_begin":"2024-09-26T06:13:00Z","utc_polygon_end":"2024-09-26T12:15:00Z","ph_sig":"FA.W","wfo":"RNK","eventid":29,"phenomena":"FA","significance":"W","nws_color":"#00FF00","event_label":"Flood Warning","status":"NEW","product_id":"202409260613-KRNK-WGUS41-FLWRNK","year":2024,"fcster":"BMG"},"geometry":{"type":"MultiPolygon","coordinates":[[[[-81.81,36.11],[-81.83,36.17],[-81.86,36.19],[-81.88,36.19],[-81.91,36.22],[-81.89,36.26],[-81.9,36.28],[-81.92,36.29],[-81.86,36.34],[-81.79,36.36],[-81.79,36.35],[-81.76,36.34],[-81.71,36.34],[-81.73,36.39],[-81.68,36.37],[-81.57,36.27],[-81.53,36.25],[-81.6,36.12],[-81.67,36.12],[-81.81,36.11]]]]}},
{"type":"Feature","properties":{"ugclist":"VAC079, VAC113","locations":"Greene [VA], Madison [VA]","utc_issue":"2024-09-26T06:22:00Z","utc_expire":"2024-09-26T12:30:00Z","utc_polygon_begin":"2024-09-26T06:22:00Z","utc_polygon_end":"2024-09-26T08:04:00Z","ph_sig":"FA.W","wfo":"LWX","eventid":63,"phenomena":"FA","significance":"W","nws_color":"#00FF00","event_label":"Flood Warning","status":"NEW","product_id":"202409260622-KLWX-WGUS41-FLWLWX","year":2024,"fcster":"DHOF"},"geometry":{"type":"MultiPolygon","coordinates":[[[[-78.54,38.36],[-78.47,38.45],[-78.44,38.53],[-78.38,38.56],[-78.38,38.59],[-78.34,38.63],[-78.12,38.44],[-78.09,38.39],[-78.11,38.38],[-78.12,38.36],[-78.08,38.33],[-78.12,38.28],[-78.18,38.27],[-78.18,38.26],[-78.22,38.23],[-78.25,38.23],[-78.29,38.27],[-78.37,38.19],[-78.66,38.28],[-78.55,38.34],[-78.54,38.36]]]]}},
{"type":"Feature","properties":{"ugclist":"VAC079, VAC113","locations":"Greene [VA], Madison [VA]","utc_issue":"2024-09-26T06:28:00Z","utc_expire":"2024-09-26T09:30:00Z","utc_polygon_begin":"2024-09-26T06:28:00Z","utc_polygon_end":"2024-09-26T08:03:00Z","ph_sig":"FF.W","wfo":"LWX","eventid":54,"phenomena":"FF","significance":"W","nws_color":"#8B0000","event_label":"Flash Flood Warning","status":"NEW","product_id":"202409260628-KLWX-WGUS51-FFWLWX","year":2024,"fcster":"DHOF"},"geometry":{"type":"MultiPolygon","coordinates":[[[[-78.44,38.53],[-78.43,38.53],[-78.41,38.55],[-78.38,38.56],[-78.39,38.58],[-78.36,38.61],[-78.34,38.63],[-78.24,38.54],[-78.28,38.42],[-78.35,38.31],[-78.37,38.24],[-78.42,38.2],[-78.63,38.27],[-78.59,38.33],[-78.55,38.34],[-78.54,38.36],[-78.53,38.37],[-78.52,38.39],[-78.49,38.41],[-78.44,38.49],[-78.44,38.53]]]]}},
{"type":"Feature","properties":{"ugclist":"SCC045, SCC077","locations":"Greenville [SC], Pickens [SC]","utc_issue":"2024-09-27T00:00:00Z","utc_expire":"2024-09-29T00:00:00Z","utc_polygon_begin":"2024-09-26T06:28:00Z","utc_polygon_end":"2024-09-26T06:28:00Z","ph_sig":"FL.W","wfo":"GSP","eventid":18,"phenomena":"FL","significance":"W","nws_color":"#00FF00","event_label":"Flood Warning","status":"NEW","product_id":"202409252033-KGSP-WGUS42-FLWGSP","year":2024,"fcster":"JMP"},"geometry":{"type":"MultiPolygon","coordinates":[[[[-82.5,34.77],[-82.53,34.86],[-82.43,34.86],[-82.41,34.78],[-82.5,34.77]]]]}},
{"type":"Feature","properties":{"ugclist":"SCC007, SCC045","locations":"Anderson [SC], Greenville [SC]","utc_issue":"2024-09-27T12:00:00Z","utc_expire":"2024-09-29T06:00:00Z","utc_polygon_begin":"2024-09-26T06:28:00Z","utc_polygon_end":"2024-09-26T06:28:00Z","ph_sig":"FL.W","wfo":"GSP","eventid":19,"phenomena":"FL","significance":"W","nws_color":"#00FF00","event_label":"Flood Warning","status":"NEW","product_id":"202409252033-KGSP-WGUS42-FLWGSP","year":2024,"fcster":"JMP"},"geometry":{"type":"MultiPolygon","coordinates":[[[[-82.5,34.77],[-82.41,34.78],[-82.42,34.73],[-82.38,34.61],[-82.49,34.59],[-82.52,34.64],[-82.5,34.77]]]]}},
{"type":"Feature","properties":{"ugclist":"NCC011, NCC023, NCC111, NCC121, NCC199","locations":"Avery [NC], Burke [NC], McDowell [NC], Mitchell [NC], Yancey [NC]","utc_issue":"2024-09-26T06:36:00Z","utc_expire":"2024-09-26T12:30:00Z","utc_polygon_begin":"2024-09-26T06:36:00Z","utc_polygon_end":"2024-09-26T12:06:00Z","ph_sig":"FA.Y","wfo":"GSP","eventid":153,"phenomena":"FA","significance":"Y","nws_color":"#00FF7F","event_label":"Flood Advisory","status":"NEW","product_id":"202409260636-KGSP-WGUS82-FLSGSP","year":2024,"fcster":"MPR"},"geometry":{"type":"MultiPolygon","coordinates":[[[[-82.21,36.16],[-82.15,36.15],[-82.13,36.1],[-82.03,36.12],[-81.92,36.29],[-81.9,36.27],[-81.91,36.23],[-81.89,36.19],[-81.86,36.19],[-81.83,36.16],[-81.81,36.11],[-81.74,36.07],[-81.81,35.96],[-81.8,35.95],[-81.95,35.82],[-81.96,35.82],[-81.94,35.87],[-82.14,35.9],[-82.28,35.86],[-82.25,36.13],[-82.21,36.16]]]]}},
{"type":"Feature","properties":{"ugclist":"VAC019","locations":"Bedford [VA]","utc_issue":"2024-09-26T06:36:00Z","utc_expire":"2024-09-26T12:30:00Z","utc_polygon_begin":"2024-09-26T06:36:00Z","utc_polygon_end":"2024-09-26T12:30:00Z","ph_sig":"FA.W","wfo":"RNK","eventid":30,"phenomena":"FA","significance":"W","nws_color":"#00FF00","event_label":"Flood Warning","status":"NEW","product_id":"202409260636-KRNK-WGUS41-FLWRNK","year":2024,"fcster":"BMG"},"geometry":{"type":"MultiPolygon","coordinates":[[[[-79.48,37.04],[-79.48,37.03],[-79.46,37.02],[-79.48,37.01],[-79.54,37.05],[-79.55,37.05],[-79.57,37.04],[-79.61,37.09],[-79.64,37.11],[-79.67,37.15],[-79.69,37.15],[-79.69,37.29],[-79.54,37.5],[-79.35,37.52],[-79.49,37.21],[-79.39,37.14],[-79.44,37.06],[-79.5,37.06],[-79.48,37.04]]]]}},
{"type":"Feature","properties":{"ugclist":"VAC019, VAC031","locations":"Bedford [VA], Campbell [VA]","utc_issue":"2024-09-26T06:37:00Z","utc_expire":"2024-09-26T12:30:00Z","utc_polygon_begin":"2024-09-26T06:37:00Z","utc_polygon_end":"2024-09-26T12:30:00Z","ph_sig":"FA.W","wfo":"RNK","eventid":31,"phenomena":"FA","significance":"W","nws_color":"#00FF00","event_label":"Flood Warning","status":"NEW","product_id":"202409260637-KRNK-WGUS41-FLWRNK","year":2024,"fcster":"BMG"},"geometry":{"type":"MultiPolygon","coordinates":[[[[-79.5,37.21],[-79.35,37.52],[-79.3,37.5],[-79.22,37.49],[-79.2,37.48],[-79.22,37.46],[-79.27,37.45],[-79.27,37.43],[-79.26,37.43],[-79.25,37.41],[-79.24,37.39],[-79.26,37.36],[-79.22,37.33],[-79.31,37.12],[-79.34,37.13],[-79.4,37.14],[-79.5,37.21]]]]}},
{"type":"Feature","properties":{"ugclist":"NCC071","locations":"Gaston [NC]","utc_issue":"2024-09-27T12:00:00Z","utc_expire":"2024-09-29T00:00:00Z","utc_polygon_begin":"2024-09-26T06:45:00Z","utc_polygon_end":"2024-09-26T06:45:00Z","ph_sig":"FL.W","wfo":"GSP","eventid":24,"phenomena":"FL","significance":"W","nws_color":"#00FF00","event_label":"Flood Warning","status":"NEW","product_id":"202409252247-KGSP-WGUS42-FLWGSP","year":2024,"fcster":"JMP"},"geometry":{"type":"MultiPolygon","coordinates":[[[[-81.26,35.37],[-81.08,35.37],[-81.02,35.18],[-81.1,35.18],[-81.26,35.37]]]]}},
{"type":"Feature","properties":{"ugclist":"NCC003, NCC027, NCC035","locations":"Alexander [NC], Caldwell [NC], Catawba [NC]","utc_issue":"2024-09-26T06:53:00Z","utc_expire":"2024-09-26T12:45:00Z","utc_polygon_begin":"2024-09-26T06:53:00Z","utc_polygon_end":"2024-09-26T12:12:00Z","ph_sig":"FA.Y","wfo":"GSP","eventid":154,"phenomena":"FA","significance":"Y","nws_color":"#00FF7F","event_label":"Flood Advisory","status":"NEW","product_id":"202409260653-KGSP-WGUS82-FLSGSP","year":2024,"fcster":"MPR"},"geometry":{"type":"MultiPolygon","coordinates":[[[[-81.35,35.98],[-81.28,35.96],[-81.26,35.75],[-81.26,35.72],[-81.26,35.69],[-81.33,35.66],[-81.39,35.71],[-81.36,35.76],[-81.34,35.9],[-81.35,35.98]]]]}},
{"type":"Feature","properties":{"ugclist":"SCC007, SCC045, SCC077","locations":"Anderson [SC], Greenville [SC], Pickens [SC]","utc_issue":"2024-09-26T07:02:00Z","utc_expire":"2024-09-26T13:00:00Z","utc_polygon_begin":"2024-09-26T07:02:00Z","utc_polygon_end":"2024-09-26T13:00:00Z","ph_sig":"FA.Y","wfo":"GSP","eventid":155,"phenomena":"FA","significance":"Y","nws_color":"#00FF7F","event_label":"Flood Advisory","status":"NEW","product_id":"202409260702-KGSP-WGUS82-FLSGSP","year":2024,"fcster":"MPR"},"geometry":{"type":"MultiPolygon","coordinates":[[[[-82.88,34.79],[-82.89,34.91],[-82.92,35.02],[-82.89,35.06],[-82.78,35.09],[-82.78,35.08],[-82.78,35.07],[-82.76,35.07],[-82.75,35.08],[-82.7,35.1],[-82.69,35.11],[-82.69,35.12],[-82.67,35.12],[-82.66,35.12],[-82.52,34.85],[-82.6,34.36],[-82.79,34.45],[-82.79,34.51],[-82.83,34.65],[-82.88,34.79]]]]}},
{"type":"Feature","properties":{"ugclist":"VAC015, VAC139, VAC165, VAC820","locations":"Augusta [VA], Page [VA], Rockingham [VA], City of Waynesboro [VA]","utc_issue":"2024-09-26T07:12:00Z","utc_expire":"2024-09-26T13:15:00Z","utc_polygon_begin":"2024-09-26T07:12:00Z","utc_polygon_end":"2024-09-26T09:04:00Z","ph_sig":"FA.W","wfo":"LWX","eventid":64,"phenomena":"FA","significance":"W","nws_color":"#00FF00","event_label":"Flood Warning","status":"NEW","product_id":"202409260712-KLWX-WGUS41-FLWLWX","year":2024,"fcster":"DHOF"},"geometry":{"type":"MultiPolygon","coordinates":[[[[-78.71,38.38],[-78.56,38.66],[-78.46,38.69],[-78.34,38.63],[-78.38,38.59],[-78.38,38.56],[-78.44,38.53],[-78.44,38.49],[-78.47,38.45],[-78.53,38.37],[-78.54,38.36],[-78.55,38.34],[-78.65,38.29],[-78.66,38.26],[-78.73,38.27],[-78.81,38.09],[-78.94,37.94],[-79.12,37.97],[-78.92,38.24],[-78.85,38.31],[-78.71,38.38]]]]}},
{"type":"Feature","properties":{"ugclist":"NCC045, SCC021","locations":"Cleveland [NC], Cherokee [SC]","utc_issue":"2024-09-27T00:00:00Z","utc_expire":"2024-09-29T00:00:00Z","utc_polygon_begin":"2024-09-26T07:14:00Z","utc_polygon_end":"2024-09-26T07:14:00Z","ph_sig":"FL.W","wfo":"GSP","eventid":22,"phenomena":"FL","significance":"W","nws_color":"#00FF00","event_label":"Flood Warning","status":"NEW","product_id":"202409252145-KGSP-WGUS42-FLWGSP","year":2024,"fcster":"JMP"},"geometry":{"type":"MultiPolygon","coordinates":[[[[-81.59,35.24],[-81.56,35.18],[-81.52,35.09],[-81.61,35.07],[-81.67,35.16],[-81.59,35.24]]]]}},
{"type":"Feature","properties":{"ugclist":"NCC045","locations":"Cleveland [NC]","utc_issue":"2024-09-27T00:00:00Z","utc_expire":"2024-09-29T00:00:00Z","utc_polygon_begin":"2024-09-26T07:14:00Z","utc_polygon_end":"2024-09-26T07:14:00Z","ph_sig":"FL.W","wfo":"GSP","eventid":23,"phenomena":"FL","significance":"W","nws_color":"#00FF00","event_label":"Flood Warning","status":"NEW","product_id":"202409252145-KGSP-WGUS42-FLWGSP","year":2024,"fcster":"JMP"},"geometry":{"type":"MultiPolygon","coordinates":[[[[-81.73,35.27],[-81.59,35.24],[-81.67,35.16],[-81.76,35.2],[-81.73,35.27]]]]}},
{"type":"Feature","properties":{"ugclist":"VAC071, VAC121, VAC155, VAC750, WVC063","locations":"Giles [VA], Montgomery [VA], Pulaski [VA], City of Radford [VA], Monroe [WV]","utc_issue":"2024-09-26T07:17:00Z","utc_expire":"2024-09-26T12:15:00Z","utc_polygon_begin":"2024-09-26T07:17:00Z","utc_polygon_end":"2024-09-26T12:15:00Z","ph_sig":"FA.W","wfo":"RNK","eventid":32,"phenomena":"FA","significance":"W","nws_color":"#00FF00","event_label":"Flood Warning","status":"NEW","product_id":"202409260717-KRNK-WGUS41-FLWRNK-RRA","year":2024,"fcster":"BMG"},"geometry":{"type":"MultiPolygon","coordinates":[[[[-80.82,37.48],[-80.79,37.53],[-80.58,37.53],[-80.52,37.46],[-80.44,37.12],[-80.48,37.0],[-80.49,37.0],[-80.49,36.99],[-80.5,36.99],[-80.52,37.01],[-80.52,37.0],[-80.55,36.98],[-80.55,36.97],[-80.56,36.97],[-80.63,36.95],[-80.78,36.94],[-80.85,37.43],[-80.82,37.48]]]]}},
{"type":"Feature","properties":{"ugclist":"VAC005, VAC045, VAC071, WVC025, WVC063","locations":"Alleghany [VA], Craig [VA], Giles [VA], Greenbrier [WV], Monroe [WV]","utc_issue":"2024-09-26T07:17:00Z","utc_expire":"2024-09-26T12:45:00Z","utc_polygon_begin":"2024-09-26T07:17:00Z","utc_polygon_end":"2024-09-26T12:45:00Z","ph_sig":"FA.W","wfo":"RNK","eventid":33,"phenomena":"FA","significance":"W","nws_color":"#00FF00","event_label":"Flood Warning","status":"NEW","product_id":"202409260717-KRNK-WGUS41-FLWRNK","year":2024,"fcster":"BMG"},"geometry":{"type":"MultiPolygon","coordinates":[[[[-80.21,37.76],[-80.2,37.43],[-80.32,37.36],[-80.33,37.37],[-80.37,37.34],[-80.42,37.32],[-80.48,37.28],[-80.54,37.46],[-80.66,37.66],[-80.21,37.76]]]]}},
{"type":"Feature","properties":{"ugclist":"FLC043, FLC051, FLC099","locations":"Glades [FL], Hendry [FL], Palm Beach [FL]","utc_issue":"2024-09-26T07:19:00Z","utc_expire":"2024-09-26T08:00:00Z","utc_polygon_begin":"2024-09-26T07:19:00Z","utc_polygon_end":"2024-09-26T07:31:00Z","ph_sig":"TO.W","wfo":"MFL","eventid":25,"phenomena":"TO","significance":"W","nws_color":"#FF0000","event_label":"Tornado Warning","status":"NEW","product_id":"202409260719-KMFL-WFUS52-TORMFL","year":2024,"fcster":"RAG"},"geometry":{"type":"MultiPolygon","coordinates":[[[[-80.65,26.95],[-80.66,26.36],[-80.86,26.36],[-81.08,26.89],[-81.0,26.9],[-81.0,26.89],[-80.91,26.88],[-80.82,26.79],[-80.7,26.91],[-80.7,26.94],[-80.65,26.95]]]]}},
{"type":"Feature","properties":{"ugclist":"GMZ538, GMZ555","locations":"Breton Sound [], Coastal Waters from Boothville LA to Southwest Pass of the Mississippi River out 20 nm []","utc_issue":"2024-09-26T07:29:00Z","utc_expire":"2024-09-26T07:47:00Z","utc_polygon_begin":"2024-09-26T07:29:00Z","utc_polygon_end":"2024-09-26T07:47:00Z","ph_sig":"MA.W","wfo":"LIX","eventid":378,"phenomena":"MA","significance":"W","nws_color":"#FFA500","event_label":"Marine Warning","status":"NEW","product_id":"202409260729-KLIX-WHUS54-SMWLIX","year":2024,"fcster":"KLG"},"geometry":{"type":"MultiPolygon","coordinates":[[[[-89.37,29.47],[-89.41,29.33],[-89.45,29.36],[-89.55,29.36],[-89.59,29.37],[-89.6,29.43],[-89.51,29.51],[-89.37,29.47]]]]}},
{"type":"Feature","properties":{"ugclist":"AMZ610","locations":"Lake Okeechobee []","utc_issue":"2024-09-26T07:40:00Z","utc_expire":"2024-09-26T08:45:00Z","utc_polygon_begin":"2024-09-26T07:40:00Z","utc_polygon_end":"2024-09-26T08:45:00Z","ph_sig":"MA.W","wfo":"MFL","eventid":459,"phenomena":"MA","significance":"W","nws_color":"#FFA500","event_label":"Marine Warning","status":"NEW","product_id":"202409260740-KMFL-WHUS52-SMWMFL","year":2024,"fcster":"RAG"},"geometry":{"type":"MultiPolygon","coordinates":[[[[-80.66,27.11],[-80.61,26.97],[-80.62,26.9],[-80.7,26.8],[-80.71,26.74],[-80.73,26.78],[-80.74,26.66],[-80.85,26.68],[-80.98,26.81],[-81.06,26.82],[-81.12,26.89],[-81.12,26.93],[-81.07,26.95],[-81.09,26.97],[-81.04,27.0],[-81.06,27.05],[-80.91,27.17],[-80.87,27.14],[-80.8,27.21],[-80.66,27.11]]]]}},
{"type":"Feature","properties":{"ugclist":"GMZ656, GMZ657","locations":"Coastal waters from Chokoloskee to Bonita Beach FL out 20 NM [], Coastal waters from East Cape Sable to Chokoloskee FL out 20 NM []","utc_issue":"2024-09-26T08:00:00Z","utc_expire":"2024-09-26T08:30:00Z","utc_polygon_begin":"2024-09-26T08:00:00Z","utc_polygon_end":"2024-09-26T08:30:00Z","ph_sig":"MA.W","wfo":"MFL","eventid":460,"phenomena":"MA","significance":"W","nws_color":"#FFA500","event_label":"Marine Warning","status":"NEW","product_id":"202409260800-KMFL-WHUS52-SMWMFL","year":2024,"fcster":"RAG"},"geometry":{"type":"MultiPolygon","coordinates":[[[[-81.56,25.95],[-81.47,25.93],[-81.44,25.9],[-81.37,25.9],[-81.34,25.86],[-81.27,25.83],[-81.25,25.72],[-81.45,25.67],[-81.56,25.95]]]]}},
{"type":"Feature","properties":{"ugclist":"VAC047, VAC157","locations":"Culpeper [VA], Rappahannock [VA]","utc_issue":"2024-09-26T08:07:00Z","utc_expire":"2024-09-26T13:26:00Z","utc_polygon_begin":"2024-09-26T08:07:00Z","utc_polygon_end":"2024-09-26T08:57:00Z","ph_sig":"FA.W","wfo":"LWX","eventid":65,"phenomena":"FA","significance":"W","nws_color":"#00FF00","event_label":"Flood Warning","status":"NEW","product_id":"202409260807-KLWX-WGUS41-FLWLWX","year":2024,"fcster":"DHOF"},"geometry":{"type":"MultiPolygon","coordinates":[[[[-78.03,38.77],[-78.01,38.73],[-77.99,38.71],[-77.95,38.69],[-77.91,38.7],[-77.89,38.68],[-77.9,38.67],[-77.88,38.67],[-77.87,38.65],[-77.88,38.64],[-77.86,38.62],[-77.87,38.61],[-77.88,38.58],[-77.83,38.54],[-78.1,38.39],[-78.1,38.4],[-78.13,38.43],[-78.12,38.44],[-78.33,38.62],[-78.03,38.77]]]]}},
{"type":"Feature","properties":{"ugclist":"NCC111","locations":"McDowell [NC]","utc_issue":"2024-09-26T08:31:00Z","utc_expire":"2024-09-26T14:30:00Z","utc_polygon_begin":"2024-09-26T08:31:00Z","utc_polygon_end":"2024-09-26T14:30:00Z","ph_sig":"FF.W","wfo":"GSP","eventid":57,"phenomena":"FF","significance":"W","nws_color":"#8B0000","event_label":"Flash Flood Warning","status":"NEW","product_id":"202409260831-KGSP-WGUS52-FFWGSP","year":2024,"fcster":"MPR"},"geometry":{"type":"MultiPolygon","coordinates":[[[[-81.85,35.55],[-81.97,35.53],[-82.0,35.55],[-82.02,35.54],[-82.08,35.53],[-81.97,35.8],[-81.87,35.72],[-81.83,35.58],[-81.85,35.55]]]]}},
{"type":"Feature","properties":{"ugclist":"FLC087","locations":"Mainland Monroe [FL]","utc_issue":"2024-09-26T08:32:00Z","utc_expire":"2024-09-26T09:00:00Z","utc_polygon_begin":"2024-09-26T08:32:00Z","utc_polygon_end":"2024-09-26T08:56:00Z","ph_sig":"SV.W","wfo":"KEY","eventid":5,"phenomena":"SV","significance":"W","nws_color":"#FFA500","event_label":"Severe Thunderstorm Warning","status":"NEW","product_id":"202409260832-KKEY-WUUS52-SVRKEY","year":2024,"fcster":"AJP"},"geometry":{"type":"MultiPolygon","coordinates":[[[[-81.7,24.72],[-81.68,24.73],[-81.62,24.7],[-81.59,24.78],[-81.54,24.78],[-81.52,24.81],[-81.47,24.83],[-81.35,24.79],[-81.28,24.8],[-81.25,24.76],[-81.28,24.69],[-81.23,24.71],[-81.2,24.69],[-81.23,24.64],[-81.39,24.59],[-81.43,24.61],[-81.46,24.58],[-81.51,24.6],[-81.63,24.56],[-81.7,24.72]]]]}},
{"type":"Feature","properties":{"ugclist":"GMZ656, GMZ657","locations":"Coastal waters from Chokoloskee to Bonita Beach FL out 20 NM [], Coastal waters from East Cape Sable to Chokoloskee FL out 20 NM []","utc_issue":"2024-09-26T08:36:00Z","utc_expire":"2024-09-26T09:00:00Z","utc_polygon_begin":"2024-09-26T08:36:00Z","utc_polygon_end":"2024-09-26T09:00:00Z","ph_sig":"MA.W","wfo":"MFL","eventid":461,"phenomena":"MA","significance":"W","nws_color":"#FFA500","event_label":"Marine Warning","status":"NEW","product_id":"202409260836-KMFL-WHUS52-SMWMFL","year":2024,"fcster":"SB"},"geometry":{"type":"MultiPolygon","coordinates":[[[[-81.61,25.44],[-81.67,25.51],[-81.76,25.52],[-81.86,25.59],[-82.01,25.88],[-81.94,26.06],[-81.64,26.0],[-81.62,25.96],[-81.54,25.95],[-81.49,25.61],[-81.52,25.39],[-81.61,25.44]]]]}},
{"type":"Feature","properties":{"ugclist":"SCC045, SCC077","locations":"Greenville [SC], Pickens [SC]","utc_issue":"2024-09-26T08:41:00Z","utc_expire":"2024-09-26T14:30:00Z","utc_polygon_begin":"2024-09-26T08:41:00Z","utc_polygon_end":"2024-09-26T13:41:00Z","ph_sig":"FA.Y","wfo":"GSP","eventid":156,"phenomena":"FA","significance":"Y","nws_color":"#00FF7F","event_label":"Flood Advisory","status":"NEW","product_id":"202409260841-KGSP-WGUS82-FLSGSP","year":2024,"fcster":"MPR"},"geometry":{"type":"MultiPolygon","coordinates":[[[[-82.52,35.16],[-82.5,35.16],[-82.48,35.18],[-82.45,35.18],[-82.46,35.16],[-82.44,35.17],[-82.42,35.19],[-82.4,35.2],[-82.38,35.2],[-82.38,35.19],[-82.37,35.18],[-82.35,35.19],[-82.33,35.18],[-82.3,35.2],[-82.22,35.19],[-82.23,34.87],[-82.45,34.8],[-82.52,34.85],[-82.66,35.12],[-82.52,35.16]]]]}},
{"type":"Feature","properties":{"ugclist":"SCC073, SCC077","locations":"Oconee [SC], Pickens [SC]","utc_issue":"2024-09-26T08:49:00Z","utc_expire":"2024-09-26T14:45:00Z","utc_polygon_begin":"2024-09-26T08:49:00Z","utc_polygon_end":"2024-09-26T14:24:00Z","ph_sig":"FA.Y","wfo":"GSP","eventid":157,"phenomena":"FA","significance":"Y","nws_color":"#00FF7F","event_label":"Flood Advisory","status":"NEW","product_id":"202409260849-KGSP-WGUS82-FLSGSP","year":2024,"fcster":"MPR"},"geometry":{"type":"MultiPolygon","coordinates":[[[[-83.0,34.47],[-83.14,34.56],[-83.17,34.6],[-83.22,34.61],[-83.34,34.68],[-83.35,34.73],[-83.32,34.76],[-83.32,34.78],[-83.3,34.81],[-83.29,34.82],[-83.27,34.82],[-83.27,34.83],[-83.21,34.88],[-83.11,34.94],[-83.1,35.0],[-82.89,35.06],[-82.92,35.02],[-82.83,34.64],[-83.0,34.47]]]]}},
{"type":"Feature","properties":{"ugclist":"FLC021","locations":"Collier [FL]","utc_issue":"2024-09-26T08:50:00Z","utc_expire":"2024-09-26T09:16:00Z","utc_polygon_begin":"2024-09-26T08:50:00Z","utc_polygon_end":"2024-09-26T09:04:00Z","ph_sig":"TO.W","wfo":"MFL","eventid":26,"phenomena":"TO","significance":"W","nws_color":"#FF0000","event_label":"Tornado Warning","status":"NEW","product_id":"202409260850-KMFL-WFUS52-TORMFL","year":2024,"fcster":"RAG"},"geometry":{"type":"MultiPolygon","coordinates":[[[[-81.66,26.42],[-81.56,26.42],[-81.56,26.51],[-81.42,26.52],[-81.33,26.03],[-81.5,26.0],[-81.66,26.34],[-81.66,26.42]]]]}},
{"type":"Feature","properties":{"ugclist":"FLC087","locations":"Mainland Monroe [FL]","utc_issue":"2024-09-26T09:00:00Z","utc_expire":"2024-09-26T09:30:00Z","utc_polygon_begin":"2024-09-26T09:00:00Z","utc_polygon_end":"2024-09-26T09:30:00Z","ph_sig":"SV.W","wfo":"KEY","eventid":6,"phenomena":"SV","significance":"W","nws_color":"#FFA500","event_label":"Severe Thunderstorm Warning","status":"NEW","product_id":"202409260900-KKEY-WUUS52-SVRKEY","year":2024,"fcster":"AJP"},"geometry":{"type":"MultiPolygon","coordinates":[[[[-81.15,24.67],[-81.18,24.69],[-81.21,24.68],[-81.21,24.69],[-81.2,24.69],[-81.19,24.7],[-81.17,24.73],[-80.97,24.78],[-80.93,24.82],[-80.92,24.74],[-81.05,24.67],[-81.07,24.66],[-81.15,24.67]]]]}},
{"type":"Feature","properties":{"ugclist":"SCC045, SCC077","locations":"Greenville [SC], Pickens [SC]","utc_issue":"2024-09-26T09:02:00Z","utc_expire":"2024-09-26T15:00:00Z","utc_polygon_begin":"2024-09-26T09:02:00Z","utc_polygon_end":"2024-09-26T14:14:00Z","ph_sig":"FF.W","wfo":"GSP","eventid":58,"phenomena":"FF","significance":"W","nws_color":"#8B0000","event_label":"Flash Flood Warning","status":"NEW","product_id":"202409260902-KGSP-WGUS52-FFWGSP","year":2024,"fcster":"MPR"},"geometry":{"type":"MultiPolygon","coordinates":[[[[-82.76,35.07],[-82.75,35.08],[-82.7,35.1],[-82.69,35.11],[-82.69,35.12],[-82.68,35.13],[-82.67,35.12],[-82.66,35.12],[-82.52,34.85],[-82.48,34.82],[-82.79,34.67],[-82.83,34.64],[-82.83,34.65],[-82.91,35.01],[-82.92,35.02],[-82.89,35.06],[-82.78,35.09],[-82.78,35.08],[-82.78,35.07],[-82.76,35.07]]]]}},
{"type":"Feature","properties":{"ugclist":"NCC005, NCC009, NCC171, NCC193, VAC035, VAC077, VAC197, VAC640","locations":"Alleghany [NC], Ashe [NC], Surry [NC], Wilkes [NC], Carroll [VA], Grayson [VA], Wythe [VA], City of Galax [VA]","utc_issue":"2024-09-26T09:06:00Z","utc_expire":"2024-09-26T11:57:00Z","utc_polygon_begin":"2024-09-26T09:06:00Z","utc_polygon_end":"2024-09-26T11:57:00Z","ph_sig":"FA.Y","wfo":"RNK","eventid":117,"phenomena":"FA","significance":"Y","nws_color":"#00FF7F","event_label":"Flood Advisory","status":"NEW","product_id":"202409260906-KRNK-WGUS81-FLSRNK","year":2024,"fcster":"BMG"},"geometry":{"type":"MultiPolygon","coordinates":[[[[-81.28,36.76],[-81.26,36.76],[-81.27,36.78],[-81.16,36.99],[-80.95,37.06],[-80.85,37.0],[-80.81,36.96],[-80.81,36.94],[-80.8,36.94],[-80.78,36.92],[-80.84,36.58],[-81.21,36.05],[-81.49,36.1],[-81.35,36.61],[-81.28,36.76]]]]}},
{"type":"Feature","properties":{"ugclist":"NCC089","locations":"Henderson [NC]","utc_issue":"2024-09-26T09:06:00Z","utc_expire":"2024-09-26T16:45:00Z","utc_polygon_begin":"2024-09-26T09:06:00Z","utc_polygon_end":"2024-09-26T15:00:00Z","ph_sig":"FF.W","wfo":"GSP","eventid":59,"phenomena":"FF","significance":"W","nws_color":"#8B0000","event_label":"Flash Flood Warning","status":"NEW","product_id":"202409260906-KGSP-WGUS52-FFWGSP","year":2024,"fcster":"JMP"},"geometry":{"type":"MultiPolygon","coordinates":[[[[-82.54,35.44],[-82.42,35.47],[-82.36,35.46],[-82.37,35.48],[-82.33,35.5],[-82.27,35.47],[-82.28,35.44],[-82.26,35.39],[-82.35,35.29],[-82.35,35.19],[-82.37,35.18],[-82.39,35.22],[-82.44,35.17],[-82.48,35.18],[-82.57,35.14],[-82.59,35.16],[-82.61,35.29],[-82.74,35.42],[-82.67,35.46],[-82.53,35.42],[-82.54,35.44]]]]}},
{"type":"Feature","properties":{"ugclist":"NCC175","locations":"Transylvania [NC]","utc_issue":"2024-09-26T09:16:00Z","utc_expire":"2024-09-26T17:15:00Z","utc_polygon_begin":"2024-09-26T09:16:00Z","utc_polygon_end":"2024-09-26T14:56:00Z","ph_sig":"FF.W","wfo":"GSP","eventid":60,"phenomena":"FF","significance":"W","nws_color":"#8B0000","event_label":"Flash Flood Warning","status":"NEW","product_id":"202409260916-KGSP-WGUS52-FFWGSP","year":2024,"fcster":"JMP"},"geometry":{"type":"MultiPolygon","coordinates":[[[[-82.62,35.26],[-82.58,35.14],[-82.66,35.12],[-82.68,35.13],[-82.7,35.1],[-82.73,35.09],[-82.76,35.07],[-82.78,35.07],[-82.78,35.09],[-83.01,35.03],[-83.06,35.05],[-82.98,35.13],[-83.0,35.16],[-82.98,35.17],[-82.99,35.19],[-82.93,35.23],[-82.92,35.29],[-82.83,35.32],[-82.74,35.42],[-82.61,35.29],[-82.62,35.26]]]]}},
{"type":"Feature","properties":{"ugclist":"FLC021","locations":"Collier [FL]","utc_issue":"2024-09-26T09:36:00Z","utc_expire":"2024-09-26T10:00:00Z","utc_polygon_begin":"2024-09-26T09:36:00Z","utc_polygon_end":"2024-09-26T09:54:00Z","ph_sig":"TO.W","wfo":"MFL","eventid":27,"phenomena":"TO","significance":"W","nws_color":"#FF0000","event_label":"Tornado Warning","status":"NEW","product_id":"202409260936-KMFL-WFUS52-TORMFL","year":2024,"fcster":"RAG"},"geometry":{"type":"MultiPolygon","coordinates":[[[[-81.66,26.42],[-81.56,26.42],[-81.56,26.51],[-81.44,26.51],[-81.23,26.12],[-81.4,26.03],[-81.66,26.35],[-81.66,26.42]]]]}},
{"type":"Feature","properties":{"ugclist":"GMZ656, GMZ657","locations":"Coastal waters from Chokoloskee to Bonita Beach FL out 20 NM [], Coastal waters from East Cape Sable to Chokoloskee FL out 20 NM []","utc_issue":"2024-09-26T10:08:00Z","utc_expire":"2024-09-26T10:45:00Z","utc_polygon_begin":"2024-09-26T10:08:00Z","utc_polygon_end":"2024-09-26T10:45:00Z","ph_sig":"MA.W","wfo":"MFL","eventid":462,"phenomena":"MA","significance":"W","nws_color":"#FFA500","event_label":"Marine Warning","status":"NEW","product_id":"202409261008-KMFL-WHUS52-SMWMFL","year":2024,"fcster":"Baxter"},"geometry":{"type":"MultiPolygon","coordinates":[[[[-81.8,26.32],[-81.72,26.03],[-81.29,25.84],[-81.16,25.7],[-81.17,25.66],[-81.24,25.67],[-81.2,25.59],[-81.12,25.64],[-81.0,25.54],[-81.08,25.47],[-80.93,25.46],[-80.94,25.39],[-80.98,25.38],[-80.94,25.36],[-80.96,25.19],[-81.01,25.19],[-81.59,25.69],[-82.09,25.91],[-82.14,26.1],[-82.32,26.17],[-81.8,26.32]]]]}},
{"type":"Feature","properties":{"ugclist":"NCC009, NCC189","locations":"Ashe [NC], Watauga [NC]","utc_issue":"2024-09-26T10:10:00Z","utc_expire":"2024-09-26T16:15:00Z","utc_polygon_begin":"2024-09-26T10:10:00Z","utc_polygon_end":"2024-09-26T16:15:00Z","ph_sig":"FA.W","wfo":"RNK","eventid":34,"phenomena":"FA","significance":"W","nws_color":"#00FF00","event_label":"Flood Warning","status":"NEW","product_id":"202409261010-KRNK-WGUS41-FLWRNK","year":2024,"fcster":"BMG"},"geometry":{"type":"MultiPolygon","coordinates":[[[[-81.72,36.42],[-81.72,36.46],[-81.7,36.47],[-81.71,36.54],[-81.68,36.57],[-81.68,36.59],[-81.48,36.58],[-81.35,36.57],[-81.32,36.48],[-81.3,36.47],[-81.24,36.38],[-81.25,36.37],[-81.36,36.37],[-81.37,36.29],[-81.41,36.29],[-81.42,36.28],[-81.48,36.24],[-81.54,36.24],[-81.73,36.37],[-81.74,36.41],[-81.72,36.42]]]]}},
{"type":"Feature","properties":{"ugclist":"VAC021, VAC035, VAC071, VAC077, VAC155, VAC173, VAC185, VAC197, VAC640, WVC055","locations":"Bland [VA], Carroll [VA], Giles [VA], Grayson [VA], Pulaski [VA], Smyth [VA], Tazewell [VA], Wythe [VA], City of Galax [VA], Mercer [WV]","utc_issue":"2024-09-26T10:19:00Z","utc_expire":"2024-09-26T16:30:00Z","utc_polygon_begin":"2024-09-26T10:19:00Z","utc_polygon_end":"2024-09-26T16:30:00Z","ph_sig":"FF.W","wfo":"RNK","eventid":57,"phenomena":"FF","significance":"W","nws_color":"#8B0000","event_label":"Flash Flood Warning","status":"NEW","product_id":"202409261019-KRNK-WGUS51-FFWRNK","year":2024,"fcster":"BMG"},"geometry":{"type":"MultiPolygon","coordinates":[[[[-81.16,37.34],[-80.8,37.32],[-80.76,36.96],[-80.86,36.59],[-80.88,36.56],[-81.42,36.58],[-81.27,37.31],[-81.16,37.34]]]]}},
{"type":"Feature","properties":{"ugclist":"FLC021","locations":"Collier [FL]","utc_issue":"2024-09-26T10:22:00Z","utc_expire":"2024-09-26T10:30:00Z","utc_polygon_begin":"2024-09-26T10:22:00Z","utc_polygon_end":"2024-09-26T10:30:00Z","ph_sig":"TO.W","wfo":"MFL","eventid":28,"phenomena":"TO","significance":"W","nws_color":"#FF0000","event_label":"Tornado Warning","status":"NEW","product_id":"202409261022-KMFL-WFUS52-TORMFL","year":2024,"fcster":"Baxter"},"geometry":{"type":"MultiPolygon","coordinates":[[[[-81.51,25.94],[-81.34,25.9],[-81.34,25.73],[-81.35,25.73],[-81.41,25.75],[-81.44,25.79],[-81.46,25.79],[-81.51,25.94]]]]}},
{"type":"Feature","properties":{"ugclist":"SCC045, SCC077","locations":"Greenville [SC], Pickens [SC]","utc_issue":"2024-09-26T10:25:00Z","utc_expire":"2024-09-26T19:15:00Z","utc_polygon_begin":"2024-09-26T10:25:00Z","utc_polygon_end":"2024-09-26T19:15:00Z","ph_sig":"FF.W","wfo":"GSP","eventid":61,"phenomena":"FF","significance":"W","nws_color":"#8B0000","event_label":"Flash Flood Warning","status":"NEW","product_id":"202409261025-KGSP-WGUS52-FFWGSP","year":2024,"fcster":"MPR"},"geometry":{"type":"MultiPolygon","coordinates":[[[[-82.63,35.13],[-82.61,35.14],[-82.58,35.14],[-82.55,35.16],[-82.53,35.16],[-82.46,35.18],[-82.45,35.17],[-82.44,35.17],[-82.42,35.2],[-82.39,35.22],[-82.38,35.21],[-82.38,35.2],[-82.38,35.19],[-82.37,35.18],[-82.36,35.19],[-82.35,35.19],[-82.45,34.98],[-82.57,34.94],[-82.66,35.12],[-82.63,35.13]]]]}},
{"type":"Feature","properties":{"ugclist":"GAC017, GAC019, GAC155, GAC277, GAC287, GAC321","locations":"Ben Hill [GA], Berrien [GA], Irwin [GA], Tift [GA], Turner [GA], Worth [GA]","utc_issue":"2024-09-26T10:28:00Z","utc_expire":"2024-09-26T13:30:00Z","utc_polygon_begin":"2024-09-26T10:28:00Z","utc_polygon_end":"2024-09-26T13:30:00Z","ph_sig":"FF.W","wfo":"TAE","eventid":102,"phenomena":"FF","significance":"W","nws_color":"#8B0000","event_label":"Flash Flood Warning","status":"NEW","product_id":"202409261028-KTAE-WGUS52-FFWTAE","year":2024,"fcster":"42-DVD"},"geometry":{"type":"MultiPolygon","coordinates":[[[[-83.61,31.8],[-83.61,31.85],[-83.18,31.85],[-83.0,31.78],[-83.0,31.66],[-83.11,31.48],[-83.15,31.46],[-83.14,31.4],[-83.05,31.3],[-83.43,31.3],[-83.45,31.35],[-83.46,31.33],[-83.72,31.32],[-84.0,31.34],[-83.98,31.56],[-84.03,31.72],[-83.99,31.77],[-84.01,31.8],[-83.95,31.85],[-83.8,31.8],[-83.61,31.8]]]]}},
{"type":"Feature","properties":{"ugclist":"FLC021","locations":"Collier [FL]","utc_issue":"2024-09-26T10:29:00Z","utc_expire":"2024-09-26T10:45:00Z","utc_polygon_begin":"2024-09-26T10:29:00Z","utc_polygon_end":"2024-09-26T10:37:00Z","ph_sig":"TO.W","wfo":"MFL","eventid":29,"phenomena":"TO","significance":"W","nws_color":"#FF0000","event_label":"Tornado Warning","status":"NEW","product_id":"202409261029-KMFL-WFUS52-TORMFL","year":2024,"fcster":"Baxter"},"geometry":{"type":"MultiPolygon","coordinates":[[[[-81.33,25.8],[-81.48,25.8],[-81.62,26.09],[-81.35,26.12],[-81.33,25.8]]]]}},
{"type":"Feature","properties":{"ugclist":"FLC027, FLC049, FLC081","locations":"DeSoto [FL], Hardee [FL], Manatee [FL]","utc_issue":"2024-09-26T11:01:00Z","utc_expire":"2024-09-26T11:09:00Z","utc_polygon_begin":"2024-09-26T11:01:00Z","utc_polygon_end":"2024-09-26T11:09:00Z","ph_sig":"TO.W","wfo":"TBW","eventid":33,"phenomena":"TO","significance":"W","nws_color":"#FF0000","event_label":"Tornado Warning","status":"NEW","product_id":"202409261101-KTBW-WFUS52-TORTBW","year":2024,"fcster":"TBW"},"geometry":{"type":"MultiPolygon","coordinates":[[[[-81.88,27.21],[-82.02,27.16],[-82.25,27.49],[-82.01,27.57],[-81.88,27.21]]]]}},
{"type":"Feature","properties":{"ugclist":"NCC111","locations":"McDowell [NC]","utc_issue":"2024-09-26T11:01:00Z","utc_expire":"2024-09-26T17:00:00Z","utc_polygon_begin":"2024-09-26T11:01:00Z","utc_polygon_end":"2024-09-26T15:27:00Z","ph_sig":"FA.W","wfo":"GSP","eventid":23,"phenomena":"FA","significance":"W","nws_color":"#00FF00","event_label":"Flood Warning","status":"NEW","product_id":"202409261101-KGSP-WGUS42-FLWGSP","year":2024,"fcster":"MPR"},"geometry":{"type":"MultiPolygon","coordinates":[[[[-82.0,35.87],[-81.98,35.89],[-81.98,35.91],[-81.94,35.95],[-81.92,35.87],[-81.93,35.84],[-81.96,35.82],[-81.98,35.82],[-81.99,35.81],[-81.94,35.77],[-81.95,35.72],[-82.16,35.53],[-82.27,35.6],[-82.27,35.61],[-82.26,35.62],[-82.27,35.63],[-82.28,35.69],[-82.15,35.75],[-82.01,35.88],[-82.0,35.87]]]]}},
{"type":"Feature","properties":{"ugclist":"SCC013","locations":"Beaufort [SC]","utc_issue":"2024-09-26T11:03:00Z","utc_expire":"2024-09-26T11:15:00Z","utc_polygon_begin":"2024-09-26T11:03:00Z","utc_polygon_end":"2024-09-26T11:14:00Z","ph_sig":"TO.W","wfo":"CHS","eventid":21,"phenomena":"TO","significance":"W","nws_color":"#FF0000","event_label":"Tornado Warning","status":"NEW","product_id":"202409261103-KCHS-WFUS52-TORCHS","year":2024,"fcster":"BAH"},"geometry":{"type":"MultiPolygon","coordinates":[[[[-80.93,32.12],[-80.91,32.13],[-80.91,32.14],[-80.93,32.13],[-80.93,32.14],[-80.96,32.23],[-80.88,32.27],[-80.81,32.25],[-80.8,32.08],[-80.89,32.07],[-80.88,32.08],[-80.91,32.08],[-80.91,32.09],[-80.9,32.11],[-80.93,32.12]]]]}},
{"type":"Feature","properties":{"ugclist":"GMZ730, GMZ750, GMZ752, GMZ755, GMZ770","locations":"Apalachee Bay or Coastal Waters From Keaton Beach to Ochlockonee River Fl out to 20 Nm [], Coastal waters from Okaloosa-Walton County Line to Mexico Beach out 20 NM [], Coastal Waters from Mexico Beach to Apalachicola out 20 NM [], Coastal Waters From  Ochlockonee River to Apalachicola FL out to 20 Nm [], Waters from Okaloosa-Walton County Line to Mexico Beach from 20 to 60 NM []","utc_issue":"2024-09-26T11:10:00Z","utc_expire":"2024-09-26T13:15:00Z","utc_polygon_begin":"2024-09-26T11:10:00Z","utc_polygon_end":"2024-09-26T13:15:00Z","ph_sig":"MA.W","wfo":"TAE","eventid":322,"phenomena":"MA","significance":"W","nws_color":"#FFA500","event_label":"Marine Warning","status":"NEW","product_id":"202409261110-KTAE-WHUS52-SMWTAE","year":2024,"fcster":"IG3"},"geometry":{"type":"MultiPolygon","coordinates":[[[[-85.51,30.14],[-85.52,30.12],[-85.35,29.67],[-85.0,29.71],[-84.93,29.8],[-84.85,29.81],[-84.89,29.72],[-84.44,29.96],[-84.44,29.93],[-84.14,29.79],[-84.68,29.49],[-85.25,29.3],[-85.44,29.37],[-85.77,29.62],[-85.78,29.73],[-86.04,29.91],[-85.6,30.07],[-85.51,30.14]]]]}},
{"type":"Feature","properties":{"ugclist":"SCC013","locations":"Beaufort [SC]","utc_issue":"2024-09-26T11:13:00Z","utc_expire":"2024-09-26T11:45:00Z","utc_polygon_begin":"2024-09-26T11:13:00Z","utc_polygon_end":"2024-09-26T11:17:00Z","ph_sig":"TO.W","wfo":"CHS","eventid":22,"phenomena":"TO","significance":"W","nws_color":"#FF0000","event_label":"Tornado Warning","status":"NEW","product_id":"202409261113-KCHS-WFUS52-TORCHS","year":2024,"fcster":"BAH"},"geometry":{"type":"MultiPolygon","coordinates":[[[[-80.91,32.13],[-80.91,32.14],[-80.92,32.13],[-81.0,32.28],[-80.99,32.29],[-80.97,32.3],[-80.94,32.3],[-80.93,32.32],[-80.92,32.33],[-80.82,32.33],[-80.82,32.14],[-80.91,32.12],[-80.91,32.13]]]]}},
{"type":"Feature","properties":{"ugclist":"FLC099","locations":"Palm Beach [FL]","utc_issue":"2024-09-26T11:15:00Z","utc_expire":"2024-09-26T11:30:00Z","utc_polygon_begin":"2024-09-26T11:15:00Z","utc_polygon_end":"2024-09-26T11:24:00Z","ph_sig":"TO.W","wfo":"MFL","eventid":30,"phenomena":"TO","significance":"W","nws_color":"#FF0000","event_label":"Tornado Warning","status":"NEW","product_id":"202409261115-KMFL-WFUS52-TORMFL","year":2024,"fcster":"Baxter"},"geometry":{"type":"MultiPolygon","coordinates":[[[[-80.14,26.4],[-80.24,26.4],[-80.4,26.75],[-80.13,26.75],[-80.14,26.4]]]]}},
{"type":"Feature","properties":{"ugclist":"FLC021, FLC051","locations":"Collier [FL], Hendry [FL]","utc_issue":"2024-09-26T11:18:00Z","utc_expire":"2024-09-26T11:45:00Z","utc_polygon_begin":"2024-09-26T11:18:00Z","utc_polygon_end":"2024-09-26T11:32:00Z","ph_sig":"TO.W","wfo":"MFL","eventid":31,"phenomena":"TO","significance":"W","nws_color":"#FF0000","event_label":"Tornado Warning","status":"NEW","product_id":"202409261118-KMFL-WFUS52-TORMFL","year":2024,"fcster":"Baxter"},"geometry":{"type":"MultiPolygon","coordinates":[[[[-80.98,26.02],[-81.11,26.02],[-81.22,26.34],[-80.95,26.34],[-80.98,26.02]]]]}},
{"type":"Feature","properties":{"ugclist":"FLC021, FLC051","locations":"Collier [FL], Hendry [FL]","utc_issue":"2024-09-26T11:38:00Z","utc_expire":"2024-09-26T12:00:00Z","utc_polygon_begin":"2024-09-26T11:38:00Z","utc_polygon_end":"2024-09-26T12:00:00Z","ph_sig":"TO.W","wfo":"MFL","eventid":32,"phenomena":"TO","significance":"W","nws_color":"#FF0000","event_label":"Tornado Warning","status":"NEW","product_id":"202409261138-KMFL-WFUS52-TORMFL","year":2024,"fcster":"Baxter"},"geometry":{"type":"MultiPolygon","coordinates":[[[[-80.96,26.19],[-81.09,26.19],[-81.18,26.63],[-80.89,26.63],[-80.96,26.19]]]]}},
{"type":"Feature","properties":{"ugclist":"MDC003, MDC005, MDC027, MDC031, MDC033","locations":"Anne Arundel [MD], Baltimore [MD], Howard [MD], Montgomery [MD], Prince Georges [MD]","utc_issue":"2024-09-26T11:40:00Z","utc_expire":"2024-09-26T13:11:00Z","utc_polygon_begin":"2024-09-26T11:40:00Z","utc_polygon_end":"2024-09-26T13:11:00Z","ph_sig":"FF.W","wfo":"LWX","eventid":55,"phenomena":"FF","significance":"W","nws_color":"#8B0000","event_label":"Flash Flood Warning","status":"NEW","product_id":"202409261140-KLWX-WGUS51-FFWLWX","year":2024,"fcster":"Geiger"},"geometry":{"type":"MultiPolygon","coordinates":[[[[-76.92,39.1],[-76.9,39.13],[-76.87,39.16],[-76.83,39.19],[-76.8,39.21],[-76.77,39.22],[-76.74,39.25],[-76.66,39.25],[-76.67,39.19],[-76.72,39.11],[-76.85,39.04],[-76.95,39.07],[-76.92,39.1]]]]}},
{"type":"Feature","properties":{"ugclist":"NCC149","locations":"Polk [NC]","utc_issue":"2024-09-26T11:40:00Z","utc_expire":"2024-09-26T15:00:00Z","utc_polygon_begin":"2024-09-26T11:40:00Z","utc_polygon_end":"2024-09-26T15:00:00Z","ph_sig":"FA.Y","wfo":"GSP","eventid":158,"phenomena":"FA","significance":"Y","nws_color":"#00FF7F","event_label":"Flood Advisory","status":"NEW","product_id":"202409261140-KGSP-WGUS82-FLSGSP","year":2024,"fcster":"CSH"},"geometry":{"type":"MultiPolygon","coordinates":[[[[-82.08,35.34],[-82.05,35.34],[-81.99,35.27],[-81.97,35.26],[-81.96,35.25],[-81.97,35.19],[-82.28,35.2],[-82.33,35.18],[-82.35,35.19],[-82.35,35.23],[-82.36,35.23],[-82.36,35.24],[-82.35,35.24],[-82.35,35.29],[-82.31,35.31],[-82.26,35.4],[-82.2,35.4],[-82.18,35.4],[-82.16,35.41],[-82.11,35.38],[-82.08,35.34]]]]}},
{"type":"Feature","properties":{"ugclist":"NCC161","locations":"Rutherford [NC]","utc_issue":"2024-09-26T11:45:00Z","utc_expire":"2024-09-26T15:00:00Z","utc_polygon_begin":"2024-09-26T11:45:00Z","utc_polygon_end":"2024-09-26T15:00:00Z","ph_sig":"FA.Y","wfo":"GSP","eventid":159,"phenomena":"FA","significance":"Y","nws_color":"#00FF7F","event_label":"Flood Advisory","status":"NEW","product_id":"202409261145-KGSP-WGUS82-FLSGSP","year":2024,"fcster":"CSH"},"geometry":{"type":"MultiPolygon","coordinates":[[[[-81.69,35.58],[-81.7,35.36],[-81.77,35.18],[-81.97,35.19],[-81.97,35.26],[-82.11,35.38],[-82.16,35.41],[-82.26,35.39],[-82.28,35.44],[-82.28,35.45],[-82.27,35.47],[-82.24,35.47],[-82.23,35.52],[-82.15,35.52],[-82.0,35.55],[-81.97,35.52],[-81.86,35.54],[-81.82,35.58],[-81.77,35.61],[-81.72,35.61],[-81.69,35.58]]]]}},
{"type":"Feature","properties":{"ugclist":"NCC005, NCC009, NCC189, NCC193","locations":"Alleghany [NC], Ashe [NC], Watauga [NC], Wilkes [NC]","utc_issue":"2024-09-26T11:45:00Z","utc_expire":"2024-09-26T20:45:00Z","utc_polygon_begin":"2024-09-26T11:45:00Z","utc_polygon_end":"2024-09-26T20:36:00Z","ph_sig":"FA.W","wfo":"RNK","eventid":35,"phenomena":"FA","significance":"W","nws_color":"#00FF00","event_label":"Flood Warning","status":"NEW","product_id":"202409261145-KRNK-WGUS41-FLWRNK","year":2024,"fcster":"16"},"geometry":{"type":"MultiPolygon","coordinates":[[[[-81.7,36.47],[-81.71,36.54],[-81.68,36.59],[-80.9,36.56],[-80.98,36.45],[-80.97,36.4],[-80.87,36.33],[-80.88,36.06],[-81.2,36.04],[-81.33,36.0],[-81.41,36.07],[-81.55,36.12],[-81.81,36.11],[-81.83,36.17],[-81.91,36.22],[-81.92,36.29],[-81.86,36.34],[-81.79,36.36],[-81.71,36.34],[-81.74,36.41],[-81.7,36.47]]]]}},
{"type":"Feature","properties":{"ugclist":"GAC073, GAC181, SCC037, SCC065","locations":"Columbia [GA], Lincoln [GA], Edgefield [SC], McCormick [SC]","utc_issue":"2024-09-26T11:46:00Z","utc_expire":"2024-09-26T12:12:00Z","utc_polygon_begin":"2024-09-26T11:46:00Z","utc_polygon_end":"2024-09-26T11:54:00Z","ph_sig":"TO.W","wfo":"CAE","eventid":8,"phenomena":"TO","significance":"W","nws_color":"#FF0000","event_label":"Tornado Warning","status":"NEW","product_id":"202409261146-KCAE-WFUS52-TORCAE","year":2024,"fcster":"AWP"},"geometry":{"type":"MultiPolygon","coordinates":[[[[-82.24,34.02],[-82.2,33.98],[-82.17,33.97],[-82.15,33.99],[-82.11,33.98],[-81.85,33.87],[-82.14,33.52],[-82.28,33.57],[-82.24,34.02]]]]}},
{"type":"Feature","properties":{"ugclist":"GAC107, GAC163, GAC167, GAC175, GAC283, GAC303","locations":"Emanuel [GA], Jefferson [GA], Johnson [GA], Laurens [GA], Treutlen [GA], Washington [GA]","utc_issue":"2024-09-26T11:51:00Z","utc_expire":"2024-09-26T17:45:00Z","utc_polygon_begin":"2024-09-26T11:51:00Z","utc_polygon_end":"2024-09-26T17:45:00Z","ph_sig":"FF.W","wfo":"FFC","eventid":51,"phenomena":"FF","significance":"W","nws_color":"#8B0000","event_label":"Flash Flood Warning","status":"NEW","product_id":"202409261151-KFFC-WGUS52-FFWFFC","year":2024,"fcster":null},"geometry":{"type":"MultiPolygon","coordinates":[[[[-82.93,32.68],[-82.82,32.93],[-82.55,33.11],[-82.28,33.13],[-82.28,33.11],[-82.29,33.06],[-82.29,33.04],[-82.28,33.02],[-82.49,32.49],[-82.66,32.34],[-82.93,32.68]]]]}},
{"type":"Feature","properties":{"ugclist":"VAC077, VAC173, VAC185","locations":"Grayson [VA], Smyth [VA], Tazewell [VA]","utc_issue":"2024-09-26T11:51:00Z","utc_expire":"2024-09-26T20:45:00Z","utc_polygon_begin":"2024-09-26T11:51:00Z","utc_polygon_end":"2024-09-26T20:38:00Z","ph_sig":"FA.W","wfo":"RNK","eventid":36,"phenomena":"FA","significance":"W","nws_color":"#00FF00","event_label":"Flood Warning","status":"NEW","product_id":"202409261151-KRNK-WGUS41-FLWRNK","year":2024,"fcster":"16"},"geometry":{"type":"MultiPolygon","coordinates":[[[[-81.73,37.24],[-81.68,37.2],[-81.58,37.21],[-81.44,37.01],[-81.45,37.0],[-81.33,36.9],[-81.26,36.76],[-81.14,36.57],[-81.67,36.59],[-81.61,36.62],[-81.61,36.64],[-81.62,36.63],[-81.7,36.79],[-81.83,36.93],[-81.78,36.96],[-81.82,37.04],[-81.89,37.11],[-81.9,37.15],[-81.76,37.2],[-81.73,37.24]]]]}},
{"type":"Feature","properties":{"ugclist":"FLC051","locations":"Hendry [FL]","utc_issue":"2024-09-26T11:55:00Z","utc_expire":"2024-09-26T12:15:00Z","utc_polygon_begin":"2024-09-26T11:55:00Z","utc_polygon_end":"2024-09-26T12:06:00Z","ph_sig":"TO.W","wfo":"MFL","eventid":33,"phenomena":"TO","significance":"W","nws_color":"#FF0000","event_label":"Tornado Warning","status":"NEW","product_id":"202409261155-KMFL-WFUS52-TORMFL","year":2024,"fcster":"Baxter"},"geometry":{"type":"MultiPolygon","coordinates":[[[[-80.91,26.76],[-80.98,26.36],[-81.05,26.4],[-81.14,26.51],[-81.14,26.77],[-80.94,26.77],[-80.91,26.76]]]]}},
{"type":"Feature","properties":{"ugclist":"VAC035, VAC077, VAC197, VAC640","locations":"Carroll [VA], Grayson [VA], Wythe [VA], City of Galax [VA]","utc_issue":"2024-09-26T11:55:00Z","utc_expire":"2024-09-26T18:00:00Z","utc_polygon_begin":"2024-09-26T11:55:00Z","utc_polygon_end":"2024-09-26T17:50:00Z","ph_sig":"FA.W","wfo":"RNK","eventid":37,"phenomena":"FA","significance":"W","nws_color":"#00FF00","event_label":"Flood Warning","status":"NEW","product_id":"202409261155-KRNK-WGUS41-FLWRNK","year":2024,"fcster":"16"},"geometry":{"type":"MultiPolygon","coordinates":[[[[-81.33,36.9],[-81.38,36.95],[-81.22,37.05],[-81.18,37.03],[-81.13,37.04],[-81.11,37.02],[-80.91,37.07],[-80.89,37.03],[-80.74,36.88],[-80.64,36.93],[-80.63,36.93],[-80.45,36.7],[-80.49,36.65],[-80.54,36.64],[-80.59,36.66],[-80.63,36.61],[-80.61,36.56],[-81.14,36.57],[-81.26,36.76],[-81.33,36.9]]]]}},
{"type":"Feature","properties":{"ugclist":"VAC021, VAC185, WVC055","locations":"Bland [VA], Tazewell [VA], Mercer [WV]","utc_issue":"2024-09-26T11:57:00Z","utc_expire":"2024-09-26T21:00:00Z","utc_polygon_begin":"2024-09-26T11:57:00Z","utc_polygon_end":"2024-09-26T20:39:00Z","ph_sig":"FA.W","wfo":"RNK","eventid":38,"phenomena":"FA","significance":"W","nws_color":"#00FF00","event_label":"Flood Warning","status":"NEW","product_id":"202409261157-KRNK-WGUS41-FLWRNK","year":2024,"fcster":"16"},"geometry":{"type":"MultiPolygon","coordinates":[[[[-81.42,37.27],[-81.31,37.42],[-81.28,37.42],[-81.31,37.46],[-81.21,37.51],[-81.2,37.58],[-81.14,37.6],[-81.09,37.59],[-80.86,37.43],[-80.88,37.38],[-80.85,37.35],[-81.01,37.28],[-80.86,37.18],[-80.85,37.15],[-80.93,37.12],[-80.91,37.07],[-81.11,37.02],[-81.22,37.05],[-81.38,36.95],[-81.58,37.21],[-81.42,37.27]]]]}},
{"type":"Feature","properties":{"ugclist":"VAC071, VAC155","locations":"Giles [VA], Pulaski [VA]","utc_issue":"2024-09-26T12:07:00Z","utc_expire":"2024-09-26T21:00:00Z","utc_polygon_begin":"2024-09-26T12:07:00Z","utc_polygon_end":"2024-09-26T20:40:00Z","ph_sig":"FA.W","wfo":"RNK","eventid":39,"phenomena":"FA","significance":"W","nws_color":"#00FF00","event_label":"Flood Warning","status":"NEW","product_id":"202409261207-KRNK-WGUS41-FLWRNK","year":2024,"fcster":"16"},"geometry":{"type":"MultiPolygon","coordinates":[[[[-80.86,37.18],[-81.01,37.28],[-80.85,37.35],[-80.88,37.38],[-80.86,37.43],[-80.77,37.37],[-80.51,37.48],[-80.43,37.31],[-80.61,37.23],[-80.59,37.18],[-80.52,37.2],[-80.57,37.18],[-80.53,37.13],[-80.6,37.12],[-80.54,37.05],[-80.56,37.05],[-80.55,36.98],[-80.74,36.88],[-80.93,37.12],[-80.85,37.15],[-80.86,37.18]]]]}},
{"type":"Feature","properties":{"ugclist":"FLC043, FLC051","locations":"Glades [FL], Hendry [FL]","utc_issue":"2024-09-26T12:11:00Z","utc_expire":"2024-09-26T12:30:00Z","utc_polygon_begin":"2024-09-26T12:11:00Z","utc_polygon_end":"2024-09-26T12:25:00Z","ph_sig":"TO.W","wfo":"MFL","eventid":34,"phenomena":"TO","significance":"W","nws_color":"#FF0000","event_label":"Tornado Warning","status":"NEW","product_id":"202409261211-KMFL-WFUS52-TORMFL","year":2024,"fcster":"Baxter"},"geometry":{"type":"MultiPolygon","coordinates":[[[[-81.0,26.92],[-81.0,26.89],[-80.93,26.87],[-81.02,26.63],[-81.11,26.63],[-81.19,26.93],[-81.0,26.92]]]]}},
{"type":"Feature","properties":{"ugclist":"AMZ610","locations":"Lake Okeechobee []","utc_issue":"2024-09-26T12:12:00Z","utc_expire":"2024-09-26T12:49:00Z","utc_polygon_begin":"2024-09-26T12:12:00Z","utc_polygon_end":"2024-09-26T12:49:00Z","ph_sig":"MA.W","wfo":"MFL","eventid":463,"phenomena":"MA","significance":"W","nws_color":"#FFA500","event_label":"Marine Warning","status":"NEW","product_id":"202409261212-KMFL-WHUS52-SMWMFL","year":2024,"fcster":"Baxter"},"geometry":{"type":"MultiPolygon","coordinates":[[[[-80.9,27.09],[-80.97,26.77],[-81.0,26.79],[-81.12,26.83],[-81.15,26.89],[-81.15,26.93],[-81.12,26.96],[-81.12,26.99],[-81.01,27.09],[-80.9,27.09]]]]}},
{"type":"Feature","properties":{"ugclist":"GAC033, GAC073, GAC181, GAC189, GAC245, SCC003, SCC037, SCC065","locations":"Burke [GA], Columbia [GA], Lincoln [GA], McDuffie [GA], Richmond [GA], Aiken [SC], Edgefield [SC], McCormick [SC]","utc_issue":"2024-09-26T12:12:00Z","utc_expire":"2024-09-26T14:15:00Z","utc_polygon_begin":"2024-09-26T12:12:00Z","utc_polygon_end":"2024-09-26T14:15:00Z","ph_sig":"FA.Y","wfo":"CAE","eventid":91,"phenomena":"FA","significance":"Y","nws_color":"#00FF7F","event_label":"Flood Advisory","status":"NEW","product_id":"202409261212-KCAE-WGUS82-FLSCAE","year":2024,"fcster":"CRL"},"geometry":{"type":"MultiPolygon","coordinates":[[[[-82.33,34.06],[-82.31,33.97],[-82.24,34.02],[-82.17,33.97],[-82.05,33.98],[-82.05,33.95],[-81.97,33.97],[-81.94,33.21],[-82.28,32.91],[-82.29,33.06],[-82.23,33.23],[-82.33,33.31],[-82.46,33.34],[-82.35,34.06],[-82.33,34.06]]]]}},
{"type":"Feature","properties":{"ugclist":"WVC063, WVC089","locations":"Monroe [WV], Summers [WV]","utc_issue":"2024-09-26T12:18:00Z","utc_expire":"2024-09-26T21:15:00Z","utc_polygon_begin":"2024-09-26T12:18:00Z","utc_polygon_end":"2024-09-26T20:42:00Z","ph_sig":"FA.W","wfo":"RNK","eventid":40,"phenomena":"FA","significance":"W","nws_color":"#00FF00","event_label":"Flood Warning","status":"NEW","product_id":"202409261218-KRNK-WGUS41-FLWRNK","year":2024,"fcster":"16"},"geometry":{"type":"MultiPolygon","coordinates":[[[[-80.98,37.71],[-80.88,37.68],[-80.92,37.74],[-80.9,37.78],[-80.94,37.82],[-80.81,37.87],[-80.66,37.73],[-80.45,37.68],[-80.4,37.72],[-80.38,37.69],[-80.35,37.71],[-80.22,37.63],[-80.33,37.56],[-80.33,37.54],[-80.28,37.53],[-80.3,37.51],[-80.46,37.43],[-80.51,37.48],[-80.77,37.37],[-81.09,37.59],[-80.98,37.71]]]]}},
{"type":"Feature","properties":{"ugclist":"FLC043","locations":"Glades [FL]","utc_issue":"2024-09-26T12:20:00Z","utc_expire":"2024-09-26T12:45:00Z","utc_polygon_begin":"2024-09-26T12:20:00Z","utc_polygon_end":"2024-09-26T12:28:00Z","ph_sig":"TO.W","wfo":"MFL","eventid":35,"phenomena":"TO","significance":"W","nws_color":"#FF0000","event_label":"Tornado Warning","status":"NEW","product_id":"202409261220-KMFL-WFUS52-TORMFL","year":2024,"fcster":"Baxter"},"geometry":{"type":"MultiPolygon","coordinates":[[[[-81.08,27.04],[-81.27,27.0],[-81.28,27.03],[-81.27,27.03],[-81.27,27.12],[-81.17,27.12],[-81.17,27.21],[-81.1,27.21],[-81.08,27.04]]]]}},
{"type":"Feature","properties":{"ugclist":"FLC037, FLC045","locations":"Franklin [FL], Gulf [FL]","utc_issue":"2024-09-26T12:21:00Z","utc_expire":"2024-09-26T16:15:00Z","utc_polygon_begin":"2024-09-26T12:21:00Z","utc_polygon_end":"2024-09-26T15:15:00Z","ph_sig":"FF.W","wfo":"TAE","eventid":103,"phenomena":"FF","significance":"W","nws_color":"#8B0000","event_label":"Flash Flood Warning","status":"NEW","product_id":"202409261221-KTAE-WGUS52-FFWTAE","year":2024,"fcster":"JCW"},"geometry":{"type":"MultiPolygon","coordinates":[[[[-84.55,30.01],[-84.45,29.97],[-84.34,29.97],[-84.34,29.98],[-84.26,29.97],[-84.56,29.74],[-84.97,29.53],[-85.25,29.61],[-85.36,29.58],[-85.45,29.66],[-85.43,29.88],[-85.39,29.92],[-85.39,29.93],[-85.39,30.2],[-85.12,30.2],[-85.14,30.04],[-85.03,29.97],[-84.95,30.01],[-84.55,30.01]]]]}},
{"type":"Feature","properties":{"ugclist":"MDC003, MDC005, MDC510","locations":"Anne Arundel [MD], Baltimore [MD], Baltimore City [MD]","utc_issue":"2024-09-26T12:25:00Z","utc_expire":"2024-09-26T13:52:00Z","utc_polygon_begin":"2024-09-26T12:25:00Z","utc_polygon_end":"2024-09-26T13:52:00Z","ph_sig":"FF.W","wfo":"LWX","eventid":56,"phenomena":"FF","significance":"W","nws_color":"#8B0000","event_label":"Flash Flood Warning","status":"NEW","product_id":"202409261225-KLWX-WGUS51-FFWLWX","year":2024,"fcster":"Geiger"},"geometry":{"type":"MultiPolygon","coordinates":[[[[-76.68,39.17],[-76.67,39.25],[-76.74,39.25],[-76.7,39.31],[-76.66,39.35],[-76.62,39.38],[-76.56,39.39],[-76.49,39.38],[-76.5,39.33],[-76.59,39.25],[-76.63,39.22],[-76.68,39.17]]]]}},
{"type":"Feature","properties":{"ugclist":"VAC009, VAC019, VAC023, VAC031, VAC067, VAC143, VAC163, VAC680","locations":"Amherst [VA], Bedford [VA], Botetourt [VA], Campbell [VA], Franklin [VA], Pittsylvania [VA], Rockbridge [VA], City of Lynchburg [VA]","utc_issue":"2024-09-26T12:29:00Z","utc_expire":"2024-09-26T17:56:00Z","utc_polygon_begin":"2024-09-26T12:29:00Z","utc_polygon_end":"2024-09-26T17:56:00Z","ph_sig":"FA.W","wfo":"RNK","eventid":41,"phenomena":"FA","significance":"W","nws_color":"#00FF00","event_label":"Flood Warning","status":"NEW","product_id":"202409261229-KRNK-WGUS41-FLWRNK","year":2024,"fcster":"16"},"geometry":{"type":"MultiPolygon","coordinates":[[[[-79.65,37.48],[-79.6,37.65],[-79.32,37.7],[-79.13,37.73],[-79.22,37.33],[-79.3,37.03],[-79.61,36.88],[-79.78,37.01],[-79.65,37.48]]]]}},
{"type":"Feature","properties":{"ugclist":"FLC085, FLC111","locations":"Martin [FL], St. Lucie [FL]","utc_issue":"2024-09-26T12:30:00Z","utc_expire":"2024-09-26T12:45:00Z","utc_polygon_begin":"2024-09-26T12:30:00Z","utc_polygon_end":"2024-09-26T12:38:00Z","ph_sig":"TO.W","wfo":"MLB","eventid":18,"phenomena":"TO","significance":"W","nws_color":"#FF0000","event_label":"Tornado Warning","status":"NEW","product_id":"202409261230-KMLB-WFUS52-TORMLB","year":2024,"fcster":"Law"},"geometry":{"type":"MultiPolygon","coordinates":[[[[-80.3,27.19],[-80.43,27.16],[-80.62,27.38],[-80.33,27.46],[-80.3,27.19]]]]}},
{"type":"Feature","properties":{"ugclist":"SCC007","locations":"Anderson [SC]","utc_issue":"2024-09-26T12:30:00Z","utc_expire":"2024-09-26T16:00:00Z","utc_polygon_begin":"2024-09-26T12:30:00Z","utc_polygon_end":"2024-09-26T16:00:00Z","ph_sig":"FA.Y","wfo":"GSP","eventid":160,"phenomena":"FA","significance":"Y","nws_color":"#00FF7F","event_label":"Flood Advisory","status":"NEW","product_id":"202409261230-KGSP-WGUS82-FLSGSP","year":2024,"fcster":"CSH"},"geometry":{"type":"MultiPolygon","coordinates":[[[[-82.47,34.67],[-82.44,34.61],[-82.43,34.6],[-82.42,34.56],[-82.31,34.48],[-82.74,34.21],[-82.75,34.27],[-82.78,34.3],[-82.79,34.34],[-82.83,34.37],[-82.86,34.46],[-82.9,34.49],[-82.99,34.48],[-82.79,34.67],[-82.49,34.82],[-82.45,34.78],[-82.47,34.67]]]]}},
{"type":"Feature","properties":{"ugclist":"FLC111","locations":"St. Lucie [FL]","utc_issue":"2024-09-26T12:44:00Z","utc_expire":"2024-09-26T13:15:00Z","utc_polygon_begin":"2024-09-26T12:44:00Z","utc_polygon_end":"2024-09-26T12:55:00Z","ph_sig":"TO.W","wfo":"MLB","eventid":19,"phenomena":"TO","significance":"W","nws_color":"#FF0000","event_label":"Tornado Warning","status":"NEW","product_id":"202409261244-KMLB-WFUS52-TORMLB","year":2024,"fcster":"Law"},"geometry":{"type":"MultiPolygon","coordinates":[[[[-80.35,27.33],[-80.46,27.3],[-80.63,27.56],[-80.42,27.56],[-80.35,27.33]]]]}},
{"type":"Feature","properties":{"ugclist":"GMZ772","locations":"Waters from Mexico Beach to Apalachicola FL from 20 to 60 NM []","utc_issue":"2024-09-26T12:54:00Z","utc_expire":"2024-09-26T14:00:00Z","utc_polygon_begin":"2024-09-26T12:54:00Z","utc_polygon_end":"2024-09-26T14:00:00Z","ph_sig":"MA.W","wfo":"TAE","eventid":323,"phenomena":"MA","significance":"W","nws_color":"#FFA500","event_label":"Marine Warning","status":"NEW","product_id":"202409261254-KTAE-WHUS52-SMWTAE","year":2024,"fcster":"16-WORSTER"},"geometry":{"type":"MultiPolygon","coordinates":[[[[-85.6,29.42],[-85.47,29.37],[-85.37,29.36],[-85.24,29.29],[-85.17,29.27],[-85.17,28.85],[-85.44,28.84],[-85.6,29.42]]]]}},
{"type":"Feature","properties":{"ugclist":"NCC087","locations":"Haywood [NC]","utc_issue":"2024-09-26T13:00:00Z","utc_expire":"2024-09-26T17:00:00Z","utc_polygon_begin":"2024-09-26T13:00:00Z","utc_polygon_end":"2024-09-26T17:00:00Z","ph_sig":"FA.Y","wfo":"GSP","eventid":161,"phenomena":"FA","significance":"Y","nws_color":"#00FF7F","event_label":"Flood Advisory","status":"NEW","product_id":"202409261300-KGSP-WGUS82-FLSGSP","year":2024,"fcster":"CSH"},"geometry":{"type":"MultiPolygon","coordinates":[[[[-82.8,35.47],[-82.78,35.44],[-82.75,35.42],[-82.75,35.41],[-82.79,35.38],[-82.83,35.32],[-82.88,35.31],[-82.9,35.31],[-82.92,35.29],[-82.95,35.31],[-83.0,35.37],[-82.95,35.5],[-82.77,35.54],[-82.8,35.49],[-82.79,35.48],[-82.8,35.47]]]]}},
{"type":"Feature","properties":{"ugclist":"NCC099","locations":"Jackson [NC]","utc_issue":"2024-09-26T13:03:00Z","utc_expire":"2024-09-26T17:00:00Z","utc_polygon_begin":"2024-09-26T13:03:00Z","utc_polygon_end":"2024-09-26T17:00:00Z","ph_sig":"FA.Y","wfo":"GSP","eventid":162,"phenomena":"FA","significance":"Y","nws_color":"#00FF7F","event_label":"Flood Advisory","status":"NEW","product_id":"202409261303-KGSP-WGUS82-FLSGSP","year":2024,"fcster":"CSH"},"geometry":{"type":"MultiPolygon","coordinates":[[[[-83.12,35.31],[-83.03,35.37],[-82.96,35.32],[-82.95,35.31],[-82.93,35.3],[-82.92,35.29],[-82.93,35.24],[-83.0,35.17],[-83.0,35.16],[-82.99,35.15],[-82.98,35.13],[-83.03,35.09],[-83.08,35.11],[-83.1,35.11],[-83.15,35.09],[-83.17,35.11],[-83.22,35.18],[-83.2,35.21],[-83.12,35.31]]]]}},
{"type":"Feature","properties":{"ugclist":"FLC061, FLC111","locations":"Indian River [FL], St. Lucie [FL]","utc_issue":"2024-09-26T13:06:00Z","utc_expire":"2024-09-26T13:30:00Z","utc_polygon_begin":"2024-09-26T13:06:00Z","utc_polygon_end":"2024-09-26T13:21:00Z","ph_sig":"TO.W","wfo":"MLB","eventid":20,"phenomena":"TO","significance":"W","nws_color":"#FF0000","event_label":"Tornado Warning","status":"NEW","product_id":"202409261306-KMLB-WFUS52-TORMLB","year":2024,"fcster":"Law"},"geometry":{"type":"MultiPolygon","coordinates":[[[[-80.4,27.51],[-80.52,27.49],[-80.63,27.82],[-80.41,27.82],[-80.4,27.51]]]]}},
{"type":"Feature","properties":{"ugclist":"MDC003, MDC005, MDC027, MDC033","locations":"Anne Arundel [MD], Baltimore [MD], Howard [MD], Prince Georges [MD]","utc_issue":"2024-09-26T13:11:00Z","utc_expire":"2024-09-26T14:35:00Z","utc_polygon_begin":"2024-09-26T13:11:00Z","utc_polygon_end":"2024-09-26T13:12:00Z","ph_sig":"FA.W","wfo":"LWX","eventid":66,"phenomena":"FA","significance":"W","nws_color":"#00FF00","event_label":"Flood Warning","status":"NEW","product_id":"202409261311-KLWX-WGUS41-FLWLWX","year":2024,"fcster":"Geiger"},"geometry":{"type":"MultiPolygon","coordinates":[[[[-76.87,39.16],[-76.8,39.21],[-76.77,39.22],[-76.74,39.25],[-76.66,39.25],[-76.67,39.19],[-76.72,39.11],[-76.85,39.04],[-76.89,39.09],[-76.91,39.1],[-76.9,39.11],[-76.91,39.12],[-76.89,39.12],[-76.89,39.13],[-76.9,39.13],[-76.87,39.16]]]]}},
{"type":"Feature","properties":{"ugclist":"NCC003, NCC035, NCC097, NCC109","locations":"Alexander [NC], Catawba [NC], Iredell [NC], Lincoln [NC]","utc_issue":"2024-09-26T13:11:00Z","utc_expire":"2024-09-26T15:30:00Z","utc_polygon_begin":"2024-09-26T13:11:00Z","utc_polygon_end":"2024-09-26T15:30:00Z","ph_sig":"FA.Y","wfo":"GSP","eventid":163,"phenomena":"FA","significance":"Y","nws_color":"#00FF7F","event_label":"Flood Advisory","status":"NEW","product_id":"202409261311-KGSP-WGUS82-FLSGSP","year":2024,"fcster":"CSH"},"geometry":{"type":"MultiPolygon","coordinates":[[[[-81.19,36.04],[-81.17,36.03],[-81.14,36.04],[-81.1,36.03],[-81.02,36.04],[-81.01,35.98],[-81.05,35.72],[-80.99,35.7],[-80.94,35.63],[-80.95,35.47],[-80.94,35.45],[-80.96,35.43],[-80.96,35.4],[-81.21,35.41],[-81.25,35.92],[-81.24,36.03],[-81.19,36.04]]]]}},
{"type":"Feature","properties":{"ugclist":"TNC009, TNC025, TNC029, TNC057, TNC059, TNC063, TNC067, TNC073, TNC089, TNC093, TNC155, TNC173, VAC105, VAC169","locations":"Blount [TN], Claiborne [TN], Cocke [TN], Grainger [TN], Greene [TN], Hamblen [TN], Hancock [TN], Hawkins [TN], Jefferson [TN], Knox [TN], Sevier [TN], Union [TN], Lee [VA], Scott [VA]","utc_issue":"2024-09-26T13:11:00Z","utc_expire":"2024-09-26T19:00:00Z","utc_polygon_begin":"2024-09-26T13:11:00Z","utc_polygon_end":"2024-09-26T14:36:00Z","ph_sig":"FA.W","wfo":"MRX","eventid":5,"phenomena":"FA","significance":"W","nws_color":"#00FF00","event_label":"Flood Warning","status":"NEW","product_id":"202409261311-KMRX-WGUS44-FLWMRX","year":2024,"fcster":"DGS"},"geometry":{"type":"MultiPolygon","coordinates":[[[[-83.52,36.67],[-83.14,36.74],[-83.07,36.85],[-82.96,36.86],[-82.72,36.8],[-83.4,35.62],[-83.5,35.56],[-83.77,35.56],[-83.89,35.51],[-84.14,35.58],[-83.52,36.67]]]]}},
{"type":"Feature","properties":{"ugclist":"GAC241, NCC113","locations":"Rabun [GA], Macon [NC]","utc_issue":"2024-09-26T13:17:00Z","utc_expire":"2024-09-26T16:00:00Z","utc_polygon_begin":"2024-09-26T13:17:00Z","utc_polygon_end":"2024-09-26T15:48:00Z","ph_sig":"FA.Y","wfo":"GSP","eventid":164,"phenomena":"FA","significance":"Y","nws_color":"#00FF7F","event_label":"Flood Advisory","status":"NEW","product_id":"202409261317-KGSP-WGUS82-FLSGSP","year":2024,"fcster":"CSH"},"geometry":{"type":"MultiPolygon","coordinates":[[[[-83.22,35.16],[-83.15,35.09],[-83.17,35.07],[-83.17,35.06],[-83.13,35.03],[-83.11,35.0],[-83.12,34.96],[-83.12,34.95],[-83.18,34.91],[-83.24,34.88],[-83.24,34.87],[-83.31,34.82],[-83.35,34.72],[-83.42,34.78],[-83.46,34.84],[-83.38,35.08],[-83.22,35.16]]]]}},
{"type":"Feature","properties":{"ugclist":"GMZ750, GMZ752, GMZ755, GMZ772, GMZ775","locations":"Coastal waters from Okaloosa-Walton County Line to Mexico Beach out 20 NM [], Coastal Waters from Mexico Beach to Apalachicola out 20 NM [], Coastal Waters From  Ochlockonee River to Apalachicola FL out to 20 Nm [], Waters from Mexico Beach to Apalachicola FL from 20 to 60 NM [], Waters from Suwannee River to Apalachicola FL from 20 to 60 NM []","utc_issue":"2024-09-26T13:17:00Z","utc_expire":"2024-09-26T16:15:00Z","utc_polygon_begin":"2024-09-26T13:17:00Z","utc_polygon_end":"2024-09-26T14:57:00Z","ph_sig":"MA.W","wfo":"TAE","eventid":324,"phenomena":"MA","significance":"W","nws_color":"#FFA500","event_label":"Marine Warning","status":"NEW","product_id":"202409261317-KTAE-WHUS52-SMWTAE","year":2024,"fcster":"IG3"},"geometry":{"type":"MultiPolygon","coordinates":[[[[-84.71,28.63],[-85.72,30.01],[-85.56,30.28],[-85.53,30.22],[-85.6,30.19],[-85.51,30.19],[-85.36,30.1],[-85.33,30.04],[-85.4,29.99],[-85.26,29.82],[-85.25,29.73],[-85.04,29.76],[-84.86,29.86],[-84.8,29.81],[-84.45,29.97],[-83.9,29.66],[-83.83,28.99],[-84.05,28.85],[-84.12,28.94],[-84.71,28.63]]]]}},
{"type":"Feature","properties":{"ugclist":"NCC003, NCC035, NCC097","locations":"Alexander [NC], Catawba [NC], Iredell [NC]","utc_issue":"2024-09-26T13:20:00Z","utc_expire":"2024-09-26T13:45:00Z","utc_polygon_begin":"2024-09-26T13:20:00Z","utc_polygon_end":"2024-09-26T13:35:00Z","ph_sig":"TO.W","wfo":"GSP","eventid":9,"phenomena":"TO","significance":"W","nws_color":"#FF0000","event_label":"Tornado Warning","status":"NEW","product_id":"202409261320-KGSP-WFUS52-TORGSP","year":2024,"fcster":"ARK"},"geometry":{"type":"MultiPolygon","coordinates":[[[[-81.03,35.59],[-81.17,35.58],[-81.29,35.83],[-80.99,35.86],[-81.03,35.59]]]]}},
{"type":"Feature","properties":{"ugclist":"FLC011","locations":"Broward [FL]","utc_issue":"2024-09-26T13:37:00Z","utc_expire":"2024-09-26T14:00:00Z","utc_polygon_begin":"2024-09-26T13:37:00Z","utc_polygon_end":"2024-09-26T13:44:00Z","ph_sig":"TO.W","wfo":"MFL","eventid":36,"phenomena":"TO","significance":"W","nws_color":"#FF0000","event_label":"Tornado Warning","status":"NEW","product_id":"202409261337-KMFL-WFUS52-TORMFL","year":2024,"fcster":"Baxter"},"geometry":{"type":"MultiPolygon","coordinates":[[[[-80.69,25.98],[-80.74,25.98],[-80.85,26.21],[-80.62,26.21],[-80.69,25.98]]]]}},
{"type":"Feature","properties":{"ugclist":"NCC071, NCC119","locations":"Gaston [NC], Mecklenburg [NC]","utc_issue":"2024-09-26T13:52:00Z","utc_expire":"2024-09-26T14:15:00Z","utc_polygon_begin":"2024-09-26T13:52:00Z","utc_polygon_end":"2024-09-26T14:09:00Z","ph_sig":"TO.W","wfo":"GSP","eventid":10,"phenomena":"TO","significance":"W","nws_color":"#FF0000","event_label":"Tornado Warning","status":"NEW","product_id":"202409261352-KGSP-WFUS52-TORGSP","year":2024,"fcster":"ARK"},"geometry":{"type":"MultiPolygon","coordinates":[[[[-80.89,35.16],[-80.99,35.12],[-81.19,35.27],[-81.02,35.38],[-80.89,35.16]]]]}},
{"type":"Feature","properties":{"ugclist":"MDC003, MDC005, MDC510","locations":"Anne Arundel [MD], Baltimore [MD], Baltimore City [MD]","utc_issue":"2024-09-26T13:52:00Z","utc_expire":"2024-09-26T14:36:00Z","utc_polygon_begin":"2024-09-26T13:52:00Z","utc_polygon_end":"2024-09-26T14:36:00Z","ph_sig":"FA.W","wfo":"LWX","eventid":67,"phenomena":"FA","significance":"W","nws_color":"#00FF00","event_label":"Flood Warning","status":"NEW","product_id":"202409261352-KLWX-WGUS41-FLWLWX","year":2024,"fcster":"Geiger"},"geometry":{"type":"MultiPolygon","coordinates":[[[[-76.68,39.17],[-76.67,39.25],[-76.74,39.25],[-76.7,39.31],[-76.66,39.35],[-76.62,39.38],[-76.56,39.39],[-76.49,39.38],[-76.5,39.33],[-76.59,39.25],[-76.63,39.22],[-76.68,39.17]]]]}},
{"type":"Feature","properties":{"ugclist":"NCC005, NCC009, NCC171, NCC193, NCC197","locations":"Alleghany [NC], Ashe [NC], Surry [NC], Wilkes [NC], Yadkin [NC]","utc_issue":"2024-09-26T14:00:00Z","utc_expire":"2024-09-26T20:00:00Z","utc_polygon_begin":"2024-09-26T14:00:00Z","utc_polygon_end":"2024-09-26T19:43:00Z","ph_sig":"FF.W","wfo":"RNK","eventid":58,"phenomena":"FF","significance":"W","nws_color":"#8B0000","event_label":"Flash Flood Warning","status":"NEW","product_id":"202409261400-KRNK-WGUS51-FFWRNK","year":2024,"fcster":"16"},"geometry":{"type":"MultiPolygon","coordinates":[[[[-80.86,36.56],[-80.73,36.05],[-80.98,36.06],[-81.05,36.04],[-81.06,36.03],[-81.14,36.04],[-81.17,36.03],[-81.2,36.04],[-81.27,36.03],[-81.33,36.0],[-81.34,36.02],[-81.36,36.03],[-81.42,36.58],[-80.86,36.56]]]]}},
{"type":"Feature","properties":{"ugclist":"FLC009","locations":"Brevard [FL]","utc_issue":"2024-09-26T14:12:00Z","utc_expire":"2024-09-26T14:45:00Z","utc_polygon_begin":"2024-09-26T14:12:00Z","utc_polygon_end":"2024-09-26T14:24:00Z","ph_sig":"TO.W","wfo":"MLB","eventid":21,"phenomena":"TO","significance":"W","nws_color":"#FF0000","event_label":"Tornado Warning","status":"NEW","product_id":"202409261412-KMLB-WFUS52-TORMLB","year":2024,"fcster":"Law"},"geometry":{"type":"MultiPolygon","coordinates":[[[[-80.81,28.49],[-80.87,28.49],[-80.97,28.65],[-80.97,28.75],[-80.85,28.75],[-80.81,28.49]]]]}},
{"type":"Feature","properties":{"ugclist":"GAC039, GAC127, GAC305","locations":"Camden [GA], Glynn [GA], Wayne [GA]","utc_issue":"2024-09-26T14:15:00Z","utc_expire":"2024-09-26T14:45:00Z","utc_polygon_begin":"2024-09-26T14:15:00Z","utc_polygon_end":"2024-09-26T14:23:00Z","ph_sig":"TO.W","wfo":"JAX","eventid":58,"phenomena":"TO","significance":"W","nws_color":"#FF0000","event_label":"Tornado Warning","status":"NEW","product_id":"202409261415-KJAX-WFUS52-TORJAX","year":2024,"fcster":"SHASHY"},"geometry":{"type":"MultiPolygon","coordinates":[[[[-81.65,31.04],[-81.69,31.17],[-81.74,31.39],[-81.67,31.48],[-81.62,31.46],[-81.61,31.44],[-81.61,31.43],[-81.58,31.4],[-81.56,31.39],[-81.55,31.38],[-81.54,31.38],[-81.52,31.36],[-81.45,31.06],[-81.65,31.04]]]]}},
{"type":"Feature","properties":{"ugclist":"AMZ610","locations":"Lake Okeechobee []","utc_issue":"2024-09-26T14:19:00Z","utc_expire":"2024-09-26T15:01:00Z","utc_polygon_begin":"2024-09-26T14:19:00Z","utc_polygon_end":"2024-09-26T14:29:00Z","ph_sig":"MA.W","wfo":"MFL","eventid":464,"phenomena":"MA","significance":"W","nws_color":"#FFA500","event_label":"Marine Warning","status":"NEW","product_id":"202409261419-KMFL-WHUS52-SMWMFL","year":2024,"fcster":"Baxter"},"geometry":{"type":"MultiPolygon","coordinates":[[[[-80.71,27.16],[-80.66,27.11],[-80.61,26.96],[-80.59,26.96],[-80.59,26.88],[-80.66,26.8],[-80.66,26.74],[-80.74,26.66],[-80.75,26.66],[-80.83,26.67],[-80.87,26.7],[-80.95,27.14],[-80.91,27.17],[-80.88,27.17],[-80.87,27.14],[-80.84,27.19],[-80.8,27.21],[-80.71,27.16]]]]}},
{"type":"Feature","properties":{"ugclist":"SCC009, SCC017, SCC063, SCC075, SCC079","locations":"Bamberg [SC], Calhoun [SC], Lexington [SC], Orangeburg [SC], Richland [SC]","utc_issue":"2024-09-26T14:26:00Z","utc_expire":"2024-09-26T16:30:00Z","utc_polygon_begin":"2024-09-26T14:26:00Z","utc_polygon_end":"2024-09-26T16:17:00Z","ph_sig":"FA.Y","wfo":"CAE","eventid":92,"phenomena":"FA","significance":"Y","nws_color":"#00FF7F","event_label":"Flood Advisory","status":"NEW","product_id":"202409261426-KCAE-WGUS82-FLSCAE","year":2024,"fcster":"LV"},"geometry":{"type":"MultiPolygon","coordinates":[[[[-80.86,34.09],[-80.82,33.16],[-80.9,33.13],[-80.89,33.1],[-80.88,33.09],[-80.9,33.06],[-80.91,33.06],[-80.94,33.1],[-81.08,33.03],[-81.1,33.05],[-81.12,33.05],[-81.21,33.13],[-81.22,33.18],[-81.18,33.6],[-81.2,34.07],[-80.86,34.09]]]]}},
{"type":"Feature","properties":{"ugclist":"TNC029","locations":"Cocke [TN]","utc_issue":"2024-09-26T16:50:00Z","utc_expire":"2024-09-27T23:37:00Z","utc_polygon_begin":"2024-09-26T14:26:00Z","utc_polygon_end":"2024-09-26T14:26:00Z","ph_sig":"FL.W","wfo":"MRX","eventid":10,"phenomena":"FL","significance":"W","nws_color":"#00FF00","event_label":"Flood Warning","status":"NEW","product_id":"202409251834-KMRX-WGUS44-FLWMRX","year":2024,"fcster":"GC"},"geometry":{"type":"MultiPolygon","coordinates":[[[[-83.09,35.78],[-83.18,35.77],[-83.22,35.91],[-83.21,36.03],[-83.16,35.97],[-83.15,35.86],[-83.09,35.78]]]]}},
{"type":"Feature","properties":{"ugclist":"SCC009, SCC075","locations":"Bamberg [SC], Orangeburg [SC]","utc_issue":"2024-09-26T14:28:00Z","utc_expire":"2024-09-26T15:00:00Z","utc_polygon_begin":"2024-09-26T14:28:00Z","utc_polygon_end":"2024-09-26T14:43:00Z","ph_sig":"TO.W","wfo":"CAE","eventid":9,"phenomena":"TO","significance":"W","nws_color":"#FF0000","event_label":"Tornado Warning","status":"NEW","product_id":"202409261428-KCAE-WFUS52-TORCAE","year":2024,"fcster":"AWP"},"geometry":{"type":"MultiPolygon","coordinates":[[[[-80.91,33.25],[-81.01,33.23],[-81.13,33.44],[-80.93,33.48],[-80.91,33.25]]]]}},
{"type":"Feature","properties":{"ugclist":"FLC009, FLC127","locations":"Brevard [FL], Volusia [FL]","utc_issue":"2024-09-26T14:34:00Z","utc_expire":"2024-09-26T15:00:00Z","utc_polygon_begin":"2024-09-26T14:34:00Z","utc_polygon_end":"2024-09-26T14:44:00Z","ph_sig":"TO.W","wfo":"MLB","eventid":22,"phenomena":"TO","significance":"W","nws_color":"#FF0000","event_label":"Tornado Warning","status":"NEW","product_id":"202409261434-KMLB-WFUS52-TORMLB","year":2024,"fcster":"Law"},"geometry":{"type":"MultiPolygon","coordinates":[[[[-80.85,28.7],[-80.93,28.7],[-81.1,29.03],[-80.87,29.04],[-80.85,28.7]]]]}},
{"type":"Feature","properties":{"ugclist":"TNC029, TNC089","locations":"Cocke [TN], Jefferson [TN]","utc_issue":"2024-09-27T14:37:00Z","utc_expire":"2024-09-29T16:18:00Z","utc_polygon_begin":"2024-09-26T14:34:00Z","utc_polygon_end":"2024-09-26T14:34:00Z","ph_sig":"FL.W","wfo":"MRX","eventid":9,"phenomena":"FL","significance":"W","nws_color":"#00FF00","event_label":"Flood Warning","status":"NEW","product_id":"202409251831-KMRX-WGUS44-FLWMRX","year":2024,"fcster":"GC"},"geometry":{"type":"MultiPolygon","coordinates":[[[[-83.28,36.07],[-83.24,36.11],[-83.07,35.96],[-82.9,35.95],[-82.96,35.89],[-83.12,35.92],[-83.28,36.07]]]]}},
{"type":"Feature","properties":{"ugclist":"SCC083","locations":"Spartanburg [SC]","utc_issue":"2024-09-26T14:40:00Z","utc_expire":"2024-09-26T18:00:00Z","utc_polygon_begin":"2024-09-26T14:40:00Z","utc_polygon_end":"2024-09-26T17:23:00Z","ph_sig":"FA.Y","wfo":"GSP","eventid":165,"phenomena":"FA","significance":"Y","nws_color":"#00FF7F","event_label":"Flood Advisory","status":"NEW","product_id":"202409261440-KGSP-WGUS82-FLSGSP","year":2024,"fcster":"CSH"},"geometry":{"type":"MultiPolygon","coordinates":[[[[-81.81,35.06],[-81.81,35.04],[-81.79,35.03],[-81.75,34.93],[-81.73,34.93],[-81.71,34.91],[-81.78,34.84],[-81.86,34.58],[-81.91,34.6],[-81.95,34.65],[-82.0,34.66],[-82.07,34.7],[-82.09,34.74],[-82.12,34.75],[-82.13,34.78],[-82.15,34.78],[-82.16,34.81],[-82.23,34.85],[-82.22,35.2],[-81.87,35.18],[-81.81,35.06]]]]}},
{"type":"Feature","properties":{"ugclist":"FLC077","locations":"Liberty [FL]","utc_issue":"2024-09-26T14:51:00Z","utc_expire":"2024-09-26T15:15:00Z","utc_polygon_begin":"2024-09-26T14:51:00Z","utc_polygon_end":"2024-09-26T15:06:00Z","ph_sig":"TO.W","wfo":"TAE","eventid":86,"phenomena":"TO","significance":"W","nws_color":"#FF0000","event_label":"Tornado Warning","status":"NEW","product_id":"202409261451-KTAE-WFUS52-TORTAE","year":2024,"fcster":"16-WORSTER"},"geometry":{"type":"MultiPolygon","coordinates":[[[[-85.06,30.26],[-85.06,30.3],[-85.03,30.31],[-85.05,30.32],[-85.05,30.33],[-85.04,30.35],[-85.03,30.36],[-85.03,30.37],[-84.89,30.43],[-84.76,30.2],[-84.92,30.13],[-85.06,30.26]]]]}},
{"type":"Feature","properties":{"ugclist":"FLC037","locations":"Franklin [FL]","utc_issue":"2024-09-26T14:55:00Z","utc_expire":"2024-09-26T15:30:00Z","utc_polygon_begin":"2024-09-26T14:55:00Z","utc_polygon_end":"2024-09-26T15:20:00Z","ph_sig":"TO.W","wfo":"TAE","eventid":87,"phenomena":"TO","significance":"W","nws_color":"#FF0000","event_label":"Tornado Warning","status":"NEW","product_id":"202409261455-KTAE-WFUS52-TORTAE","year":2024,"fcster":"16-WORSTER"},"geometry":{"type":"MultiPolygon","coordinates":[[[[-85.0,29.92],[-84.85,30.01],[-84.81,30.01],[-84.63,29.8],[-84.76,29.72],[-85.0,29.92]]]]}},
{"type":"Feature","properties":{"ugclist":"SCC017, SCC075","locations":"Calhoun [SC], Orangeburg [SC]","utc_issue":"2024-09-26T14:56:00Z","utc_expire":"2024-09-26T15:30:00Z","utc_polygon_begin":"2024-09-26T14:56:00Z","utc_polygon_end":"2024-09-26T15:09:00Z","ph_sig":"TO.W","wfo":"CAE","eventid":10,"phenomena":"TO","significance":"W","nws_color":"#FF0000","event_label":"Tornado Warning","status":"NEW","product_id":"202409261456-KCAE-WFUS52-TORCAE","year":2024,"fcster":"AWP"},"geometry":{"type":"MultiPolygon","coordinates":[[[[-80.92,33.41],[-81.04,33.42],[-81.11,33.68],[-81.0,33.72],[-80.86,33.71],[-80.92,33.41]]]]}},
{"type":"Feature","properties":{"ugclist":"GAC179, GAC183, GAC191","locations":"Liberty [GA], Long [GA], McIntosh [GA]","utc_issue":"2024-09-26T15:11:00Z","utc_expire":"2024-09-26T15:45:00Z","utc_polygon_begin":"2024-09-26T15:11:00Z","utc_polygon_end":"2024-09-26T15:24:00Z","ph_sig":"TO.W","wfo":"CHS","eventid":23,"phenomena":"TO","significance":"W","nws_color":"#FF0000","event_label":"Tornado Warning","status":"NEW","product_id":"202409261511-KCHS-WFUS52-TORCHS","year":2024,"fcster":"BAH"},"geometry":{"type":"MultiPolygon","coordinates":[[[[-81.57,31.73],[-81.58,31.9],[-81.54,31.94],[-81.46,31.94],[-81.4,31.88],[-81.39,31.88],[-81.45,31.61],[-81.56,31.62],[-81.57,31.73]]]]}},
{"type":"Feature","properties":{"ugclist":"SCC059","locations":"Laurens [SC]","utc_issue":"2024-09-26T15:12:00Z","utc_expire":"2024-09-26T18:30:00Z","utc_polygon_begin":"2024-09-26T15:12:00Z","utc_polygon_end":"2024-09-26T18:14:00Z","ph_sig":"FA.Y","wfo":"GSP","eventid":166,"phenomena":"FA","significance":"Y","nws_color":"#00FF7F","event_label":"Flood Advisory","status":"NEW","product_id":"202409261512-KGSP-WGUS82-FLSGSP","year":2024,"fcster":"CSH"},"geometry":{"type":"MultiPolygon","coordinates":[[[[-82.09,34.74],[-82.07,34.7],[-81.95,34.65],[-81.89,34.59],[-81.86,34.58],[-81.84,34.6],[-81.72,34.55],[-81.68,34.56],[-81.65,34.53],[-81.78,34.37],[-81.89,34.3],[-81.94,34.2],[-82.08,34.3],[-82.17,34.33],[-82.18,34.36],[-82.31,34.47],[-82.24,34.54],[-82.24,34.59],[-82.15,34.79],[-82.12,34.75],[-82.09,34.74]]]]}},
{"type":"Feature","properties":{"ugclist":"GAC127","locations":"Glynn [GA]","utc_issue":"2024-09-26T15:14:00Z","utc_expire":"2024-09-26T15:31:00Z","utc_polygon_begin":"2024-09-26T15:14:00Z","utc_polygon_end":"2024-09-26T15:23:00Z","ph_sig":"TO.W","wfo":"JAX","eventid":59,"phenomena":"TO","significance":"W","nws_color":"#FF0000","event_label":"Tornado Warning","status":"NEW","product_id":"202409261514-KJAX-WFUS52-TORJAX","year":2024,"fcster":"SHASHY"},"geometry":{"type":"MultiPolygon","coordinates":[[[[-81.37,31.1],[-81.37,31.07],[-81.43,31.04],[-81.47,31.08],[-81.56,31.31],[-81.44,31.32],[-81.42,31.31],[-81.41,31.29],[-81.39,31.28],[-81.37,31.29],[-81.37,31.3],[-81.34,31.3],[-81.33,31.28],[-81.31,31.14],[-81.37,31.1]]]]}},
{"type":"Feature","properties":{"ugclist":"SCC063, SCC079","locations":"Lexington [SC], Richland [SC]","utc_issue":"2024-09-26T15:14:00Z","utc_expire":"2024-09-26T16:45:00Z","utc_polygon_begin":"2024-09-26T15:14:00Z","utc_polygon_end":"2024-09-26T15:42:00Z","ph_sig":"FF.W","wfo":"CAE","eventid":39,"phenomena":"FF","significance":"W","nws_color":"#8B0000","event_label":"Flash Flood Warning","status":"NEW","product_id":"202409261514-KCAE-WGUS52-FFWCAE","year":2024,"fcster":"LV"},"geometry":{"type":"MultiPolygon","coordinates":[[[[-80.99,34.04],[-80.93,33.97],[-80.94,33.95],[-81.0,33.93],[-81.06,33.92],[-81.2,34.04],[-81.14,34.09],[-80.99,34.04]]]]}},
{"type":"Feature","properties":{"ugclist":"FLC013, FLC077","locations":"Calhoun [FL], Liberty [FL]","utc_issue":"2024-09-26T15:19:00Z","utc_expire":"2024-09-26T19:15:00Z","utc_polygon_begin":"2024-09-26T15:19:00Z","utc_polygon_end":"2024-09-26T16:53:00Z","ph_sig":"FF.W","wfo":"TAE","eventid":104,"phenomena":"FF","significance":"W","nws_color":"#8B0000","event_label":"Flash Flood Warning","status":"NEW","product_id":"202409261519-KTAE-WGUS52-FFWTAE","year":2024,"fcster":"JCW"},"geometry":{"type":"MultiPolygon","coordinates":[[[[-85.38,30.57],[-85.17,30.57],[-85.16,30.61],[-84.88,30.61],[-84.88,30.53],[-84.78,30.52],[-84.78,30.46],[-84.71,30.46],[-84.71,30.42],[-84.65,30.39],[-84.71,30.33],[-84.74,30.27],[-84.68,30.22],[-84.63,30.07],[-84.54,30.01],[-85.05,30.0],[-85.13,30.04],[-85.15,30.09],[-85.12,30.2],[-85.39,30.2],[-85.38,30.57]]]]}},
{"type":"Feature","properties":{"ugclist":"AMZ650, AMZ670","locations":"Coastal waters from Jupiter Inlet to Deerfield Beach FL out 20 NM [], Waters from Jupiter Inlet to Deerfield Beach FL from 20 to 60 NM []","utc_issue":"2024-09-26T15:25:00Z","utc_expire":"2024-09-26T16:30:00Z","utc_polygon_begin":"2024-09-26T15:25:00Z","utc_polygon_end":"2024-09-26T15:54:00Z","ph_sig":"MA.W","wfo":"MFL","eventid":465,"phenomena":"MA","significance":"W","nws_color":"#FFA500","event_label":"Marine Warning","status":"NEW","product_id":"202409261525-KMFL-WHUS52-SMWMFL","year":2024,"fcster":"Baxter"},"geometry":{"type":"MultiPolygon","coordinates":[[[[-79.49,26.97],[-79.53,26.22],[-79.92,26.3],[-79.96,26.97],[-79.49,26.97]]]]}},
{"type":"Feature","properties":{"ugclist":"FLC037, FLC045","locations":"Franklin [FL], Gulf [FL]","utc_issue":"2024-09-26T15:29:00Z","utc_expire":"2024-09-26T19:30:00Z","utc_polygon_begin":"2024-09-26T15:29:00Z","utc_polygon_end":"2024-09-26T17:34:00Z","ph_sig":"FF.W","wfo":"TAE","eventid":105,"phenomena":"FF","significance":"W","nws_color":"#8B0000","event_label":"Flash Flood Warning","status":"NEW","product_id":"202409261529-KTAE-WGUS52-FFWTAE","year":2024,"fcster":"JCW"},"geometry":{"type":"MultiPolygon","coordinates":[[[[-85.09,30.01],[-85.03,29.99],[-85.03,29.97],[-85.01,30.01],[-84.81,30.01],[-84.73,29.63],[-84.97,29.53],[-85.1,29.53],[-85.13,29.56],[-85.2,29.58],[-85.21,29.84],[-85.09,30.01]]]]}},
{"type":"Feature","properties":{"ugclist":"KYC013, KYC095","locations":"Bell [KY], Harlan [KY]","utc_issue":"2024-09-26T15:31:00Z","utc_expire":"2024-09-26T18:45:00Z","utc_polygon_begin":"2024-09-26T15:31:00Z","utc_polygon_end":"2024-09-26T18:45:00Z","ph_sig":"FA.Y","wfo":"JKL","eventid":109,"phenomena":"FA","significance":"Y","nws_color":"#00FF7F","event_label":"Flood Advisory","status":"NEW","product_id":"202409261531-KJKL-WGUS83-FLSJKL","year":2024,"fcster":"VORST"},"geometry":{"type":"MultiPolygon","coordinates":[[[[-83.57,36.65],[-83.5,36.88],[-82.92,36.88],[-83.01,36.85],[-83.07,36.85],[-83.1,36.83],[-83.11,36.8],[-83.13,36.78],[-83.14,36.74],[-83.31,36.71],[-83.42,36.67],[-83.51,36.67],[-83.57,36.65]]]]}},
{"type":"Feature","properties":{"ugclist":"NCC039, NCC043, TNC009, TNC123, TNC139","locations":"Cherokee [NC], Clay [NC], Blount [TN], Monroe [TN], Polk [TN]","utc_issue":"2024-09-26T15:32:00Z","utc_expire":"2024-09-26T21:00:00Z","utc_polygon_begin":"2024-09-26T15:32:00Z","utc_polygon_end":"2024-09-26T21:00:00Z","ph_sig":"FA.W","wfo":"MRX","eventid":6,"phenomena":"FA","significance":"W","nws_color":"#00FF00","event_label":"Flood Warning","status":"NEW","product_id":"202409261532-KMRX-WGUS44-FLWMRX","year":2024,"fcster":"DGS"},"geometry":{"type":"MultiPolygon","coordinates":[[[[-83.88,35.52],[-83.91,35.48],[-83.96,35.46],[-84.02,35.41],[-84.01,35.37],[-84.04,35.35],[-84.04,35.31],[-84.0,35.23],[-83.96,35.22],[-83.84,35.26],[-83.71,35.26],[-83.69,35.23],[-83.72,35.2],[-83.74,35.16],[-83.66,35.16],[-83.52,35.0],[-83.48,34.99],[-84.45,34.99],[-84.16,35.58],[-83.88,35.52]]]]}},
{"type":"Feature","properties":{"ugclist":"FLC037, FLC045, FLC077","locations":"Franklin [FL], Gulf [FL], Liberty [FL]","utc_issue":"2024-09-26T15:40:00Z","utc_expire":"2024-09-26T16:15:00Z","utc_polygon_begin":"2024-09-26T15:40:00Z","utc_polygon_end":"2024-09-26T16:15:00Z","ph_sig":"TO.W","wfo":"TAE","eventid":88,"phenomena":"TO","significance":"W","nws_color":"#FF0000","event_label":"Tornado Warning","status":"NEW","product_id":"202409261540-KTAE-WFUS52-TORTAE","year":2024,"fcster":"16-WORSTER"},"geometry":{"type":"MultiPolygon","coordinates":[[[[-84.77,29.88],[-84.9,29.81],[-85.14,30.03],[-84.94,30.14],[-84.77,29.88]]]]}},
{"type":"Feature","properties":{"ugclist":"SCC023, SCC091","locations":"Chester [SC], York [SC]","utc_issue":"2024-09-26T15:55:00Z","utc_expire":"2024-09-26T19:00:00Z","utc_polygon_begin":"2024-09-26T15:55:00Z","utc_polygon_end":"2024-09-26T18:23:00Z","ph_sig":"FF.W","wfo":"GSP","eventid":62,"phenomena":"FF","significance":"W","nws_color":"#8B0000","event_label":"Flash Flood Warning","status":"NEW","product_id":"202409261555-KGSP-WGUS52-FFWGSP","year":2024,"fcster":"CSH"},"geometry":{"type":"MultiPolygon","coordinates":[[[[-81.06,35.05],[-81.03,35.04],[-80.94,35.1],[-80.91,35.09],[-80.9,35.06],[-80.91,35.01],[-80.88,34.93],[-80.89,34.85],[-80.91,34.82],[-80.89,34.78],[-80.87,34.71],[-80.91,34.64],[-80.91,34.61],[-80.88,34.57],[-80.88,34.54],[-81.09,34.56],[-81.09,34.93],[-81.06,35.05]]]]}},
{"type":"Feature","properties":{"ugclist":"FLC013, FLC077","locations":"Calhoun [FL], Liberty [FL]","utc_issue":"2024-09-26T16:04:00Z","utc_expire":"2024-09-26T16:30:00Z","utc_polygon_begin":"2024-09-26T16:04:00Z","utc_polygon_end":"2024-09-26T16:26:00Z","ph_sig":"TO.W","wfo":"TAE","eventid":89,"phenomena":"TO","significance":"W","nws_color":"#FF0000","event_label":"Tornado Warning","status":"NEW","product_id":"202409261604-KTAE-WFUS52-TORTAE","year":2024,"fcster":"16-WORSTER"},"geometry":{"type":"MultiPolygon","coordinates":[[[[-85.15,30.61],[-84.89,30.6],[-84.88,30.54],[-84.87,30.53],[-84.92,30.32],[-85.1,30.32],[-85.15,30.61]]]]}},
{"type":"Feature","properties":{"ugclist":"VAC003, VAC079, VAC137, VAC540","locations":"Albemarle [VA], Greene [VA], Orange [VA], City of Charlottesville [VA]","utc_issue":"2024-09-26T16:04:00Z","utc_expire":"2024-09-26T22:15:00Z","utc_polygon_begin":"2024-09-26T16:04:00Z","utc_polygon_end":"2024-09-26T22:10:00Z","ph_sig":"FA.W","wfo":"LWX","eventid":68,"phenomena":"FA","significance":"W","nws_color":"#00FF00","event_label":"Flood Warning","status":"NEW","product_id":"202409261604-KLWX-WGUS41-FLWLWX","year":2024,"fcster":"Geiger"},"geometry":{"type":"MultiPolygon","coordinates":[[[[-78.36,38.21],[-78.2,38.13],[-78.29,38.02],[-78.5,37.79],[-78.5,37.77],[-78.53,37.76],[-78.61,37.76],[-78.64,37.74],[-78.71,37.84],[-78.8,38.01],[-78.79,38.08],[-78.78,38.08],[-78.78,38.09],[-78.79,38.13],[-78.68,38.25],[-78.67,38.25],[-78.66,38.26],[-78.67,38.27],[-78.66,38.28],[-78.36,38.21]]]]}},
{"type":"Feature","properties":{"ugclist":"TNC019, TNC029, TNC059, TNC073, TNC091, TNC155, TNC163, TNC171, TNC179, VAC167, VAC169, VAC191, VAC195, VAC520","locations":"Carter [TN], Cocke [TN], Greene [TN], Hawkins [TN], Johnson [TN], Sevier [TN], Sullivan [TN], Unicoi [TN], Washington [TN], Russell [VA], Scott [VA], Washington [VA], Wise [VA], City of Bristol [VA]","utc_issue":"2024-09-26T16:07:00Z","utc_expire":"2024-09-26T21:00:00Z","utc_polygon_begin":"2024-09-26T16:07:00Z","utc_polygon_end":"2024-09-26T18:02:00Z","ph_sig":"FA.W","wfo":"MRX","eventid":7,"phenomena":"FA","significance":"W","nws_color":"#00FF00","event_label":"Flood Warning","status":"NEW","product_id":"202409261607-KMRX-WGUS44-FLWMRX","year":2024,"fcster":"DGS"},"geometry":{"type":"MultiPolygon","coordinates":[[[[-82.68,36.83],[-81.9,37.14],[-81.78,36.96],[-81.83,36.93],[-81.61,36.64],[-81.71,36.54],[-81.71,36.34],[-81.86,36.34],[-82.08,36.1],[-82.21,36.16],[-82.36,36.12],[-82.56,35.95],[-82.67,36.05],[-82.81,35.93],[-82.92,35.93],[-82.9,35.88],[-82.98,35.78],[-83.16,35.77],[-83.41,35.62],[-82.68,36.83]]]]}},
{"type":"Feature","properties":{"ugclist":"SCC055","locations":"Kershaw [SC]","utc_issue":"2024-09-27T22:18:00Z","utc_expire":"2024-09-30T11:48:00Z","utc_polygon_begin":"2024-09-26T16:18:00Z","utc_polygon_end":"2024-09-26T16:18:00Z","ph_sig":"FL.W","wfo":"CAE","eventid":44,"phenomena":"FL","significance":"W","nws_color":"#00FF00","event_label":"Flood Warning","status":"NEW","product_id":"202409261545-KCAE-WGUS42-FLWCAE","year":2024,"fcster":"LV"},"geometry":{"type":"MultiPolygon","coordinates":[[[[-80.64,34.32],[-80.56,33.91],[-80.7,33.88],[-80.79,34.3],[-80.64,34.32]]]]}},
{"type":"Feature","properties":{"ugclist":"GMZ752, GMZ755, GMZ772, GMZ775","locations":"Coastal Waters from Mexico Beach to Apalachicola out 20 NM [], Coastal Waters From  Ochlockonee River to Apalachicola FL out to 20 Nm [], Waters from Mexico Beach to Apalachicola FL from 20 to 60 NM [], Waters from Suwannee River to Apalachicola FL from 20 to 60 NM []","utc_issue":"2024-09-26T16:20:00Z","utc_expire":"2024-09-26T18:15:00Z","utc_polygon_begin":"2024-09-26T16:20:00Z","utc_polygon_end":"2024-09-26T18:15:00Z","ph_sig":"MA.W","wfo":"TAE","eventid":325,"phenomena":"MA","significance":"W","nws_color":"#FFA500","event_label":"Marine Warning","status":"NEW","product_id":"202409261620-KTAE-WHUS52-SMWTAE","year":2024,"fcster":"IG3"},"geometry":{"type":"MultiPolygon","coordinates":[[[[-85.54,29.17],[-85.48,29.74],[-85.39,29.92],[-85.4,29.98],[-85.26,29.82],[-85.25,29.73],[-85.04,29.76],[-84.86,29.86],[-84.8,29.81],[-84.61,29.9],[-84.8,28.91],[-85.54,29.17]]]]}},
{"type":"Feature","properties":{"ugclist":"SCC039, SCC055, SCC057, SCC079","locations":"Fairfield [SC], Kershaw [SC], Lancaster [SC], Richland [SC]","utc_issue":"2024-09-26T16:25:00Z","utc_expire":"2024-09-26T18:30:00Z","utc_polygon_begin":"2024-09-26T16:25:00Z","utc_polygon_end":"2024-09-26T18:05:00Z","ph_sig":"FA.Y","wfo":"CAE","eventid":93,"phenomena":"FA","significance":"Y","nws_color":"#00FF7F","event_label":"Flood Advisory","status":"NEW","product_id":"202409261625-KCAE-WGUS82-FLSCAE","year":2024,"fcster":"LV"},"geometry":{"type":"MultiPolygon","coordinates":[[[[-80.87,34.55],[-80.9,34.63],[-80.86,34.7],[-80.88,34.79],[-80.9,34.82],[-80.87,34.85],[-80.88,34.87],[-80.87,34.92],[-80.89,34.99],[-80.91,35.02],[-80.9,35.03],[-80.91,35.07],[-80.78,34.94],[-80.8,34.82],[-80.62,34.82],[-80.61,34.49],[-80.79,34.09],[-81.15,34.07],[-81.2,34.1],[-81.08,34.55],[-80.87,34.55]]]]}},
{"type":"Feature","properties":{"ugclist":"VAC021, VAC077, VAC173, VAC185, VAC197, VAC640","locations":"Bland [VA], Grayson [VA], Smyth [VA], Tazewell [VA], Wythe [VA], City of Galax [VA]","utc_issue":"2024-09-26T16:29:00Z","utc_expire":"2024-09-26T22:30:00Z","utc_polygon_begin":"2024-09-26T16:29:00Z","utc_polygon_end":"2024-09-26T22:16:00Z","ph_sig":"FF.W","wfo":"RNK","eventid":59,"phenomena":"FF","significance":"W","nws_color":"#8B0000","event_label":"Flash Flood Warning","status":"NEW","product_id":"202409261629-KRNK-WGUS51-FFWRNK","year":2024,"fcster":"16"},"geometry":{"type":"MultiPolygon","coordinates":[[[[-81.9,37.15],[-81.73,37.24],[-81.68,37.2],[-81.55,37.21],[-81.36,37.34],[-81.23,37.23],[-81.26,37.22],[-80.97,36.82],[-81.04,36.81],[-81.03,36.8],[-80.93,36.67],[-80.88,36.69],[-80.91,36.65],[-80.84,36.56],[-81.67,36.59],[-81.61,36.64],[-81.83,36.93],[-81.78,36.96],[-81.9,37.15]]]]}},
{"type":"Feature","properties":{"ugclist":"AMZ572, AMZ575","locations":"Volusia-Brevard County Line to Sebastian Inlet 20-60 nm [], Sebastian Inlet to Jupiter Inlet 20-60 nm []","utc_issue":"2024-09-26T16:42:00Z","utc_expire":"2024-09-26T17:15:00Z","utc_polygon_begin":"2024-09-26T16:42:00Z","utc_polygon_end":"2024-09-26T17:15:00Z","ph_sig":"MA.W","wfo":"MLB","eventid":241,"phenomena":"MA","significance":"W","nws_color":"#FFA500","event_label":"Marine Warning","status":"NEW","product_id":"202409261642-KMLB-WHUS52-SMWMLB","year":2024,"fcster":"Haley"},"geometry":{"type":"MultiPolygon","coordinates":[[[[-79.97,27.76],[-80.1,27.92],[-80.13,27.97],[-80.13,28.0],[-80.17,28.05],[-80.18,28.09],[-79.92,28.18],[-79.86,27.8],[-79.97,27.76]]]]}},
{"type":"Feature","properties":{"ugclist":"GAC001, GAC005, GAC229","locations":"Appling [GA], Bacon [GA], Pierce [GA]","utc_issue":"2024-09-26T16:48:00Z","utc_expire":"2024-09-26T17:15:00Z","utc_polygon_begin":"2024-09-26T16:48:00Z","utc_polygon_end":"2024-09-26T16:56:00Z","ph_sig":"TO.W","wfo":"JAX","eventid":60,"phenomena":"TO","significance":"W","nws_color":"#FF0000","event_label":"Tornado Warning","status":"NEW","product_id":"202409261648-KJAX-WFUS52-TORJAX","year":2024,"fcster":"SHASHY"},"geometry":{"type":"MultiPolygon","coordinates":[[[[-82.22,31.4],[-82.32,31.36],[-82.54,31.66],[-82.32,31.75],[-82.22,31.46],[-82.22,31.4]]]]}},
{"type":"Feature","properties":{"ugclist":"NCC071, NCC109","locations":"Gaston [NC], Lincoln [NC]","utc_issue":"2024-09-26T16:48:00Z","utc_expire":"2024-09-26T20:00:00Z","utc_polygon_begin":"2024-09-26T16:48:00Z","utc_polygon_end":"2024-09-26T20:00:00Z","ph_sig":"FA.Y","wfo":"GSP","eventid":167,"phenomena":"FA","significance":"Y","nws_color":"#00FF7F","event_label":"Flood Advisory","status":"NEW","product_id":"202409261648-KGSP-WGUS82-FLSGSP","year":2024,"fcster":"CSH"},"geometry":{"type":"MultiPolygon","coordinates":[[[[-80.96,35.54],[-80.96,35.4],[-80.97,35.39],[-80.99,35.38],[-80.99,35.36],[-80.94,35.36],[-80.98,35.35],[-81.01,35.27],[-81.01,35.15],[-81.23,35.17],[-81.23,35.56],[-80.96,35.54]]]]}},
{"type":"Feature","properties":{"ugclist":"ALC069, FLC063","locations":"Houston [AL], Jackson [FL]","utc_issue":"2024-09-26T16:52:00Z","utc_expire":"2024-09-26T20:45:00Z","utc_polygon_begin":"2024-09-26T16:52:00Z","utc_polygon_end":"2024-09-26T20:45:00Z","ph_sig":"FF.W","wfo":"TAE","eventid":106,"phenomena":"FF","significance":"W","nws_color":"#8B0000","event_label":"Flash Flood Warning","status":"NEW","product_id":"202409261652-KTAE-WGUS52-FFWTAE","year":2024,"fcster":"JCW"},"geometry":{"type":"MultiPolygon","coordinates":[[[[-85.49,31.2],[-85.71,31.2],[-85.67,31.27],[-85.49,31.25],[-85.42,31.32],[-85.09,31.31],[-85.1,31.17],[-85.04,31.11],[-84.92,30.77],[-84.86,30.7],[-84.91,30.62],[-85.17,30.61],[-85.17,30.57],[-85.44,30.57],[-85.43,30.79],[-85.48,30.83],[-85.6,30.83],[-85.49,31.0],[-85.49,31.2]]]]}},
{"type":"Feature","properties":{"ugclist":"SCC029","locations":"Colleton [SC]","utc_issue":"2024-09-26T16:57:00Z","utc_expire":"2024-09-26T17:15:00Z","utc_polygon_begin":"2024-09-26T16:57:00Z","utc_polygon_end":"2024-09-26T17:10:00Z","ph_sig":"TO.W","wfo":"CHS","eventid":24,"phenomena":"TO","significance":"W","nws_color":"#FF0000","event_label":"Tornado Warning","status":"NEW","product_id":"202409261657-KCHS-WFUS52-TORCHS","year":2024,"fcster":"BAH"},"geometry":{"type":"MultiPolygon","coordinates":[[[[-81.0,33.07],[-80.94,33.1],[-80.93,33.1],[-80.93,33.09],[-80.92,33.08],[-80.92,33.07],[-80.93,33.02],[-81.0,33.02],[-81.0,33.07]]]]}},
{"type":"Feature","properties":{"ugclist":"SCC009, SCC075","locations":"Bamberg [SC], Orangeburg [SC]","utc_issue":"2024-09-26T16:58:00Z","utc_expire":"2024-09-26T19:00:00Z","utc_polygon_begin":"2024-09-26T16:58:00Z","utc_polygon_end":"2024-09-26T18:48:00Z","ph_sig":"FF.W","wfo":"CAE","eventid":40,"phenomena":"FF","significance":"W","nws_color":"#8B0000","event_label":"Flash Flood Warning","status":"NEW","product_id":"202409261658-KCAE-WGUS52-FFWCAE","year":2024,"fcster":"LV"},"geometry":{"type":"MultiPolygon","coordinates":[[[[-80.84,33.61],[-80.79,33.18],[-80.9,33.13],[-80.89,33.11],[-80.89,33.1],[-80.88,33.09],[-80.9,33.06],[-80.91,33.06],[-80.92,33.07],[-80.93,33.1],[-80.94,33.1],[-81.08,33.03],[-81.1,33.05],[-81.13,33.06],[-81.21,33.13],[-81.22,33.16],[-81.18,33.59],[-80.84,33.61]]]]}},
{"type":"Feature","properties":{"ugclist":"SCC009","locations":"Bamberg [SC]","utc_issue":"2024-09-26T16:59:00Z","utc_expire":"2024-09-26T17:30:00Z","utc_polygon_begin":"2024-09-26T16:59:00Z","utc_polygon_end":"2024-09-26T17:07:00Z","ph_sig":"TO.W","wfo":"CAE","eventid":11,"phenomena":"TO","significance":"W","nws_color":"#FF0000","event_label":"Tornado Warning","status":"NEW","product_id":"202409261659-KCAE-WFUS52-TORCAE","year":2024,"fcster":"MG"},"geometry":{"type":"MultiPolygon","coordinates":[[[[-81.11,33.25],[-80.92,33.28],[-80.88,33.25],[-80.89,33.12],[-80.88,33.09],[-80.9,33.06],[-80.92,33.07],[-80.92,33.08],[-80.94,33.1],[-81.05,33.04],[-81.11,33.25]]]]}},
{"type":"Feature","properties":{"ugclist":"GAC091, GAC175, GAC309","locations":"Dodge [GA], Laurens [GA], Wheeler [GA]","utc_issue":"2024-09-26T17:01:00Z","utc_expire":"2024-09-26T17:30:00Z","utc_polygon_begin":"2024-09-26T17:01:00Z","utc_polygon_end":"2024-09-26T17:06:00Z","ph_sig":"TO.W","wfo":"FFC","eventid":26,"phenomena":"TO","significance":"W","nws_color":"#FF0000","event_label":"Tornado Warning","status":"NEW","product_id":"202409261701-KFFC-WFUS52-TORFFC","year":2024,"fcster":null},"geometry":{"type":"MultiPolygon","coordinates":[[[[-82.92,32.12],[-82.94,32.13],[-82.93,32.15],[-82.94,32.15],[-82.95,32.14],[-82.95,32.12],[-82.97,32.1],[-83.01,32.14],[-83.0,32.44],[-82.75,32.43],[-82.8,32.12],[-82.87,32.09],[-82.89,32.09],[-82.92,32.12]]]]}},
{"type":"Feature","properties":{"ugclist":"NCC003","locations":"Alexander [NC]","utc_issue":"2024-09-26T17:02:00Z","utc_expire":"2024-09-26T20:00:00Z","utc_polygon_begin":"2024-09-26T17:02:00Z","utc_polygon_end":"2024-09-26T19:21:00Z","ph_sig":"FF.W","wfo":"GSP","eventid":63,"phenomena":"FF","significance":"W","nws_color":"#8B0000","event_label":"Flash Flood Warning","status":"NEW","product_id":"202409261702-KGSP-WGUS52-FFWGSP","year":2024,"fcster":"CSH"},"geometry":{"type":"MultiPolygon","coordinates":[[[[-81.08,35.8],[-81.11,35.78],[-81.13,35.79],[-81.15,35.83],[-81.22,35.81],[-81.25,35.82],[-81.33,35.8],[-81.34,35.82],[-81.33,35.88],[-81.34,35.92],[-81.33,36.0],[-81.27,36.03],[-81.2,36.04],[-81.17,36.03],[-81.14,36.04],[-81.06,36.03],[-81.03,36.05],[-81.0,35.99],[-81.01,35.96],[-81.04,35.86],[-81.08,35.8]]]]}},
{"type":"Feature","properties":{"ugclist":"GAC001","locations":"Appling [GA]","utc_issue":"2024-09-26T17:15:00Z","utc_expire":"2024-09-26T17:45:00Z","utc_polygon_begin":"2024-09-26T17:15:00Z","utc_polygon_end":"2024-09-26T17:21:00Z","ph_sig":"TO.W","wfo":"JAX","eventid":61,"phenomena":"TO","significance":"W","nws_color":"#FF0000","event_label":"Tornado Warning","status":"NEW","product_id":"202409261715-KJAX-WFUS52-TORJAX","year":2024,"fcster":"SHASHY"},"geometry":{"type":"MultiPolygon","coordinates":[[[[-82.41,31.95],[-82.4,31.96],[-82.39,31.95],[-82.38,31.96],[-82.37,31.95],[-82.38,31.94],[-82.32,31.93],[-82.31,31.94],[-82.31,31.95],[-82.3,31.93],[-82.28,31.94],[-82.25,31.92],[-82.23,31.92],[-82.25,31.57],[-82.31,31.59],[-82.38,31.63],[-82.4,31.66],[-82.43,31.8],[-82.43,31.96],[-82.41,31.95]]]]}},
{"type":"Feature","properties":{"ugclist":"SCC009, SCC075","locations":"Bamberg [SC], Orangeburg [SC]","utc_issue":"2024-09-26T17:26:00Z","utc_expire":"2024-09-26T18:00:00Z","utc_polygon_begin":"2024-09-26T17:26:00Z","utc_polygon_end":"2024-09-26T17:44:00Z","ph_sig":"TO.W","wfo":"CAE","eventid":12,"phenomena":"TO","significance":"W","nws_color":"#FF0000","event_label":"Tornado Warning","status":"NEW","product_id":"202409261726-KCAE-WFUS52-TORCAE","year":2024,"fcster":"MG"},"geometry":{"type":"MultiPolygon","coordinates":[[[[-80.89,33.18],[-81.05,33.16],[-81.14,33.39],[-80.88,33.42],[-80.89,33.18]]]]}},
{"type":"Feature","properties":{"ugclist":"GAC033, GAC073, GAC181, GAC189, GAC245, SCC003, SCC037, SCC065","locations":"Burke [GA], Columbia [GA], Lincoln [GA], McDuffie [GA], Richmond [GA], Aiken [SC], Edgefield [SC], McCormick [SC]","utc_issue":"2024-09-26T17:30:00Z","utc_expire":"2024-09-26T19:30:00Z","utc_polygon_begin":"2024-09-26T17:30:00Z","utc_polygon_end":"2024-09-26T19:30:00Z","ph_sig":"FA.Y","wfo":"CAE","eventid":94,"phenomena":"FA","significance":"Y","nws_color":"#00FF7F","event_label":"Flood Advisory","status":"NEW","product_id":"202409261730-KCAE-WGUS82-FLSCAE","year":2024,"fcster":"LV"},"geometry":{"type":"MultiPolygon","coordinates":[[[[-82.59,34.01],[-82.48,34.08],[-82.33,34.06],[-82.31,33.97],[-82.24,34.02],[-82.0,33.96],[-81.8,33.52],[-81.75,32.92],[-81.86,32.95],[-82.08,32.92],[-82.15,32.81],[-82.32,32.83],[-82.23,33.23],[-82.33,33.31],[-82.55,33.35],[-82.65,33.61],[-82.51,33.66],[-82.48,33.64],[-82.65,33.98],[-82.57,33.96],[-82.59,34.01]]]]}},
{"type":"Feature","properties":{"ugclist":"SCC027, SCC061, SCC085","locations":"Clarendon [SC], Lee [SC], Sumter [SC]","utc_issue":"2024-09-26T17:35:00Z","utc_expire":"2024-09-26T18:00:00Z","utc_polygon_begin":"2024-09-26T17:35:00Z","utc_polygon_end":"2024-09-26T17:56:00Z","ph_sig":"TO.W","wfo":"CAE","eventid":13,"phenomena":"TO","significance":"W","nws_color":"#FF0000","event_label":"Tornado Warning","status":"NEW","product_id":"202409261735-KCAE-WFUS52-TORCAE","year":2024,"fcster":"AWP"},"geometry":{"type":"MultiPolygon","coordinates":[[[[-80.0,33.76],[-80.17,33.77],[-80.3,34.12],[-80.14,34.14],[-80.08,34.09],[-80.03,34.08],[-79.98,34.03],[-80.0,33.76]]]]}},
{"type":"Feature","properties":{"ugclist":"FLC013, FLC077","locations":"Calhoun [FL], Liberty [FL]","utc_issue":"2024-09-26T17:35:00Z","utc_expire":"2024-09-26T18:00:00Z","utc_polygon_begin":"2024-09-26T17:35:00Z","utc_polygon_end":"2024-09-26T18:00:00Z","ph_sig":"TO.W","wfo":"TAE","eventid":90,"phenomena":"TO","significance":"W","nws_color":"#FF0000","event_label":"Tornado Warning","status":"NEW","product_id":"202409261735-KTAE-WFUS52-TORTAE","year":2024,"fcster":"16-WORSTER"},"geometry":{"type":"MultiPolygon","coordinates":[[[[-84.81,30.12],[-84.92,30.05],[-85.19,30.29],[-84.98,30.42],[-84.81,30.12]]]]}},
{"type":"Feature","properties":{"ugclist":"GAC175","locations":"Laurens [GA]","utc_issue":"2024-09-26T17:40:00Z","utc_expire":"2024-09-26T18:15:00Z","utc_polygon_begin":"2024-09-26T17:40:00Z","utc_polygon_end":"2024-09-26T17:49:00Z","ph_sig":"TO.W","wfo":"FFC","eventid":27,"phenomena":"TO","significance":"W","nws_color":"#FF0000","event_label":"Tornado Warning","status":"NEW","product_id":"202409261740-KFFC-WFUS52-TORFFC","year":2024,"fcster":null},"geometry":{"type":"MultiPolygon","coordinates":[[[[-82.85,32.42],[-82.92,32.42],[-82.99,32.63],[-82.82,32.64],[-82.85,32.42]]]]}},
{"type":"Feature","properties":{"ugclist":"SCC047","locations":"Greenwood [SC]","utc_issue":"2024-09-26T17:41:00Z","utc_expire":"2024-09-26T23:00:00Z","utc_polygon_begin":"2024-09-26T17:41:00Z","utc_polygon_end":"2024-09-26T22:26:00Z","ph_sig":"FF.W","wfo":"GSP","eventid":64,"phenomena":"FF","significance":"W","nws_color":"#8B0000","event_label":"Flash Flood Warning","status":"NEW","product_id":"202409261741-KGSP-WGUS52-FFWGSP","year":2024,"fcster":"CSH"},"geometry":{"type":"MultiPolygon","coordinates":[[[[-82.17,34.33],[-81.98,34.24],[-81.9,34.18],[-81.9,34.15],[-81.87,34.14],[-82.01,33.96],[-82.05,33.95],[-82.05,33.98],[-82.18,33.97],[-82.24,34.02],[-82.31,33.97],[-82.33,34.06],[-82.27,34.11],[-82.24,34.19],[-82.26,34.24],[-82.31,34.28],[-82.31,34.32],[-82.33,34.34],[-82.25,34.41],[-82.18,34.36],[-82.17,34.33]]]]}},
{"type":"Feature","properties":{"ugclist":"GAC001","locations":"Appling [GA]","utc_issue":"2024-09-26T17:45:00Z","utc_expire":"2024-09-26T18:15:00Z","utc_polygon_begin":"2024-09-26T17:45:00Z","utc_polygon_end":"2024-09-26T17:58:00Z","ph_sig":"TO.W","wfo":"JAX","eventid":62,"phenomena":"TO","significance":"W","nws_color":"#FF0000","event_label":"Tornado Warning","status":"NEW","product_id":"202409261745-KJAX-WFUS52-TORJAX","year":2024,"fcster":"SHASHY"},"geometry":{"type":"MultiPolygon","coordinates":[[[[-82.37,31.95],[-82.38,31.94],[-82.32,31.93],[-82.31,31.94],[-82.31,31.95],[-82.3,31.93],[-82.28,31.94],[-82.27,31.93],[-82.26,31.93],[-82.25,31.92],[-82.24,31.92],[-82.29,31.77],[-82.35,31.76],[-82.4,31.96],[-82.39,31.95],[-82.39,31.96],[-82.37,31.95]]]]}},
{"type":"Feature","properties":{"ugclist":"GAC279","locations":"Toombs [GA]","utc_issue":"2024-09-26T17:48:00Z","utc_expire":"2024-09-26T18:15:00Z","utc_polygon_begin":"2024-09-26T17:48:00Z","utc_polygon_end":"2024-09-26T18:12:00Z","ph_sig":"TO.W","wfo":"FFC","eventid":28,"phenomena":"TO","significance":"W","nws_color":"#FF0000","event_label":"Tornado Warning","status":"NEW","product_id":"202409261748-KFFC-WFUS52-TORFFC","year":2024,"fcster":null},"geometry":{"type":"MultiPolygon","coordinates":[[[[-82.26,31.93],[-82.27,31.93],[-82.28,31.94],[-82.3,31.93],[-82.31,31.95],[-82.31,31.93],[-82.38,31.94],[-82.38,31.95],[-82.39,31.96],[-82.39,31.95],[-82.4,31.96],[-82.41,32.0],[-82.21,32.02],[-82.24,31.91],[-82.26,31.93]]]]}},
{"type":"Feature","properties":{"ugclist":"FLC013","locations":"Calhoun [FL]","utc_issue":"2024-09-26T17:51:00Z","utc_expire":"2024-09-26T18:15:00Z","utc_polygon_begin":"2024-09-26T17:51:00Z","utc_polygon_end":"2024-09-26T18:09:00Z","ph_sig":"TO.W","wfo":"TAE","eventid":91,"phenomena":"TO","significance":"W","nws_color":"#FF0000","event_label":"Tornado Warning","status":"NEW","product_id":"202409261751-KTAE-WFUS52-TORTAE","year":2024,"fcster":"16-WORSTER"},"geometry":{"type":"MultiPolygon","coordinates":[[[[-85.28,30.5],[-85.13,30.33],[-85.22,30.27],[-85.39,30.39],[-85.39,30.44],[-85.28,30.5]]]]}},
{"type":"Feature","properties":{"ugclist":"GAC167, GAC175, GAC319","locations":"Johnson [GA], Laurens [GA], Wilkinson [GA]","utc_issue":"2024-09-26T17:56:00Z","utc_expire":"2024-09-26T18:11:00Z","utc_polygon_begin":"2024-09-26T17:56:00Z","utc_polygon_end":"2024-09-26T18:11:00Z","ph_sig":"TO.W","wfo":"FFC","eventid":29,"phenomena":"TO","significance":"W","nws_color":"#FF0000","event_label":"Tornado Warning","status":"NEW","product_id":"202409261756-KFFC-WFUS52-TORFFC","year":2024,"fcster":null},"geometry":{"type":"MultiPolygon","coordinates":[[[[-82.85,32.54],[-82.92,32.54],[-83.02,32.76],[-82.96,32.77],[-82.95,32.76],[-82.92,32.77],[-82.79,32.78],[-82.85,32.54]]]]}},
{"type":"Feature","properties":{"ugclist":"SCC017, SCC055, SCC063, SCC079","locations":"Calhoun [SC], Kershaw [SC], Lexington [SC], Richland [SC]","utc_issue":"2024-09-26T18:02:00Z","utc_expire":"2024-09-26T20:00:00Z","utc_polygon_begin":"2024-09-26T18:02:00Z","utc_polygon_end":"2024-09-26T18:40:00Z","ph_sig":"FF.W","wfo":"CAE","eventid":41,"phenomena":"FF","significance":"W","nws_color":"#8B0000","event_label":"Flash Flood Warning","status":"NEW","product_id":"202409261802-KCAE-WGUS52-FFWCAE","year":2024,"fcster":"LV"},"geometry":{"type":"MultiPolygon","coordinates":[[[[-81.19,34.18],[-81.18,34.18],[-81.18,34.19],[-80.9,34.25],[-80.76,34.18],[-80.74,34.03],[-80.76,33.9],[-80.81,33.78],[-81.17,33.66],[-81.25,33.92],[-81.26,34.14],[-81.19,34.18]]]]}},
{"type":"Feature","properties":{"ugclist":"GAC005, GAC069","locations":"Bacon [GA], Coffee [GA]","utc_issue":"2024-09-26T18:14:00Z","utc_expire":"2024-09-26T18:45:00Z","utc_polygon_begin":"2024-09-26T18:14:00Z","utc_polygon_end":"2024-09-26T18:42:00Z","ph_sig":"TO.W","wfo":"JAX","eventid":63,"phenomena":"TO","significance":"W","nws_color":"#FF0000","event_label":"Tornado Warning","status":"NEW","product_id":"202409261814-KJAX-WFUS52-TORJAX","year":2024,"fcster":"KB"},"geometry":{"type":"MultiPolygon","coordinates":[[[[-82.57,31.64],[-82.63,31.45],[-82.69,31.45],[-82.73,31.63],[-82.57,31.64]]]]}},
{"type":"Feature","properties":{"ugclist":"AMZ350, AMZ370","locations":"Coastal waters from South Santee River to Edisto Beach SC out 20 nm [], Waters from South Santee River SC to Edisto Beach SC extending from 20 nm to 40 nm []","utc_issue":"2024-09-26T18:17:00Z","utc_expire":"2024-09-26T19:00:00Z","utc_polygon_begin":"2024-09-26T18:17:00Z","utc_polygon_end":"2024-09-26T18:54:00Z","ph_sig":"MA.W","wfo":"CHS","eventid":145,"phenomena":"MA","significance":"W","nws_color":"#FFA500","event_label":"Marine Warning","status":"NEW","product_id":"202409261817-KCHS-WHUS52-SMWCHS","year":2024,"fcster":"CPM"},"geometry":{"type":"MultiPolygon","coordinates":[[[[-79.78,32.59],[-79.65,32.63],[-79.49,32.62],[-79.51,32.28],[-79.69,32.27],[-79.78,32.59]]]]}},
{"type":"Feature","properties":{"ugclist":"GMZ750, GMZ752, GMZ755, GMZ770, GMZ772, GMZ775","locations":"Coastal waters from Okaloosa-Walton County Line to Mexico Beach out 20 NM [], Coastal Waters from Mexico Beach to Apalachicola out 20 NM [], Coastal Waters From  Ochlockonee River to Apalachicola FL out to 20 Nm [], Waters from Okaloosa-Walton County Line to Mexico Beach from 20 to 60 NM [], Waters from Mexico Beach to Apalachicola FL from 20 to 60 NM [], Waters from Suwannee River to Apalachicola FL from 20 to 60 NM []","utc_issue":"2024-09-26T18:17:00Z","utc_expire":"2024-09-26T21:15:00Z","utc_polygon_begin":"2024-09-26T18:17:00Z","utc_polygon_end":"2024-09-26T19:58:00Z","ph_sig":"MA.W","wfo":"TAE","eventid":326,"phenomena":"MA","significance":"W","nws_color":"#FFA500","event_label":"Marine Warning","status":"NEW","product_id":"202409261817-KTAE-WHUS52-SMWTAE","year":2024,"fcster":"IG3"},"geometry":{"type":"MultiPolygon","coordinates":[[[[-85.56,30.38],[-85.48,30.33],[-85.51,30.23],[-85.6,30.19],[-85.46,30.18],[-85.36,30.12],[-85.33,30.04],[-85.4,29.99],[-85.26,29.82],[-85.25,29.73],[-84.99,29.78],[-84.55,28.98],[-85.29,28.61],[-85.82,28.77],[-86.12,28.93],[-86.4,29.25],[-86.4,30.38],[-85.56,30.38]]]]}},
{"type":"Feature","properties":{"ugclist":"AMZ350, AMZ370, AMZ372","locations":"Coastal waters from South Santee River to Edisto Beach SC out 20 nm [], Waters from South Santee River SC to Edisto Beach SC extending from 20 nm to 40 nm [], Waters from Edisto Beach SC to Savannah GA extending from 20 nm to 40 nm []","utc_issue":"2024-09-26T18:21:00Z","utc_expire":"2024-09-26T19:00:00Z","utc_polygon_begin":"2024-09-26T18:21:00Z","utc_polygon_end":"2024-09-26T18:54:00Z","ph_sig":"MA.W","wfo":"CHS","eventid":146,"phenomena":"MA","significance":"W","nws_color":"#FFA500","event_label":"Marine Warning","status":"NEW","product_id":"202409261821-KCHS-WHUS52-SMWCHS","year":2024,"fcster":"BAH"},"geometry":{"type":"MultiPolygon","coordinates":[[[[-79.95,32.37],[-79.82,32.42],[-79.68,32.41],[-79.66,32.06],[-79.85,32.03],[-79.93,32.29],[-79.9,32.29],[-79.93,32.3],[-79.95,32.37]]]]}},
{"type":"Feature","properties":{"ugclist":"GAC069, GAC161","locations":"Coffee [GA], Jeff Davis [GA]","utc_issue":"2024-09-26T18:23:00Z","utc_expire":"2024-09-26T19:00:00Z","utc_polygon_begin":"2024-09-26T18:23:00Z","utc_polygon_end":"2024-09-26T18:44:00Z","ph_sig":"TO.W","wfo":"JAX","eventid":64,"phenomena":"TO","significance":"W","nws_color":"#FF0000","event_label":"Tornado Warning","status":"NEW","product_id":"202409261823-KJAX-WFUS52-TORJAX","year":2024,"fcster":"KB"},"geometry":{"type":"MultiPolygon","coordinates":[[[[-82.75,31.81],[-82.82,31.6],[-82.9,31.6],[-82.94,31.79],[-82.92,31.78],[-82.9,31.79],[-82.89,31.78],[-82.88,31.79],[-82.87,31.78],[-82.84,31.81],[-82.75,31.81]]]]}},
{"type":"Feature","properties":{"ugclist":"GAC271","locations":"Telfair [GA]","utc_issue":"2024-09-26T18:24:00Z","utc_expire":"2024-09-26T19:00:00Z","utc_polygon_begin":"2024-09-26T18:24:00Z","utc_polygon_end":"2024-09-26T18:38:00Z","ph_sig":"TO.W","wfo":"FFC","eventid":30,"phenomena":"TO","significance":"W","nws_color":"#FF0000","event_label":"Tornado Warning","status":"NEW","product_id":"202409261824-KFFC-WFUS52-TORFFC","year":2024,"fcster":null},"geometry":{"type":"MultiPolygon","coordinates":[[[[-82.92,31.78],[-82.94,31.79],[-82.95,31.81],[-82.84,31.81],[-82.86,31.8],[-82.86,31.78],[-82.89,31.78],[-82.9,31.79],[-82.92,31.78]]]]}},
{"type":"Feature","properties":{"ugclist":"GAC017, GAC155, GAC287","locations":"Ben Hill [GA], Irwin [GA], Turner [GA]","utc_issue":"2024-09-26T18:26:00Z","utc_expire":"2024-09-26T19:00:00Z","utc_polygon_begin":"2024-09-26T18:26:00Z","utc_polygon_end":"2024-09-26T18:43:00Z","ph_sig":"TO.W","wfo":"TAE","eventid":92,"phenomena":"TO","significance":"W","nws_color":"#FF0000","event_label":"Tornado Warning","status":"NEW","product_id":"202409261826-KTAE-WFUS52-TORTAE","year":2024,"fcster":"16-WORSTER"},"geometry":{"type":"MultiPolygon","coordinates":[[[[-83.44,31.85],[-83.33,31.84],[-83.29,31.65],[-83.5,31.61],[-83.6,31.85],[-83.44,31.85]]]]}},
{"type":"Feature","properties":{"ugclist":"GAC033, GAC073, GAC189, GAC245, SCC003, SCC037, SCC065","locations":"Burke [GA], Columbia [GA], McDuffie [GA], Richmond [GA], Aiken [SC], Edgefield [SC], McCormick [SC]","utc_issue":"2024-09-26T18:27:00Z","utc_expire":"2024-09-26T20:30:00Z","utc_polygon_begin":"2024-09-26T18:27:00Z","utc_polygon_end":"2024-09-26T20:25:00Z","ph_sig":"FF.W","wfo":"CAE","eventid":42,"phenomena":"FF","significance":"W","nws_color":"#8B0000","event_label":"Flash Flood Warning","status":"NEW","product_id":"202409261827-KCAE-WGUS52-FFWCAE","year":2024,"fcster":"LV"},"geometry":{"type":"MultiPolygon","coordinates":[[[[-82.4,33.66],[-82.23,33.69],[-82.22,33.69],[-82.21,33.7],[-82.04,33.69],[-81.93,33.49],[-81.97,33.35],[-82.07,32.92],[-82.12,32.88],[-82.15,32.81],[-82.21,32.8],[-82.32,32.83],[-82.27,32.94],[-82.29,33.06],[-82.23,33.23],[-82.26,33.26],[-82.35,33.31],[-82.43,33.57],[-82.4,33.66]]]]}},
{"type":"Feature","properties":{"ugclist":"GAC017, GAC155","locations":"Ben Hill [GA], Irwin [GA]","utc_issue":"2024-09-26T18:28:00Z","utc_expire":"2024-09-26T19:00:00Z","utc_polygon_begin":"2024-09-26T18:28:00Z","utc_polygon_end":"2024-09-26T18:41:00Z","ph_sig":"TO.W","wfo":"TAE","eventid":93,"phenomena":"TO","significance":"W","nws_color":"#FF0000","event_label":"Tornado Warning","status":"NEW","product_id":"202409261828-KTAE-WFUS52-TORTAE","year":2024,"fcster":"16-WORSTER"},"geometry":{"type":"MultiPolygon","coordinates":[[[[-83.0,31.66],[-83.01,31.66],[-83.01,31.64],[-83.03,31.63],[-83.05,31.61],[-83.25,31.6],[-83.3,31.84],[-83.21,31.84],[-83.18,31.85],[-83.15,31.83],[-83.14,31.83],[-83.13,31.81],[-83.11,31.81],[-83.11,31.82],[-83.03,31.78],[-82.99,31.78],[-83.0,31.66]]]]}},
{"type":"Feature","properties":{"ugclist":"GAC073, GAC181, SCC037, SCC065, SCC081","locations":"Columbia [GA], Lincoln [GA], Edgefield [SC], McCormick [SC], Saluda [SC]","utc_issue":"2024-09-26T18:30:00Z","utc_expire":"2024-09-26T20:30:00Z","utc_polygon_begin":"2024-09-26T18:30:00Z","utc_polygon_end":"2024-09-26T20:30:00Z","ph_sig":"FA.Y","wfo":"CAE","eventid":95,"phenomena":"FA","significance":"Y","nws_color":"#00FF7F","event_label":"Flood Advisory","status":"NEW","product_id":"202409261830-KCAE-WGUS82-FLSCAE","year":2024,"fcster":"LV"},"geometry":{"type":"MultiPolygon","coordinates":[[[[-82.59,34.01],[-82.48,34.08],[-82.33,34.06],[-82.31,33.97],[-82.24,34.02],[-82.17,33.97],[-82.05,33.98],[-82.05,33.97],[-82.05,33.95],[-82.01,33.96],[-81.95,34.04],[-81.83,34.03],[-81.87,33.68],[-82.2,33.7],[-82.48,33.64],[-82.6,33.83],[-82.57,33.86],[-82.6,33.86],[-82.65,33.98],[-82.57,33.96],[-82.59,34.01]]]]}},
{"type":"Feature","properties":{"ugclist":"FLC005, FLC133","locations":"Bay [FL], Washington [FL]","utc_issue":"2024-09-26T18:36:00Z","utc_expire":"2024-09-26T21:45:00Z","utc_polygon_begin":"2024-09-26T18:36:00Z","utc_polygon_end":"2024-09-26T21:45:00Z","ph_sig":"FF.W","wfo":"TAE","eventid":107,"phenomena":"FF","significance":"W","nws_color":"#8B0000","event_label":"Flash Flood Warning","status":"NEW","product_id":"202409261836-KTAE-WGUS52-FFWTAE","year":2024,"fcster":"IG3"},"geometry":{"type":"MultiPolygon","coordinates":[[[[-85.96,30.27],[-85.99,30.28],[-85.99,30.42],[-85.9,30.44],[-85.86,30.49],[-85.92,30.64],[-85.83,30.73],[-85.82,30.79],[-85.75,30.79],[-85.74,30.75],[-85.62,30.74],[-85.6,30.83],[-85.48,30.83],[-85.48,30.79],[-85.43,30.79],[-85.44,30.57],[-85.38,30.56],[-85.39,29.93],[-85.48,29.94],[-86.01,30.27],[-85.96,30.27]]]]}},
{"type":"Feature","properties":{"ugclist":"AMZ570, AMZ572","locations":"Flagler Beach to Volusia-Brevard County Line 20-60 nm [], Volusia-Brevard County Line to Sebastian Inlet 20-60 nm []","utc_issue":"2024-09-26T18:39:00Z","utc_expire":"2024-09-26T19:15:00Z","utc_polygon_begin":"2024-09-26T18:39:00Z","utc_polygon_end":"2024-09-26T19:15:00Z","ph_sig":"MA.W","wfo":"MLB","eventid":242,"phenomena":"MA","significance":"W","nws_color":"#FFA500","event_label":"Marine Warning","status":"NEW","product_id":"202409261839-KMLB-WHUS52-SMWMLB","year":2024,"fcster":"Haley"},"geometry":{"type":"MultiPolygon","coordinates":[[[[-80.11,28.64],[-80.22,28.61],[-80.26,28.66],[-80.25,28.68],[-80.27,28.73],[-80.3,28.75],[-80.31,28.78],[-80.33,28.81],[-80.46,28.98],[-80.15,29.05],[-80.11,28.64]]]]}},
{"type":"Feature","properties":{"ugclist":"GAC271","locations":"Telfair [GA]","utc_issue":"2024-09-26T18:40:00Z","utc_expire":"2024-09-26T19:15:00Z","utc_polygon_begin":"2024-09-26T18:40:00Z","utc_polygon_end":"2024-09-26T18:56:00Z","ph_sig":"TO.W","wfo":"FFC","eventid":31,"phenomena":"TO","significance":"W","nws_color":"#FF0000","event_label":"Tornado Warning","status":"NEW","product_id":"202409261840-KFFC-WFUS52-TORFFC","year":2024,"fcster":null},"geometry":{"type":"MultiPolygon","coordinates":[[[[-82.92,31.78],[-82.94,31.79],[-82.96,31.78],[-82.98,31.79],[-83.02,31.86],[-82.84,31.92],[-82.84,31.81],[-82.86,31.8],[-82.86,31.78],[-82.89,31.78],[-82.9,31.79],[-82.92,31.78]]]]}},
{"type":"Feature","properties":{"ugclist":"GAC069, GAC161","locations":"Coffee [GA], Jeff Davis [GA]","utc_issue":"2024-09-26T18:41:00Z","utc_expire":"2024-09-26T19:15:00Z","utc_polygon_begin":"2024-09-26T18:41:00Z","utc_polygon_end":"2024-09-26T18:55:00Z","ph_sig":"TO.W","wfo":"JAX","eventid":65,"phenomena":"TO","significance":"W","nws_color":"#FF0000","event_label":"Tornado Warning","status":"NEW","product_id":"202409261841-KJAX-WFUS52-TORJAX","year":2024,"fcster":"KB"},"geometry":{"type":"MultiPolygon","coordinates":[[[[-82.64,31.63],[-82.72,31.63],[-82.83,31.81],[-82.78,31.84],[-82.79,31.85],[-82.77,31.86],[-82.76,31.86],[-82.74,31.88],[-82.71,31.89],[-82.7,31.9],[-82.69,31.9],[-82.68,31.91],[-82.68,31.92],[-82.65,31.92],[-82.63,31.93],[-82.64,31.63]]]]}},
{"type":"Feature","properties":{"ugclist":"SCC059","locations":"Laurens [SC]","utc_issue":"2024-09-26T18:43:00Z","utc_expire":"2024-09-26T23:30:00Z","utc_polygon_begin":"2024-09-26T18:43:00Z","utc_polygon_end":"2024-09-26T23:16:00Z","ph_sig":"FF.W","wfo":"GSP","eventid":65,"phenomena":"FF","significance":"W","nws_color":"#8B0000","event_label":"Flash Flood Warning","status":"NEW","product_id":"202409261843-KGSP-WGUS52-FFWGSP","year":2024,"fcster":"CSH"},"geometry":{"type":"MultiPolygon","coordinates":[[[[-82.09,34.74],[-82.07,34.7],[-81.95,34.65],[-81.89,34.59],[-81.86,34.58],[-81.84,34.6],[-81.72,34.55],[-81.68,34.56],[-81.65,34.53],[-81.78,34.37],[-81.89,34.3],[-81.94,34.2],[-82.08,34.3],[-82.17,34.33],[-82.18,34.36],[-82.31,34.47],[-82.24,34.54],[-82.24,34.59],[-82.15,34.79],[-82.12,34.75],[-82.09,34.74]]]]}},
{"type":"Feature","properties":{"ugclist":"FLC013, FLC063","locations":"Calhoun [FL], Jackson [FL]","utc_issue":"2024-09-26T18:46:00Z","utc_expire":"2024-09-26T19:15:00Z","utc_polygon_begin":"2024-09-26T18:46:00Z","utc_polygon_end":"2024-09-26T18:57:00Z","ph_sig":"TO.W","wfo":"TAE","eventid":94,"phenomena":"TO","significance":"W","nws_color":"#FF0000","event_label":"Tornado Warning","status":"NEW","product_id":"202409261846-KTAE-WFUS52-TORTAE","year":2024,"fcster":"16-WORSTER"},"geometry":{"type":"MultiPolygon","coordinates":[[[[-85.36,30.58],[-85.2,30.69],[-85.0,30.44],[-85.02,30.43],[-85.03,30.42],[-85.02,30.42],[-85.01,30.41],[-85.09,30.36],[-85.36,30.58]]]]}},
{"type":"Feature","properties":{"ugclist":"GMZ033, GMZ034, GMZ035, GMZ044, GMZ055, GMZ075","locations":"Gulf waters from East Cape Sable to Chokoloskee 20 to 60 NM out and beyond 5 fathoms [], Gulf of Mexico including Dry Tortugas and Rebecca Shoal Channel [], Gulf of Mexico from West End of Seven Mile Bridge to Halfmoon Shoal out to 5 Fathoms [], Hawk Channel from west end of Seven Mile Bridge to Halfmoon Shoal out to the reef [], Straits of Florida from Halfmoon Shoal to 20 NM west of Dry Tortugas out 20 NM [], Straits of Florida from Halfmoon Shoal to 20 NM west of Dry Tortugas 20 to 60 NM out []","utc_issue":"2024-09-26T18:46:00Z","utc_expire":"2024-09-26T19:45:00Z","utc_polygon_begin":"2024-09-26T18:46:00Z","utc_polygon_end":"2024-09-26T19:42:00Z","ph_sig":"MA.W","wfo":"KEY","eventid":405,"phenomena":"MA","significance":"W","nws_color":"#FFA500","event_label":"Marine Warning","status":"NEW","product_id":"202409261846-KKEY-WHUS52-SMWKEY","year":2024,"fcster":"NB"},"geometry":{"type":"MultiPolygon","coordinates":[[[[-82.25,24.58],[-83.03,24.09],[-82.85,24.88],[-82.69,25.02],[-82.32,25.03],[-82.36,25.11],[-82.46,25.22],[-82.23,25.42],[-82.25,24.58]]]]}},
{"type":"Feature","properties":{"ugclist":"GAC271","locations":"Telfair [GA]","utc_issue":"2024-09-26T18:55:00Z","utc_expire":"2024-09-26T19:26:00Z","utc_polygon_begin":"2024-09-26T18:55:00Z","utc_polygon_end":"2024-09-26T19:15:00Z","ph_sig":"TO.W","wfo":"FFC","eventid":32,"phenomena":"TO","significance":"W","nws_color":"#FF0000","event_label":"Tornado Warning","status":"NEW","product_id":"202409261855-KFFC-WFUS52-TORFFC","year":2024,"fcster":null},"geometry":{"type":"MultiPolygon","coordinates":[[[[-82.84,31.81],[-82.94,31.8],[-83.03,32.01],[-82.81,32.03],[-82.84,31.81]]]]}},
{"type":"Feature","properties":{"ugclist":"GMZ755, GMZ775","locations":"Coastal Waters From  Ochlockonee River to Apalachicola FL out to 20 Nm [], Waters from Suwannee River to Apalachicola FL from 20 to 60 NM []","utc_issue":"2024-09-26T19:02:00Z","utc_expire":"2024-09-26T20:00:00Z","utc_polygon_begin":"2024-09-26T19:02:00Z","utc_polygon_end":"2024-09-26T20:00:00Z","ph_sig":"MA.W","wfo":"TAE","eventid":327,"phenomena":"MA","significance":"W","nws_color":"#FFA500","event_label":"Marine Warning","status":"NEW","product_id":"202409261902-KTAE-WHUS52-SMWTAE","year":2024,"fcster":"IG3"},"geometry":{"type":"MultiPolygon","coordinates":[[[[-84.05,29.73],[-84.03,29.73],[-84.01,29.71],[-83.99,29.7],[-83.76,29.34],[-84.04,29.18],[-84.75,29.64],[-84.33,29.91],[-84.05,29.73]]]]}},
{"type":"Feature","properties":{"ugclist":"GAC271, GAC309","locations":"Telfair [GA], Wheeler [GA]","utc_issue":"2024-09-26T19:04:00Z","utc_expire":"2024-09-26T19:30:00Z","utc_polygon_begin":"2024-09-26T19:04:00Z","utc_polygon_end":"2024-09-26T19:23:00Z","ph_sig":"TO.W","wfo":"FFC","eventid":33,"phenomena":"TO","significance":"W","nws_color":"#FF0000","event_label":"Tornado Warning","status":"NEW","product_id":"202409261904-KFFC-WFUS52-TORFFC","year":2024,"fcster":null},"geometry":{"type":"MultiPolygon","coordinates":[[[[-82.87,32.1],[-82.65,32.14],[-82.66,31.92],[-82.68,31.92],[-82.68,31.91],[-82.69,31.9],[-82.7,31.9],[-82.71,31.89],[-82.74,31.88],[-82.76,31.86],[-82.87,32.1]]]]}},
{"type":"Feature","properties":{"ugclist":"GAC035, GAC113, GAC151, GAC171, GAC207, GAC231, GAC255, GAC293","locations":"Butts [GA], Fayette [GA], Henry [GA], Lamar [GA], Monroe [GA], Pike [GA], Spalding [GA], Upson [GA]","utc_issue":"2024-09-26T19:11:00Z","utc_expire":"2024-09-27T01:15:00Z","utc_polygon_begin":"2024-09-26T19:11:00Z","utc_polygon_end":"2024-09-26T22:25:00Z","ph_sig":"FF.W","wfo":"FFC","eventid":52,"phenomena":"FF","significance":"W","nws_color":"#8B0000","event_label":"Flash Flood Warning","status":"NEW","product_id":"202409261911-KFFC-WGUS52-FFWFFC","year":2024,"fcster":null},"geometry":{"type":"MultiPolygon","coordinates":[[[[-84.47,33.01],[-84.44,33.33],[-84.39,33.36],[-84.39,33.35],[-84.35,33.35],[-84.35,33.39],[-84.2,33.5],[-84.04,33.51],[-84.03,33.49],[-84.02,33.5],[-83.98,33.49],[-84.03,33.06],[-84.26,32.76],[-84.35,32.78],[-84.47,33.01]]]]}},
{"type":"Feature","properties":{"ugclist":"AMZ352, AMZ372","locations":"Coastal waters from Edisto Beach SC to Savannah GA out 20 nm [], Waters from Edisto Beach SC to Savannah GA extending from 20 nm to 40 nm []","utc_issue":"2024-09-26T19:14:00Z","utc_expire":"2024-09-26T20:00:00Z","utc_polygon_begin":"2024-09-26T19:14:00Z","utc_polygon_end":"2024-09-26T19:50:00Z","ph_sig":"MA.W","wfo":"CHS","eventid":147,"phenomena":"MA","significance":"W","nws_color":"#FFA500","event_label":"Marine Warning","status":"NEW","product_id":"202409261914-KCHS-WHUS52-SMWCHS","year":2024,"fcster":"CPM"},"geometry":{"type":"MultiPolygon","coordinates":[[[[-80.33,32.22],[-80.19,32.28],[-79.98,32.26],[-79.97,31.84],[-80.03,31.78],[-80.07,31.76],[-80.11,31.75],[-80.33,32.22]]]]}},
{"type":"Feature","properties":{"ugclist":"FLC013, FLC045","locations":"Calhoun [FL], Gulf [FL]","utc_issue":"2024-09-26T19:16:00Z","utc_expire":"2024-09-26T21:45:00Z","utc_polygon_begin":"2024-09-26T19:16:00Z","utc_polygon_end":"2024-09-26T21:45:00Z","ph_sig":"FF.W","wfo":"TAE","eventid":108,"phenomena":"FF","significance":"W","nws_color":"#8B0000","event_label":"Flash Flood Warning","status":"NEW","product_id":"202409261916-KTAE-WGUS52-FFWTAE","year":2024,"fcster":"IG3"},"geometry":{"type":"MultiPolygon","coordinates":[[[[-85.39,29.92],[-85.4,30.04],[-85.43,30.04],[-85.41,30.02],[-85.47,30.01],[-85.47,30.03],[-85.42,30.11],[-85.41,30.1],[-85.44,30.06],[-85.39,30.05],[-85.39,30.06],[-85.38,30.57],[-85.17,30.57],[-85.16,30.05],[-85.36,29.87],[-85.47,29.91],[-85.47,29.97],[-85.39,29.92]]]]}},
{"type":"Feature","properties":{"ugclist":"GAC091, GAC271, GAC309","locations":"Dodge [GA], Telfair [GA], Wheeler [GA]","utc_issue":"2024-09-26T19:18:00Z","utc_expire":"2024-09-26T19:45:00Z","utc_polygon_begin":"2024-09-26T19:18:00Z","utc_polygon_end":"2024-09-26T19:32:00Z","ph_sig":"TO.W","wfo":"FFC","eventid":34,"phenomena":"TO","significance":"W","nws_color":"#FF0000","event_label":"Tornado Warning","status":"NEW","product_id":"202409261918-KFFC-WFUS52-TORFFC","year":2024,"fcster":null},"geometry":{"type":"MultiPolygon","coordinates":[[[[-82.92,31.95],[-83.0,32.15],[-83.0,32.16],[-82.99,32.15],[-82.9,32.19],[-82.76,32.2],[-82.85,31.95],[-82.92,31.95]]]]}},
{"type":"Feature","properties":{"ugclist":"GAC063, GAC089, GAC113, GAC121, GAC135, GAC151","locations":"Clayton [GA], DeKalb [GA], Fayette [GA], Fulton [GA], Gwinnett [GA], Henry [GA]","utc_issue":"2024-09-26T19:18:00Z","utc_expire":"2024-09-27T01:15:00Z","utc_polygon_begin":"2024-09-26T19:18:00Z","utc_polygon_end":"2024-09-26T22:26:00Z","ph_sig":"FF.W","wfo":"FFC","eventid":53,"phenomena":"FF","significance":"W","nws_color":"#8B0000","event_label":"Flash Flood Warning","status":"NEW","product_id":"202409261918-KFFC-WGUS52-FFWFFC","year":2024,"fcster":null},"geometry":{"type":"MultiPolygon","coordinates":[[[[-84.52,33.53],[-84.5,33.71],[-84.41,33.94],[-84.38,33.96],[-84.38,33.97],[-84.39,33.97],[-84.38,33.98],[-84.38,33.99],[-84.39,33.99],[-84.38,34.01],[-84.07,34.02],[-84.1,33.84],[-84.25,33.66],[-84.2,33.5],[-84.33,33.4],[-84.52,33.53]]]]}},
{"type":"Feature","properties":{"ugclist":"GAC271, GAC309","locations":"Telfair [GA], Wheeler [GA]","utc_issue":"2024-09-26T19:20:00Z","utc_expire":"2024-09-26T19:45:00Z","utc_polygon_begin":"2024-09-26T19:20:00Z","utc_polygon_end":"2024-09-26T19:33:00Z","ph_sig":"TO.W","wfo":"FFC","eventid":35,"phenomena":"TO","significance":"W","nws_color":"#FF0000","event_label":"Tornado Warning","status":"NEW","product_id":"202409261920-KFFC-WFUS52-TORFFC","year":2024,"fcster":null},"geometry":{"type":"MultiPolygon","coordinates":[[[[-82.82,32.15],[-82.61,32.16],[-82.61,32.15],[-82.63,32.13],[-82.62,32.12],[-82.62,32.11],[-82.65,31.92],[-82.75,31.92],[-82.82,32.15]]]]}},
{"type":"Feature","properties":{"ugclist":"AMZ570","locations":"Flagler Beach to Volusia-Brevard County Line 20-60 nm []","utc_issue":"2024-09-26T19:22:00Z","utc_expire":"2024-09-26T19:45:00Z","utc_polygon_begin":"2024-09-26T19:22:00Z","utc_polygon_end":"2024-09-26T19:45:00Z","ph_sig":"MA.W","wfo":"MLB","eventid":243,"phenomena":"MA","significance":"W","nws_color":"#FFA500","event_label":"Marine Warning","status":"NEW","product_id":"202409261922-KMLB-WHUS52-SMWMLB","year":2024,"fcster":"Haley"},"geometry":{"type":"MultiPolygon","coordinates":[[[[-80.25,29.48],[-80.19,29.07],[-80.38,29.02],[-80.65,29.48],[-80.25,29.48]]]]}},
{"type":"Feature","properties":{"ugclist":"FLC063, FLC133","locations":"Jackson [FL], Washington [FL]","utc_issue":"2024-09-26T19:43:00Z","utc_expire":"2024-09-26T20:15:00Z","utc_polygon_begin":"2024-09-26T19:43:00Z","utc_polygon_end":"2024-09-26T20:14:00Z","ph_sig":"TO.W","wfo":"TAE","eventid":95,"phenomena":"TO","significance":"W","nws_color":"#FF0000","event_label":"Tornado Warning","status":"NEW","product_id":"202409261943-KTAE-WFUS52-TORTAE","year":2024,"fcster":"16-WORSTER"},"geometry":{"type":"MultiPolygon","coordinates":[[[[-85.34,30.66],[-85.46,30.65],[-85.57,30.87],[-85.33,30.9],[-85.34,30.66]]]]}},
{"type":"Feature","properties":{"ugclist":"AMZ350","locations":"Coastal waters from South Santee River to Edisto Beach SC out 20 nm []","utc_issue":"2024-09-26T19:54:00Z","utc_expire":"2024-09-26T20:45:00Z","utc_polygon_begin":"2024-09-26T19:54:00Z","utc_polygon_end":"2024-09-26T20:41:00Z","ph_sig":"MA.W","wfo":"CHS","eventid":148,"phenomena":"MA","significance":"W","nws_color":"#FFA500","event_label":"Marine Warning","status":"NEW","product_id":"202409261954-KCHS-WHUS52-SMWCHS","year":2024,"fcster":"CPM"},"geometry":{"type":"MultiPolygon","coordinates":[[[[-79.67,32.89],[-79.64,32.91],[-79.43,32.92],[-79.48,32.62],[-79.65,32.62],[-79.67,32.89]]]]}},
{"type":"Feature","properties":{"ugclist":"GMZ752, GMZ755, GMZ775","locations":"Coastal Waters from Mexico Beach to Apalachicola out 20 NM [], Coastal Waters From  Ochlockonee River to Apalachicola FL out to 20 Nm [], Waters from Suwannee River to Apalachicola FL from 20 to 60 NM []","utc_issue":"2024-09-26T20:01:00Z","utc_expire":"2024-09-26T21:30:00Z","utc_polygon_begin":"2024-09-26T20:01:00Z","utc_polygon_end":"2024-09-26T20:48:00Z","ph_sig":"MA.W","wfo":"TAE","eventid":328,"phenomena":"MA","significance":"W","nws_color":"#FFA500","event_label":"Marine Warning","status":"NEW","product_id":"202409262001-KTAE-WHUS52-SMWTAE","year":2024,"fcster":"IG3"},"geometry":{"type":"MultiPolygon","coordinates":[[[[-84.33,29.89],[-84.42,29.12],[-85.48,29.74],[-85.39,29.93],[-85.35,29.93],[-85.26,29.82],[-85.25,29.73],[-85.04,29.76],[-84.86,29.86],[-84.8,29.81],[-84.5,29.95],[-84.33,29.89]]]]}},
{"type":"Feature","properties":{"ugclist":"GAC181, SCC037, SCC065, SCC081","locations":"Lincoln [GA], Edgefield [SC], McCormick [SC], Saluda [SC]","utc_issue":"2024-09-26T20:02:00Z","utc_expire":"2024-09-26T22:00:00Z","utc_polygon_begin":"2024-09-26T20:02:00Z","utc_polygon_end":"2024-09-26T21:29:00Z","ph_sig":"FF.W","wfo":"CAE","eventid":43,"phenomena":"FF","significance":"W","nws_color":"#8B0000","event_label":"Flash Flood Warning","status":"NEW","product_id":"202409262002-KCAE-WGUS52-FFWCAE","year":2024,"fcster":"LV"},"geometry":{"type":"MultiPolygon","coordinates":[[[[-82.48,34.08],[-82.45,34.06],[-82.33,34.06],[-82.31,33.97],[-82.24,34.02],[-82.17,33.97],[-82.15,33.99],[-82.05,33.98],[-82.05,33.97],[-82.05,33.95],[-82.01,33.96],[-81.95,34.04],[-81.83,34.03],[-81.87,33.68],[-82.2,33.7],[-82.28,33.69],[-82.31,33.7],[-82.35,33.69],[-82.39,33.67],[-82.52,34.07],[-82.48,34.08]]]]}},
{"type":"Feature","properties":{"ugclist":"FLC127","locations":"Volusia [FL]","utc_issue":"2024-09-26T20:25:00Z","utc_expire":"2024-09-26T20:45:00Z","utc_polygon_begin":"2024-09-26T20:25:00Z","utc_polygon_end":"2024-09-26T20:36:00Z","ph_sig":"TO.W","wfo":"MLB","eventid":23,"phenomena":"TO","significance":"W","nws_color":"#FF0000","event_label":"Tornado Warning","status":"NEW","product_id":"202409262025-KMLB-WFUS52-TORMLB","year":2024,"fcster":"Haley"},"geometry":{"type":"MultiPolygon","coordinates":[[[[-81.12,29.22],[-81.09,28.83],[-81.12,28.83],[-81.13,28.82],[-81.2,28.79],[-81.21,28.81],[-81.23,28.83],[-81.24,28.83],[-81.36,28.98],[-81.36,28.99],[-81.37,28.99],[-81.47,29.11],[-81.12,29.22]]]]}},
{"type":"Feature","properties":{"ugclist":"FLC015, FLC115","locations":"Charlotte [FL], Sarasota [FL]","utc_issue":"2024-09-26T20:37:00Z","utc_expire":"2024-09-26T21:00:00Z","utc_polygon_begin":"2024-09-26T20:37:00Z","utc_polygon_end":"2024-09-26T20:44:00Z","ph_sig":"TO.W","wfo":"TBW","eventid":34,"phenomena":"TO","significance":"W","nws_color":"#FF0000","event_label":"Tornado Warning","status":"NEW","product_id":"202409262037-KTBW-WFUS52-TORTBW","year":2024,"fcster":"TBW"},"geometry":{"type":"MultiPolygon","coordinates":[[[[-82.5,27.06],[-82.54,27.19],[-82.18,27.18],[-82.23,26.8],[-82.34,26.79],[-82.5,27.06]]]]}},
{"type":"Feature","properties":{"ugclist":"TNC059, TNC171, TNC179","locations":"Greene [TN], Unicoi [TN], Washington [TN]","utc_issue":"2024-09-27T13:34:00Z","utc_expire":"2024-09-28T23:49:00Z","utc_polygon_begin":"2024-09-26T20:40:00Z","utc_polygon_end":"2024-09-26T20:40:00Z","ph_sig":"FL.W","wfo":"MRX","eventid":11,"phenomena":"FL","significance":"W","nws_color":"#00FF00","event_label":"Flood Warning","status":"NEW","product_id":"202409261452-KMRX-WGUS44-FLWMRX","year":2024,"fcster":"GC"},"geometry":{"type":"MultiPolygon","coordinates":[[[[-82.95,36.02],[-82.98,36.19],[-82.42,36.25],[-82.39,36.1],[-82.45,36.05],[-82.52,36.13],[-82.95,36.02]]]]}},
{"type":"Feature","properties":{"ugclist":"AMZ350, AMZ370","locations":"Coastal waters from South Santee River to Edisto Beach SC out 20 nm [], Waters from South Santee River SC to Edisto Beach SC extending from 20 nm to 40 nm []","utc_issue":"2024-09-26T20:41:00Z","utc_expire":"2024-09-26T21:30:00Z","utc_polygon_begin":"2024-09-26T20:41:00Z","utc_polygon_end":"2024-09-26T21:23:00Z","ph_sig":"MA.W","wfo":"CHS","eventid":149,"phenomena":"MA","significance":"W","nws_color":"#FFA500","event_label":"Marine Warning","status":"NEW","product_id":"202409262041-KCHS-WHUS52-SMWCHS","year":2024,"fcster":"CPM"},"geometry":{"type":"MultiPolygon","coordinates":[[[[-79.8,32.35],[-79.76,32.82],[-79.74,32.83],[-79.72,32.86],[-79.71,32.87],[-79.64,32.91],[-79.65,32.94],[-79.65,32.97],[-79.59,33.04],[-79.49,33.06],[-79.48,33.04],[-79.47,33.03],[-79.4,33.03],[-79.45,32.26],[-79.8,32.28],[-79.8,32.35]]]]}},
{"type":"Feature","properties":{"ugclist":"FLC037, FLC045","locations":"Franklin [FL], Gulf [FL]","utc_issue":"2024-09-26T20:45:00Z","utc_expire":"2024-09-26T21:15:00Z","utc_polygon_begin":"2024-09-26T20:45:00Z","utc_polygon_end":"2024-09-26T21:15:00Z","ph_sig":"TO.W","wfo":"TAE","eventid":96,"phenomena":"TO","significance":"W","nws_color":"#FF0000","event_label":"Tornado Warning","status":"NEW","product_id":"202409262045-KTAE-WFUS52-TORTAE","year":2024,"fcster":"16-WORSTER"},"geometry":{"type":"MultiPolygon","coordinates":[[[[-85.04,29.88],[-84.95,30.01],[-84.9,30.01],[-84.65,29.82],[-84.71,29.75],[-85.04,29.88]]]]}},
{"type":"Feature","properties":{"ugclist":"ALC061, ALC069, FLC059, FLC063, FLC133","locations":"Geneva [AL], Houston [AL], Holmes [FL], Jackson [FL], Washington [FL]","utc_issue":"2024-09-26T20:45:00Z","utc_expire":"2024-09-26T23:45:00Z","utc_polygon_begin":"2024-09-26T20:45:00Z","utc_polygon_end":"2024-09-26T23:45:00Z","ph_sig":"FF.W","wfo":"TAE","eventid":109,"phenomena":"FF","significance":"W","nws_color":"#8B0000","event_label":"Flash Flood Warning","status":"NEW","product_id":"202409262045-KTAE-WGUS52-FFWTAE","year":2024,"fcster":"IG3"},"geometry":{"type":"MultiPolygon","coordinates":[[[[-85.83,31.2],[-85.79,31.2],[-85.72,31.2],[-85.71,31.2],[-85.31,31.2],[-85.3,31.0],[-85.3,30.57],[-85.44,30.57],[-85.83,30.72],[-85.83,31.2]]]]}},
{"type":"Feature","properties":{"ugclist":"GAC089, GAC121","locations":"DeKalb [GA], Fulton [GA]","utc_issue":"2024-09-26T22:57:00Z","utc_expire":"2024-09-27T15:00:00Z","utc_polygon_begin":"2024-09-26T20:47:00Z","utc_polygon_end":"2024-09-26T20:47:00Z","ph_sig":"FL.W","wfo":"FFC","eventid":230,"phenomena":"FL","significance":"W","nws_color":"#00FF00","event_label":"Flood Warning","status":"NEW","product_id":"202409261524-KFFC-WGUS42-FLWFFC","year":2024,"fcster":null},"geometry":{"type":"MultiPolygon","coordinates":[[[[-84.38,33.91],[-84.34,33.86],[-84.4,33.84],[-84.44,33.88],[-84.38,33.91]]]]}},
{"type":"Feature","properties":{"ugclist":"NCC063, NCC183","locations":"Durham [NC], Wake [NC]","utc_issue":"2024-09-26T20:53:00Z","utc_expire":"2024-09-27T00:00:00Z","utc_polygon_begin":"2024-09-26T20:53:00Z","utc_polygon_end":"2024-09-27T00:00:00Z","ph_sig":"FA.Y","wfo":"RAH","eventid":148,"phenomena":"FA","significance":"Y","nws_color":"#00FF7F","event_label":"Flood Advisory","status":"NEW","product_id":"202409262053-KRAH-WGUS82-FLSRAH","year":2024,"fcster":"Leins"},"geometry":{"type":"MultiPolygon","coordinates":[[[[-79.0,35.94],[-78.95,36.01],[-78.83,36.06],[-78.72,36.04],[-78.62,35.97],[-78.53,35.86],[-78.51,35.72],[-78.54,35.65],[-78.65,35.56],[-78.71,35.53],[-78.83,35.6],[-78.94,35.69],[-78.95,35.74],[-78.91,35.87],[-78.98,35.87],[-79.01,35.93],[-79.0,35.94]]]]}},
{"type":"Feature","properties":{"ugclist":"FLC081, FLC115","locations":"Manatee [FL], Sarasota [FL]","utc_issue":"2024-09-26T20:57:00Z","utc_expire":"2024-09-26T21:15:00Z","utc_polygon_begin":"2024-09-26T20:57:00Z","utc_polygon_end":"2024-09-26T21:05:00Z","ph_sig":"TO.W","wfo":"TBW","eventid":35,"phenomena":"TO","significance":"W","nws_color":"#FF0000","event_label":"Tornado Warning","status":"NEW","product_id":"202409262057-KTBW-WFUS52-TORTBW","year":2024,"fcster":"TBW"},"geometry":{"type":"MultiPolygon","coordinates":[[[[-82.19,27.12],[-82.39,27.12],[-82.52,27.59],[-82.07,27.59],[-82.19,27.12]]]]}},
{"type":"Feature","properties":{"ugclist":"NCC039, NCC043, TNC009, TNC019, TNC025, TNC029, TNC057, TNC059, TNC063, TNC067, TNC073, TNC089, TNC091, TNC093, TNC105, TNC123, TNC139, TNC155, TNC163, TNC171, TNC173, TNC179, VAC105, VAC167, VAC169, VAC191, VAC195, VAC520, VAC720","locations":"Cherokee [NC], Clay [NC], Blount [TN], Carter [TN], Claiborne [TN], Cocke [TN], Grainger [TN], Greene [TN], Hamblen [TN], Hancock [TN], Hawkins [TN], Jefferson [TN], Johnson [TN], Knox [TN], Loudon [TN], Monroe [TN], Polk [TN], Sevier [TN], Sullivan [TN], Unicoi [TN], Union [TN], Washington [TN], Lee [VA], Russell [VA], Scott [VA], Washington [VA], Wise [VA], City of Bristol [VA], City of Norton [VA]","utc_issue":"2024-09-26T20:59:00Z","utc_expire":"2024-09-27T08:51:00Z","utc_polygon_begin":"2024-09-26T20:59:00Z","utc_polygon_end":"2024-09-27T08:51:00Z","ph_sig":"FA.W","wfo":"MRX","eventid":8,"phenomena":"FA","significance":"W","nws_color":"#00FF00","event_label":"Flood Warning","status":"NEW","product_id":"202409262059-KMRX-WGUS44-FLWMRX","year":2024,"fcster":"DGS"},"geometry":{"type":"MultiPolygon","coordinates":[[[[-83.86,36.59],[-83.14,36.74],[-82.55,37.2],[-82.36,36.96],[-81.9,37.14],[-81.82,37.04],[-81.61,36.64],[-81.71,36.34],[-82.56,35.95],[-82.67,36.05],[-82.98,35.78],[-83.5,35.56],[-83.88,35.52],[-84.02,35.41],[-84.0,35.24],[-84.0,35.23],[-83.71,35.26],[-83.74,35.16],[-83.48,34.99],[-84.45,34.99],[-83.86,36.59]]]]}},
{"type":"Feature","properties":{"ugclist":"FLC015, FLC027, FLC071, FLC115","locations":"Charlotte [FL], DeSoto [FL], Lee [FL], Sarasota [FL]","utc_issue":"2024-09-26T21:06:00Z","utc_expire":"2024-09-26T21:30:00Z","utc_polygon_begin":"2024-09-26T21:06:00Z","utc_polygon_end":"2024-09-26T21:15:00Z","ph_sig":"TO.W","wfo":"TBW","eventid":36,"phenomena":"TO","significance":"W","nws_color":"#FF0000","event_label":"Tornado Warning","status":"NEW","product_id":"202409262106-KTBW-WFUS52-TORTBW","year":2024,"fcster":"TBW"},"geometry":{"type":"MultiPolygon","coordinates":[[[[-82.09,26.63],[-82.3,26.61],[-82.52,27.11],[-81.93,27.12],[-82.09,26.63]]]]}},
{"type":"Feature","properties":{"ugclist":"FLC037, FLC045, FLC077","locations":"Franklin [FL], Gulf [FL], Liberty [FL]","utc_issue":"2024-09-26T21:07:00Z","utc_expire":"2024-09-26T21:45:00Z","utc_polygon_begin":"2024-09-26T21:07:00Z","utc_polygon_end":"2024-09-26T21:45:00Z","ph_sig":"TO.W","wfo":"TAE","eventid":97,"phenomena":"TO","significance":"W","nws_color":"#FF0000","event_label":"Tornado Warning","status":"NEW","product_id":"202409262107-KTAE-WFUS52-TORTAE","year":2024,"fcster":"16-WORSTER"},"geometry":{"type":"MultiPolygon","coordinates":[[[[-84.86,29.99],[-84.92,29.87],[-85.28,29.99],[-85.17,30.18],[-84.86,29.99]]]]}},
{"type":"Feature","properties":{"ugclist":"NCC003, NCC035, NCC097","locations":"Alexander [NC], Catawba [NC], Iredell [NC]","utc_issue":"2024-09-26T21:07:00Z","utc_expire":"2024-09-27T16:12:00Z","utc_polygon_begin":"2024-09-26T21:07:00Z","utc_polygon_end":"2024-09-27T16:12:00Z","ph_sig":"FA.Y","wfo":"GSP","eventid":168,"phenomena":"FA","significance":"Y","nws_color":"#00FF7F","event_label":"Flood Advisory","status":"NEW","product_id":"202409262107-KGSP-WGUS82-FLSGSP","year":2024,"fcster":"JMP"},"geometry":{"type":"MultiPolygon","coordinates":[[[[-81.14,35.85],[-81.11,35.81],[-81.07,35.76],[-81.05,35.74],[-81.07,35.72],[-81.09,35.72],[-81.09,35.73],[-81.12,35.76],[-81.16,35.81],[-81.19,35.81],[-81.2,35.84],[-81.14,35.85]]]]}},
{"type":"Feature","properties":{"ugclist":"ALC031, ALC045, ALC061, ALC069, FLC005, FLC013, FLC037, FLC039, FLC045, FLC059, FLC063, FLC073, FLC077, FLC129, FLC131, FLC133, GAC087, GAC253","locations":"Coffee [AL], Dale [AL], Geneva [AL], Houston [AL], Bay [FL], Calhoun [FL], Franklin [FL], Gadsden [FL], Gulf [FL], Holmes [FL], Jackson [FL], Leon [FL], Liberty [FL], Wakulla [FL], Walton [FL], Washington [FL], Decatur [GA], Seminole [GA]","utc_issue":"2024-09-26T21:17:00Z","utc_expire":"2024-09-27T05:15:00Z","utc_polygon_begin":"2024-09-26T21:17:00Z","utc_polygon_end":"2024-09-27T05:15:00Z","ph_sig":"FF.W","wfo":"TAE","eventid":110,"phenomena":"FF","significance":"W","nws_color":"#8B0000","event_label":"Flash Flood Warning","status":"NEW","product_id":"202409262117-KTAE-WGUS52-FFWTAE","year":2024,"fcster":"IG3"},"geometry":{"type":"MultiPolygon","coordinates":[[[[-85.83,31.31],[-85.19,31.31],[-84.51,30.23],[-84.52,29.84],[-84.65,29.75],[-84.85,29.65],[-85.03,29.57],[-85.38,29.65],[-85.47,29.91],[-86.0,30.25],[-85.82,30.71],[-85.83,31.31]]]]}},
{"type":"Feature","properties":{"ugclist":"FLC015, FLC027, FLC081, FLC115","locations":"Charlotte [FL], DeSoto [FL], Manatee [FL], Sarasota [FL]","utc_issue":"2024-09-26T21:25:00Z","utc_expire":"2024-09-26T21:45:00Z","utc_polygon_begin":"2024-09-26T21:25:00Z","utc_polygon_end":"2024-09-26T21:33:00Z","ph_sig":"TO.W","wfo":"TBW","eventid":37,"phenomena":"TO","significance":"W","nws_color":"#FF0000","event_label":"Tornado Warning","status":"NEW","product_id":"202409262125-KTBW-WFUS52-TORTBW","year":2024,"fcster":"TBW"},"geometry":{"type":"MultiPolygon","coordinates":[[[[-82.03,26.93],[-82.25,26.93],[-82.4,27.32],[-81.87,27.32],[-82.03,26.93]]]]}},
{"type":"Feature","properties":{"ugclist":"NCC183","locations":"Wake [NC]","utc_issue":"2024-09-26T21:27:00Z","utc_expire":"2024-09-26T22:00:00Z","utc_polygon_begin":"2024-09-26T21:27:00Z","utc_polygon_end":"2024-09-26T21:36:00Z","ph_sig":"TO.W","wfo":"RAH","eventid":40,"phenomena":"TO","significance":"W","nws_color":"#FF0000","event_label":"Tornado Warning","status":"NEW","product_id":"202409262127-KRAH-WFUS52-TORRAH","year":2024,"fcster":"1"},"geometry":{"type":"MultiPolygon","coordinates":[[[[-78.59,35.83],[-78.63,35.82],[-78.75,35.93],[-78.55,35.99],[-78.59,35.83]]]]}},
{"type":"Feature","properties":{"ugclist":"FLC109","locations":"St. Johns [FL]","utc_issue":"2024-09-26T21:31:00Z","utc_expire":"2024-09-26T21:45:00Z","utc_polygon_begin":"2024-09-26T21:31:00Z","utc_polygon_end":"2024-09-26T21:39:00Z","ph_sig":"TO.W","wfo":"JAX","eventid":66,"phenomena":"TO","significance":"W","nws_color":"#FF0000","event_label":"Tornado Warning","status":"NEW","product_id":"202409262131-KJAX-WFUS52-TORJAX","year":2024,"fcster":"NELSON"},"geometry":{"type":"MultiPolygon","coordinates":[[[[-81.45,29.62],[-81.55,29.82],[-81.39,29.86],[-81.36,29.63],[-81.45,29.62]]]]}},
{"type":"Feature","properties":{"ugclist":"FLC109","locations":"St. Johns [FL]","utc_issue":"2024-09-26T21:43:00Z","utc_expire":"2024-09-26T22:00:00Z","utc_polygon_begin":"2024-09-26T21:43:00Z","utc_polygon_end":"2024-09-26T21:50:00Z","ph_sig":"TO.W","wfo":"JAX","eventid":67,"phenomena":"TO","significance":"W","nws_color":"#FF0000","event_label":"Tornado Warning","status":"NEW","product_id":"202409262143-KJAX-WFUS52-TORJAX","year":2024,"fcster":"NELSON"},"geometry":{"type":"MultiPolygon","coordinates":[[[[-81.4,29.77],[-81.48,29.75],[-81.61,29.98],[-81.45,30.01],[-81.4,29.77]]]]}},
{"type":"Feature","properties":{"ugclist":"SCC043, SCC089","locations":"Georgetown [SC], Williamsburg [SC]","utc_issue":"2024-09-26T21:43:00Z","utc_expire":"2024-09-26T22:15:00Z","utc_polygon_begin":"2024-09-26T21:43:00Z","utc_polygon_end":"2024-09-26T21:54:00Z","ph_sig":"TO.W","wfo":"ILM","eventid":32,"phenomena":"TO","significance":"W","nws_color":"#FF0000","event_label":"Tornado Warning","status":"NEW","product_id":"202409262143-KILM-WFUS52-TORILM","year":2024,"fcster":"TRA"},"geometry":{"type":"MultiPolygon","coordinates":[[[[-79.3,33.21],[-79.36,33.19],[-79.61,33.62],[-79.3,33.68],[-79.3,33.21]]]]}},
{"type":"Feature","properties":{"ugclist":"FLC015, FLC027, FLC115","locations":"Charlotte [FL], DeSoto [FL], Sarasota [FL]","utc_issue":"2024-09-26T21:44:00Z","utc_expire":"2024-09-26T22:00:00Z","utc_polygon_begin":"2024-09-26T21:44:00Z","utc_polygon_end":"2024-09-26T21:54:00Z","ph_sig":"TO.W","wfo":"TBW","eventid":38,"phenomena":"TO","significance":"W","nws_color":"#FF0000","event_label":"Tornado Warning","status":"NEW","product_id":"202409262144-KTBW-WFUS52-TORTBW","year":2024,"fcster":"TBW"},"geometry":{"type":"MultiPolygon","coordinates":[[[[-81.98,26.91],[-82.22,26.9],[-82.3,27.2],[-81.87,27.21],[-81.98,26.91]]]]}},
{"type":"Feature","properties":{"ugclist":"FLC027, FLC049, FLC081","locations":"DeSoto [FL], Hardee [FL], Manatee [FL]","utc_issue":"2024-09-26T21:46:00Z","utc_expire":"2024-09-26T22:00:00Z","utc_polygon_begin":"2024-09-26T21:46:00Z","utc_polygon_end":"2024-09-26T21:52:00Z","ph_sig":"TO.W","wfo":"TBW","eventid":39,"phenomena":"TO","significance":"W","nws_color":"#FF0000","event_label":"Tornado Warning","status":"NEW","product_id":"202409262146-KTBW-WFUS52-TORTBW","year":2024,"fcster":"TBW"},"geometry":{"type":"MultiPolygon","coordinates":[[[[-81.97,27.24],[-82.18,27.24],[-82.32,27.6],[-81.84,27.6],[-81.97,27.24]]]]}},
{"type":"Feature","properties":{"ugclist":"NCC063, NCC077, NCC183","locations":"Durham [NC], Granville [NC], Wake [NC]","utc_issue":"2024-09-26T21:51:00Z","utc_expire":"2024-09-26T22:13:00Z","utc_polygon_begin":"2024-09-26T21:51:00Z","utc_polygon_end":"2024-09-26T22:00:00Z","ph_sig":"TO.W","wfo":"RAH","eventid":41,"phenomena":"TO","significance":"W","nws_color":"#FF0000","event_label":"Tornado Warning","status":"NEW","product_id":"202409262151-KRAH-WFUS52-TORRAH","year":2024,"fcster":"1"},"geometry":{"type":"MultiPolygon","coordinates":[[[[-78.71,36.16],[-78.67,36.11],[-78.62,35.96],[-78.69,35.94],[-78.8,36.05],[-78.76,36.09],[-78.75,36.11],[-78.73,36.13],[-78.71,36.16]]]]}},
{"type":"Feature","properties":{"ugclist":"NCC071, NCC119","locations":"Gaston [NC], Mecklenburg [NC]","utc_issue":"2024-09-26T21:54:00Z","utc_expire":"2024-09-28T00:30:00Z","utc_polygon_begin":"2024-09-26T21:54:00Z","utc_polygon_end":"2024-09-27T10:09:00Z","ph_sig":"FF.W","wfo":"GSP","eventid":66,"phenomena":"FF","significance":"W","nws_color":"#8B0000","event_label":"Flash Flood Warning","status":"NEW","product_id":"202409262154-KGSP-WGUS52-FFWGSP","year":2024,"fcster":"JMP"},"geometry":{"type":"MultiPolygon","coordinates":[[[[-81.03,35.28],[-81.02,35.32],[-80.99,35.36],[-81.0,35.38],[-80.98,35.39],[-80.98,35.4],[-80.96,35.4],[-80.96,35.41],[-80.96,35.42],[-80.96,35.43],[-80.94,35.43],[-80.94,35.39],[-80.91,35.37],[-80.9,35.36],[-80.91,35.34],[-80.97,35.32],[-80.99,35.29],[-80.99,35.23],[-81.03,35.22],[-81.03,35.28]]]]}},
{"type":"Feature","properties":{"ugclist":"FLC109","locations":"St. Johns [FL]","utc_issue":"2024-09-26T21:55:00Z","utc_expire":"2024-09-26T22:01:00Z","utc_polygon_begin":"2024-09-26T21:55:00Z","utc_polygon_end":"2024-09-26T22:01:00Z","ph_sig":"TO.W","wfo":"JAX","eventid":68,"phenomena":"TO","significance":"W","nws_color":"#FF0000","event_label":"Tornado Warning","status":"NEW","product_id":"202409262155-KJAX-WFUS52-TORJAX","year":2024,"fcster":"NELSON"},"geometry":{"type":"MultiPolygon","coordinates":[[[[-81.44,29.89],[-81.53,29.87],[-81.67,30.12],[-81.64,30.13],[-81.6,30.13],[-81.58,30.12],[-81.54,30.12],[-81.54,30.1],[-81.5,30.1],[-81.44,29.89]]]]}},
{"type":"Feature","properties":{"ugclist":"AMZ352, AMZ354, AMZ372, AMZ374","locations":"Coastal waters from Edisto Beach SC to Savannah GA out 20 nm [], Coastal waters from Savannah GA to Altamaha Sound GA out 20 nm ...including Grays Reef National Marine Sanctuary [], Waters from Edisto Beach SC to Savannah GA extending from 20 nm to 40 nm [], Waters from Savannah GA to Altamaha Sound GA extending from 20 nm to 60 nm []","utc_issue":"2024-09-26T22:04:00Z","utc_expire":"2024-09-26T22:45:00Z","utc_polygon_begin":"2024-09-26T22:04:00Z","utc_polygon_end":"2024-09-26T22:24:00Z","ph_sig":"MA.W","wfo":"CHS","eventid":150,"phenomena":"MA","significance":"W","nws_color":"#FFA500","event_label":"Marine Warning","status":"NEW","product_id":"202409262204-KCHS-WHUS52-SMWCHS","year":2024,"fcster":"CPM"},"geometry":{"type":"MultiPolygon","coordinates":[[[[-80.79,31.95],[-80.55,32.07],[-80.49,31.92],[-80.45,31.85],[-80.4,31.73],[-80.51,31.68],[-80.79,31.95]]]]}},
{"type":"Feature","properties":{"ugclist":"SCC079","locations":"Richland [SC]","utc_issue":"2024-09-26T22:05:00Z","utc_expire":"2024-09-27T01:00:00Z","utc_polygon_begin":"2024-09-26T22:05:00Z","utc_polygon_end":"2024-09-26T23:41:00Z","ph_sig":"FA.W","wfo":"CAE","eventid":2,"phenomena":"FA","significance":"W","nws_color":"#00FF00","event_label":"Flood Warning","status":"NEW","product_id":"202409262205-KCAE-WGUS42-FLWCAE","year":2024,"fcster":"LV"},"geometry":{"type":"MultiPolygon","coordinates":[[[[-80.99,33.95],[-80.98,33.99],[-80.97,33.99],[-80.97,34.0],[-80.97,34.01],[-80.97,34.03],[-80.95,34.02],[-80.96,34.0],[-80.96,33.99],[-80.97,33.98],[-80.98,33.94],[-80.99,33.93],[-80.99,33.95]]]]}},
{"type":"Feature","properties":{"ugclist":"AMZ452, AMZ454","locations":"Coastal waters from Fernandina Beach to St. Augustine FL out 20 NM [], Coastal waters from St. Augustine to Flagler Beach FL out 20 NM []","utc_issue":"2024-09-26T22:07:00Z","utc_expire":"2024-09-26T22:51:00Z","utc_polygon_begin":"2024-09-26T22:07:00Z","utc_polygon_end":"2024-09-26T22:51:00Z","ph_sig":"MA.W","wfo":"JAX","eventid":205,"phenomena":"MA","significance":"W","nws_color":"#FFA500","event_label":"Marine Warning","status":"NEW","product_id":"202409262207-KJAX-WHUS52-SMWJAX","year":2024,"fcster":"NELSON"},"geometry":{"type":"MultiPolygon","coordinates":[[[[-81.51,30.4],[-81.5,30.41],[-81.09,30.54],[-81.06,30.36],[-80.93,29.88],[-80.78,29.5],[-81.15,29.47],[-81.51,30.4]]]]}},
{"type":"Feature","properties":{"ugclist":"FLC015, FLC027, FLC081, FLC115","locations":"Charlotte [FL], DeSoto [FL], Manatee [FL], Sarasota [FL]","utc_issue":"2024-09-26T22:08:00Z","utc_expire":"2024-09-26T22:45:00Z","utc_polygon_begin":"2024-09-26T22:08:00Z","utc_polygon_end":"2024-09-26T22:29:00Z","ph_sig":"TO.W","wfo":"TBW","eventid":40,"phenomena":"TO","significance":"W","nws_color":"#FF0000","event_label":"Tornado Warning","status":"NEW","product_id":"202409262208-KTBW-WFUS52-TORTBW","year":2024,"fcster":"TBW"},"geometry":{"type":"MultiPolygon","coordinates":[[[[-82.03,26.84],[-82.19,26.85],[-82.24,27.33],[-81.97,27.32],[-82.03,26.84]]]]}},
{"type":"Feature","properties":{"ugclist":"SCC043, SCC089","locations":"Georgetown [SC], Williamsburg [SC]","utc_issue":"2024-09-26T22:09:00Z","utc_expire":"2024-09-26T23:27:00Z","utc_polygon_begin":"2024-09-26T22:09:00Z","utc_polygon_end":"2024-09-26T23:27:00Z","ph_sig":"FF.W","wfo":"ILM","eventid":41,"phenomena":"FF","significance":"W","nws_color":"#8B0000","event_label":"Flash Flood Warning","status":"NEW","product_id":"202409262209-KILM-WGUS52-FFWILM","year":2024,"fcster":"TRA"},"geometry":{"type":"MultiPolygon","coordinates":[[[[-79.69,33.81],[-79.68,33.81],[-79.47,33.78],[-79.35,33.15],[-79.4,33.18],[-79.43,33.21],[-79.45,33.22],[-79.46,33.24],[-79.48,33.24],[-79.49,33.24],[-79.55,33.25],[-79.55,33.26],[-79.56,33.26],[-79.56,33.27],[-79.66,33.3],[-79.76,33.83],[-79.69,33.81]]]]}},
{"type":"Feature","properties":{"ugclist":"AMZ352","locations":"Coastal waters from Edisto Beach SC to Savannah GA out 20 nm []","utc_issue":"2024-09-26T22:21:00Z","utc_expire":"2024-09-26T23:00:00Z","utc_polygon_begin":"2024-09-26T22:21:00Z","utc_polygon_end":"2024-09-26T22:51:00Z","ph_sig":"MA.W","wfo":"CHS","eventid":151,"phenomena":"MA","significance":"W","nws_color":"#FFA500","event_label":"Marine Warning","status":"NEW","product_id":"202409262221-KCHS-WHUS52-SMWCHS","year":2024,"fcster":"CPM"},"geometry":{"type":"MultiPolygon","coordinates":[[[[-80.42,32.3],[-80.22,32.4],[-80.13,32.19],[-80.16,32.13],[-80.19,32.1],[-80.2,32.08],[-80.42,32.3]]]]}},
{"type":"Feature","properties":{"ugclist":"FLC015, FLC027, FLC071","locations":"Charlotte [FL], DeSoto [FL], Lee [FL]","utc_issue":"2024-09-26T22:29:00Z","utc_expire":"2024-09-26T23:00:00Z","utc_polygon_begin":"2024-09-26T22:29:00Z","utc_polygon_end":"2024-09-26T22:43:00Z","ph_sig":"TO.W","wfo":"TBW","eventid":41,"phenomena":"TO","significance":"W","nws_color":"#FF0000","event_label":"Tornado Warning","status":"NEW","product_id":"202409262229-KTBW-WFUS52-TORTBW","year":2024,"fcster":"TBW"},"geometry":{"type":"MultiPolygon","coordinates":[[[[-81.92,26.76],[-82.06,26.74],[-82.01,27.19],[-81.78,27.18],[-81.92,26.76]]]]}},
{"type":"Feature","properties":{"ugclist":"NCC161","locations":"Rutherford [NC]","utc_issue":"2024-09-26T22:29:00Z","utc_expire":"2024-09-27T07:30:00Z","utc_polygon_begin":"2024-09-26T22:29:00Z","utc_polygon_end":"2024-09-27T07:30:00Z","ph_sig":"FF.W","wfo":"GSP","eventid":67,"phenomena":"FF","significance":"W","nws_color":"#8B0000","event_label":"Flash Flood Warning","status":"NEW","product_id":"202409262229-KGSP-WGUS52-FFWGSP","year":2024,"fcster":"JMP"},"geometry":{"type":"MultiPolygon","coordinates":[[[[-82.01,35.34],[-81.95,35.27],[-81.89,35.23],[-81.84,35.22],[-81.75,35.24],[-81.76,35.21],[-81.82,35.19],[-81.89,35.19],[-81.94,35.22],[-81.97,35.24],[-81.97,35.26],[-81.99,35.27],[-82.12,35.39],[-82.14,35.4],[-82.19,35.41],[-82.18,35.44],[-82.12,35.44],[-82.01,35.34]]]]}},
{"type":"Feature","properties":{"ugclist":"VAC185","locations":"Tazewell [VA]","utc_issue":"2024-09-26T22:30:00Z","utc_expire":"2024-09-27T13:26:00Z","utc_polygon_begin":"2024-09-26T22:30:00Z","utc_polygon_end":"2024-09-27T02:07:00Z","ph_sig":"FL.W","wfo":"RNK","eventid":28,"phenomena":"FL","significance":"W","nws_color":"#00FF00","event_label":"Flood Warning","status":"NEW","product_id":"202409261305-KRNK-WGUS41-FLWRNK","year":2024,"fcster":"16"},"geometry":{"type":"MultiPolygon","coordinates":[[[[-81.82,37.05],[-81.89,37.11],[-81.54,37.2],[-81.46,37.13],[-81.71,37.04],[-81.82,37.05]]]]}},
{"type":"Feature","properties":{"ugclist":"SCC043, SCC089","locations":"Georgetown [SC], Williamsburg [SC]","utc_issue":"2024-09-26T22:33:00Z","utc_expire":"2024-09-26T23:15:00Z","utc_polygon_begin":"2024-09-26T22:33:00Z","utc_polygon_end":"2024-09-26T22:49:00Z","ph_sig":"TO.W","wfo":"ILM","eventid":33,"phenomena":"TO","significance":"W","nws_color":"#FF0000","event_label":"Tornado Warning","status":"NEW","product_id":"202409262233-KILM-WFUS52-TORILM","year":2024,"fcster":"TRA"},"geometry":{"type":"MultiPolygon","coordinates":[[[[-79.43,33.53],[-79.63,33.8],[-79.61,33.8],[-79.5,33.78],[-79.44,33.78],[-79.43,33.8],[-79.4,33.8],[-79.38,33.82],[-79.35,33.81],[-79.33,33.8],[-79.32,33.79],[-79.36,33.55],[-79.43,33.53]]]]}},
{"type":"Feature","properties":{"ugclist":"AMZ352","locations":"Coastal waters from Edisto Beach SC to Savannah GA out 20 nm []","utc_issue":"2024-09-26T22:33:00Z","utc_expire":"2024-09-26T23:15:00Z","utc_polygon_begin":"2024-09-26T22:33:00Z","utc_polygon_end":"2024-09-26T23:05:00Z","ph_sig":"MA.W","wfo":"CHS","eventid":152,"phenomena":"MA","significance":"W","nws_color":"#FFA500","event_label":"Marine Warning","status":"NEW","product_id":"202409262233-KCHS-WHUS52-SMWCHS","year":2024,"fcster":"CPM"},"geometry":{"type":"MultiPolygon","coordinates":[[[[-80.85,32.15],[-80.81,32.15],[-80.8,32.14],[-80.76,32.16],[-80.68,32.24],[-80.65,32.26],[-80.46,31.95],[-80.56,31.9],[-80.61,31.92],[-80.85,32.15]]]]}},
{"type":"Feature","properties":{"ugclist":"GAC007, GAC037, GAC095, GAC205","locations":"Baker [GA], Calhoun [GA], Dougherty [GA], Mitchell [GA]","utc_issue":"2024-09-26T22:38:00Z","utc_expire":"2024-09-26T23:15:00Z","utc_polygon_begin":"2024-09-26T22:38:00Z","utc_polygon_end":"2024-09-26T22:57:00Z","ph_sig":"TO.W","wfo":"TAE","eventid":98,"phenomena":"TO","significance":"W","nws_color":"#FF0000","event_label":"Tornado Warning","status":"NEW","product_id":"202409262238-KTAE-WFUS52-TORTAE","year":2024,"fcster":"16-WORSTER"},"geometry":{"type":"MultiPolygon","coordinates":[[[[-84.11,31.33],[-84.2,31.25],[-84.59,31.44],[-84.4,31.62],[-84.36,31.62],[-84.11,31.33]]]]}},
{"type":"Feature","properties":{"ugclist":"VAC065","locations":"Fluvanna [VA]","utc_issue":"2024-09-26T22:40:00Z","utc_expire":"2024-09-27T06:14:00Z","utc_polygon_begin":"2024-09-26T22:40:00Z","utc_polygon_end":"2024-09-26T23:13:00Z","ph_sig":"FL.W","wfo":"AKQ","eventid":42,"phenomena":"FL","significance":"W","nws_color":"#00FF00","event_label":"Flood Warning","status":"NEW","product_id":"202409261915-KAKQ-WGUS41-FLWAKQ","year":2024,"fcster":"Zimmerman"},"geometry":{"type":"MultiPolygon","coordinates":[[[[-78.3,37.99],[-78.14,37.81],[-78.2,37.75],[-78.39,37.9],[-78.3,37.99]]]]}},
{"type":"Feature","properties":{"ugclist":"FLC057, FLC105","locations":"Hillsborough [FL], Polk [FL]","utc_issue":"2024-09-26T22:47:00Z","utc_expire":"2024-09-26T23:00:00Z","utc_polygon_begin":"2024-09-26T22:47:00Z","utc_polygon_end":"2024-09-26T22:56:00Z","ph_sig":"TO.W","wfo":"TBW","eventid":42,"phenomena":"TO","significance":"W","nws_color":"#FF0000","event_label":"Tornado Warning","status":"NEW","product_id":"202409262247-KTBW-WFUS52-TORTBW","year":2024,"fcster":"TBW"},"geometry":{"type":"MultiPolygon","coordinates":[[[[-82.01,27.76],[-82.08,27.77],[-82.17,28.08],[-81.85,28.06],[-82.01,27.76]]]]}},
{"type":"Feature","properties":{"ugclist":"AMZ350","locations":"Coastal waters from South Santee River to Edisto Beach SC out 20 nm []","utc_issue":"2024-09-26T22:55:00Z","utc_expire":"2024-09-26T23:45:00Z","utc_polygon_begin":"2024-09-26T22:55:00Z","utc_polygon_end":"2024-09-26T23:37:00Z","ph_sig":"MA.W","wfo":"CHS","eventid":153,"phenomena":"MA","significance":"W","nws_color":"#FFA500","event_label":"Marine Warning","status":"NEW","product_id":"202409262255-KCHS-WHUS52-SMWCHS","year":2024,"fcster":"NED"},"geometry":{"type":"MultiPolygon","coordinates":[[[[-80.15,32.6],[-80.01,32.64],[-79.91,32.7],[-79.9,32.71],[-79.78,32.43],[-80.0,32.35],[-80.15,32.6]]]]}},
{"type":"Feature","properties":{"ugclist":"SCC047, SCC071, SCC081","locations":"Greenwood [SC], Newberry [SC], Saluda [SC]","utc_issue":"2024-09-28T03:36:00Z","utc_expire":"2024-09-29T16:31:00Z","utc_polygon_begin":"2024-09-26T22:56:00Z","utc_polygon_end":"2024-09-26T22:56:00Z","ph_sig":"FL.W","wfo":"CAE","eventid":46,"phenomena":"FL","significance":"W","nws_color":"#00FF00","event_label":"Flood Warning","status":"NEW","product_id":"202409262239-KCAE-WGUS42-FLWCAE","year":2024,"fcster":"LV"},"geometry":{"type":"MultiPolygon","coordinates":[[[[-81.9,34.17],[-81.68,34.2],[-81.69,34.12],[-81.87,34.14],[-81.9,34.17]]]]}},
{"type":"Feature","properties":{"ugclist":"SCC015, SCC019, SCC035","locations":"Berkeley [SC], Charleston [SC], Dorchester [SC]","utc_issue":"2024-09-26T23:04:00Z","utc_expire":"2024-09-26T23:30:00Z","utc_polygon_begin":"2024-09-26T23:04:00Z","utc_polygon_end":"2024-09-26T23:19:00Z","ph_sig":"TO.W","wfo":"CHS","eventid":25,"phenomena":"TO","significance":"W","nws_color":"#FF0000","event_label":"Tornado Warning","status":"NEW","product_id":"202409262304-KCHS-WFUS52-TORCHS","year":2024,"fcster":"NED"},"geometry":{"type":"MultiPolygon","coordinates":[[[[-80.19,32.95],[-80.02,33.01],[-79.95,32.82],[-79.89,32.68],[-80.02,32.6],[-80.19,32.95]]]]}},
{"type":"Feature","properties":{"ugclist":"GAC007, GAC037, GAC095, GAC273","locations":"Baker [GA], Calhoun [GA], Dougherty [GA], Terrell [GA]","utc_issue":"2024-09-26T23:11:00Z","utc_expire":"2024-09-26T23:45:00Z","utc_polygon_begin":"2024-09-26T23:11:00Z","utc_polygon_end":"2024-09-26T23:45:00Z","ph_sig":"TO.W","wfo":"TAE","eventid":99,"phenomena":"TO","significance":"W","nws_color":"#FF0000","event_label":"Tornado Warning","status":"NEW","product_id":"202409262311-KTAE-WFUS52-TORTAE","year":2024,"fcster":"16-WORSTER"},"geometry":{"type":"MultiPolygon","coordinates":[[[[-84.23,31.44],[-84.36,31.35],[-84.66,31.54],[-84.56,31.62],[-84.55,31.62],[-84.43,31.72],[-84.23,31.44]]]]}},
{"type":"Feature","properties":{"ugclist":"SCC015, SCC019, SCC035","locations":"Berkeley [SC], Charleston [SC], Dorchester [SC]","utc_issue":"2024-09-26T23:12:00Z","utc_expire":"2024-09-27T01:15:00Z","utc_polygon_begin":"2024-09-26T23:12:00Z","utc_polygon_end":"2024-09-27T01:15:00Z","ph_sig":"FA.Y","wfo":"CHS","eventid":81,"phenomena":"FA","significance":"Y","nws_color":"#00FF7F","event_label":"Flood Advisory","status":"NEW","product_id":"202409262312-KCHS-WGUS82-FLSCHS","year":2024,"fcster":"ST"},"geometry":{"type":"MultiPolygon","coordinates":[[[[-80.15,32.88],[-80.19,32.96],[-79.97,33.01],[-79.81,32.73],[-79.84,32.73],[-79.86,32.68],[-79.87,32.67],[-79.87,32.66],[-79.97,32.6],[-80.01,32.58],[-80.02,32.58],[-80.15,32.88]]]]}},
{"type":"Feature","properties":{"ugclist":"VAC047, VAC137, VAC177","locations":"Culpeper [VA], Orange [VA], Spotsylvania [VA]","utc_issue":"2024-09-26T23:13:00Z","utc_expire":"2024-09-27T01:04:00Z","utc_polygon_begin":"2024-09-26T23:13:00Z","utc_polygon_end":"2024-09-27T01:04:00Z","ph_sig":"FL.W","wfo":"LWX","eventid":38,"phenomena":"FL","significance":"W","nws_color":"#00FF00","event_label":"Flood Warning","status":"NEW","product_id":"202409261620-KLWX-WGUS41-FLWLWX","year":2024,"fcster":"Geiger"},"geometry":{"type":"MultiPolygon","coordinates":[[[[-78.1,38.29],[-78.08,38.34],[-77.86,38.42],[-77.62,38.39],[-77.62,38.33],[-77.89,38.33],[-78.03,38.28],[-78.1,38.29]]]]}},
{"type":"Feature","properties":{"ugclist":"AMZ352","locations":"Coastal waters from Edisto Beach SC to Savannah GA out 20 nm []","utc_issue":"2024-09-26T23:15:00Z","utc_expire":"2024-09-26T23:45:00Z","utc_polygon_begin":"2024-09-26T23:15:00Z","utc_polygon_end":"2024-09-26T23:38:00Z","ph_sig":"MA.W","wfo":"CHS","eventid":154,"phenomena":"MA","significance":"W","nws_color":"#FFA500","event_label":"Marine Warning","status":"NEW","product_id":"202409262315-KCHS-WHUS52-SMWCHS","year":2024,"fcster":"CPM"},"geometry":{"type":"MultiPolygon","coordinates":[[[[-80.48,32.41],[-80.5,32.47],[-80.56,32.52],[-80.57,32.56],[-80.57,32.58],[-80.56,32.59],[-80.52,32.59],[-80.45,32.53],[-80.45,32.55],[-80.43,32.6],[-80.42,32.61],[-80.32,32.39],[-80.41,32.35],[-80.48,32.41]]]]}},
{"type":"Feature","properties":{"ugclist":"NCC023, NCC111","locations":"Burke [NC], McDowell [NC]","utc_issue":"2024-09-26T23:18:00Z","utc_expire":"2024-09-27T10:52:00Z","utc_polygon_begin":"2024-09-26T23:18:00Z","utc_polygon_end":"2024-09-27T10:52:00Z","ph_sig":"FA.Y","wfo":"GSP","eventid":169,"phenomena":"FA","significance":"Y","nws_color":"#00FF7F","event_label":"Flood Advisory","status":"NEW","product_id":"202409262318-KGSP-WGUS82-FLSGSP","year":2024,"fcster":"JMP"},"geometry":{"type":"MultiPolygon","coordinates":[[[[-81.9,35.79],[-81.86,35.81],[-81.78,35.76],[-81.79,35.73],[-81.82,35.72],[-81.91,35.72],[-81.93,35.73],[-82.02,35.68],[-82.06,35.72],[-81.96,35.77],[-81.9,35.77],[-81.9,35.79]]]]}},
{"type":"Feature","properties":{"ugclist":"FLC015, FLC027, FLC049, FLC081, FLC115","locations":"Charlotte [FL], DeSoto [FL], Hardee [FL], Manatee [FL], Sarasota [FL]","utc_issue":"2024-09-26T23:19:00Z","utc_expire":"2024-09-26T23:45:00Z","utc_polygon_begin":"2024-09-26T23:19:00Z","utc_polygon_end":"2024-09-26T23:38:00Z","ph_sig":"TO.W","wfo":"TBW","eventid":43,"phenomena":"TO","significance":"W","nws_color":"#FF0000","event_label":"Tornado Warning","status":"NEW","product_id":"202409262319-KTBW-WFUS52-TORTBW","year":2024,"fcster":"TBW"},"geometry":{"type":"MultiPolygon","coordinates":[[[[-82.06,27.53],[-81.72,27.53],[-82.02,26.92],[-82.08,26.92],[-82.06,27.53]]]]}},
{"type":"Feature","properties":{"ugclist":"SCC007, SCC045, SCC059, SCC083","locations":"Anderson [SC], Greenville [SC], Laurens [SC], Spartanburg [SC]","utc_issue":"2024-09-26T23:21:00Z","utc_expire":"2024-09-27T04:15:00Z","utc_polygon_begin":"2024-09-26T23:21:00Z","utc_polygon_end":"2024-09-27T03:56:00Z","ph_sig":"FF.W","wfo":"GSP","eventid":68,"phenomena":"FF","significance":"W","nws_color":"#8B0000","event_label":"Flash Flood Warning","status":"NEW","product_id":"202409262321-KGSP-WGUS52-FFWGSP","year":2024,"fcster":"TBW"},"geometry":{"type":"MultiPolygon","coordinates":[[[[-82.49,34.87],[-82.37,34.92],[-81.82,35.09],[-81.75,34.93],[-81.71,34.91],[-81.78,34.84],[-81.86,34.58],[-82.07,34.7],[-82.15,34.79],[-82.24,34.54],[-82.74,34.21],[-82.75,34.27],[-82.78,34.3],[-82.86,34.46],[-82.9,34.49],[-82.99,34.48],[-82.79,34.67],[-82.49,34.82],[-82.49,34.87]]]]}},
{"type":"Feature","properties":{"ugclist":"GAC049, GAC065, GAC299","locations":"Charlton [GA], Clinch [GA], Ware [GA]","utc_issue":"2024-09-26T23:23:00Z","utc_expire":"2024-09-26T23:47:00Z","utc_polygon_begin":"2024-09-26T23:23:00Z","utc_polygon_end":"2024-09-26T23:39:00Z","ph_sig":"TO.W","wfo":"JAX","eventid":69,"phenomena":"TO","significance":"W","nws_color":"#FF0000","event_label":"Tornado Warning","status":"NEW","product_id":"202409262323-KJAX-WFUS52-TORJAX","year":2024,"fcster":"KB"},"geometry":{"type":"MultiPolygon","coordinates":[[[[-82.67,31.19],[-82.69,31.21],[-82.68,31.28],[-82.66,31.29],[-82.63,31.27],[-82.63,31.3],[-82.51,31.3],[-82.37,31.0],[-82.44,30.96],[-82.69,31.16],[-82.69,31.18],[-82.67,31.19]]]]}},
{"type":"Feature","properties":{"ugclist":"FLC129","locations":"Wakulla [FL]","utc_issue":"2024-09-26T23:33:00Z","utc_expire":"2024-09-30T14:20:00Z","utc_polygon_begin":"2024-09-26T23:33:00Z","utc_polygon_end":"2024-09-27T06:19:00Z","ph_sig":"FL.W","wfo":"TAE","eventid":86,"phenomena":"FL","significance":"W","nws_color":"#00FF00","event_label":"Flood Warning","status":"NEW","product_id":"202409261310-KTAE-WGUS42-FLWTAE","year":2024,"fcster":null},"geometry":{"type":"MultiPolygon","coordinates":[[[[-84.53,30.27],[-84.47,30.19],[-84.44,30.0],[-84.54,30.01],[-84.53,30.17],[-84.6,30.25],[-84.53,30.27]]]]}},
{"type":"Feature","properties":{"ugclist":"NCC023, NCC027","locations":"Burke [NC], Caldwell [NC]","utc_issue":"2024-09-26T23:36:00Z","utc_expire":"2024-09-27T17:16:00Z","utc_polygon_begin":"2024-09-26T23:36:00Z","utc_polygon_end":"2024-09-27T17:16:00Z","ph_sig":"FA.Y","wfo":"GSP","eventid":170,"phenomena":"FA","significance":"Y","nws_color":"#00FF7F","event_label":"Flood Advisory","status":"NEW","product_id":"202409262336-KGSP-WGUS82-FLSGSP","year":2024,"fcster":"JMP"},"geometry":{"type":"MultiPolygon","coordinates":[[[[-81.48,35.8],[-81.43,35.79],[-81.37,35.77],[-81.37,35.76],[-81.37,35.75],[-81.38,35.75],[-81.38,35.74],[-81.43,35.76],[-81.48,35.76],[-81.58,35.76],[-81.63,35.77],[-81.66,35.77],[-81.66,35.8],[-81.62,35.8],[-81.55,35.8],[-81.48,35.8]]]]}},
{"type":"Feature","properties":{"ugclist":"GAC135","locations":"Gwinnett [GA]","utc_issue":"2024-09-26T23:38:00Z","utc_expire":"2024-09-27T15:41:00Z","utc_polygon_begin":"2024-09-26T23:38:00Z","utc_polygon_end":"2024-09-27T11:42:00Z","ph_sig":"FL.W","wfo":"FFC","eventid":236,"phenomena":"FL","significance":"W","nws_color":"#00FF00","event_label":"Flood Warning","status":"NEW","product_id":"202409262338-KFFC-WGUS42-FLWFFC","year":2024,"fcster":null},"geometry":{"type":"MultiPolygon","coordinates":[[[[-84.06,33.95],[-84.0,33.97],[-83.98,33.9],[-84.04,33.88],[-84.08,33.89],[-84.09,33.92],[-84.06,33.95]]]]}},
{"type":"Feature","properties":{"ugclist":"GAC089","locations":"DeKalb [GA]","utc_issue":"2024-09-26T23:40:00Z","utc_expire":"2024-09-27T19:52:00Z","utc_polygon_begin":"2024-09-26T23:40:00Z","utc_polygon_end":"2024-09-27T11:36:00Z","ph_sig":"FL.W","wfo":"FFC","eventid":237,"phenomena":"FL","significance":"W","nws_color":"#00FF00","event_label":"Flood Warning","status":"NEW","product_id":"202409262340-KFFC-WGUS42-FLWFFC","year":2024,"fcster":null},"geometry":{"type":"MultiPolygon","coordinates":[[[[-84.34,33.86],[-84.29,33.89],[-84.25,33.85],[-84.31,33.81],[-84.34,33.86]]]]}},
{"type":"Feature","properties":{"ugclist":"FLC015, FLC027","locations":"Charlotte [FL], DeSoto [FL]","utc_issue":"2024-09-26T23:46:00Z","utc_expire":"2024-09-27T00:01:00Z","utc_polygon_begin":"2024-09-26T23:46:00Z","utc_polygon_end":"2024-09-26T23:58:00Z","ph_sig":"TO.W","wfo":"TBW","eventid":44,"phenomena":"TO","significance":"W","nws_color":"#FF0000","event_label":"Tornado Warning","status":"NEW","product_id":"202409262346-KTBW-WFUS52-TORTBW","year":2024,"fcster":"TBW"},"geometry":{"type":"MultiPolygon","coordinates":[[[[-81.95,26.84],[-82.03,26.86],[-82.03,27.2],[-81.83,27.2],[-81.95,26.84]]]]}},
{"type":"Feature","properties":{"ugclist":"FLC015, FLC027","locations":"Charlotte [FL], DeSoto [FL]","utc_issue":"2024-09-26T23:47:00Z","utc_expire":"2024-09-27T00:00:00Z","utc_polygon_begin":"2024-09-26T23:47:00Z","utc_polygon_end":"2024-09-27T00:00:00Z","ph_sig":"TO.W","wfo":"TBW","eventid":45,"phenomena":"TO","significance":"W","nws_color":"#FF0000","event_label":"Tornado Warning","status":"NEW","product_id":"202409262347-KTBW-WFUS52-TORTBW","year":2024,"fcster":"TBW"},"geometry":{"type":"MultiPolygon","coordinates":[[[[-81.76,26.95],[-81.83,26.95],[-81.83,27.25],[-81.62,27.25],[-81.76,26.95]]]]}},
{"type":"Feature","properties":{"ugclist":"FLC027, FLC049","locations":"DeSoto [FL], Hardee [FL]","utc_issue":"2024-09-26T23:47:00Z","utc_expire":"2024-09-27T00:00:00Z","utc_polygon_begin":"2024-09-26T23:47:00Z","utc_polygon_end":"2024-09-27T00:00:00Z","ph_sig":"TO.W","wfo":"TBW","eventid":46,"phenomena":"TO","significance":"W","nws_color":"#FF0000","event_label":"Tornado Warning","status":"NEW","product_id":"202409262347-KTBW-WFUS52-TORTBW-RRA","year":2024,"fcster":"TBW"},"geometry":{"type":"MultiPolygon","coordinates":[[[[-81.88,27.3],[-81.97,27.3],[-82.0,27.64],[-81.76,27.63],[-81.88,27.3]]]]}},
{"type":"Feature","properties":{"ugclist":"AMZ374","locations":"Waters from Savannah GA to Altamaha Sound GA extending from 20 nm to 60 nm []","utc_issue":"2024-09-26T23:58:00Z","utc_expire":"2024-09-27T00:27:00Z","utc_polygon_begin":"2024-09-26T23:58:00Z","utc_polygon_end":"2024-09-27T00:27:00Z","ph_sig":"MA.W","wfo":"CHS","eventid":155,"phenomena":"MA","significance":"W","nws_color":"#FFA500","event_label":"Marine Warning","status":"NEW","product_id":"202409262358-KCHS-WHUS52-SMWCHS","year":2024,"fcster":"NED"},"geometry":{"type":"MultiPolygon","coordinates":[[[[-80.89,31.36],[-80.86,31.4],[-80.86,31.44],[-80.82,31.53],[-80.81,31.56],[-80.78,31.61],[-80.76,31.62],[-80.69,31.69],[-80.64,31.72],[-80.6,31.77],[-80.31,31.45],[-80.64,31.2],[-80.89,31.36]]]]}},
{"type":"Feature","properties":{"ugclist":"GAC241, NCC099, NCC113, NCC149, NCC175, SCC045, SCC073, SCC077","locations":"Rabun [GA], Jackson [NC], Macon [NC], Polk [NC], Transylvania [NC], Greenville [SC], Oconee [SC], Pickens [SC]","utc_issue":"2024-09-26T23:58:00Z","utc_expire":"2024-09-27T05:00:00Z","utc_polygon_begin":"2024-09-26T23:58:00Z","utc_polygon_end":"2024-09-27T04:41:00Z","ph_sig":"FF.W","wfo":"GSP","eventid":69,"phenomena":"FF","significance":"W","nws_color":"#8B0000","event_label":"Flash Flood Warning","status":"NEW","product_id":"202409262358-KGSP-WGUS52-FFWGSP","year":2024,"fcster":"TBW"},"geometry":{"type":"MultiPolygon","coordinates":[[[[-83.26,35.09],[-82.98,35.16],[-82.62,35.3],[-82.59,35.16],[-82.58,35.15],[-82.48,35.18],[-82.44,35.17],[-82.39,35.22],[-82.37,35.18],[-82.35,35.19],[-82.35,35.29],[-82.26,35.39],[-82.16,35.41],[-82.11,35.38],[-82.22,35.2],[-82.22,35.1],[-82.92,34.93],[-83.22,34.91],[-83.3,35.02],[-83.26,35.09]]]]}},
{"type":"Feature","properties":{"ugclist":"SCC029","locations":"Colleton [SC]","utc_issue":"2024-09-27T00:02:00Z","utc_expire":"2024-09-27T00:45:00Z","utc_polygon_begin":"2024-09-27T00:02:00Z","utc_polygon_end":"2024-09-27T00:12:00Z","ph_sig":"TO.W","wfo":"CHS","eventid":26,"phenomena":"TO","significance":"W","nws_color":"#FF0000","event_label":"Tornado Warning","status":"NEW","product_id":"202409270002-KCHS-WFUS52-TORCHS","year":2024,"fcster":"NED"},"geometry":{"type":"MultiPolygon","coordinates":[[[[-80.77,32.96],[-80.44,33.01],[-80.42,32.8],[-80.43,32.79],[-80.43,32.78],[-80.45,32.76],[-80.45,32.73],[-80.43,32.72],[-80.44,32.71],[-80.42,32.72],[-80.42,32.67],[-80.63,32.62],[-80.77,32.96]]]]}},
{"type":"Feature","properties":{"ugclist":"AMZ450","locations":"Coastal waters from Altamaha Sound to Fernandina Beach FL out 20 NM []","utc_issue":"2024-09-27T00:07:00Z","utc_expire":"2024-09-27T00:30:00Z","utc_polygon_begin":"2024-09-27T00:07:00Z","utc_polygon_end":"2024-09-27T00:30:00Z","ph_sig":"MA.W","wfo":"JAX","eventid":206,"phenomena":"MA","significance":"W","nws_color":"#FFA500","event_label":"Marine Warning","status":"NEW","product_id":"202409270007-KJAX-WHUS52-SMWJAX","year":2024,"fcster":"KB"},"geometry":{"type":"MultiPolygon","coordinates":[[[[-81.42,31.3],[-81.41,31.29],[-81.39,31.29],[-81.38,31.28],[-81.38,31.29],[-81.37,31.3],[-81.36,31.29],[-81.35,31.3],[-81.18,30.92],[-81.37,30.85],[-81.64,31.25],[-81.6,31.29],[-81.54,31.27],[-81.49,31.21],[-81.47,31.3],[-81.42,31.3]]]]}},
{"type":"Feature","properties":{"ugclist":"NCC033, NCC157","locations":"Caswell [NC], Rockingham [NC]","utc_issue":"2024-09-27T00:11:00Z","utc_expire":"2024-09-27T00:45:00Z","utc_polygon_begin":"2024-09-27T00:11:00Z","utc_polygon_end":"2024-09-27T00:19:00Z","ph_sig":"TO.W","wfo":"RNK","eventid":34,"phenomena":"TO","significance":"W","nws_color":"#FF0000","event_label":"Tornado Warning","status":"NEW","product_id":"202409270011-KRNK-WFUS51-TORRNK","year":2024,"fcster":"BMG"},"geometry":{"type":"MultiPolygon","coordinates":[[[[-79.49,36.25],[-79.69,36.43],[-79.45,36.54],[-79.38,36.54],[-79.16,36.24],[-79.49,36.25]]]]}},
{"type":"Feature","properties":{"ugclist":"AMZ450, AMZ452, AMZ470, AMZ472","locations":"Coastal waters from Altamaha Sound to Fernandina Beach FL out 20 NM [], Coastal waters from Fernandina Beach to St. Augustine FL out 20 NM [], Waters from Altamaha Sound GA to Fernandina Beach FL from 20 to 60 NM [], Waters from Fernandina Beach to St. Augustine FL from 20 to 60 NM []","utc_issue":"2024-09-27T00:11:00Z","utc_expire":"2024-09-27T01:15:00Z","utc_polygon_begin":"2024-09-27T00:11:00Z","utc_polygon_end":"2024-09-27T01:15:00Z","ph_sig":"MA.W","wfo":"JAX","eventid":207,"phenomena":"MA","significance":"W","nws_color":"#FFA500","event_label":"Marine Warning","status":"NEW","product_id":"202409270011-KJAX-WHUS52-SMWJAX","year":2024,"fcster":"NELSON"},"geometry":{"type":"MultiPolygon","coordinates":[[[[-80.79,30.3],[-81.05,30.21],[-81.43,30.85],[-81.05,30.99],[-80.79,30.3]]]]}},
{"type":"Feature","properties":{"ugclist":"GAC039, GAC127","locations":"Camden [GA], Glynn [GA]","utc_issue":"2024-09-27T00:16:00Z","utc_expire":"2024-09-27T00:45:00Z","utc_polygon_begin":"2024-09-27T00:16:00Z","utc_polygon_end":"2024-09-27T00:36:00Z","ph_sig":"TO.W","wfo":"JAX","eventid":70,"phenomena":"TO","significance":"W","nws_color":"#FF0000","event_label":"Tornado Warning","status":"NEW","product_id":"202409270016-KJAX-WFUS52-TORJAX","year":2024,"fcster":"KB"},"geometry":{"type":"MultiPolygon","coordinates":[[[[-81.37,31.1],[-81.4,30.92],[-81.41,30.92],[-81.71,31.35],[-81.69,31.4],[-81.67,31.4],[-81.64,31.43],[-81.61,31.44],[-81.58,31.4],[-81.52,31.36],[-81.45,31.33],[-81.44,31.33],[-81.44,31.31],[-81.42,31.31],[-81.41,31.29],[-81.38,31.28],[-81.37,31.3],[-81.35,31.3],[-81.29,31.16],[-81.37,31.1]]]]}},
{"type":"Feature","properties":{"ugclist":"AMZ470","locations":"Waters from Altamaha Sound GA to Fernandina Beach FL from 20 to 60 NM []","utc_issue":"2024-09-27T00:17:00Z","utc_expire":"2024-09-27T00:45:00Z","utc_polygon_begin":"2024-09-27T00:17:00Z","utc_polygon_end":"2024-09-27T00:45:00Z","ph_sig":"MA.W","wfo":"JAX","eventid":208,"phenomena":"MA","significance":"W","nws_color":"#FFA500","event_label":"Marine Warning","status":"NEW","product_id":"202409270017-KJAX-WHUS52-SMWJAX","year":2024,"fcster":"NELSON"},"geometry":{"type":"MultiPolygon","coordinates":[[[[-80.28,31.11],[-80.32,30.94],[-80.39,30.79],[-80.74,31.2],[-80.28,31.11]]]]}},
{"type":"Feature","properties":{"ugclist":"SCC041, SCC043, SCC067, SCC089","locations":"Florence [SC], Georgetown [SC], Marion [SC], Williamsburg [SC]","utc_issue":"2024-09-27T00:23:00Z","utc_expire":"2024-09-27T03:30:00Z","utc_polygon_begin":"2024-09-27T00:23:00Z","utc_polygon_end":"2024-09-27T02:22:00Z","ph_sig":"FA.Y","wfo":"ILM","eventid":89,"phenomena":"FA","significance":"Y","nws_color":"#00FF7F","event_label":"Flood Advisory","status":"NEW","product_id":"202409270023-KILM-WGUS82-FLSILM","year":2024,"fcster":"TRA"},"geometry":{"type":"MultiPolygon","coordinates":[[[[-79.44,34.29],[-79.43,34.29],[-79.28,33.72],[-79.25,33.58],[-79.48,33.52],[-79.55,33.79],[-79.65,34.15],[-79.44,34.29]]]]}},
{"type":"Feature","properties":{"ugclist":"AMZ354","locations":"Coastal waters from Savannah GA to Altamaha Sound GA out 20 nm ...including Grays Reef National Marine Sanctuary []","utc_issue":"2024-09-27T00:30:00Z","utc_expire":"2024-09-27T01:13:00Z","utc_polygon_begin":"2024-09-27T00:30:00Z","utc_polygon_end":"2024-09-27T01:13:00Z","ph_sig":"MA.W","wfo":"CHS","eventid":156,"phenomena":"MA","significance":"W","nws_color":"#FFA500","event_label":"Marine Warning","status":"NEW","product_id":"202409270030-KCHS-WHUS52-SMWCHS","year":2024,"fcster":"BSH"},"geometry":{"type":"MultiPolygon","coordinates":[[[[-81.05,31.84],[-80.9,31.98],[-80.88,32.03],[-80.88,32.02],[-80.85,32.03],[-80.85,32.02],[-80.74,31.64],[-80.76,31.62],[-80.78,31.61],[-80.94,31.57],[-81.05,31.84]]]]}},
{"type":"Feature","properties":{"ugclist":"ALC081, ALC113","locations":"Lee [AL], Russell [AL]","utc_issue":"2024-09-27T00:37:00Z","utc_expire":"2024-09-27T06:00:00Z","utc_polygon_begin":"2024-09-27T00:37:00Z","utc_polygon_end":"2024-09-27T02:23:00Z","ph_sig":"FF.W","wfo":"BMX","eventid":22,"phenomena":"FF","significance":"W","nws_color":"#8B0000","event_label":"Flash Flood Warning","status":"NEW","product_id":"202409270037-KBMX-WGUS54-FFWBMX","year":2024,"fcster":"40/Sizemore"},"geometry":{"type":"MultiPolygon","coordinates":[[[[-85.44,32.5],[-85.49,32.5],[-85.65,32.56],[-85.45,32.73],[-85.28,32.73],[-85.28,32.75],[-85.14,32.75],[-85.11,32.74],[-85.12,32.72],[-85.12,32.69],[-85.07,32.58],[-85.0,32.51],[-85.0,32.45],[-84.96,32.42],[-84.98,32.41],[-84.97,32.39],[-84.99,32.39],[-84.98,32.37],[-85.01,32.34],[-85.43,32.41],[-85.44,32.5]]]]}},
{"type":"Feature","properties":{"ugclist":"GAC191","locations":"McIntosh [GA]","utc_issue":"2024-09-27T00:42:00Z","utc_expire":"2024-09-27T01:07:00Z","utc_polygon_begin":"2024-09-27T00:42:00Z","utc_polygon_end":"2024-09-27T00:55:00Z","ph_sig":"TO.W","wfo":"CHS","eventid":28,"phenomena":"TO","significance":"W","nws_color":"#FF0000","event_label":"Tornado Warning","status":"NEW","product_id":"202409270042-KCHS-WFUS52-TORCHS-RRA","year":2024,"fcster":"NED"},"geometry":{"type":"MultiPolygon","coordinates":[[[[-81.55,31.38],[-81.58,31.4],[-81.61,31.43],[-81.61,31.45],[-81.63,31.45],[-81.61,31.47],[-81.62,31.48],[-81.64,31.49],[-81.66,31.51],[-81.65,31.53],[-81.66,31.53],[-81.67,31.54],[-81.57,31.58],[-81.56,31.59],[-81.42,31.37],[-81.49,31.34],[-81.52,31.36],[-81.54,31.38],[-81.55,31.38]]]]}},
{"type":"Feature","properties":{"ugclist":"GAC051, SCC013, SCC053","locations":"Chatham [GA], Beaufort [SC], Jasper [SC]","utc_issue":"2024-09-27T00:42:00Z","utc_expire":"2024-09-27T01:15:00Z","utc_polygon_begin":"2024-09-27T00:42:00Z","utc_polygon_end":"2024-09-27T01:04:00Z","ph_sig":"TO.W","wfo":"CHS","eventid":27,"phenomena":"TO","significance":"W","nws_color":"#FF0000","event_label":"Tornado Warning","status":"NEW","product_id":"202409270042-KCHS-WFUS52-TORCHS","year":2024,"fcster":"BSH"},"geometry":{"type":"MultiPolygon","coordinates":[[[[-81.32,32.15],[-81.2,32.24],[-81.15,32.23],[-81.14,32.23],[-81.15,32.26],[-81.14,32.26],[-81.14,32.27],[-81.12,32.28],[-81.12,32.29],[-80.98,32.34],[-80.84,32.05],[-80.85,32.05],[-80.83,32.04],[-80.82,32.01],[-80.84,31.95],[-81.02,31.81],[-81.05,31.77],[-81.32,32.15]]]]}},
{"type":"Feature","properties":{"ugclist":"NCC033","locations":"Caswell [NC]","utc_issue":"2024-09-27T00:43:00Z","utc_expire":"2024-09-27T01:15:00Z","utc_polygon_begin":"2024-09-27T00:43:00Z","utc_polygon_end":"2024-09-27T00:52:00Z","ph_sig":"TO.W","wfo":"RNK","eventid":35,"phenomena":"TO","significance":"W","nws_color":"#FF0000","event_label":"Tornado Warning","status":"NEW","product_id":"202409270043-KRNK-WFUS51-TORRNK","year":2024,"fcster":"BMG"},"geometry":{"type":"MultiPolygon","coordinates":[[[[-79.43,36.25],[-79.53,36.38],[-79.52,36.49],[-79.36,36.54],[-79.27,36.54],[-79.17,36.25],[-79.2,36.24],[-79.43,36.25]]]]}},
{"type":"Feature","properties":{"ugclist":"NCC005, NCC009, NCC189, NCC193","locations":"Alleghany [NC], Ashe [NC], Watauga [NC], Wilkes [NC]","utc_issue":"2024-09-27T00:44:00Z","utc_expire":"2024-09-28T00:45:00Z","utc_polygon_begin":"2024-09-27T00:44:00Z","utc_polygon_end":"2024-09-28T00:45:00Z","ph_sig":"FA.W","wfo":"RNK","eventid":42,"phenomena":"FA","significance":"W","nws_color":"#00FF00","event_label":"Flood Warning","status":"NEW","product_id":"202409270044-KRNK-WGUS41-FLWRNK","year":2024,"fcster":"16"},"geometry":{"type":"MultiPolygon","coordinates":[[[[-81.71,36.54],[-81.68,36.59],[-80.9,36.56],[-80.98,36.45],[-80.97,36.4],[-80.87,36.33],[-80.88,36.06],[-81.2,36.04],[-81.33,36.0],[-81.41,36.07],[-81.55,36.12],[-81.81,36.11],[-81.83,36.17],[-81.91,36.22],[-81.89,36.26],[-81.92,36.29],[-81.79,36.36],[-81.71,36.34],[-81.74,36.41],[-81.7,36.47],[-81.71,36.54]]]]}},
{"type":"Feature","properties":{"ugclist":"AMZ354","locations":"Coastal waters from Savannah GA to Altamaha Sound GA out 20 nm ...including Grays Reef National Marine Sanctuary []","utc_issue":"2024-09-27T00:45:00Z","utc_expire":"2024-09-27T01:15:00Z","utc_polygon_begin":"2024-09-27T00:45:00Z","utc_polygon_end":"2024-09-27T01:13:00Z","ph_sig":"MA.W","wfo":"CHS","eventid":157,"phenomena":"MA","significance":"W","nws_color":"#FFA500","event_label":"Marine Warning","status":"NEW","product_id":"202409270045-KCHS-WHUS52-SMWCHS","year":2024,"fcster":"NED"},"geometry":{"type":"MultiPolygon","coordinates":[[[[-81.2,31.56],[-81.17,31.61],[-81.17,31.63],[-81.16,31.73],[-81.04,31.85],[-80.92,31.55],[-81.13,31.43],[-81.2,31.56]]]]}},
{"type":"Feature","properties":{"ugclist":"AMZ450","locations":"Coastal waters from Altamaha Sound to Fernandina Beach FL out 20 NM []","utc_issue":"2024-09-27T00:45:00Z","utc_expire":"2024-09-27T01:15:00Z","utc_polygon_begin":"2024-09-27T00:45:00Z","utc_polygon_end":"2024-09-27T01:15:00Z","ph_sig":"MA.W","wfo":"JAX","eventid":209,"phenomena":"MA","significance":"W","nws_color":"#FFA500","event_label":"Marine Warning","status":"NEW","product_id":"202409270045-KJAX-WHUS52-SMWJAX","year":2024,"fcster":"NELSON"},"geometry":{"type":"MultiPolygon","coordinates":[[[[-81.34,31.3],[-81.33,31.3],[-81.34,31.29],[-81.33,31.29],[-81.32,31.28],[-81.21,31.28],[-81.09,30.9],[-81.29,30.84],[-81.47,31.13],[-81.34,31.3]]]]}},
{"type":"Feature","properties":{"ugclist":"NCC021, NCC023, NCC111, NCC161","locations":"Buncombe [NC], Burke [NC], McDowell [NC], Rutherford [NC]","utc_issue":"2024-09-27T00:46:00Z","utc_expire":"2024-09-27T05:45:00Z","utc_polygon_begin":"2024-09-27T00:46:00Z","utc_polygon_end":"2024-09-27T05:33:00Z","ph_sig":"FF.W","wfo":"GSP","eventid":70,"phenomena":"FF","significance":"W","nws_color":"#8B0000","event_label":"Flash Flood Warning","status":"NEW","product_id":"202409270046-KGSP-WGUS52-FFWGSP","year":2024,"fcster":"TBW"},"geometry":{"type":"MultiPolygon","coordinates":[[[[-82.26,35.39],[-82.27,35.4],[-82.27,35.47],[-82.31,35.49],[-82.37,35.57],[-82.32,35.7],[-82.28,35.71],[-82.26,35.7],[-82.19,35.74],[-82.16,35.8],[-82.1,35.85],[-82.05,35.85],[-82.02,35.89],[-81.99,35.88],[-81.9,36.0],[-81.75,35.93],[-81.72,35.88],[-82.0,35.69],[-82.03,35.6],[-82.15,35.42],[-82.26,35.39]]]]}},
{"type":"Feature","properties":{"ugclist":"GAC209, GAC309","locations":"Montgomery [GA], Wheeler [GA]","utc_issue":"2024-09-27T00:47:00Z","utc_expire":"2024-09-27T01:15:00Z","utc_polygon_begin":"2024-09-27T00:47:00Z","utc_polygon_end":"2024-09-27T01:00:00Z","ph_sig":"TO.W","wfo":"FFC","eventid":36,"phenomena":"TO","significance":"W","nws_color":"#FF0000","event_label":"Tornado Warning","status":"NEW","product_id":"202409270047-KFFC-WFUS52-TORFFC","year":2024,"fcster":null},"geometry":{"type":"MultiPolygon","coordinates":[[[[-82.89,32.19],[-82.86,32.2],[-82.82,32.23],[-82.63,32.3],[-82.56,31.96],[-82.65,31.92],[-82.89,32.19]]]]}},
{"type":"Feature","properties":{"ugclist":"GAC031, GAC043, GAC109, GAC267","locations":"Bulloch [GA], Candler [GA], Evans [GA], Tattnall [GA]","utc_issue":"2024-09-27T00:48:00Z","utc_expire":"2024-09-27T01:17:00Z","utc_polygon_begin":"2024-09-27T00:48:00Z","utc_polygon_end":"2024-09-27T00:58:00Z","ph_sig":"TO.W","wfo":"CHS","eventid":29,"phenomena":"TO","significance":"W","nws_color":"#FF0000","event_label":"Tornado Warning","status":"NEW","product_id":"202409270048-KCHS-WFUS52-TORCHS","year":2024,"fcster":"NED"},"geometry":{"type":"MultiPolygon","coordinates":[[[[-82.16,32.39],[-82.0,32.46],[-81.78,32.14],[-81.97,32.06],[-82.16,32.39]]]]}},
{"type":"Feature","properties":{"ugclist":"GAC127","locations":"Glynn [GA]","utc_issue":"2024-09-27T00:49:00Z","utc_expire":"2024-09-27T01:15:00Z","utc_polygon_begin":"2024-09-27T00:49:00Z","utc_polygon_end":"2024-09-27T01:14:00Z","ph_sig":"TO.W","wfo":"JAX","eventid":71,"phenomena":"TO","significance":"W","nws_color":"#FF0000","event_label":"Tornado Warning","status":"NEW","product_id":"202409270049-KJAX-WFUS52-TORJAX","year":2024,"fcster":"KB"},"geometry":{"type":"MultiPolygon","coordinates":[[[[-81.37,31.1],[-81.38,31.06],[-81.4,31.05],[-81.67,31.4],[-81.63,31.45],[-81.52,31.36],[-81.47,31.33],[-81.44,31.33],[-81.44,31.31],[-81.41,31.29],[-81.38,31.28],[-81.38,31.29],[-81.37,31.29],[-81.34,31.31],[-81.34,31.29],[-81.3,31.28],[-81.25,31.19],[-81.37,31.1]]]]}},
{"type":"Feature","properties":{"ugclist":"GAC029, GAC051, GAC179","locations":"Bryan [GA], Chatham [GA], Liberty [GA]","utc_issue":"2024-09-27T00:54:00Z","utc_expire":"2024-09-27T01:45:00Z","utc_polygon_begin":"2024-09-27T00:54:00Z","utc_polygon_end":"2024-09-27T01:12:00Z","ph_sig":"TO.W","wfo":"CHS","eventid":30,"phenomena":"TO","significance":"W","nws_color":"#FF0000","event_label":"Tornado Warning","status":"NEW","product_id":"202409270054-KCHS-WFUS52-TORCHS","year":2024,"fcster":"NED"},"geometry":{"type":"MultiPolygon","coordinates":[[[[-81.51,31.97],[-81.3,32.12],[-81.05,31.77],[-81.1,31.7],[-81.11,31.69],[-81.12,31.65],[-81.1,31.63],[-81.11,31.61],[-81.12,31.6],[-81.17,31.56],[-81.19,31.58],[-81.18,31.59],[-81.19,31.61],[-81.2,31.62],[-81.21,31.62],[-81.22,31.63],[-81.24,31.64],[-81.51,31.97]]]]}},
{"type":"Feature","properties":{"ugclist":"KYC075, MOC133, MOC143","locations":"Fulton [KY], Mississippi [MO], New Madrid [MO]","utc_issue":"2024-09-27T00:56:00Z","utc_expire":"2024-09-27T01:15:00Z","utc_polygon_begin":"2024-09-27T00:56:00Z","utc_polygon_end":"2024-09-27T01:15:00Z","ph_sig":"SV.W","wfo":"PAH","eventid":326,"phenomena":"SV","significance":"W","nws_color":"#FFA500","event_label":"Severe Thunderstorm Warning","status":"NEW","product_id":"202409270056-KPAH-WUUS53-SVRPAH","year":2024,"fcster":"SHAWKEY"},"geometry":{"type":"MultiPolygon","coordinates":[[[[-89.59,36.39],[-89.59,36.4],[-89.62,36.41],[-89.65,36.4],[-89.16,36.65],[-89.03,36.51],[-89.04,36.5],[-89.32,36.51],[-89.42,36.5],[-89.46,36.46],[-89.52,36.46],[-89.55,36.43],[-89.51,36.38],[-89.52,36.35],[-89.54,36.34],[-89.59,36.39]]]]}},
{"type":"Feature","properties":{"ugclist":"VAC021, VAC071, VAC185, WVC055","locations":"Bland [VA], Giles [VA], Tazewell [VA], Mercer [WV]","utc_issue":"2024-09-27T00:58:00Z","utc_expire":"2024-09-28T00:45:00Z","utc_polygon_begin":"2024-09-27T00:58:00Z","utc_polygon_end":"2024-09-28T00:45:00Z","ph_sig":"FA.W","wfo":"RNK","eventid":43,"phenomena":"FA","significance":"W","nws_color":"#00FF00","event_label":"Flood Warning","status":"NEW","product_id":"202409270058-KRNK-WGUS41-FLWRNK","year":2024,"fcster":"16"},"geometry":{"type":"MultiPolygon","coordinates":[[[[-81.42,37.27],[-81.31,37.42],[-81.28,37.42],[-81.31,37.46],[-81.21,37.51],[-81.2,37.58],[-81.14,37.6],[-81.09,37.59],[-80.86,37.43],[-80.88,37.38],[-80.85,37.35],[-81.01,37.28],[-80.86,37.18],[-80.85,37.15],[-80.93,37.12],[-80.91,37.07],[-81.11,37.02],[-81.22,37.05],[-81.38,36.95],[-81.58,37.21],[-81.42,37.27]]]]}},
{"type":"Feature","properties":{"ugclist":"VAC071, VAC155, VAC750","locations":"Giles [VA], Pulaski [VA], City of Radford [VA]","utc_issue":"2024-09-27T00:59:00Z","utc_expire":"2024-09-28T01:00:00Z","utc_polygon_begin":"2024-09-27T00:59:00Z","utc_polygon_end":"2024-09-28T00:58:00Z","ph_sig":"FA.W","wfo":"RNK","eventid":44,"phenomena":"FA","significance":"W","nws_color":"#00FF00","event_label":"Flood Warning","status":"NEW","product_id":"202409270059-KRNK-WGUS41-FLWRNK","year":2024,"fcster":"16"},"geometry":{"type":"MultiPolygon","coordinates":[[[[-80.88,37.38],[-80.86,37.43],[-80.77,37.37],[-80.51,37.48],[-80.43,37.31],[-80.61,37.23],[-80.59,37.18],[-80.57,37.18],[-80.53,37.13],[-80.6,37.12],[-80.55,37.06],[-80.57,37.05],[-80.55,36.98],[-80.74,36.88],[-80.93,37.12],[-80.85,37.15],[-80.86,37.18],[-81.01,37.28],[-80.85,37.35],[-80.88,37.38]]]]}},
{"type":"Feature","properties":{"ugclist":"FLC029, FLC065, FLC067, FLC073, FLC079, FLC123, FLC129","locations":"Dixie [FL], Jefferson [FL], Lafayette [FL], Leon [FL], Madison [FL], Taylor [FL], Wakulla [FL]","utc_issue":"2024-09-27T01:00:00Z","utc_expire":"2024-09-27T04:00:00Z","utc_polygon_begin":"2024-09-27T01:00:00Z","utc_polygon_end":"2024-09-27T04:00:00Z","ph_sig":"EW.W","wfo":"TAE","eventid":1,"phenomena":"EW","significance":"W","nws_color":"#FF8C00","event_label":"Extreme Wind Warning","status":"NEW","product_id":"202409270100-KTAE-WFUS52-EWWTAE","year":2024,"fcster":"42-DVD"},"geometry":{"type":"MultiPolygon","coordinates":[[[[-83.24,29.36],[-83.41,29.48],[-83.47,29.63],[-83.58,29.72],[-83.73,29.91],[-84.03,30.08],[-84.23,30.07],[-84.24,30.28],[-84.06,30.68],[-83.27,30.62],[-83.22,30.42],[-83.17,30.39],[-83.25,30.25],[-83.25,30.18],[-83.21,30.1],[-83.11,30.09],[-83.24,29.36]]]]}},
{"type":"Feature","properties":{"ugclist":"NCC021, NCC087, NCC099, NCC175","locations":"Buncombe [NC], Haywood [NC], Jackson [NC], Transylvania [NC]","utc_issue":"2024-09-27T01:02:00Z","utc_expire":"2024-09-27T06:00:00Z","utc_polygon_begin":"2024-09-27T01:02:00Z","utc_polygon_end":"2024-09-27T05:38:00Z","ph_sig":"FF.W","wfo":"GSP","eventid":71,"phenomena":"FF","significance":"W","nws_color":"#8B0000","event_label":"Flash Flood Warning","status":"NEW","product_id":"202409270102-KGSP-WGUS52-FFWGSP","year":2024,"fcster":"TBW"},"geometry":{"type":"MultiPolygon","coordinates":[[[[-82.98,35.39],[-82.9,35.68],[-82.8,35.69],[-82.51,35.8],[-82.38,35.82],[-82.34,35.8],[-82.33,35.75],[-82.28,35.71],[-82.32,35.7],[-82.37,35.57],[-82.31,35.49],[-82.54,35.44],[-82.53,35.42],[-82.67,35.46],[-82.74,35.42],[-82.62,35.3],[-83.18,35.11],[-83.22,35.16],[-83.22,35.22],[-83.25,35.23],[-82.98,35.39]]]]}},
{"type":"Feature","properties":{"ugclist":"GAC183","locations":"Long [GA]","utc_issue":"2024-09-27T01:03:00Z","utc_expire":"2024-09-27T01:30:00Z","utc_polygon_begin":"2024-09-27T01:03:00Z","utc_polygon_end":"2024-09-27T01:29:00Z","ph_sig":"TO.W","wfo":"CHS","eventid":31,"phenomena":"TO","significance":"W","nws_color":"#FF0000","event_label":"Tornado Warning","status":"NEW","product_id":"202409270103-KCHS-WFUS52-TORCHS","year":2024,"fcster":"NED"},"geometry":{"type":"MultiPolygon","coordinates":[[[[-81.86,31.97],[-81.56,31.59],[-81.68,31.54],[-81.7,31.58],[-81.77,31.62],[-81.77,31.63],[-81.81,31.66],[-81.81,31.65],[-81.85,31.67],[-81.88,31.71],[-81.91,31.73],[-81.91,31.75],[-81.94,31.76],[-81.95,31.79],[-81.98,31.79],[-81.92,31.85],[-81.91,31.89],[-81.89,31.9],[-81.89,31.94],[-81.86,31.97]]]]}},
{"type":"Feature","properties":{"ugclist":"GAC167, GAC303, GAC319","locations":"Johnson [GA], Washington [GA], Wilkinson [GA]","utc_issue":"2024-09-28T01:36:00Z","utc_expire":"2024-10-01T16:52:00Z","utc_polygon_begin":"2024-09-27T01:05:00Z","utc_polygon_end":"2024-09-27T01:05:00Z","ph_sig":"FL.W","wfo":"FFC","eventid":231,"phenomena":"FL","significance":"W","nws_color":"#00FF00","event_label":"Flood Warning","status":"NEW","product_id":"202409261527-KFFC-WGUS42-FLWFFC","year":2024,"fcster":null},"geometry":{"type":"MultiPolygon","coordinates":[[[[-83.03,32.84],[-82.98,32.88],[-82.92,32.79],[-82.89,32.67],[-82.98,32.65],[-83.0,32.78],[-83.03,32.84]]]]}},
{"type":"Feature","properties":{"ugclist":"NCC011, NCC027, NCC111, NCC121, NCC199","locations":"Avery [NC], Caldwell [NC], McDowell [NC], Mitchell [NC], Yancey [NC]","utc_issue":"2024-09-27T01:06:00Z","utc_expire":"2024-09-27T06:00:00Z","utc_polygon_begin":"2024-09-27T01:06:00Z","utc_polygon_end":"2024-09-27T01:43:00Z","ph_sig":"FF.W","wfo":"GSP","eventid":72,"phenomena":"FF","significance":"W","nws_color":"#8B0000","event_label":"Flash Flood Warning","status":"NEW","product_id":"202409270106-KGSP-WGUS52-FFWGSP","year":2024,"fcster":"TBW"},"geometry":{"type":"MultiPolygon","coordinates":[[[[-82.33,35.75],[-82.35,35.81],[-82.39,35.82],[-82.2,35.97],[-82.13,36.11],[-82.03,36.12],[-81.92,36.29],[-81.89,36.26],[-81.91,36.22],[-81.83,36.17],[-81.81,36.11],[-81.55,36.12],[-81.4,36.06],[-81.72,35.88],[-81.78,35.95],[-81.9,36.0],[-81.99,35.88],[-82.1,35.85],[-82.19,35.74],[-82.26,35.7],[-82.33,35.75]]]]}},
{"type":"Feature","properties":{"ugclist":"GAC051, GAC103, SCC053","locations":"Chatham [GA], Effingham [GA], Jasper [SC]","utc_issue":"2024-09-27T01:10:00Z","utc_expire":"2024-09-27T01:45:00Z","utc_polygon_begin":"2024-09-27T01:10:00Z","utc_polygon_end":"2024-09-27T01:22:00Z","ph_sig":"TO.W","wfo":"CHS","eventid":32,"phenomena":"TO","significance":"W","nws_color":"#FF0000","event_label":"Tornado Warning","status":"NEW","product_id":"202409270110-KCHS-WFUS52-TORCHS","year":2024,"fcster":"BSH"},"geometry":{"type":"MultiPolygon","coordinates":[[[[-81.32,32.26],[-81.14,32.34],[-80.95,32.01],[-81.11,31.95],[-81.32,32.26]]]]}},
{"type":"Feature","properties":{"ugclist":"GAC127","locations":"Glynn [GA]","utc_issue":"2024-09-27T01:13:00Z","utc_expire":"2024-09-27T01:30:00Z","utc_polygon_begin":"2024-09-27T01:13:00Z","utc_polygon_end":"2024-09-27T01:22:00Z","ph_sig":"TO.W","wfo":"JAX","eventid":72,"phenomena":"TO","significance":"W","nws_color":"#FF0000","event_label":"Tornado Warning","status":"NEW","product_id":"202409270113-KJAX-WFUS52-TORJAX","year":2024,"fcster":"KB"},"geometry":{"type":"MultiPolygon","coordinates":[[[[-81.31,31.25],[-81.5,31.16],[-81.68,31.4],[-81.66,31.4],[-81.63,31.45],[-81.57,31.39],[-81.47,31.33],[-81.44,31.33],[-81.44,31.31],[-81.41,31.29],[-81.38,31.28],[-81.34,31.3],[-81.31,31.25]]]]}},
{"type":"Feature","properties":{"ugclist":"FLC029, FLC037, FLC039, FLC065, FLC067, FLC073, FLC079, FLC123, FLC129","locations":"Dixie [FL], Franklin [FL], Gadsden [FL], Jefferson [FL], Lafayette [FL], Leon [FL], Madison [FL], Taylor [FL], Wakulla [FL]","utc_issue":"2024-09-27T01:13:00Z","utc_expire":"2024-09-27T07:15:00Z","utc_polygon_begin":"2024-09-27T01:13:00Z","utc_polygon_end":"2024-09-27T07:15:00Z","ph_sig":"FF.W","wfo":"TAE","eventid":111,"phenomena":"FF","significance":"W","nws_color":"#8B0000","event_label":"Flash Flood Warning","status":"NEW","product_id":"202409270113-KTAE-WGUS52-FFWTAE","year":2024,"fcster":"42-DVD"},"geometry":{"type":"MultiPolygon","coordinates":[[[[-83.17,30.39],[-83.25,30.25],[-83.23,30.12],[-83.07,30.08],[-82.91,29.89],[-82.89,29.9],[-82.95,29.58],[-83.07,29.35],[-83.21,29.28],[-83.73,29.86],[-84.09,30.04],[-84.26,29.99],[-84.31,29.84],[-84.53,29.77],[-84.52,30.21],[-84.86,30.71],[-83.27,30.63],[-83.17,30.39]]]]}},
{"type":"Feature","properties":{"ugclist":"GAC013, GAC035, GAC057, GAC063, GAC067, GAC079, GAC089, GAC113, GAC117, GAC121, GAC135, GAC151, GAC171, GAC207, GAC231, GAC247, GAC255, GAC263, GAC269, GAC293, GAC297","locations":"Barrow [GA], Butts [GA], Cherokee [GA], Clayton [GA], Cobb [GA], Crawford [GA], DeKalb [GA], Fayette [GA], Forsyth [GA], Fulton [GA], Gwinnett [GA], Henry [GA], Lamar [GA], Monroe [GA], Pike [GA], Rockdale [GA], Spalding [GA], Talbot [GA], Taylor [GA], Upson [GA], Walton [GA]","utc_issue":"2024-09-27T01:20:00Z","utc_expire":"2024-09-27T07:15:00Z","utc_polygon_begin":"2024-09-27T01:20:00Z","utc_polygon_end":"2024-09-27T06:50:00Z","ph_sig":"FF.W","wfo":"FFC","eventid":54,"phenomena":"FF","significance":"W","nws_color":"#8B0000","event_label":"Flash Flood Warning","status":"NEW","product_id":"202409270120-KFFC-WGUS52-FFWFFC","year":2024,"fcster":null},"geometry":{"type":"MultiPolygon","coordinates":[[[[-84.58,33.49],[-84.46,34.19],[-84.06,34.25],[-84.01,34.19],[-84.06,34.17],[-83.95,34.13],[-83.79,33.94],[-84.02,33.63],[-84.02,33.55],[-84.05,33.52],[-84.02,33.5],[-84.0,32.64],[-84.36,32.6],[-84.5,33.18],[-84.5,33.26],[-84.58,33.49]]]]}},
{"type":"Feature","properties":{"ugclist":"GAC175","locations":"Laurens [GA]","utc_issue":"2024-09-27T01:28:00Z","utc_expire":"2024-09-27T02:00:00Z","utc_polygon_begin":"2024-09-27T01:28:00Z","utc_polygon_end":"2024-09-27T01:46:00Z","ph_sig":"TO.W","wfo":"FFC","eventid":37,"phenomena":"TO","significance":"W","nws_color":"#FF0000","event_label":"Tornado Warning","status":"NEW","product_id":"202409270128-KFFC-WFUS52-TORFFC","year":2024,"fcster":null},"geometry":{"type":"MultiPolygon","coordinates":[[[[-83.16,32.57],[-83.1,32.64],[-83.09,32.65],[-82.94,32.67],[-82.82,32.32],[-82.91,32.29],[-83.16,32.57]]]]}},
{"type":"Feature","properties":{"ugclist":"NCC025, NCC119","locations":"Cabarrus [NC], Mecklenburg [NC]","utc_issue":"2024-09-27T01:28:00Z","utc_expire":"2024-09-27T04:30:00Z","utc_polygon_begin":"2024-09-27T01:28:00Z","utc_polygon_end":"2024-09-27T04:09:00Z","ph_sig":"FA.Y","wfo":"GSP","eventid":171,"phenomena":"FA","significance":"Y","nws_color":"#00FF7F","event_label":"Flood Advisory","status":"NEW","product_id":"202409270128-KGSP-WGUS82-FLSGSP","year":2024,"fcster":"TBW"},"geometry":{"type":"MultiPolygon","coordinates":[[[[-80.77,35.03],[-80.84,35.0],[-80.93,35.11],[-81.04,35.04],[-81.06,35.06],[-81.03,35.11],[-81.05,35.14],[-81.01,35.16],[-81.0,35.3],[-80.97,35.35],[-80.92,35.36],[-80.97,35.36],[-80.98,35.36],[-80.98,35.37],[-80.95,35.4],[-80.95,35.49],[-80.91,35.51],[-80.3,35.5],[-80.51,35.19],[-80.55,35.21],[-80.77,35.03]]]]}},
{"type":"Feature","properties":{"ugclist":"GAC103","locations":"Effingham [GA]","utc_issue":"2024-09-27T01:32:00Z","utc_expire":"2024-09-27T02:00:00Z","utc_polygon_begin":"2024-09-27T01:32:00Z","utc_polygon_end":"2024-09-27T02:01:00Z","ph_sig":"TO.W","wfo":"CHS","eventid":33,"phenomena":"TO","significance":"W","nws_color":"#FF0000","event_label":"Tornado Warning","status":"NEW","product_id":"202409270132-KCHS-WFUS52-TORCHS","year":2024,"fcster":"BSH"},"geometry":{"type":"MultiPolygon","coordinates":[[[[-81.36,32.59],[-81.37,32.58],[-81.36,32.58],[-81.37,32.57],[-81.35,32.58],[-81.36,32.57],[-81.32,32.56],[-81.3,32.56],[-81.18,32.39],[-81.18,32.38],[-81.17,32.37],[-81.17,32.36],[-81.15,32.35],[-81.16,32.34],[-81.14,32.34],[-81.25,32.29],[-81.49,32.54],[-81.39,32.6],[-81.36,32.59]]]]}},
{"type":"Feature","properties":{"ugclist":"AMZ354","locations":"Coastal waters from Savannah GA to Altamaha Sound GA out 20 nm ...including Grays Reef National Marine Sanctuary []","utc_issue":"2024-09-27T01:34:00Z","utc_expire":"2024-09-27T02:16:00Z","utc_polygon_begin":"2024-09-27T01:34:00Z","utc_polygon_end":"2024-09-27T02:16:00Z","ph_sig":"MA.W","wfo":"CHS","eventid":158,"phenomena":"MA","significance":"W","nws_color":"#FFA500","event_label":"Marine Warning","status":"NEW","product_id":"202409270134-KCHS-WHUS52-SMWCHS","year":2024,"fcster":"NED"},"geometry":{"type":"MultiPolygon","coordinates":[[[[-81.0,31.88],[-80.9,31.98],[-80.88,32.03],[-80.88,32.02],[-80.85,32.03],[-80.85,32.02],[-80.84,32.02],[-80.72,31.96],[-80.62,31.78],[-80.81,31.58],[-81.0,31.88]]]]}},
{"type":"Feature","properties":{"ugclist":"VAC155, VAC197","locations":"Pulaski [VA], Wythe [VA]","utc_issue":"2024-09-27T04:38:00Z","utc_expire":"2024-09-29T10:48:00Z","utc_polygon_begin":"2024-09-27T01:34:00Z","utc_polygon_end":"2024-09-27T01:34:00Z","ph_sig":"FL.W","wfo":"RNK","eventid":31,"phenomena":"FL","significance":"W","nws_color":"#00FF00","event_label":"Flood Warning","status":"NEW","product_id":"202409261953-KRNK-WGUS41-FLWRNK","year":2024,"fcster":"16"},"geometry":{"type":"MultiPolygon","coordinates":[[[[-80.99,36.85],[-80.74,37.02],[-80.64,36.99],[-80.7,36.92],[-80.82,36.87],[-80.89,36.85],[-80.99,36.85]]]]}},
{"type":"Feature","properties":{"ugclist":"VAC035, VAC077, VAC640","locations":"Carroll [VA], Grayson [VA], City of Galax [VA]","utc_issue":"2024-09-27T14:09:00Z","utc_expire":"2024-09-29T07:12:00Z","utc_polygon_begin":"2024-09-27T01:34:00Z","utc_polygon_end":"2024-09-27T01:34:00Z","ph_sig":"FL.W","wfo":"RNK","eventid":32,"phenomena":"FL","significance":"W","nws_color":"#00FF00","event_label":"Flood Warning","status":"NEW","product_id":"202409261953-KRNK-WGUS41-FLWRNK","year":2024,"fcster":"16"},"geometry":{"type":"MultiPolygon","coordinates":[[[[-81.19,36.58],[-81.01,36.81],[-80.86,36.84],[-80.9,36.65],[-80.95,36.57],[-81.19,36.58]]]]}},
{"type":"Feature","properties":{"ugclist":"VAC121, VAC155, VAC750","locations":"Montgomery [VA], Pulaski [VA], City of Radford [VA]","utc_issue":"2024-09-28T06:34:00Z","utc_expire":"2024-09-29T21:57:00Z","utc_polygon_begin":"2024-09-27T01:34:00Z","utc_polygon_end":"2024-09-27T01:34:00Z","ph_sig":"FL.W","wfo":"RNK","eventid":33,"phenomena":"FL","significance":"W","nws_color":"#00FF00","event_label":"Flood Warning","status":"NEW","product_id":"202409261953-KRNK-WGUS41-FLWRNK","year":2024,"fcster":"16"},"geometry":{"type":"MultiPolygon","coordinates":[[[[-80.62,37.08],[-80.65,37.23],[-80.53,37.27],[-80.49,37.22],[-80.5,37.1],[-80.62,37.08]]]]}},
{"type":"Feature","properties":{"ugclist":"SCC019, SCC029","locations":"Charleston [SC], Colleton [SC]","utc_issue":"2024-09-27T01:40:00Z","utc_expire":"2024-09-27T02:15:00Z","utc_polygon_begin":"2024-09-27T01:40:00Z","utc_polygon_end":"2024-09-27T01:56:00Z","ph_sig":"TO.W","wfo":"CHS","eventid":34,"phenomena":"TO","significance":"W","nws_color":"#FF0000","event_label":"Tornado Warning","status":"NEW","product_id":"202409270140-KCHS-WFUS52-TORCHS","year":2024,"fcster":"NED"},"geometry":{"type":"MultiPolygon","coordinates":[[[[-80.76,32.94],[-80.52,33.05],[-80.39,32.89],[-80.4,32.88],[-80.4,32.86],[-80.37,32.86],[-80.26,32.72],[-80.43,32.59],[-80.76,32.94]]]]}},
{"type":"Feature","properties":{"ugclist":"GAC131, GAC275","locations":"Grady [GA], Thomas [GA]","utc_issue":"2024-09-27T04:10:00Z","utc_expire":"2024-10-01T08:00:00Z","utc_polygon_begin":"2024-09-27T01:47:00Z","utc_polygon_end":"2024-09-27T01:47:00Z","ph_sig":"FL.W","wfo":"TAE","eventid":89,"phenomena":"FL","significance":"W","nws_color":"#00FF00","event_label":"Flood Warning","status":"NEW","product_id":"202409261509-KTAE-WGUS42-FLWTAE","year":2024,"fcster":null},"geometry":{"type":"MultiPolygon","coordinates":[[[[-83.88,31.04],[-83.94,30.92],[-84.22,30.68],[-84.32,30.69],[-84.06,30.91],[-83.96,31.04],[-83.88,31.04]]]]}},
{"type":"Feature","properties":{"ugclist":"FLC073, FLC077, FLC129","locations":"Leon [FL], Liberty [FL], Wakulla [FL]","utc_issue":"2024-09-27T06:00:00Z","utc_expire":"2024-09-30T10:30:00Z","utc_polygon_begin":"2024-09-27T01:47:00Z","utc_polygon_end":"2024-09-27T01:47:00Z","ph_sig":"FL.W","wfo":"TAE","eventid":91,"phenomena":"FL","significance":"W","nws_color":"#00FF00","event_label":"Flood Warning","status":"NEW","product_id":"202409261600-KTAE-WGUS42-FLWTAE","year":2024,"fcster":null},"geometry":{"type":"MultiPolygon","coordinates":[[[[-84.62,30.39],[-84.69,30.28],[-84.65,30.25],[-84.75,30.23],[-84.78,30.3],[-84.7,30.39],[-84.62,30.39]]]]}},
{"type":"Feature","properties":{"ugclist":"FLC039, FLC073","locations":"Gadsden [FL], Leon [FL]","utc_issue":"2024-09-27T16:48:00Z","utc_expire":"2024-10-04T05:00:00Z","utc_polygon_begin":"2024-09-27T01:47:00Z","utc_polygon_end":"2024-09-27T01:47:00Z","ph_sig":"FL.W","wfo":"TAE","eventid":88,"phenomena":"FL","significance":"W","nws_color":"#00FF00","event_label":"Flood Warning","status":"NEW","product_id":"202409261508-KTAE-WGUS42-FLWTAE","year":2024,"fcster":null},"geometry":{"type":"MultiPolygon","coordinates":[[[[-84.22,30.68],[-84.36,30.56],[-84.39,30.58],[-84.33,30.64],[-84.32,30.69],[-84.22,30.68]]]]}},
{"type":"Feature","properties":{"ugclist":"GAC051, SCC013, SCC053","locations":"Chatham [GA], Beaufort [SC], Jasper [SC]","utc_issue":"2024-09-27T01:50:00Z","utc_expire":"2024-09-27T02:15:00Z","utc_polygon_begin":"2024-09-27T01:50:00Z","utc_polygon_end":"2024-09-27T02:08:00Z","ph_sig":"TO.W","wfo":"CHS","eventid":35,"phenomena":"TO","significance":"W","nws_color":"#FF0000","event_label":"Tornado Warning","status":"NEW","product_id":"202409270150-KCHS-WFUS52-TORCHS","year":2024,"fcster":"NED"},"geometry":{"type":"MultiPolygon","coordinates":[[[[-81.19,32.15],[-80.9,32.31],[-80.78,32.09],[-80.79,32.08],[-80.8,32.08],[-80.81,32.07],[-80.82,32.07],[-80.83,32.06],[-80.85,32.05],[-80.83,32.05],[-80.82,32.04],[-80.82,32.01],[-80.83,31.96],[-80.84,31.95],[-80.98,31.84],[-81.19,32.15]]]]}},
{"type":"Feature","properties":{"ugclist":"VAC035, VAC077, VAC197, VAC640","locations":"Carroll [VA], Grayson [VA], Wythe [VA], City of Galax [VA]","utc_issue":"2024-09-27T01:54:00Z","utc_expire":"2024-09-28T01:45:00Z","utc_polygon_begin":"2024-09-27T01:54:00Z","utc_polygon_end":"2024-09-28T01:44:00Z","ph_sig":"FA.W","wfo":"RNK","eventid":45,"phenomena":"FA","significance":"W","nws_color":"#00FF00","event_label":"Flood Warning","status":"NEW","product_id":"202409270154-KRNK-WGUS41-FLWRNK","year":2024,"fcster":"16"},"geometry":{"type":"MultiPolygon","coordinates":[[[[-81.18,37.02],[-81.13,37.04],[-81.11,37.02],[-80.91,37.07],[-80.89,37.03],[-80.74,36.88],[-80.68,36.9],[-80.63,36.93],[-80.45,36.7],[-80.49,36.65],[-80.54,36.64],[-80.59,36.66],[-80.63,36.61],[-80.61,36.56],[-81.14,36.57],[-81.26,36.76],[-81.33,36.9],[-81.38,36.95],[-81.22,37.05],[-81.18,37.02]]]]}},
{"type":"Feature","properties":{"ugclist":"FLC047, FLC121","locations":"Hamilton [FL], Suwannee [FL]","utc_issue":"2024-09-27T01:56:00Z","utc_expire":"2024-09-27T04:00:00Z","utc_polygon_begin":"2024-09-27T01:56:00Z","utc_polygon_end":"2024-09-27T04:00:00Z","ph_sig":"EW.W","wfo":"JAX","eventid":1,"phenomena":"EW","significance":"W","nws_color":"#FF8C00","event_label":"Extreme Wind Warning","status":"NEW","product_id":"202409270156-KJAX-WFUS52-EWWJAX","year":2024,"fcster":"CHANEY"},"geometry":{"type":"MultiPolygon","coordinates":[[[[-83.27,30.63],[-83.01,30.62],[-83.11,30.09],[-83.12,30.11],[-83.14,30.1],[-83.16,30.11],[-83.18,30.09],[-83.23,30.12],[-83.25,30.18],[-83.24,30.23],[-83.25,30.24],[-83.21,30.31],[-83.21,30.35],[-83.19,30.35],[-83.19,30.38],[-83.17,30.39],[-83.18,30.41],[-83.22,30.42],[-83.22,30.46],[-83.24,30.47],[-83.27,30.63]]]]}},
{"type":"Feature","properties":{"ugclist":"VAC035, VAC077, VAC197, VAC640","locations":"Carroll [VA], Grayson [VA], Wythe [VA], City of Galax [VA]","utc_issue":"2024-09-27T02:03:00Z","utc_expire":"2024-09-27T10:00:00Z","utc_polygon_begin":"2024-09-27T02:03:00Z","utc_polygon_end":"2024-09-27T09:58:00Z","ph_sig":"FF.W","wfo":"RNK","eventid":60,"phenomena":"FF","significance":"W","nws_color":"#8B0000","event_label":"Flash Flood Warning","status":"NEW","product_id":"202409270203-KRNK-WGUS51-FFWRNK","year":2024,"fcster":"16"},"geometry":{"type":"MultiPolygon","coordinates":[[[[-81.18,37.02],[-81.13,37.04],[-81.11,37.02],[-80.91,37.07],[-80.89,37.03],[-80.74,36.88],[-80.68,36.9],[-80.63,36.93],[-80.45,36.7],[-80.49,36.65],[-80.54,36.64],[-80.59,36.66],[-80.63,36.61],[-80.61,36.56],[-81.14,36.57],[-81.26,36.76],[-81.33,36.9],[-81.38,36.95],[-81.22,37.05],[-81.18,37.02]]]]}},
{"type":"Feature","properties":{"ugclist":"GAC029, GAC051","locations":"Bryan [GA], Chatham [GA]","utc_issue":"2024-09-27T02:07:00Z","utc_expire":"2024-09-27T02:30:00Z","utc_polygon_begin":"2024-09-27T02:07:00Z","utc_polygon_end":"2024-09-27T02:29:00Z","ph_sig":"TO.W","wfo":"CHS","eventid":36,"phenomena":"TO","significance":"W","nws_color":"#FF0000","event_label":"Tornado Warning","status":"NEW","product_id":"202409270207-KCHS-WFUS52-TORCHS","year":2024,"fcster":"BSH"},"geometry":{"type":"MultiPolygon","coordinates":[[[[-81.39,32.05],[-81.19,32.15],[-80.98,31.84],[-81.02,31.81],[-81.1,31.69],[-81.39,32.05]]]]}},
{"type":"Feature","properties":{"ugclist":"GAC033, GAC107, GAC165","locations":"Burke [GA], Emanuel [GA], Jenkins [GA]","utc_issue":"2024-09-27T18:00:00Z","utc_expire":"2024-10-17T18:52:00Z","utc_polygon_begin":"2024-09-27T02:09:00Z","utc_polygon_end":"2024-09-27T02:09:00Z","ph_sig":"FL.W","wfo":"CHS","eventid":35,"phenomena":"FL","significance":"W","nws_color":"#00FF00","event_label":"Flood Warning","status":"NEW","product_id":"202409261852-KCHS-WGUS42-FLWCHS","year":2024,"fcster":null},"geometry":{"type":"MultiPolygon","coordinates":[[[[-82.31,32.79],[-82.27,32.86],[-82.11,32.84],[-81.93,32.81],[-81.98,32.75],[-82.12,32.76],[-82.31,32.79]]]]}},
{"type":"Feature","properties":{"ugclist":"GAC045, GAC077, GAC149","locations":"Carroll [GA], Coweta [GA], Heard [GA]","utc_issue":"2024-09-27T15:17:00Z","utc_expire":"2024-09-29T07:00:00Z","utc_polygon_begin":"2024-09-27T02:10:00Z","utc_polygon_end":"2024-09-27T02:10:00Z","ph_sig":"FL.W","wfo":"FFC","eventid":228,"phenomena":"FL","significance":"W","nws_color":"#00FF00","event_label":"Flood Warning","status":"NEW","product_id":"202409261509-KFFC-WGUS42-FLWFFC","year":2024,"fcster":null},"geometry":{"type":"MultiPolygon","coordinates":[[[[-84.84,33.59],[-84.78,33.55],[-84.79,33.5],[-84.98,33.41],[-85.05,33.44],[-84.93,33.5],[-84.84,33.59]]]]}},
{"type":"Feature","properties":{"ugclist":"SCC013, SCC053","locations":"Beaufort [SC], Jasper [SC]","utc_issue":"2024-09-27T02:15:00Z","utc_expire":"2024-09-27T02:42:00Z","utc_polygon_begin":"2024-09-27T02:15:00Z","utc_polygon_end":"2024-09-27T02:30:00Z","ph_sig":"TO.W","wfo":"CHS","eventid":37,"phenomena":"TO","significance":"W","nws_color":"#FF0000","event_label":"Tornado Warning","status":"NEW","product_id":"202409270215-KCHS-WFUS52-TORCHS","year":2024,"fcster":"NED"},"geometry":{"type":"MultiPolygon","coordinates":[[[[-81.07,32.1],[-81.12,32.28],[-81.12,32.3],[-81.13,32.31],[-81.13,32.33],[-81.14,32.33],[-81.13,32.34],[-81.15,32.35],[-81.16,32.4],[-80.88,32.48],[-80.82,32.16],[-80.95,32.06],[-80.98,32.08],[-81.0,32.1],[-81.03,32.09],[-81.07,32.1]]]]}},
{"type":"Feature","properties":{"ugclist":"GAC113, GAC255","locations":"Fayette [GA], Spalding [GA]","utc_issue":"2024-09-27T15:00:00Z","utc_expire":"2024-09-29T20:00:00Z","utc_polygon_begin":"2024-09-27T02:17:00Z","utc_polygon_end":"2024-09-27T02:17:00Z","ph_sig":"FL.W","wfo":"FFC","eventid":233,"phenomena":"FL","significance":"W","nws_color":"#00FF00","event_label":"Flood Warning","status":"NEW","product_id":"202409262054-KFFC-WGUS42-FLWFFC","year":2024,"fcster":null},"geometry":{"type":"MultiPolygon","coordinates":[[[[-84.44,33.3],[-84.37,33.3],[-84.45,33.18],[-84.47,33.16],[-84.54,33.16],[-84.44,33.3]]]]}},
{"type":"Feature","properties":{"ugclist":"GAC063, GAC113, GAC255","locations":"Clayton [GA], Fayette [GA], Spalding [GA]","utc_issue":"2024-09-28T02:15:00Z","utc_expire":"2024-09-29T00:52:00Z","utc_polygon_begin":"2024-09-27T02:17:00Z","utc_polygon_end":"2024-09-27T02:17:00Z","ph_sig":"FL.W","wfo":"FFC","eventid":235,"phenomena":"FL","significance":"W","nws_color":"#00FF00","event_label":"Flood Warning","status":"NEW","product_id":"202409262054-KFFC-WGUS42-FLWFFC","year":2024,"fcster":null},"geometry":{"type":"MultiPolygon","coordinates":[[[[-84.44,33.6],[-84.38,33.63],[-84.34,33.54],[-84.35,33.4],[-84.43,33.4],[-84.41,33.54],[-84.44,33.6]]]]}},
{"type":"Feature","properties":{"ugclist":"GAC089","locations":"DeKalb [GA]","utc_issue":"2024-09-27T02:20:00Z","utc_expire":"2024-09-27T14:24:00Z","utc_polygon_begin":"2024-09-27T02:20:00Z","utc_polygon_end":"2024-09-27T14:24:00Z","ph_sig":"FL.W","wfo":"FFC","eventid":247,"phenomena":"FL","significance":"W","nws_color":"#00FF00","event_label":"Flood Warning","status":"NEW","product_id":"202409270220-KFFC-WGUS42-FLWFFC","year":2024,"fcster":null},"geometry":{"type":"MultiPolygon","coordinates":[[[[-84.28,33.75],[-84.21,33.75],[-84.21,33.69],[-84.28,33.69],[-84.28,33.75]]]]}},
{"type":"Feature","properties":{"ugclist":"GAC089","locations":"DeKalb [GA]","utc_issue":"2024-09-27T02:21:00Z","utc_expire":"2024-09-27T17:48:00Z","utc_polygon_begin":"2024-09-27T02:21:00Z","utc_polygon_end":"2024-09-27T14:16:00Z","ph_sig":"FL.W","wfo":"FFC","eventid":248,"phenomena":"FL","significance":"W","nws_color":"#00FF00","event_label":"Flood Warning","status":"NEW","product_id":"202409270221-KFFC-WGUS42-FLWFFC","year":2024,"fcster":null},"geometry":{"type":"MultiPolygon","coordinates":[[[[-84.26,33.78],[-84.2,33.8],[-84.16,33.73],[-84.23,33.73],[-84.26,33.78]]]]}},
{"type":"Feature","properties":{"ugclist":"GAC089, GAC121","locations":"DeKalb [GA], Fulton [GA]","utc_issue":"2024-09-27T02:22:00Z","utc_expire":"2024-09-27T14:20:00Z","utc_polygon_begin":"2024-09-27T02:22:00Z","utc_polygon_end":"2024-09-27T14:20:00Z","ph_sig":"FL.W","wfo":"FFC","eventid":250,"phenomena":"FL","significance":"W","nws_color":"#00FF00","event_label":"Flood Warning","status":"NEW","product_id":"202409270222-KFFC-WGUS42-FLWFFC-RRA","year":2024,"fcster":null},"geometry":{"type":"MultiPolygon","coordinates":[[[[-84.31,33.95],[-84.26,33.91],[-84.34,33.86],[-84.38,33.91],[-84.31,33.95]]]]}},
{"type":"Feature","properties":{"ugclist":"GAC089, GAC121","locations":"DeKalb [GA], Fulton [GA]","utc_issue":"2024-09-27T02:22:00Z","utc_expire":"2024-09-27T20:00:00Z","utc_polygon_begin":"2024-09-27T02:22:00Z","utc_polygon_end":"2024-09-27T06:14:00Z","ph_sig":"FL.W","wfo":"FFC","eventid":249,"phenomena":"FL","significance":"W","nws_color":"#00FF00","event_label":"Flood Warning","status":"NEW","product_id":"202409270222-KFFC-WGUS42-FLWFFC","year":2024,"fcster":null},"geometry":{"type":"MultiPolygon","coordinates":[[[[-84.32,33.87],[-84.29,33.83],[-84.35,33.79],[-84.38,33.85],[-84.32,33.87]]]]}},
{"type":"Feature","properties":{"ugclist":"SCC037, SCC065","locations":"Edgefield [SC], McCormick [SC]","utc_issue":"2024-09-27T12:46:00Z","utc_expire":"2024-09-29T15:21:00Z","utc_polygon_begin":"2024-09-27T02:22:00Z","utc_polygon_end":"2024-09-27T02:22:00Z","ph_sig":"FL.W","wfo":"CAE","eventid":45,"phenomena":"FL","significance":"W","nws_color":"#00FF00","event_label":"Flood Warning","status":"NEW","product_id":"202409261851-KCAE-WGUS42-FLWCAE","year":2024,"fcster":"LV"},"geometry":{"type":"MultiPolygon","coordinates":[[[[-82.16,33.84],[-82.03,33.6],[-82.11,33.52],[-82.29,33.85],[-82.16,33.84]]]]}},
{"type":"Feature","properties":{"ugclist":"SCC039, SCC055, SCC057","locations":"Fairfield [SC], Kershaw [SC], Lancaster [SC]","utc_issue":"2024-09-27T16:12:00Z","utc_expire":"2024-10-04T09:13:00Z","utc_polygon_begin":"2024-09-27T02:22:00Z","utc_polygon_end":"2024-09-27T02:22:00Z","ph_sig":"FL.W","wfo":"CAE","eventid":39,"phenomena":"FL","significance":"W","nws_color":"#00FF00","event_label":"Flood Warning","status":"NEW","product_id":"202409261524-KCAE-WGUS42-FLWCAE","year":2024,"fcster":"LV"},"geometry":{"type":"MultiPolygon","coordinates":[[[[-80.85,34.5],[-80.63,34.32],[-80.75,34.28],[-80.98,34.47],[-80.85,34.5]]]]}},
{"type":"Feature","properties":{"ugclist":"SCC017, SCC063, SCC079","locations":"Calhoun [SC], Lexington [SC], Richland [SC]","utc_issue":"2024-09-27T23:30:00Z","utc_expire":"2024-10-05T01:35:00Z","utc_polygon_begin":"2024-09-27T02:22:00Z","utc_polygon_end":"2024-09-27T02:22:00Z","ph_sig":"FL.W","wfo":"CAE","eventid":40,"phenomena":"FL","significance":"W","nws_color":"#00FF00","event_label":"Flood Warning","status":"NEW","product_id":"202409261524-KCAE-WGUS42-FLWCAE","year":2024,"fcster":"LV"},"geometry":{"type":"MultiPolygon","coordinates":[[[[-81.0,33.96],[-80.92,33.87],[-80.97,33.79],[-81.06,33.94],[-81.0,33.96]]]]}},
{"type":"Feature","properties":{"ugclist":"SCC017, SCC079","locations":"Calhoun [SC], Richland [SC]","utc_issue":"2024-09-28T03:00:00Z","utc_expire":"2024-10-05T14:34:00Z","utc_polygon_begin":"2024-09-27T02:22:00Z","utc_polygon_end":"2024-09-27T02:22:00Z","ph_sig":"FL.W","wfo":"CAE","eventid":41,"phenomena":"FL","significance":"W","nws_color":"#00FF00","event_label":"Flood Warning","status":"NEW","product_id":"202409261524-KCAE-WGUS42-FLWCAE","year":2024,"fcster":"LV"},"geometry":{"type":"MultiPolygon","coordinates":[[[[-80.9,33.84],[-80.83,33.8],[-80.85,33.77],[-80.91,33.8],[-80.9,33.84]]]]}},
{"type":"Feature","properties":{"ugclist":"SCC071, SCC087","locations":"Newberry [SC], Union [SC]","utc_issue":"2024-09-28T12:30:00Z","utc_expire":"2024-09-30T23:09:00Z","utc_polygon_begin":"2024-09-27T02:22:00Z","utc_polygon_end":"2024-09-27T02:22:00Z","ph_sig":"FL.W","wfo":"CAE","eventid":42,"phenomena":"FL","significance":"W","nws_color":"#00FF00","event_label":"Flood Warning","status":"NEW","product_id":"202409261524-KCAE-WGUS42-FLWCAE","year":2024,"fcster":"LV"},"geometry":{"type":"MultiPolygon","coordinates":[[[[-81.64,34.53],[-81.54,34.44],[-81.42,34.49],[-81.4,34.39],[-81.7,34.45],[-81.64,34.53]]]]}},
{"type":"Feature","properties":{"ugclist":"SCC063, SCC079","locations":"Lexington [SC], Richland [SC]","utc_issue":"2024-09-28T22:48:00Z","utc_expire":"2024-10-02T01:03:00Z","utc_polygon_begin":"2024-09-27T02:22:00Z","utc_polygon_end":"2024-09-27T02:22:00Z","ph_sig":"FL.W","wfo":"CAE","eventid":43,"phenomena":"FL","significance":"W","nws_color":"#00FF00","event_label":"Flood Warning","status":"NEW","product_id":"202409261524-KCAE-WGUS42-FLWCAE","year":2024,"fcster":"LV"},"geometry":{"type":"MultiPolygon","coordinates":[[[[-81.06,34.04],[-81.0,33.96],[-81.06,33.94],[-81.11,34.01],[-81.06,34.04]]]]}},
{"type":"Feature","properties":{"ugclist":"SCC025, SCC069","locations":"Chesterfield [SC], Marlboro [SC]","utc_issue":"2024-09-29T06:36:00Z","utc_expire":"2024-10-01T15:08:00Z","utc_polygon_begin":"2024-09-27T02:22:00Z","utc_polygon_end":"2024-09-27T02:22:00Z","ph_sig":"FL.W","wfo":"CAE","eventid":47,"phenomena":"FL","significance":"W","nws_color":"#00FF00","event_label":"Flood Warning","status":"NEW","product_id":"202409270051-KCAE-WGUS42-FLWCAE","year":2024,"fcster":"LV"},"geometry":{"type":"MultiPolygon","coordinates":[[[[-79.72,34.54],[-79.84,34.53],[-79.87,34.65],[-79.95,34.77],[-79.95,34.81],[-79.92,34.81],[-79.91,34.77],[-79.79,34.68],[-79.72,34.54]]]]}},
{"type":"Feature","properties":{"ugclist":"GAC121, GAC135","locations":"Fulton [GA], Gwinnett [GA]","utc_issue":"2024-09-27T02:23:00Z","utc_expire":"2024-09-27T15:53:00Z","utc_polygon_begin":"2024-09-27T02:23:00Z","utc_polygon_end":"2024-09-27T14:28:00Z","ph_sig":"FL.W","wfo":"FFC","eventid":252,"phenomena":"FL","significance":"W","nws_color":"#00FF00","event_label":"Flood Warning","status":"NEW","product_id":"202409270223-KFFC-WGUS42-FLWFFC-RRA","year":2024,"fcster":null},"geometry":{"type":"MultiPolygon","coordinates":[[[[-84.21,33.97],[-84.25,33.92],[-84.29,33.95],[-84.25,33.99],[-84.21,33.97]]]]}},
{"type":"Feature","properties":{"ugclist":"GAC089, GAC121","locations":"DeKalb [GA], Fulton [GA]","utc_issue":"2024-09-27T02:23:00Z","utc_expire":"2024-09-27T22:52:00Z","utc_polygon_begin":"2024-09-27T02:23:00Z","utc_polygon_end":"2024-09-27T05:24:00Z","ph_sig":"FL.W","wfo":"FFC","eventid":251,"phenomena":"FL","significance":"W","nws_color":"#00FF00","event_label":"Flood Warning","status":"NEW","product_id":"202409270223-KFFC-WGUS42-FLWFFC","year":2024,"fcster":null},"geometry":{"type":"MultiPolygon","coordinates":[[[[-84.38,33.85],[-84.35,33.79],[-84.46,33.8],[-84.45,33.85],[-84.38,33.85]]]]}},
{"type":"Feature","properties":{"ugclist":"NCC097","locations":"Iredell [NC]","utc_issue":"2024-09-27T02:24:00Z","utc_expire":"2024-09-27T07:15:00Z","utc_polygon_begin":"2024-09-27T02:24:00Z","utc_polygon_end":"2024-09-27T07:14:00Z","ph_sig":"FF.W","wfo":"GSP","eventid":73,"phenomena":"FF","significance":"W","nws_color":"#8B0000","event_label":"Flash Flood Warning","status":"NEW","product_id":"202409270224-KGSP-WGUS52-FFWGSP","year":2024,"fcster":"TBW"},"geometry":{"type":"MultiPolygon","coordinates":[[[[-81.04,35.86],[-81.01,35.96],[-81.0,35.99],[-81.03,36.05],[-80.98,36.06],[-80.69,36.05],[-80.71,35.85],[-80.72,35.81],[-81.08,35.81],[-81.04,35.86]]]]}},
{"type":"Feature","properties":{"ugclist":"VAC077, VAC173","locations":"Grayson [VA], Smyth [VA]","utc_issue":"2024-09-27T02:24:00Z","utc_expire":"2024-09-27T08:30:00Z","utc_polygon_begin":"2024-09-27T02:24:00Z","utc_polygon_end":"2024-09-27T08:30:00Z","ph_sig":"FF.W","wfo":"RNK","eventid":61,"phenomena":"FF","significance":"W","nws_color":"#8B0000","event_label":"Flash Flood Warning","status":"NEW","product_id":"202409270224-KRNK-WGUS51-FFWRNK","year":2024,"fcster":"BMG"},"geometry":{"type":"MultiPolygon","coordinates":[[[[-81.62,36.63],[-81.68,36.75],[-81.3,36.84],[-81.26,36.77],[-81.24,36.76],[-81.14,36.57],[-81.68,36.59],[-81.65,36.61],[-81.61,36.62],[-81.61,36.64],[-81.62,36.63]]]]}},
{"type":"Feature","properties":{"ugclist":"GAC089","locations":"DeKalb [GA]","utc_issue":"2024-09-27T02:24:00Z","utc_expire":"2024-09-27T21:28:00Z","utc_polygon_begin":"2024-09-27T02:24:00Z","utc_polygon_end":"2024-09-27T14:15:00Z","ph_sig":"FL.W","wfo":"FFC","eventid":254,"phenomena":"FL","significance":"W","nws_color":"#00FF00","event_label":"Flood Warning","status":"NEW","product_id":"202409270224-KFFC-WGUS42-FLWFFC-RRA","year":2024,"fcster":null},"geometry":{"type":"MultiPolygon","coordinates":[[[[-84.31,33.74],[-84.25,33.76],[-84.21,33.68],[-84.28,33.68],[-84.31,33.74]]]]}},
{"type":"Feature","properties":{"ugclist":"GAC135","locations":"Gwinnett [GA]","utc_issue":"2024-09-27T02:24:00Z","utc_expire":"2024-09-27T22:50:00Z","utc_polygon_begin":"2024-09-27T02:24:00Z","utc_polygon_end":"2024-09-27T14:12:00Z","ph_sig":"FL.W","wfo":"FFC","eventid":253,"phenomena":"FL","significance":"W","nws_color":"#00FF00","event_label":"Flood Warning","status":"NEW","product_id":"202409270224-KFFC-WGUS42-FLWFFC","year":2024,"fcster":null},"geometry":{"type":"MultiPolygon","coordinates":[[[[-84.14,33.98],[-84.07,33.98],[-84.06,33.91],[-84.08,33.89],[-84.12,33.89],[-84.14,33.98]]]]}},
{"type":"Feature","properties":{"ugclist":"NCC193","locations":"Wilkes [NC]","utc_issue":"2024-09-27T14:49:00Z","utc_expire":"2024-09-28T01:27:00Z","utc_polygon_begin":"2024-09-27T02:24:00Z","utc_polygon_end":"2024-09-27T02:24:00Z","ph_sig":"FL.W","wfo":"RNK","eventid":29,"phenomena":"FL","significance":"W","nws_color":"#00FF00","event_label":"Flood Warning","status":"NEW","product_id":"202409261943-KRNK-WGUS41-FLWRNK","year":2024,"fcster":"16"},"geometry":{"type":"MultiPolygon","coordinates":[[[[-81.21,36.11],[-81.24,36.17],[-81.05,36.24],[-80.99,36.17],[-81.21,36.11]]]]}},
{"type":"Feature","properties":{"ugclist":"NCC171, NCC197","locations":"Surry [NC], Yadkin [NC]","utc_issue":"2024-09-27T17:05:00Z","utc_expire":"2024-09-28T13:16:00Z","utc_polygon_begin":"2024-09-27T02:24:00Z","utc_polygon_end":"2024-09-27T02:24:00Z","ph_sig":"FL.W","wfo":"RNK","eventid":30,"phenomena":"FL","significance":"W","nws_color":"#00FF00","event_label":"Flood Warning","status":"NEW","product_id":"202409261943-KRNK-WGUS41-FLWRNK","year":2024,"fcster":"16"},"geometry":{"type":"MultiPolygon","coordinates":[[[[-80.99,36.17],[-81.05,36.24],[-80.75,36.32],[-80.45,36.31],[-80.45,36.22],[-80.73,36.22],[-80.99,36.17]]]]}},
{"type":"Feature","properties":{"ugclist":"GAC171, GAC255","locations":"Lamar [GA], Spalding [GA]","utc_issue":"2024-09-27T02:25:00Z","utc_expire":"2024-09-27T15:46:00Z","utc_polygon_begin":"2024-09-27T02:25:00Z","utc_polygon_end":"2024-09-27T14:18:00Z","ph_sig":"FL.W","wfo":"FFC","eventid":256,"phenomena":"FL","significance":"W","nws_color":"#00FF00","event_label":"Flood Warning","status":"NEW","product_id":"202409270225-KFFC-WGUS42-FLWFFC-RRA","year":2024,"fcster":null},"geometry":{"type":"MultiPolygon","coordinates":[[[[-84.28,33.22],[-84.21,33.22],[-84.2,33.1],[-84.27,33.1],[-84.28,33.22]]]]}},
{"type":"Feature","properties":{"ugclist":"GAC135, GAC297","locations":"Gwinnett [GA], Walton [GA]","utc_issue":"2024-09-27T02:25:00Z","utc_expire":"2024-09-27T21:40:00Z","utc_polygon_begin":"2024-09-27T02:25:00Z","utc_polygon_end":"2024-09-27T03:57:00Z","ph_sig":"FL.W","wfo":"FFC","eventid":255,"phenomena":"FL","significance":"W","nws_color":"#00FF00","event_label":"Flood Warning","status":"NEW","product_id":"202409270225-KFFC-WGUS42-FLWFFC","year":2024,"fcster":null},"geometry":{"type":"MultiPolygon","coordinates":[[[[-83.94,33.91],[-83.92,33.94],[-83.88,33.96],[-83.74,33.83],[-83.79,33.79],[-83.94,33.91]]]]}},
{"type":"Feature","properties":{"ugclist":"GAC115, GAC233","locations":"Floyd [GA], Polk [GA]","utc_issue":"2024-09-27T12:29:00Z","utc_expire":"2024-09-27T21:32:00Z","utc_polygon_begin":"2024-09-27T02:26:00Z","utc_polygon_end":"2024-09-27T02:26:00Z","ph_sig":"FL.W","wfo":"FFC","eventid":227,"phenomena":"FL","significance":"W","nws_color":"#00FF00","event_label":"Flood Warning","status":"NEW","product_id":"202409261459-KFFC-WGUS42-FLWFFC","year":2024,"fcster":null},"geometry":{"type":"MultiPolygon","coordinates":[[[[-85.25,34.05],[-85.31,34.03],[-85.34,34.06],[-85.32,34.13],[-85.25,34.13],[-85.27,34.06],[-85.25,34.05]]]]}},
{"type":"Feature","properties":{"ugclist":"VAC067","locations":"Franklin [VA]","utc_issue":"2024-09-27T02:28:00Z","utc_expire":"2024-09-27T03:00:00Z","utc_polygon_begin":"2024-09-27T02:28:00Z","utc_polygon_end":"2024-09-27T02:43:00Z","ph_sig":"TO.W","wfo":"RNK","eventid":36,"phenomena":"TO","significance":"W","nws_color":"#FF0000","event_label":"Tornado Warning","status":"NEW","product_id":"202409270228-KRNK-WFUS51-TORRNK","year":2024,"fcster":"SH"},"geometry":{"type":"MultiPolygon","coordinates":[[[[-79.74,36.91],[-79.82,36.85],[-80.12,36.98],[-79.92,37.15],[-79.74,36.91]]]]}},
{"type":"Feature","properties":{"ugclist":"GAC281","locations":"Towns [GA]","utc_issue":"2024-09-27T09:11:00Z","utc_expire":"2024-09-27T17:50:00Z","utc_polygon_begin":"2024-09-27T02:29:00Z","utc_polygon_end":"2024-09-27T02:29:00Z","ph_sig":"FL.W","wfo":"FFC","eventid":229,"phenomena":"FL","significance":"W","nws_color":"#00FF00","event_label":"Flood Warning","status":"NEW","product_id":"202409261521-KFFC-WGUS42-FLWFFC","year":2024,"fcster":null},"geometry":{"type":"MultiPolygon","coordinates":[[[[-83.76,34.83],[-83.75,34.92],[-83.68,34.93],[-83.68,34.83],[-83.76,34.83]]]]}},
{"type":"Feature","properties":{"ugclist":"NCC005, NCC009, NCC189, NCC193","locations":"Alleghany [NC], Ashe [NC], Watauga [NC], Wilkes [NC]","utc_issue":"2024-09-27T02:31:00Z","utc_expire":"2024-09-27T08:45:00Z","utc_polygon_begin":"2024-09-27T02:31:00Z","utc_polygon_end":"2024-09-27T08:45:00Z","ph_sig":"FF.W","wfo":"RNK","eventid":62,"phenomena":"FF","significance":"W","nws_color":"#8B0000","event_label":"Flash Flood Warning","status":"NEW","product_id":"202409270231-KRNK-WGUS51-FFWRNK","year":2024,"fcster":"BMG"},"geometry":{"type":"MultiPolygon","coordinates":[[[[-81.7,36.47],[-81.71,36.54],[-81.68,36.59],[-80.9,36.56],[-80.98,36.45],[-80.97,36.4],[-80.87,36.33],[-80.88,36.06],[-81.2,36.04],[-81.33,36.0],[-81.41,36.07],[-81.55,36.12],[-81.81,36.11],[-81.83,36.17],[-81.91,36.22],[-81.92,36.29],[-81.86,36.34],[-81.79,36.36],[-81.71,36.34],[-81.74,36.41],[-81.7,36.47]]]]}},
{"type":"Feature","properties":{"ugclist":"GAC093","locations":"Dooly [GA]","utc_issue":"2024-09-27T04:20:00Z","utc_expire":"2024-09-27T17:46:00Z","utc_polygon_begin":"2024-09-27T02:31:00Z","utc_polygon_end":"2024-09-27T02:31:00Z","ph_sig":"FL.W","wfo":"FFC","eventid":232,"phenomena":"FL","significance":"W","nws_color":"#00FF00","event_label":"Flood Warning","status":"NEW","product_id":"202409262036-KFFC-WGUS42-FLWFFC","year":2024,"fcster":null},"geometry":{"type":"MultiPolygon","coordinates":[[[[-83.85,32.29],[-83.8,32.25],[-83.87,32.18],[-83.91,32.1],[-83.98,32.1],[-83.94,32.2],[-83.85,32.29]]]]}},
{"type":"Feature","properties":{"ugclist":"GAC079, GAC263, GAC269, GAC293","locations":"Crawford [GA], Talbot [GA], Taylor [GA], Upson [GA]","utc_issue":"2024-09-27T19:45:00Z","utc_expire":"2024-09-30T11:00:00Z","utc_polygon_begin":"2024-09-27T02:32:00Z","utc_polygon_end":"2024-09-27T02:32:00Z","ph_sig":"FL.W","wfo":"FFC","eventid":234,"phenomena":"FL","significance":"W","nws_color":"#00FF00","event_label":"Flood Warning","status":"NEW","product_id":"202409262054-KFFC-WGUS42-FLWFFC","year":2024,"fcster":null},"geometry":{"type":"MultiPolygon","coordinates":[[[[-84.3,32.8],[-84.21,32.75],[-83.98,32.57],[-84.05,32.53],[-84.15,32.65],[-84.37,32.76],[-84.3,32.8]]]]}},
{"type":"Feature","properties":{"ugclist":"GAC051, GAC103","locations":"Chatham [GA], Effingham [GA]","utc_issue":"2024-09-27T02:33:00Z","utc_expire":"2024-09-27T03:00:00Z","utc_polygon_begin":"2024-09-27T02:33:00Z","utc_polygon_end":"2024-09-27T02:42:00Z","ph_sig":"TO.W","wfo":"CHS","eventid":38,"phenomena":"TO","significance":"W","nws_color":"#FF0000","event_label":"Tornado Warning","status":"NEW","product_id":"202409270233-KCHS-WFUS52-TORCHS","year":2024,"fcster":"BSH"},"geometry":{"type":"MultiPolygon","coordinates":[[[[-81.43,32.26],[-81.27,32.32],[-81.14,32.03],[-81.26,31.99],[-81.43,32.26]]]]}},
{"type":"Feature","properties":{"ugclist":"GAC103, SCC049, SCC053","locations":"Effingham [GA], Hampton [SC], Jasper [SC]","utc_issue":"2024-09-27T02:36:00Z","utc_expire":"2024-09-27T03:15:00Z","utc_polygon_begin":"2024-09-27T02:36:00Z","utc_polygon_end":"2024-09-27T03:13:00Z","ph_sig":"TO.W","wfo":"CHS","eventid":39,"phenomena":"TO","significance":"W","nws_color":"#FF0000","event_label":"Tornado Warning","status":"NEW","product_id":"202409270236-KCHS-WFUS52-TORCHS","year":2024,"fcster":"NED"},"geometry":{"type":"MultiPolygon","coordinates":[[[[-81.42,32.58],[-81.39,32.59],[-81.18,32.7],[-81.04,32.37],[-81.19,32.31],[-81.42,32.58]]]]}},
{"type":"Feature","properties":{"ugclist":"GAC089, GAC121","locations":"DeKalb [GA], Fulton [GA]","utc_issue":"2024-09-27T02:39:00Z","utc_expire":"2024-09-27T19:20:00Z","utc_polygon_begin":"2024-09-27T02:39:00Z","utc_polygon_end":"2024-09-27T14:31:00Z","ph_sig":"FL.W","wfo":"FFC","eventid":257,"phenomena":"FL","significance":"W","nws_color":"#00FF00","event_label":"Flood Warning","status":"NEW","product_id":"202409270239-KFFC-WGUS42-FLWFFC","year":2024,"fcster":null},"geometry":{"type":"MultiPolygon","coordinates":[[[[-84.31,33.83],[-84.3,33.78],[-84.35,33.77],[-84.39,33.81],[-84.33,33.83],[-84.31,33.83]]]]}},
{"type":"Feature","properties":{"ugclist":"VAC067, VAC161, VAC770","locations":"Franklin [VA], Roanoke [VA], City of Roanoke [VA]","utc_issue":"2024-09-27T02:48:00Z","utc_expire":"2024-09-27T03:17:00Z","utc_polygon_begin":"2024-09-27T02:48:00Z","utc_polygon_end":"2024-09-27T03:00:00Z","ph_sig":"TO.W","wfo":"RNK","eventid":37,"phenomena":"TO","significance":"W","nws_color":"#FF0000","event_label":"Tornado Warning","status":"NEW","product_id":"202409270248-KRNK-WFUS51-TORRNK","year":2024,"fcster":"SH"},"geometry":{"type":"MultiPolygon","coordinates":[[[[-79.94,37.02],[-80.1,37.2],[-80.02,37.26],[-80.01,37.28],[-79.88,37.34],[-79.87,37.04],[-79.94,37.02]]]]}},
{"type":"Feature","properties":{"ugclist":"SCC005","locations":"Allendale [SC]","utc_issue":"2024-09-27T02:49:00Z","utc_expire":"2024-09-27T03:15:00Z","utc_polygon_begin":"2024-09-27T02:49:00Z","utc_polygon_end":"2024-09-27T03:05:00Z","ph_sig":"TO.W","wfo":"CHS","eventid":40,"phenomena":"TO","significance":"W","nws_color":"#FF0000","event_label":"Tornado Warning","status":"NEW","product_id":"202409270249-KCHS-WFUS52-TORCHS","year":2024,"fcster":"BSH"},"geometry":{"type":"MultiPolygon","coordinates":[[[[-81.5,32.97],[-81.49,33.0],[-81.5,33.0],[-81.49,33.01],[-81.5,33.02],[-81.51,33.01],[-81.51,33.02],[-81.52,33.02],[-81.51,33.03],[-81.52,33.03],[-81.53,33.04],[-81.54,33.04],[-81.59,33.12],[-81.54,33.16],[-81.41,33.12],[-81.31,32.92],[-81.43,32.87],[-81.5,32.97]]]]}},
{"type":"Feature","properties":{"ugclist":"GAC251, SCC005, SCC049, SCC053","locations":"Screven [GA], Allendale [SC], Hampton [SC], Jasper [SC]","utc_issue":"2024-09-27T02:57:00Z","utc_expire":"2024-09-27T03:29:00Z","utc_polygon_begin":"2024-09-27T02:57:00Z","utc_polygon_end":"2024-09-27T03:16:00Z","ph_sig":"TO.W","wfo":"CHS","eventid":41,"phenomena":"TO","significance":"W","nws_color":"#FF0000","event_label":"Tornado Warning","status":"NEW","product_id":"202409270257-KCHS-WFUS52-TORCHS","year":2024,"fcster":"NED"},"geometry":{"type":"MultiPolygon","coordinates":[[[[-81.32,32.93],[-81.14,32.61],[-81.28,32.55],[-81.28,32.56],[-81.29,32.55],[-81.29,32.56],[-81.3,32.55],[-81.3,32.56],[-81.32,32.56],[-81.36,32.57],[-81.35,32.58],[-81.37,32.58],[-81.36,32.59],[-81.38,32.59],[-81.39,32.6],[-81.4,32.59],[-81.41,32.59],[-81.55,32.84],[-81.32,32.93]]]]}},
{"type":"Feature","properties":{"ugclist":"FLC023, FLC047","locations":"Columbia [FL], Hamilton [FL]","utc_issue":"2024-09-27T03:04:00Z","utc_expire":"2024-09-27T03:30:00Z","utc_polygon_begin":"2024-09-27T03:04:00Z","utc_polygon_end":"2024-09-27T03:23:00Z","ph_sig":"TO.W","wfo":"JAX","eventid":73,"phenomena":"TO","significance":"W","nws_color":"#FF0000","event_label":"Tornado Warning","status":"NEW","product_id":"202409270304-KJAX-WFUS52-TORJAX","year":2024,"fcster":"HRL"},"geometry":{"type":"MultiPolygon","coordinates":[[[[-82.56,30.16],[-82.68,30.14],[-82.82,30.5],[-82.51,30.54],[-82.56,30.16]]]]}},
{"type":"Feature","properties":{"ugclist":"GAC027, GAC185, GAC275","locations":"Brooks [GA], Lowndes [GA], Thomas [GA]","utc_issue":"2024-09-27T03:07:00Z","utc_expire":"2024-09-27T05:02:00Z","utc_polygon_begin":"2024-09-27T03:07:00Z","utc_polygon_end":"2024-09-27T05:02:00Z","ph_sig":"EW.W","wfo":"TAE","eventid":2,"phenomena":"EW","significance":"W","nws_color":"#FF8C00","event_label":"Extreme Wind Warning","status":"NEW","product_id":"202409270307-KTAE-WFUS52-EWWTAE","year":2024,"fcster":"42-DVD"},"geometry":{"type":"MultiPolygon","coordinates":[[[[-83.04,30.85],[-83.09,30.85],[-83.1,30.8],[-83.13,30.79],[-83.14,30.63],[-84.08,30.68],[-84.07,30.87],[-84.11,30.95],[-84.12,31.08],[-84.0,31.07],[-84.0,31.04],[-83.79,31.03],[-83.57,31.03],[-83.57,31.05],[-83.5,31.05],[-83.47,31.03],[-83.18,31.03],[-83.18,30.95],[-83.08,30.95],[-83.02,30.9],[-83.04,30.85]]]]}},
{"type":"Feature","properties":{"ugclist":"GAC117","locations":"Forsyth [GA]","utc_issue":"2024-09-27T03:09:00Z","utc_expire":"2024-09-28T05:24:00Z","utc_polygon_begin":"2024-09-27T03:09:00Z","utc_polygon_end":"2024-09-27T14:34:00Z","ph_sig":"FL.W","wfo":"FFC","eventid":258,"phenomena":"FL","significance":"W","nws_color":"#00FF00","event_label":"Flood Warning","status":"NEW","product_id":"202409270309-KFFC-WGUS42-FLWFFC","year":2024,"fcster":null},"geometry":{"type":"MultiPolygon","coordinates":[[[[-84.24,34.18],[-84.2,34.17],[-84.19,34.11],[-84.2,34.1],[-84.25,34.1],[-84.24,34.11],[-84.24,34.18]]]]}},
{"type":"Feature","properties":{"ugclist":"NCC003","locations":"Alexander [NC]","utc_issue":"2024-09-27T03:12:00Z","utc_expire":"2024-09-27T08:00:00Z","utc_polygon_begin":"2024-09-27T03:12:00Z","utc_polygon_end":"2024-09-27T08:00:00Z","ph_sig":"FF.W","wfo":"GSP","eventid":74,"phenomena":"FF","significance":"W","nws_color":"#8B0000","event_label":"Flash Flood Warning","status":"NEW","product_id":"202409270312-KGSP-WGUS52-FFWGSP","year":2024,"fcster":"AR"},"geometry":{"type":"MultiPolygon","coordinates":[[[[-81.0,35.99],[-81.01,35.96],[-81.04,35.86],[-81.08,35.8],[-81.11,35.78],[-81.13,35.79],[-81.15,35.83],[-81.22,35.81],[-81.25,35.82],[-81.33,35.8],[-81.34,35.82],[-81.33,35.88],[-81.34,35.92],[-81.33,36.0],[-81.27,36.03],[-81.2,36.04],[-81.17,36.03],[-81.14,36.04],[-81.06,36.03],[-81.03,36.05],[-81.0,35.99]]]]}},
{"type":"Feature","properties":{"ugclist":"SCC003, SCC011","locations":"Aiken [SC], Barnwell [SC]","utc_issue":"2024-09-27T03:13:00Z","utc_expire":"2024-09-27T03:32:00Z","utc_polygon_begin":"2024-09-27T03:13:00Z","utc_polygon_end":"2024-09-27T03:32:00Z","ph_sig":"TO.W","wfo":"CAE","eventid":14,"phenomena":"TO","significance":"W","nws_color":"#FF0000","event_label":"Tornado Warning","status":"NEW","product_id":"202409270313-KCAE-WFUS52-TORCAE","year":2024,"fcster":"MG"},"geometry":{"type":"MultiPolygon","coordinates":[[[[-81.66,33.1],[-81.82,33.31],[-81.58,33.41],[-81.42,33.13],[-81.43,33.12],[-81.54,33.16],[-81.62,33.09],[-81.65,33.09],[-81.66,33.1]]]]}},
{"type":"Feature","properties":{"ugclist":"GAC019, GAC027, GAC071, GAC075, GAC131, GAC173, GAC185, GAC205, GAC275","locations":"Berrien [GA], Brooks [GA], Colquitt [GA], Cook [GA], Grady [GA], Lanier [GA], Lowndes [GA], Mitchell [GA], Thomas [GA]","utc_issue":"2024-09-27T03:13:00Z","utc_expire":"2024-09-27T09:15:00Z","utc_polygon_begin":"2024-09-27T03:13:00Z","utc_polygon_end":"2024-09-27T09:15:00Z","ph_sig":"FF.W","wfo":"TAE","eventid":112,"phenomena":"FF","significance":"W","nws_color":"#8B0000","event_label":"Flash Flood Warning","status":"NEW","product_id":"202409270313-KTAE-WGUS52-FFWTAE","year":2024,"fcster":"42-DVD"},"geometry":{"type":"MultiPolygon","coordinates":[[[[-84.51,31.08],[-84.51,31.12],[-84.34,31.31],[-84.14,31.44],[-84.0,31.44],[-84.0,31.34],[-83.72,31.32],[-83.46,31.33],[-83.37,31.4],[-83.37,31.47],[-83.15,31.47],[-83.14,31.4],[-83.03,31.28],[-83.05,31.18],[-82.97,31.18],[-82.97,30.87],[-83.13,30.8],[-83.14,30.62],[-84.38,30.69],[-84.38,31.08],[-84.51,31.08]]]]}},
{"type":"Feature","properties":{"ugclist":"GAC167, GAC303","locations":"Johnson [GA], Washington [GA]","utc_issue":"2024-09-27T03:19:00Z","utc_expire":"2024-09-27T03:45:00Z","utc_polygon_begin":"2024-09-27T03:19:00Z","utc_polygon_end":"2024-09-27T03:34:00Z","ph_sig":"TO.W","wfo":"FFC","eventid":38,"phenomena":"TO","significance":"W","nws_color":"#FF0000","event_label":"Tornado Warning","status":"NEW","product_id":"202409270319-KFFC-WFUS52-TORFFC","year":2024,"fcster":null},"geometry":{"type":"MultiPolygon","coordinates":[[[[-82.73,32.65],[-83.06,32.98],[-83.05,32.99],[-83.05,33.01],[-83.03,33.08],[-82.85,33.07],[-82.65,32.68],[-82.73,32.65]]]]}},
{"type":"Feature","properties":{"ugclist":"GAC015, GAC045, GAC057, GAC067, GAC077, GAC097, GAC113, GAC121, GAC123, GAC129, GAC213, GAC223, GAC227","locations":"Bartow [GA], Carroll [GA], Cherokee [GA], Cobb [GA], Coweta [GA], Douglas [GA], Fayette [GA], Fulton [GA], Gilmer [GA], Gordon [GA], Murray [GA], Paulding [GA], Pickens [GA]","utc_issue":"2024-09-27T03:23:00Z","utc_expire":"2024-09-27T09:30:00Z","utc_polygon_begin":"2024-09-27T03:23:00Z","utc_polygon_end":"2024-09-27T09:30:00Z","ph_sig":"FF.W","wfo":"FFC","eventid":55,"phenomena":"FF","significance":"W","nws_color":"#8B0000","event_label":"Flash Flood Warning","status":"NEW","product_id":"202409270323-KFFC-WGUS52-FFWFFC","year":2024,"fcster":null},"geometry":{"type":"MultiPolygon","coordinates":[[[[-85.0,33.64],[-84.98,33.95],[-84.92,34.08],[-84.94,34.08],[-84.77,34.73],[-84.54,34.73],[-84.37,34.62],[-84.33,34.47],[-84.26,34.47],[-84.26,34.22],[-84.45,34.2],[-84.59,33.49],[-84.5,33.22],[-84.84,33.22],[-85.0,33.64]]]]}},
{"type":"Feature","properties":{"ugclist":"GAC121","locations":"Fulton [GA]","utc_issue":"2024-09-27T03:34:00Z","utc_expire":"2024-09-28T09:28:00Z","utc_polygon_begin":"2024-09-27T03:34:00Z","utc_polygon_end":"2024-09-27T14:49:00Z","ph_sig":"FL.W","wfo":"FFC","eventid":259,"phenomena":"FL","significance":"W","nws_color":"#00FF00","event_label":"Flood Warning","status":"NEW","product_id":"202409270334-KFFC-WGUS42-FLWFFC","year":2024,"fcster":"TAC"},"geometry":{"type":"MultiPolygon","coordinates":[[[[-84.44,33.88],[-84.4,33.84],[-84.41,33.82],[-84.46,33.83],[-84.44,33.88]]]]}},
{"type":"Feature","properties":{"ugclist":"GAC063, GAC067, GAC089, GAC121","locations":"Clayton [GA], Cobb [GA], DeKalb [GA], Fulton [GA]","utc_issue":"2024-09-27T03:36:00Z","utc_expire":"2024-09-27T09:21:00Z","utc_polygon_begin":"2024-09-27T03:36:00Z","utc_polygon_end":"2024-09-27T09:21:00Z","ph_sig":"FF.W","wfo":"FFC","eventid":56,"phenomena":"FF","significance":"W","nws_color":"#8B0000","event_label":"Flash Flood Warning","status":"NEW","product_id":"202409270336-KFFC-WGUS52-FFWFFC","year":2024,"fcster":null},"geometry":{"type":"MultiPolygon","coordinates":[[[[-84.48,34.03],[-84.47,34.05],[-84.43,34.07],[-84.28,34.05],[-84.22,34.02],[-84.28,33.96],[-84.27,33.93],[-84.22,33.88],[-84.17,33.65],[-84.28,33.65],[-84.26,33.59],[-84.28,33.55],[-84.29,33.55],[-84.29,33.52],[-84.4,33.49],[-84.44,33.55],[-84.45,33.55],[-84.55,33.66],[-84.48,34.03]]]]}},
{"type":"Feature","properties":{"ugclist":"SCC001, SCC047, SCC059","locations":"Abbeville [SC], Greenwood [SC], Laurens [SC]","utc_issue":"2024-09-27T03:40:00Z","utc_expire":"2024-09-27T09:30:00Z","utc_polygon_begin":"2024-09-27T03:40:00Z","utc_polygon_end":"2024-09-27T06:48:00Z","ph_sig":"FF.W","wfo":"GSP","eventid":75,"phenomena":"FF","significance":"W","nws_color":"#8B0000","event_label":"Flash Flood Warning","status":"NEW","product_id":"202409270340-KGSP-WGUS52-FFWGSP","year":2024,"fcster":"MPR"},"geometry":{"type":"MultiPolygon","coordinates":[[[[-82.59,34.01],[-82.74,34.21],[-82.24,34.54],[-82.24,34.59],[-82.15,34.79],[-81.89,34.59],[-81.84,34.6],[-81.65,34.53],[-81.78,34.37],[-81.9,34.3],[-81.94,34.2],[-81.87,34.13],[-82.01,33.96],[-82.05,33.95],[-82.05,33.98],[-82.18,33.97],[-82.24,34.02],[-82.31,33.97],[-82.33,34.06],[-82.48,34.08],[-82.59,34.01]]]]}},
{"type":"Feature","properties":{"ugclist":"GAC101","locations":"Echols [GA]","utc_issue":"2024-09-27T03:42:00Z","utc_expire":"2024-09-27T05:07:00Z","utc_polygon_begin":"2024-09-27T03:42:00Z","utc_polygon_end":"2024-09-27T05:07:00Z","ph_sig":"EW.W","wfo":"JAX","eventid":2,"phenomena":"EW","significance":"W","nws_color":"#FF8C00","event_label":"Extreme Wind Warning","status":"NEW","product_id":"202409270342-KJAX-WFUS52-EWWJAX","year":2024,"fcster":"HRL/BL/MSW"},"geometry":{"type":"MultiPolygon","coordinates":[[[[-83.13,30.78],[-83.13,30.8],[-83.1,30.81],[-83.1,30.83],[-83.08,30.85],[-83.01,30.84],[-83.01,30.62],[-83.14,30.63],[-83.13,30.73],[-83.14,30.78],[-83.13,30.78]]]]}},
{"type":"Feature","properties":{"ugclist":"TNC001, TNC009, TNC011, TNC093, TNC105, TNC107, TNC123, TNC139, TNC145","locations":"Anderson [TN], Blount [TN], Bradley [TN], Knox [TN], Loudon [TN], McMinn [TN], Monroe [TN], Polk [TN], Roane [TN]","utc_issue":"2024-09-27T03:52:00Z","utc_expire":"2024-09-27T06:45:00Z","utc_polygon_begin":"2024-09-27T03:52:00Z","utc_polygon_end":"2024-09-27T06:38:00Z","ph_sig":"FF.W","wfo":"MRX","eventid":43,"phenomena":"FF","significance":"W","nws_color":"#8B0000","event_label":"Flash Flood Warning","status":"NEW","product_id":"202409270352-KMRX-WGUS54-FFWMRX","year":2024,"fcster":"DH"},"geometry":{"type":"MultiPolygon","coordinates":[[[[-84.8,35.46],[-84.62,35.65],[-84.62,35.71],[-84.69,35.72],[-84.53,35.97],[-84.34,36.05],[-84.44,36.14],[-84.42,36.17],[-84.39,36.19],[-84.24,36.18],[-84.23,36.2],[-83.97,36.22],[-84.41,34.99],[-84.98,34.99],[-84.96,35.02],[-85.0,35.05],[-85.03,35.14],[-84.97,35.26],[-84.86,35.35],[-84.8,35.46]]]]}},
{"type":"Feature","properties":{"ugclist":"AMZ374","locations":"Waters from Savannah GA to Altamaha Sound GA extending from 20 nm to 60 nm []","utc_issue":"2024-09-27T03:54:00Z","utc_expire":"2024-09-27T05:00:00Z","utc_polygon_begin":"2024-09-27T03:54:00Z","utc_polygon_end":"2024-09-27T04:17:00Z","ph_sig":"MA.W","wfo":"CHS","eventid":159,"phenomena":"MA","significance":"W","nws_color":"#FFA500","event_label":"Marine Warning","status":"NEW","product_id":"202409270354-KCHS-WHUS52-SMWCHS","year":2024,"fcster":"NED"},"geometry":{"type":"MultiPolygon","coordinates":[[[[-80.81,31.51],[-80.69,31.69],[-80.67,31.7],[-80.66,31.7],[-80.66,31.71],[-80.64,31.71],[-80.64,31.72],[-80.55,31.84],[-80.55,31.85],[-80.54,31.86],[-80.54,31.88],[-80.53,31.88],[-80.37,31.81],[-79.91,31.57],[-80.31,31.14],[-80.81,31.51]]]]}},
{"type":"Feature","properties":{"ugclist":"FLC065, FLC067, FLC079, FLC123","locations":"Jefferson [FL], Lafayette [FL], Madison [FL], Taylor [FL]","utc_issue":"2024-09-27T03:54:00Z","utc_expire":"2024-09-27T05:01:00Z","utc_polygon_begin":"2024-09-27T03:54:00Z","utc_polygon_end":"2024-09-27T05:01:00Z","ph_sig":"EW.W","wfo":"TAE","eventid":3,"phenomena":"EW","significance":"W","nws_color":"#FF8C00","event_label":"Extreme Wind Warning","status":"NEW","product_id":"202409270354-KTAE-WFUS52-EWWTAE","year":2024,"fcster":"42-DVD"},"geometry":{"type":"MultiPolygon","coordinates":[[[[-83.15,29.82],[-83.34,29.82],[-83.47,29.85],[-83.56,30.22],[-83.85,30.22],[-84.07,30.3],[-84.07,30.43],[-84.04,30.46],[-84.04,30.52],[-83.98,30.52],[-84.01,30.67],[-83.27,30.62],[-83.22,30.42],[-83.17,30.39],[-83.21,30.35],[-83.25,30.25],[-83.23,30.11],[-83.18,30.1],[-83.12,30.1],[-83.1,30.07],[-83.15,29.82]]]]}},
{"type":"Feature","properties":{"ugclist":"FLC047, FLC121","locations":"Hamilton [FL], Suwannee [FL]","utc_issue":"2024-09-27T04:02:00Z","utc_expire":"2024-09-27T05:07:00Z","utc_polygon_begin":"2024-09-27T04:02:00Z","utc_polygon_end":"2024-09-27T05:07:00Z","ph_sig":"EW.W","wfo":"JAX","eventid":3,"phenomena":"EW","significance":"W","nws_color":"#FF8C00","event_label":"Extreme Wind Warning","status":"NEW","product_id":"202409270402-KJAX-WFUS52-EWWJAX","year":2024,"fcster":"HRL"},"geometry":{"type":"MultiPolygon","coordinates":[[[[-83.27,30.63],[-83.01,30.62],[-83.08,30.09],[-83.11,30.09],[-83.12,30.1],[-83.16,30.11],[-83.19,30.09],[-83.21,30.11],[-83.23,30.17],[-83.25,30.18],[-83.22,30.31],[-83.17,30.4],[-83.22,30.42],[-83.22,30.46],[-83.27,30.63]]]]}},
{"type":"Feature","properties":{"ugclist":"SCC019, SCC029","locations":"Charleston [SC], Colleton [SC]","utc_issue":"2024-09-27T04:07:00Z","utc_expire":"2024-09-27T04:30:00Z","utc_polygon_begin":"2024-09-27T04:07:00Z","utc_polygon_end":"2024-09-27T04:16:00Z","ph_sig":"TO.W","wfo":"CHS","eventid":42,"phenomena":"TO","significance":"W","nws_color":"#FF0000","event_label":"Tornado Warning","status":"NEW","product_id":"202409270407-KCHS-WFUS52-TORCHS","year":2024,"fcster":"BSH"},"geometry":{"type":"MultiPolygon","coordinates":[[[[-80.57,32.85],[-80.42,32.91],[-80.4,32.87],[-80.4,32.86],[-80.39,32.86],[-80.21,32.52],[-80.23,32.51],[-80.26,32.49],[-80.33,32.46],[-80.57,32.85]]]]}},
{"type":"Feature","properties":{"ugclist":"GAC067, GAC121","locations":"Cobb [GA], Fulton [GA]","utc_issue":"2024-09-27T04:10:00Z","utc_expire":"2024-09-28T13:02:00Z","utc_polygon_begin":"2024-09-27T04:10:00Z","utc_polygon_end":"2024-09-27T15:58:00Z","ph_sig":"FL.W","wfo":"FFC","eventid":260,"phenomena":"FL","significance":"W","nws_color":"#00FF00","event_label":"Flood Warning","status":"NEW","product_id":"202409270410-KFFC-WGUS42-FLWFFC","year":2024,"fcster":null},"geometry":{"type":"MultiPolygon","coordinates":[[[[-84.47,33.92],[-84.4,33.91],[-84.42,33.82],[-84.49,33.83],[-84.47,33.92]]]]}},
{"type":"Feature","properties":{"ugclist":"GAC273, GAC307","locations":"Terrell [GA], Webster [GA]","utc_issue":"2024-09-27T04:30:00Z","utc_expire":"2024-09-27T16:27:00Z","utc_polygon_begin":"2024-09-27T04:10:00Z","utc_polygon_end":"2024-09-27T04:10:00Z","ph_sig":"FL.W","wfo":"TAE","eventid":90,"phenomena":"FL","significance":"W","nws_color":"#00FF00","event_label":"Flood Warning","status":"NEW","product_id":"202409261512-KTAE-WGUS42-FLWTAE","year":2024,"fcster":null},"geometry":{"type":"MultiPolygon","coordinates":[[[[-84.57,32.17],[-84.5,32.05],[-84.34,31.92],[-84.34,31.84],[-84.56,32.04],[-84.62,32.17],[-84.57,32.17]]]]}},
{"type":"Feature","properties":{"ugclist":"GAC073, GAC245, SCC003, SCC037, SCC065","locations":"Columbia [GA], Richmond [GA], Aiken [SC], Edgefield [SC], McCormick [SC]","utc_issue":"2024-09-27T04:11:00Z","utc_expire":"2024-09-27T07:45:00Z","utc_polygon_begin":"2024-09-27T04:11:00Z","utc_polygon_end":"2024-09-27T07:45:00Z","ph_sig":"FF.W","wfo":"CAE","eventid":44,"phenomena":"FF","significance":"W","nws_color":"#8B0000","event_label":"Flash Flood Warning","status":"NEW","product_id":"202409270411-KCAE-WGUS52-FFWCAE","year":2024,"fcster":"CJR"},"geometry":{"type":"MultiPolygon","coordinates":[[[[-82.24,33.69],[-82.22,33.69],[-82.24,33.74],[-82.07,33.8],[-81.94,33.75],[-81.79,33.6],[-81.72,33.42],[-81.72,33.35],[-81.66,33.29],[-81.68,33.26],[-81.83,33.23],[-81.89,33.26],[-81.92,33.26],[-81.98,33.23],[-82.1,33.23],[-82.15,33.28],[-82.24,33.52],[-82.24,33.69]]]]}},
{"type":"Feature","properties":{"ugclist":"FLC013","locations":"Calhoun [FL]","utc_issue":"2024-09-27T16:36:00Z","utc_expire":"2024-09-28T15:31:00Z","utc_polygon_begin":"2024-09-27T04:11:00Z","utc_polygon_end":"2024-09-27T04:11:00Z","ph_sig":"FL.W","wfo":"TAE","eventid":87,"phenomena":"FL","significance":"W","nws_color":"#00FF00","event_label":"Flood Warning","status":"NEW","product_id":"202409261506-KTAE-WGUS42-FLWTAE","year":2024,"fcster":null},"geometry":{"type":"MultiPolygon","coordinates":[[[[-85.14,30.61],[-85.12,30.31],[-85.14,30.2],[-85.22,30.2],[-85.19,30.3],[-85.2,30.61],[-85.14,30.61]]]]}},
{"type":"Feature","properties":{"ugclist":"NCC023","locations":"Burke [NC]","utc_issue":"2024-09-27T04:18:00Z","utc_expire":"2024-09-27T06:15:00Z","utc_polygon_begin":"2024-09-27T04:18:00Z","utc_polygon_end":"2024-09-27T05:49:00Z","ph_sig":"FF.W","wfo":"GSP","eventid":76,"phenomena":"FF","significance":"W","nws_color":"#8B0000","event_label":"Flash Flood Warning","status":"NEW","product_id":"202409270418-KGSP-WGUS52-FFWGSP","year":2024,"fcster":"AR"},"geometry":{"type":"MultiPolygon","coordinates":[[[[-81.81,35.58],[-81.82,35.58],[-81.87,35.72],[-81.91,35.75],[-81.72,35.88],[-81.64,35.85],[-81.63,35.83],[-81.61,35.82],[-81.54,35.77],[-81.81,35.58]]]]}},
{"type":"Feature","properties":{"ugclist":"FLC047, FLC121, GAC101","locations":"Hamilton [FL], Suwannee [FL], Echols [GA]","utc_issue":"2024-09-27T04:27:00Z","utc_expire":"2024-09-27T06:30:00Z","utc_polygon_begin":"2024-09-27T04:27:00Z","utc_polygon_end":"2024-09-27T06:18:00Z","ph_sig":"FF.W","wfo":"JAX","eventid":17,"phenomena":"FF","significance":"W","nws_color":"#8B0000","event_label":"Flash Flood Warning","status":"NEW","product_id":"202409270427-KJAX-WGUS52-FFWJAX","year":2024,"fcster":"HRL"},"geometry":{"type":"MultiPolygon","coordinates":[[[[-83.2,30.42],[-83.27,30.62],[-83.28,30.63],[-83.14,30.62],[-83.13,30.79],[-83.07,30.84],[-82.97,30.87],[-82.85,30.84],[-82.85,30.83],[-82.83,30.35],[-83.07,30.08],[-83.12,30.11],[-83.21,30.1],[-83.23,30.12],[-83.25,30.25],[-83.21,30.31],[-83.21,30.35],[-83.19,30.35],[-83.19,30.38],[-83.17,30.39],[-83.2,30.42]]]]}},
{"type":"Feature","properties":{"ugclist":"SCC019, SCC029","locations":"Charleston [SC], Colleton [SC]","utc_issue":"2024-09-27T04:28:00Z","utc_expire":"2024-09-27T05:00:00Z","utc_polygon_begin":"2024-09-27T04:28:00Z","utc_polygon_end":"2024-09-27T04:36:00Z","ph_sig":"TO.W","wfo":"CHS","eventid":43,"phenomena":"TO","significance":"W","nws_color":"#FF0000","event_label":"Tornado Warning","status":"NEW","product_id":"202409270428-KCHS-WFUS52-TORCHS","year":2024,"fcster":"BSH"},"geometry":{"type":"MultiPolygon","coordinates":[[[[-80.65,32.97],[-80.49,33.02],[-80.33,32.71],[-80.44,32.66],[-80.65,32.97]]]]}},
{"type":"Feature","properties":{"ugclist":"SCC045, SCC073, SCC077","locations":"Greenville [SC], Oconee [SC], Pickens [SC]","utc_issue":"2024-09-27T04:28:00Z","utc_expire":"2024-09-27T07:55:00Z","utc_polygon_begin":"2024-09-27T04:28:00Z","utc_polygon_end":"2024-09-27T07:55:00Z","ph_sig":"FF.W","wfo":"GSP","eventid":77,"phenomena":"FF","significance":"W","nws_color":"#8B0000","event_label":"Flash Flood Warning","status":"NEW","product_id":"202409270428-KGSP-WGUS52-FFWGSP","year":2024,"fcster":"MPR"},"geometry":{"type":"MultiPolygon","coordinates":[[[[-83.14,34.56],[-83.17,34.6],[-83.22,34.61],[-83.34,34.69],[-83.24,34.88],[-83.21,34.88],[-83.18,34.91],[-82.91,34.93],[-82.22,35.1],[-82.22,34.97],[-82.49,34.87],[-82.49,34.82],[-82.79,34.67],[-83.0,34.47],[-83.14,34.56]]]]}},
{"type":"Feature","properties":{"ugclist":"GAC089","locations":"DeKalb [GA]","utc_issue":"2024-09-27T04:28:00Z","utc_expire":"2024-09-28T03:00:00Z","utc_polygon_begin":"2024-09-27T04:28:00Z","utc_polygon_end":"2024-09-27T16:08:00Z","ph_sig":"FL.W","wfo":"FFC","eventid":261,"phenomena":"FL","significance":"W","nws_color":"#00FF00","event_label":"Flood Warning","status":"NEW","product_id":"202409270428-KFFC-WGUS42-FLWFFC","year":2024,"fcster":"TAC"},"geometry":{"type":"MultiPolygon","coordinates":[[[[-84.27,33.65],[-84.27,33.71],[-84.15,33.67],[-84.19,33.62],[-84.27,33.65]]]]}},
{"type":"Feature","properties":{"ugclist":"AMZ352, AMZ372","locations":"Coastal waters from Edisto Beach SC to Savannah GA out 20 nm [], Waters from Edisto Beach SC to Savannah GA extending from 20 nm to 40 nm []","utc_issue":"2024-09-27T04:34:00Z","utc_expire":"2024-09-27T05:17:00Z","utc_polygon_begin":"2024-09-27T04:34:00Z","utc_polygon_end":"2024-09-27T05:01:00Z","ph_sig":"MA.W","wfo":"CHS","eventid":160,"phenomena":"MA","significance":"W","nws_color":"#FFA500","event_label":"Marine Warning","status":"NEW","product_id":"202409270434-KCHS-WHUS52-SMWCHS","year":2024,"fcster":"NED"},"geometry":{"type":"MultiPolygon","coordinates":[[[[-80.94,32.04],[-80.95,32.07],[-80.85,32.15],[-80.8,32.14],[-80.76,32.16],[-80.67,32.25],[-80.68,32.3],[-80.66,32.32],[-80.62,32.32],[-80.6,32.29],[-80.47,32.34],[-80.46,32.38],[-80.48,32.39],[-80.5,32.47],[-80.53,32.49],[-80.47,32.54],[-80.04,32.09],[-80.33,31.8],[-80.84,32.02],[-80.84,32.0],[-80.94,32.04]]]]}},
{"type":"Feature","properties":{"ugclist":"GAC017, GAC095, GAC155, GAC277, GAC287, GAC321","locations":"Ben Hill [GA], Dougherty [GA], Irwin [GA], Tift [GA], Turner [GA], Worth [GA]","utc_issue":"2024-09-27T04:36:00Z","utc_expire":"2024-09-27T09:30:00Z","utc_polygon_begin":"2024-09-27T04:36:00Z","utc_polygon_end":"2024-09-27T09:30:00Z","ph_sig":"FF.W","wfo":"TAE","eventid":113,"phenomena":"FF","significance":"W","nws_color":"#8B0000","event_label":"Flash Flood Warning","status":"NEW","product_id":"202409270436-KTAE-WGUS52-FFWTAE","year":2024,"fcster":"42-DVD"},"geometry":{"type":"MultiPolygon","coordinates":[[[[-84.04,31.62],[-84.03,31.72],[-83.99,31.77],[-84.01,31.8],[-83.94,31.85],[-83.8,31.8],[-83.61,31.8],[-83.61,31.85],[-83.18,31.85],[-83.0,31.78],[-83.0,31.66],[-83.06,31.61],[-83.11,31.48],[-83.37,31.47],[-83.37,31.4],[-83.46,31.33],[-84.0,31.33],[-84.0,31.44],[-84.28,31.44],[-84.28,31.62],[-84.04,31.62]]]]}},
{"type":"Feature","properties":{"ugclist":"GAC137, GAC241, GAC257, SCC073","locations":"Habersham [GA], Rabun [GA], Stephens [GA], Oconee [SC]","utc_issue":"2024-09-27T04:38:00Z","utc_expire":"2024-09-27T07:00:00Z","utc_polygon_begin":"2024-09-27T04:38:00Z","utc_polygon_end":"2024-09-27T06:44:00Z","ph_sig":"FF.W","wfo":"GSP","eventid":78,"phenomena":"FF","significance":"W","nws_color":"#8B0000","event_label":"Flash Flood Warning","status":"NEW","product_id":"202409270438-KGSP-WGUS52-FFWGSP","year":2024,"fcster":"MPR"},"geometry":{"type":"MultiPolygon","coordinates":[[[[-83.66,34.88],[-83.63,34.91],[-83.6,34.91],[-83.6,34.94],[-83.55,34.95],[-83.55,34.99],[-83.28,35.0],[-83.17,34.91],[-83.21,34.88],[-83.24,34.88],[-83.45,34.48],[-83.54,34.49],[-83.61,34.43],[-83.67,34.5],[-83.62,34.54],[-83.66,34.65],[-83.63,34.75],[-83.63,34.77],[-83.68,34.8],[-83.65,34.82],[-83.66,34.88]]]]}},
{"type":"Feature","properties":{"ugclist":"NCC099, NCC113, NCC173","locations":"Jackson [NC], Macon [NC], Swain [NC]","utc_issue":"2024-09-27T04:48:00Z","utc_expire":"2024-09-27T07:22:00Z","utc_polygon_begin":"2024-09-27T04:48:00Z","utc_polygon_end":"2024-09-27T07:22:00Z","ph_sig":"FF.W","wfo":"GSP","eventid":79,"phenomena":"FF","significance":"W","nws_color":"#8B0000","event_label":"Flash Flood Warning","status":"NEW","product_id":"202409270448-KGSP-WGUS52-FFWGSP","year":2024,"fcster":"MPR"},"geometry":{"type":"MultiPolygon","coordinates":[[[[-83.35,35.47],[-83.24,35.53],[-83.18,35.52],[-83.19,35.51],[-83.0,35.37],[-83.25,35.23],[-83.22,35.22],[-83.22,35.16],[-83.18,35.11],[-83.27,35.0],[-83.52,35.0],[-83.52,35.02],[-83.57,35.07],[-83.62,35.11],[-83.62,35.13],[-83.65,35.14],[-83.65,35.15],[-83.74,35.16],[-83.68,35.28],[-83.35,35.34],[-83.35,35.47]]]]}},
{"type":"Feature","properties":{"ugclist":"SCC013","locations":"Beaufort [SC]","utc_issue":"2024-09-27T04:58:00Z","utc_expire":"2024-09-27T05:36:00Z","utc_polygon_begin":"2024-09-27T04:58:00Z","utc_polygon_end":"2024-09-27T05:11:00Z","ph_sig":"TO.W","wfo":"CHS","eventid":44,"phenomena":"TO","significance":"W","nws_color":"#FF0000","event_label":"Tornado Warning","status":"NEW","product_id":"202409270458-KCHS-WFUS52-TORCHS","year":2024,"fcster":"NED"},"geometry":{"type":"MultiPolygon","coordinates":[[[[-80.86,32.35],[-80.83,32.41],[-80.84,32.41],[-80.82,32.47],[-80.83,32.58],[-80.69,32.63],[-80.63,32.58],[-80.61,32.59],[-80.58,32.57],[-80.44,32.28],[-80.46,32.29],[-80.59,32.24],[-80.61,32.21],[-80.65,32.18],[-80.67,32.18],[-80.71,32.13],[-80.86,32.35]]]]}},
{"type":"Feature","properties":{"ugclist":"GAC053, GAC145, GAC215","locations":"Chattahoochee [GA], Harris [GA], Muscogee [GA]","utc_issue":"2024-09-27T04:58:00Z","utc_expire":"2024-09-27T11:00:00Z","utc_polygon_begin":"2024-09-27T04:58:00Z","utc_polygon_end":"2024-09-27T11:00:00Z","ph_sig":"FF.W","wfo":"FFC","eventid":57,"phenomena":"FF","significance":"W","nws_color":"#8B0000","event_label":"Flash Flood Warning","status":"NEW","product_id":"202409270458-KFFC-WGUS52-FFWFFC","year":2024,"fcster":null},"geometry":{"type":"MultiPolygon","coordinates":[[[[-85.08,32.64],[-85.1,32.64],[-85.09,32.66],[-85.12,32.7],[-85.11,32.74],[-84.87,32.72],[-84.7,32.58],[-84.67,32.4],[-84.71,32.27],[-84.92,32.25],[-84.89,32.26],[-84.94,32.3],[-85.0,32.32],[-84.98,32.41],[-84.96,32.42],[-85.0,32.45],[-85.01,32.52],[-85.07,32.58],[-85.08,32.64]]]]}},
{"type":"Feature","properties":{"ugclist":"SCC021, SCC091","locations":"Cherokee [SC], York [SC]","utc_issue":"2024-09-27T05:05:00Z","utc_expire":"2024-09-27T11:00:00Z","utc_polygon_begin":"2024-09-27T05:05:00Z","utc_polygon_end":"2024-09-27T11:00:00Z","ph_sig":"FA.Y","wfo":"GSP","eventid":172,"phenomena":"FA","significance":"Y","nws_color":"#00FF7F","event_label":"Flood Advisory","status":"NEW","product_id":"202409270505-KGSP-WGUS82-FLSGSP","year":2024,"fcster":"MPR"},"geometry":{"type":"MultiPolygon","coordinates":[[[[-81.52,34.88],[-81.53,34.87],[-81.53,34.88],[-81.54,34.87],[-81.59,34.89],[-81.62,34.87],[-81.65,34.9],[-81.7,34.91],[-81.73,34.93],[-81.75,34.93],[-81.82,35.09],[-81.58,35.17],[-81.32,35.16],[-81.21,34.89],[-81.26,34.82],[-81.48,34.82],[-81.46,34.83],[-81.46,34.84],[-81.48,34.87],[-81.52,34.88]]]]}},
{"type":"Feature","properties":{"ugclist":"SCC075","locations":"Orangeburg [SC]","utc_issue":"2024-09-27T05:15:00Z","utc_expire":"2024-09-27T05:45:00Z","utc_polygon_begin":"2024-09-27T05:15:00Z","utc_polygon_end":"2024-09-27T05:31:00Z","ph_sig":"TO.W","wfo":"CAE","eventid":15,"phenomena":"TO","significance":"W","nws_color":"#FF0000","event_label":"Tornado Warning","status":"NEW","product_id":"202409270515-KCAE-WFUS52-TORCAE","year":2024,"fcster":"SL"},"geometry":{"type":"MultiPolygon","coordinates":[[[[-80.98,33.45],[-80.79,33.51],[-80.67,33.24],[-80.74,33.2],[-80.98,33.45]]]]}},
{"type":"Feature","properties":{"ugclist":"GAC067, GAC121","locations":"Cobb [GA], Fulton [GA]","utc_issue":"2024-09-27T05:15:00Z","utc_expire":"2024-09-27T13:00:00Z","utc_polygon_begin":"2024-09-27T05:15:00Z","utc_polygon_end":"2024-09-27T05:42:00Z","ph_sig":"FL.W","wfo":"FFC","eventid":262,"phenomena":"FL","significance":"W","nws_color":"#00FF00","event_label":"Flood Warning","status":"NEW","product_id":"202409270434-KFFC-WGUS42-FLWFFC","year":2024,"fcster":"TAC"},"geometry":{"type":"MultiPolygon","coordinates":[[[[-84.47,33.92],[-84.4,33.91],[-84.42,33.82],[-84.49,33.83],[-84.47,33.92]]]]}},
{"type":"Feature","properties":{"ugclist":"GAC003, GAC065","locations":"Atkinson [GA], Clinch [GA]","utc_issue":"2024-09-27T05:17:00Z","utc_expire":"2024-09-27T08:30:00Z","utc_polygon_begin":"2024-09-27T05:17:00Z","utc_polygon_end":"2024-09-27T08:15:00Z","ph_sig":"FF.W","wfo":"JAX","eventid":18,"phenomena":"FF","significance":"W","nws_color":"#8B0000","event_label":"Flash Flood Warning","status":"NEW","product_id":"202409270517-KJAX-WGUS52-FFWJAX","year":2024,"fcster":"HRL"},"geometry":{"type":"MultiPolygon","coordinates":[[[[-83.05,31.18],[-83.05,31.23],[-83.03,31.28],[-83.06,31.3],[-83.06,31.33],[-83.1,31.36],[-83.12,31.39],[-83.14,31.4],[-83.14,31.42],[-82.96,31.42],[-82.96,31.4],[-82.85,31.4],[-82.84,31.4],[-82.82,31.37],[-82.73,31.36],[-82.74,31.18],[-82.85,30.84],[-82.97,30.87],[-82.97,31.18],[-83.05,31.18]]]]}},
{"type":"Feature","properties":{"ugclist":"GAC009, GAC303, GAC319","locations":"Baldwin [GA], Washington [GA], Wilkinson [GA]","utc_issue":"2024-09-27T05:17:00Z","utc_expire":"2024-09-28T16:43:00Z","utc_polygon_begin":"2024-09-27T05:17:00Z","utc_polygon_end":"2024-09-27T12:55:00Z","ph_sig":"FL.W","wfo":"FFC","eventid":239,"phenomena":"FL","significance":"W","nws_color":"#00FF00","event_label":"Flood Warning","status":"NEW","product_id":"202409270103-KFFC-WGUS42-FLWFFC","year":2024,"fcster":null},"geometry":{"type":"MultiPolygon","coordinates":[[[[-83.25,33.13],[-83.17,33.14],[-83.17,33.08],[-83.13,33.02],[-83.16,32.97],[-83.24,33.04],[-83.25,33.13]]]]}},
{"type":"Feature","properties":{"ugclist":"GAC145, GAC199, GAC231, GAC263, GAC285, GAC293","locations":"Harris [GA], Meriwether [GA], Pike [GA], Talbot [GA], Troup [GA], Upson [GA]","utc_issue":"2024-09-27T05:23:00Z","utc_expire":"2024-09-27T11:30:00Z","utc_polygon_begin":"2024-09-27T05:23:00Z","utc_polygon_end":"2024-09-27T11:30:00Z","ph_sig":"FF.W","wfo":"FFC","eventid":58,"phenomena":"FF","significance":"W","nws_color":"#8B0000","event_label":"Flash Flood Warning","status":"NEW","product_id":"202409270523-KFFC-WGUS52-FFWFFC","year":2024,"fcster":null},"geometry":{"type":"MultiPolygon","coordinates":[[[[-84.84,33.0],[-84.83,33.22],[-84.72,33.23],[-84.5,33.22],[-84.5,33.19],[-84.48,33.19],[-84.4,32.84],[-84.77,32.62],[-84.88,32.71],[-85.11,32.73],[-85.14,32.77],[-85.12,32.77],[-85.16,32.8],[-85.17,32.83],[-85.16,32.85],[-84.84,33.0]]]]}},
{"type":"Feature","properties":{"ugclist":"SCC091","locations":"York [SC]","utc_issue":"2024-09-27T05:26:00Z","utc_expire":"2024-09-27T11:00:00Z","utc_polygon_begin":"2024-09-27T05:26:00Z","utc_polygon_end":"2024-09-27T11:00:00Z","ph_sig":"FA.Y","wfo":"GSP","eventid":173,"phenomena":"FA","significance":"Y","nws_color":"#00FF7F","event_label":"Flood Advisory","status":"NEW","product_id":"202409270526-KGSP-WGUS82-FLSGSP","year":2024,"fcster":"AR"},"geometry":{"type":"MultiPolygon","coordinates":[[[[-81.21,34.89],[-81.32,35.16],[-81.04,35.15],[-81.05,35.13],[-81.03,35.11],[-81.05,35.1],[-81.06,35.07],[-81.04,35.04],[-80.93,35.11],[-80.91,35.07],[-80.9,35.03],[-80.91,35.02],[-80.9,35.01],[-80.88,34.97],[-80.87,34.95],[-80.87,34.92],[-80.88,34.87],[-80.87,34.85],[-80.9,34.82],[-81.26,34.82],[-81.21,34.89]]]]}},
{"type":"Feature","properties":{"ugclist":"GAC121","locations":"Fulton [GA]","utc_issue":"2024-09-27T05:29:00Z","utc_expire":"2024-09-28T21:27:00Z","utc_polygon_begin":"2024-09-27T05:29:00Z","utc_polygon_end":"2024-09-27T17:03:00Z","ph_sig":"FL.W","wfo":"FFC","eventid":263,"phenomena":"FL","significance":"W","nws_color":"#00FF00","event_label":"Flood Warning","status":"NEW","product_id":"202409270529-KFFC-WGUS42-FLWFFC","year":2024,"fcster":"TAC"},"geometry":{"type":"MultiPolygon","coordinates":[[[[-84.33,34.04],[-84.3,34.02],[-84.34,34.01],[-84.36,34.0],[-84.36,34.04],[-84.33,34.04]]]]}},
{"type":"Feature","properties":{"ugclist":"AMZ352","locations":"Coastal waters from Edisto Beach SC to Savannah GA out 20 nm []","utc_issue":"2024-09-27T05:35:00Z","utc_expire":"2024-09-27T06:00:00Z","utc_polygon_begin":"2024-09-27T05:35:00Z","utc_polygon_end":"2024-09-27T05:56:00Z","ph_sig":"MA.W","wfo":"CHS","eventid":161,"phenomena":"MA","significance":"W","nws_color":"#FFA500","event_label":"Marine Warning","status":"NEW","product_id":"202409270535-KCHS-WHUS52-SMWCHS","year":2024,"fcster":"NED"},"geometry":{"type":"MultiPolygon","coordinates":[[[[-80.78,32.15],[-80.76,32.16],[-80.67,32.25],[-80.68,32.26],[-80.68,32.3],[-80.66,32.32],[-80.65,32.32],[-80.64,32.33],[-80.64,32.32],[-80.62,32.32],[-80.61,32.31],[-80.6,32.29],[-80.49,32.34],[-80.33,32.1],[-80.64,31.96],[-80.78,32.15]]]]}},
{"type":"Feature","properties":{"ugclist":"SCC017, SCC075","locations":"Calhoun [SC], Orangeburg [SC]","utc_issue":"2024-09-27T05:38:00Z","utc_expire":"2024-09-27T06:00:00Z","utc_polygon_begin":"2024-09-27T05:38:00Z","utc_polygon_end":"2024-09-27T05:49:00Z","ph_sig":"TO.W","wfo":"CAE","eventid":16,"phenomena":"TO","significance":"W","nws_color":"#FF0000","event_label":"Tornado Warning","status":"NEW","product_id":"202409270538-KCAE-WFUS52-TORCAE","year":2024,"fcster":"SL"},"geometry":{"type":"MultiPolygon","coordinates":[[[[-81.13,33.68],[-81.1,33.69],[-81.05,33.7],[-80.99,33.73],[-80.96,33.73],[-80.94,33.75],[-80.93,33.75],[-80.94,33.76],[-80.9,33.78],[-80.81,33.44],[-80.84,33.43],[-81.13,33.68]]]]}},
{"type":"Feature","properties":{"ugclist":"SCC013","locations":"Beaufort [SC]","utc_issue":"2024-09-27T05:46:00Z","utc_expire":"2024-09-27T06:01:00Z","utc_polygon_begin":"2024-09-27T05:46:00Z","utc_polygon_end":"2024-09-27T05:51:00Z","ph_sig":"TO.W","wfo":"CHS","eventid":45,"phenomena":"TO","significance":"W","nws_color":"#FF0000","event_label":"Tornado Warning","status":"NEW","product_id":"202409270546-KCHS-WFUS52-TORCHS","year":2024,"fcster":"NED"},"geometry":{"type":"MultiPolygon","coordinates":[[[[-80.85,32.36],[-80.78,32.53],[-80.59,32.24],[-80.6,32.23],[-80.6,32.22],[-80.72,32.16],[-80.85,32.36]]]]}},
{"type":"Feature","properties":{"ugclist":"GAC067, GAC121","locations":"Cobb [GA], Fulton [GA]","utc_issue":"2024-09-27T08:56:00Z","utc_expire":"2024-09-28T07:03:00Z","utc_polygon_begin":"2024-09-27T05:47:00Z","utc_polygon_end":"2024-09-27T05:47:00Z","ph_sig":"FL.W","wfo":"FFC","eventid":244,"phenomena":"FL","significance":"W","nws_color":"#00FF00","event_label":"Flood Warning","status":"NEW","product_id":"202409270208-KFFC-WGUS42-FLWFFC","year":2024,"fcster":null},"geometry":{"type":"MultiPolygon","coordinates":[[[[-84.49,33.83],[-84.42,33.82],[-84.55,33.72],[-84.6,33.76],[-84.49,33.83]]]]}},
{"type":"Feature","properties":{"ugclist":"TNC025, TNC057, TNC067","locations":"Claiborne [TN], Grainger [TN], Hancock [TN]","utc_issue":"2024-09-27T06:00:00Z","utc_expire":"2024-09-28T13:21:00Z","utc_polygon_begin":"2024-09-27T05:56:00Z","utc_polygon_end":"2024-09-27T05:56:00Z","ph_sig":"FL.W","wfo":"MRX","eventid":12,"phenomena":"FL","significance":"W","nws_color":"#00FF00","event_label":"Flood Warning","status":"NEW","product_id":"202409261457-KMRX-WGUS44-FLWMRX","year":2024,"fcster":"GC"},"geometry":{"type":"MultiPolygon","coordinates":[[[[-83.56,36.31],[-83.59,36.37],[-83.08,36.59],[-82.96,36.59],[-83.56,36.31]]]]}},
{"type":"Feature","properties":{"ugclist":"SCC083","locations":"Spartanburg [SC]","utc_issue":"2024-09-27T05:57:00Z","utc_expire":"2024-09-27T07:57:00Z","utc_polygon_begin":"2024-09-27T05:57:00Z","utc_polygon_end":"2024-09-27T07:57:00Z","ph_sig":"FF.W","wfo":"GSP","eventid":80,"phenomena":"FF","significance":"W","nws_color":"#8B0000","event_label":"Flash Flood Warning","status":"NEW","product_id":"202409270557-KGSP-WGUS52-FFWGSP","year":2024,"fcster":"AR"},"geometry":{"type":"MultiPolygon","coordinates":[[[[-82.22,35.2],[-81.87,35.18],[-81.82,35.09],[-82.22,34.97],[-82.22,35.2]]]]}},
{"type":"Feature","properties":{"ugclist":"GAC003, GAC005, GAC069, GAC161","locations":"Atkinson [GA], Bacon [GA], Coffee [GA], Jeff Davis [GA]","utc_issue":"2024-09-27T06:11:00Z","utc_expire":"2024-09-27T09:15:00Z","utc_polygon_begin":"2024-09-27T06:11:00Z","utc_polygon_end":"2024-09-27T09:01:00Z","ph_sig":"FF.W","wfo":"JAX","eventid":19,"phenomena":"FF","significance":"W","nws_color":"#8B0000","event_label":"Flash Flood Warning","status":"NEW","product_id":"202409270611-KJAX-WGUS52-FFWJAX","year":2024,"fcster":"HRL"},"geometry":{"type":"MultiPolygon","coordinates":[[[[-83.11,31.48],[-83.06,31.55],[-83.06,31.61],[-83.01,31.64],[-83.0,31.66],[-82.99,31.79],[-82.86,31.78],[-82.84,31.81],[-82.79,31.84],[-82.79,31.85],[-82.76,31.86],[-82.68,31.92],[-82.61,31.93],[-82.63,31.36],[-82.81,31.36],[-82.85,31.4],[-82.96,31.4],[-82.97,31.42],[-83.14,31.42],[-83.15,31.47],[-83.11,31.48]]]]}},
{"type":"Feature","properties":{"ugclist":"AMZ352, AMZ372","locations":"Coastal waters from Edisto Beach SC to Savannah GA out 20 nm [], Waters from Edisto Beach SC to Savannah GA extending from 20 nm to 40 nm []","utc_issue":"2024-09-27T06:14:00Z","utc_expire":"2024-09-27T07:15:00Z","utc_polygon_begin":"2024-09-27T06:14:00Z","utc_polygon_end":"2024-09-27T07:06:00Z","ph_sig":"MA.W","wfo":"CHS","eventid":162,"phenomena":"MA","significance":"W","nws_color":"#FFA500","event_label":"Marine Warning","status":"NEW","product_id":"202409270614-KCHS-WHUS52-SMWCHS","year":2024,"fcster":"NED"},"geometry":{"type":"MultiPolygon","coordinates":[[[[-80.84,32.15],[-80.76,32.16],[-80.67,32.25],[-80.66,32.32],[-80.6,32.29],[-80.47,32.34],[-80.5,32.47],[-80.57,32.56],[-80.53,32.59],[-80.45,32.53],[-80.41,32.62],[-80.31,32.49],[-80.33,32.48],[-79.51,32.13],[-79.88,31.94],[-80.0,31.81],[-80.15,31.71],[-80.84,32.02],[-80.89,32.0],[-80.95,32.07],[-80.84,32.15]]]]}},
{"type":"Feature","properties":{"ugclist":"ALC113","locations":"Russell [AL]","utc_issue":"2024-09-27T06:16:00Z","utc_expire":"2024-09-27T10:27:00Z","utc_polygon_begin":"2024-09-27T06:16:00Z","utc_polygon_end":"2024-09-27T10:27:00Z","ph_sig":"FF.W","wfo":"BMX","eventid":23,"phenomena":"FF","significance":"W","nws_color":"#8B0000","event_label":"Flash Flood Warning","status":"NEW","product_id":"202409270616-KBMX-WGUS54-FFWBMX","year":2024,"fcster":"25/Owen"},"geometry":{"type":"MultiPolygon","coordinates":[[[[-85.43,32.41],[-85.01,32.34],[-85.0,32.32],[-84.94,32.3],[-84.89,32.26],[-84.92,32.25],[-84.91,32.24],[-84.93,32.22],[-84.97,32.22],[-84.98,32.21],[-84.96,32.2],[-85.01,32.18],[-85.06,32.13],[-85.04,32.09],[-85.06,32.06],[-85.19,32.06],[-85.25,32.12],[-85.26,32.15],[-85.43,32.16],[-85.43,32.41]]]]}},
{"type":"Feature","properties":{"ugclist":"ALC017","locations":"Chambers [AL]","utc_issue":"2024-09-27T06:29:00Z","utc_expire":"2024-09-27T10:27:00Z","utc_polygon_begin":"2024-09-27T06:29:00Z","utc_polygon_end":"2024-09-27T10:27:00Z","ph_sig":"FF.W","wfo":"BMX","eventid":24,"phenomena":"FF","significance":"W","nws_color":"#8B0000","event_label":"Flash Flood Warning","status":"NEW","product_id":"202409270629-KBMX-WGUS54-FFWBMX","year":2024,"fcster":"25/Owen"},"geometry":{"type":"MultiPolygon","coordinates":[[[[-85.23,33.11],[-85.18,32.86],[-85.16,32.85],[-85.17,32.81],[-85.12,32.78],[-85.14,32.76],[-85.14,32.75],[-85.28,32.75],[-85.28,32.73],[-85.4,32.73],[-85.41,32.74],[-85.43,32.75],[-85.43,32.73],[-85.48,32.73],[-85.48,32.74],[-85.59,32.73],[-85.41,33.11],[-85.23,33.11]]]]}},
{"type":"Feature","properties":{"ugclist":"GAC135","locations":"Gwinnett [GA]","utc_issue":"2024-09-27T06:36:00Z","utc_expire":"2024-09-28T05:00:00Z","utc_polygon_begin":"2024-09-27T06:36:00Z","utc_polygon_end":"2024-09-27T10:47:00Z","ph_sig":"FL.W","wfo":"FFC","eventid":243,"phenomena":"FL","significance":"W","nws_color":"#00FF00","event_label":"Flood Warning","status":"NEW","product_id":"202409270205-KFFC-WGUS42-FLWFFC","year":2024,"fcster":null},"geometry":{"type":"MultiPolygon","coordinates":[[[[-84.03,34.12],[-83.96,34.1],[-83.98,34.03],[-84.13,34.01],[-84.12,34.03],[-84.09,34.06],[-84.03,34.12]]]]}},
{"type":"Feature","properties":{"ugclist":"GAC023, GAC091, GAC093, GAC107, GAC167, GAC175, GAC209, GAC235, GAC271, GAC279, GAC283, GAC309, GAC315","locations":"Bleckley [GA], Dodge [GA], Dooly [GA], Emanuel [GA], Johnson [GA], Laurens [GA], Montgomery [GA], Pulaski [GA], Telfair [GA], Toombs [GA], Treutlen [GA], Wheeler [GA], Wilcox [GA]","utc_issue":"2024-09-27T06:43:00Z","utc_expire":"2024-09-27T12:27:00Z","utc_polygon_begin":"2024-09-27T06:43:00Z","utc_polygon_end":"2024-09-27T12:27:00Z","ph_sig":"FF.W","wfo":"FFC","eventid":59,"phenomena":"FF","significance":"W","nws_color":"#8B0000","event_label":"Flash Flood Warning","status":"NEW","product_id":"202409270643-KFFC-WGUS52-FFWFFC","year":2024,"fcster":null},"geometry":{"type":"MultiPolygon","coordinates":[[[[-83.62,32.29],[-83.5,32.45],[-82.96,32.71],[-82.95,32.76],[-82.8,32.81],[-82.52,32.82],[-82.43,32.76],[-82.34,32.83],[-82.14,32.81],[-82.0,32.61],[-82.03,32.54],[-82.15,32.52],[-82.25,32.35],[-82.18,32.17],[-82.23,31.91],[-82.56,31.96],[-82.86,31.78],[-83.01,31.78],[-83.18,31.85],[-83.61,31.85],[-83.62,32.29]]]]}},
{"type":"Feature","properties":{"ugclist":"SCC019, SCC029","locations":"Charleston [SC], Colleton [SC]","utc_issue":"2024-09-27T06:53:00Z","utc_expire":"2024-09-27T07:15:00Z","utc_polygon_begin":"2024-09-27T06:53:00Z","utc_polygon_end":"2024-09-27T07:03:00Z","ph_sig":"TO.W","wfo":"CHS","eventid":46,"phenomena":"TO","significance":"W","nws_color":"#FF0000","event_label":"Tornado Warning","status":"NEW","product_id":"202409270653-KCHS-WFUS52-TORCHS","year":2024,"fcster":"BSH"},"geometry":{"type":"MultiPolygon","coordinates":[[[[-80.42,32.8],[-80.35,32.81],[-80.26,32.49],[-80.31,32.46],[-80.31,32.45],[-80.33,32.45],[-80.32,32.44],[-80.37,32.42],[-80.56,32.78],[-80.42,32.8]]]]}},
{"type":"Feature","properties":{"ugclist":"PMZ154","locations":"Saipan Coastal Waters []","utc_issue":"2024-09-27T07:00:00Z","utc_expire":"2024-09-27T09:00:00Z","utc_polygon_begin":"2024-09-27T06:56:00Z","utc_polygon_end":"2024-09-27T06:56:00Z","ph_sig":"MA.W","wfo":"GUM","eventid":4,"phenomena":"MA","significance":"W","nws_color":"#FFA500","event_label":"Marine Warning","status":"NEW","product_id":"202409270656-PGUM-WHMY50-SMWGUM","year":2024,"fcster":"WILLIAMS"},"geometry":{"type":"MultiPolygon","coordinates":[[[[146.17,15.86],[146.4,15.63],[146.48,15.45],[146.49,15.37],[145.95,15.4],[145.92,15.72],[146.17,15.86]]]]}},
{"type":"Feature","properties":{"ugclist":"SCC023, SCC087","locations":"Chester [SC], Union [SC]","utc_issue":"2024-09-27T06:57:00Z","utc_expire":"2024-09-27T10:00:00Z","utc_polygon_begin":"2024-09-27T06:57:00Z","utc_polygon_end":"2024-09-27T09:14:00Z","ph_sig":"FF.W","wfo":"GSP","eventid":81,"phenomena":"FF","significance":"W","nws_color":"#8B0000","event_label":"Flash Flood Warning","status":"NEW","product_id":"202409270657-KGSP-WGUS52-FFWGSP","year":2024,"fcster":"AR"},"geometry":{"type":"MultiPolygon","coordinates":[[[[-81.62,34.87],[-81.59,34.89],[-81.52,34.88],[-81.46,34.84],[-81.48,34.82],[-80.9,34.82],[-80.86,34.7],[-80.9,34.63],[-80.88,34.54],[-81.42,34.57],[-81.42,34.5],[-81.48,34.49],[-81.54,34.45],[-81.55,34.48],[-81.68,34.56],[-81.72,34.55],[-81.85,34.59],[-81.78,34.84],[-81.71,34.91],[-81.65,34.9],[-81.62,34.87]]]]}},
{"type":"Feature","properties":{"ugclist":"SCC021, SCC091","locations":"Cherokee [SC], York [SC]","utc_issue":"2024-09-27T07:02:00Z","utc_expire":"2024-09-27T10:30:00Z","utc_polygon_begin":"2024-09-27T07:02:00Z","utc_polygon_end":"2024-09-27T09:46:00Z","ph_sig":"FF.W","wfo":"GSP","eventid":82,"phenomena":"FF","significance":"W","nws_color":"#8B0000","event_label":"Flash Flood Warning","status":"NEW","product_id":"202409270702-KGSP-WGUS52-FFWGSP","year":2024,"fcster":"AR"},"geometry":{"type":"MultiPolygon","coordinates":[[[[-81.05,35.15],[-81.03,35.11],[-81.06,35.07],[-81.04,35.04],[-80.94,35.11],[-80.91,35.07],[-80.91,35.02],[-80.87,34.95],[-80.88,34.87],[-80.87,34.85],[-80.9,34.82],[-81.48,34.82],[-81.46,34.83],[-81.46,34.84],[-81.52,34.88],[-81.59,34.89],[-81.62,34.87],[-81.65,34.9],[-81.75,34.93],[-81.87,35.18],[-81.05,35.15]]]]}},
{"type":"Feature","properties":{"ugclist":"GAC121","locations":"Fulton [GA]","utc_issue":"2024-09-27T07:10:00Z","utc_expire":"2024-09-28T01:38:00Z","utc_polygon_begin":"2024-09-27T07:10:00Z","utc_polygon_end":"2024-09-27T17:05:00Z","ph_sig":"FL.W","wfo":"FFC","eventid":265,"phenomena":"FL","significance":"W","nws_color":"#00FF00","event_label":"Flood Warning","status":"NEW","product_id":"202409270710-KFFC-WGUS42-FLWFFC","year":2024,"fcster":"TAC"},"geometry":{"type":"MultiPolygon","coordinates":[[[[-84.4,33.81],[-84.47,33.8],[-84.48,33.82],[-84.46,33.83],[-84.4,33.81]]]]}},
{"type":"Feature","properties":{"ugclist":"AMZ350, AMZ352, AMZ370, AMZ372","locations":"Coastal waters from South Santee River to Edisto Beach SC out 20 nm [], Coastal waters from Edisto Beach SC to Savannah GA out 20 nm [], Waters from South Santee River SC to Edisto Beach SC extending from 20 nm to 40 nm [], Waters from Edisto Beach SC to Savannah GA extending from 20 nm to 40 nm []","utc_issue":"2024-09-27T07:11:00Z","utc_expire":"2024-09-27T08:45:00Z","utc_polygon_begin":"2024-09-27T07:11:00Z","utc_polygon_end":"2024-09-27T07:35:00Z","ph_sig":"MA.W","wfo":"CHS","eventid":163,"phenomena":"MA","significance":"W","nws_color":"#FFA500","event_label":"Marine Warning","status":"NEW","product_id":"202409270711-KCHS-WHUS52-SMWCHS","year":2024,"fcster":"NED"},"geometry":{"type":"MultiPolygon","coordinates":[[[[-80.84,32.15],[-80.76,32.16],[-80.67,32.25],[-80.66,32.32],[-80.6,32.29],[-80.47,32.34],[-80.5,32.47],[-80.57,32.57],[-80.52,32.59],[-80.45,32.53],[-80.41,32.62],[-80.33,32.51],[-80.22,32.58],[-80.04,32.63],[-79.32,32.28],[-79.66,32.04],[-79.88,31.94],[-80.0,31.81],[-80.15,31.71],[-80.94,32.07],[-80.84,32.15]]]]}},
{"type":"Feature","properties":{"ugclist":"NCC099, NCC113","locations":"Jackson [NC], Macon [NC]","utc_issue":"2024-09-27T07:11:00Z","utc_expire":"2024-09-27T12:15:00Z","utc_polygon_begin":"2024-09-27T07:11:00Z","utc_polygon_end":"2024-09-27T12:10:00Z","ph_sig":"FF.W","wfo":"GSP","eventid":83,"phenomena":"FF","significance":"W","nws_color":"#8B0000","event_label":"Flash Flood Warning","status":"NEW","product_id":"202409270711-KGSP-WGUS52-FFWGSP","year":2024,"fcster":"MPR"},"geometry":{"type":"MultiPolygon","coordinates":[[[[-83.32,35.47],[-83.24,35.52],[-83.14,35.49],[-83.14,35.46],[-83.08,35.45],[-82.92,35.29],[-82.93,35.23],[-83.0,35.16],[-82.98,35.13],[-83.06,35.05],[-83.01,35.03],[-83.11,35.0],[-83.52,35.0],[-83.62,35.13],[-83.65,35.14],[-83.65,35.15],[-83.74,35.16],[-83.68,35.28],[-83.34,35.33],[-83.35,35.47],[-83.32,35.47]]]]}},
{"type":"Feature","properties":{"ugclist":"GAC105, GAC119, GAC147, GAC257","locations":"Elbert [GA], Franklin [GA], Hart [GA], Stephens [GA]","utc_issue":"2024-09-27T07:16:00Z","utc_expire":"2024-09-27T11:00:00Z","utc_polygon_begin":"2024-09-27T07:16:00Z","utc_polygon_end":"2024-09-27T10:10:00Z","ph_sig":"FF.W","wfo":"GSP","eventid":84,"phenomena":"FF","significance":"W","nws_color":"#8B0000","event_label":"Flash Flood Warning","status":"NEW","product_id":"202409270716-KGSP-WGUS52-FFWGSP","year":2024,"fcster":"AR"},"geometry":{"type":"MultiPolygon","coordinates":[[[[-83.37,34.68],[-83.17,34.6],[-83.16,34.6],[-83.03,34.48],[-82.88,34.47],[-82.75,34.27],[-82.72,34.15],[-82.64,34.09],[-82.57,33.96],[-82.94,34.02],[-83.1,34.17],[-83.08,34.23],[-83.11,34.27],[-83.17,34.24],[-83.3,34.26],[-83.36,34.22],[-83.34,34.26],[-83.39,34.33],[-83.38,34.43],[-83.46,34.48],[-83.37,34.68]]]]}},
{"type":"Feature","properties":{"ugclist":"NCC021, NCC087","locations":"Buncombe [NC], Haywood [NC]","utc_issue":"2024-09-27T07:16:00Z","utc_expire":"2024-09-27T12:15:00Z","utc_polygon_begin":"2024-09-27T07:16:00Z","utc_polygon_end":"2024-09-27T12:15:00Z","ph_sig":"FF.W","wfo":"GSP","eventid":85,"phenomena":"FF","significance":"W","nws_color":"#8B0000","event_label":"Flash Flood Warning","status":"NEW","product_id":"202409270716-KGSP-WGUS52-FFWGSP-RRA","year":2024,"fcster":"MPR"},"geometry":{"type":"MultiPolygon","coordinates":[[[[-82.8,35.69],[-82.51,35.8],[-82.36,35.82],[-82.28,35.71],[-82.29,35.59],[-82.17,35.53],[-82.23,35.52],[-82.25,35.46],[-82.33,35.5],[-82.54,35.42],[-82.7,35.45],[-82.83,35.32],[-82.92,35.29],[-83.19,35.51],[-83.16,35.55],[-83.18,35.67],[-83.26,35.72],[-83.08,35.79],[-82.96,35.79],[-82.9,35.68],[-82.8,35.69]]]]}},
{"type":"Feature","properties":{"ugclist":"NCC089, NCC149, NCC175","locations":"Henderson [NC], Polk [NC], Transylvania [NC]","utc_issue":"2024-09-27T07:18:00Z","utc_expire":"2024-09-27T12:15:00Z","utc_polygon_begin":"2024-09-27T07:18:00Z","utc_polygon_end":"2024-09-27T12:15:00Z","ph_sig":"FF.W","wfo":"GSP","eventid":86,"phenomena":"FF","significance":"W","nws_color":"#8B0000","event_label":"Flash Flood Warning","status":"NEW","product_id":"202409270718-KGSP-WGUS52-FFWGSP","year":2024,"fcster":"MPR"},"geometry":{"type":"MultiPolygon","coordinates":[[[[-82.54,35.42],[-82.36,35.46],[-82.33,35.5],[-82.27,35.47],[-82.26,35.39],[-82.13,35.4],[-81.96,35.25],[-81.97,35.19],[-82.37,35.18],[-82.39,35.22],[-82.44,35.17],[-82.68,35.13],[-82.76,35.07],[-83.01,35.03],[-83.06,35.05],[-82.98,35.13],[-83.0,35.16],[-82.92,35.29],[-82.83,35.32],[-82.67,35.46],[-82.54,35.42]]]]}},
{"type":"Feature","properties":{"ugclist":"SCC013, SCC029","locations":"Beaufort [SC], Colleton [SC]","utc_issue":"2024-09-27T07:19:00Z","utc_expire":"2024-09-27T08:00:00Z","utc_polygon_begin":"2024-09-27T07:19:00Z","utc_polygon_end":"2024-09-27T07:28:00Z","ph_sig":"TO.W","wfo":"CHS","eventid":47,"phenomena":"TO","significance":"W","nws_color":"#FF0000","event_label":"Tornado Warning","status":"NEW","product_id":"202409270719-KCHS-WFUS52-TORCHS","year":2024,"fcster":"NED"},"geometry":{"type":"MultiPolygon","coordinates":[[[[-80.75,32.72],[-80.48,32.79],[-80.41,32.63],[-80.43,32.63],[-80.42,32.61],[-80.4,32.62],[-80.39,32.6],[-80.39,32.57],[-80.42,32.55],[-80.36,32.51],[-80.32,32.44],[-80.35,32.41],[-80.4,32.45],[-80.42,32.45],[-80.4,32.4],[-80.42,32.35],[-80.41,32.31],[-80.42,32.29],[-80.46,32.29],[-80.53,32.26],[-80.75,32.72]]]]}},
{"type":"Feature","properties":{"ugclist":"GAC009, GAC021, GAC079, GAC125, GAC141, GAC153, GAC163, GAC167, GAC169, GAC225, GAC289, GAC303, GAC319","locations":"Baldwin [GA], Bibb [GA], Crawford [GA], Glascock [GA], Hancock [GA], Houston [GA], Jefferson [GA], Johnson [GA], Jones [GA], Peach [GA], Twiggs [GA], Washington [GA], Wilkinson [GA]","utc_issue":"2024-09-27T07:30:00Z","utc_expire":"2024-09-27T12:29:00Z","utc_polygon_begin":"2024-09-27T07:30:00Z","utc_polygon_end":"2024-09-27T12:29:00Z","ph_sig":"FF.W","wfo":"FFC","eventid":60,"phenomena":"FF","significance":"W","nws_color":"#8B0000","event_label":"Flash Flood Warning","status":"NEW","product_id":"202409270730-KFFC-WGUS52-FFWFFC","year":2024,"fcster":null},"geometry":{"type":"MultiPolygon","coordinates":[[[[-84.01,32.85],[-83.89,32.85],[-83.71,32.95],[-83.72,32.99],[-83.42,33.18],[-82.78,33.31],[-82.73,33.26],[-82.56,33.33],[-82.43,33.28],[-82.32,33.3],[-82.23,33.23],[-82.32,32.84],[-82.45,32.77],[-82.54,32.81],[-82.8,32.8],[-83.49,32.46],[-83.62,32.29],[-83.79,32.3],[-83.85,32.47],[-84.01,32.52],[-84.01,32.85]]]]}},
{"type":"Feature","properties":{"ugclist":"ALC005","locations":"Barbour [AL]","utc_issue":"2024-09-27T07:38:00Z","utc_expire":"2024-09-27T10:28:00Z","utc_polygon_begin":"2024-09-27T07:38:00Z","utc_polygon_end":"2024-09-27T10:28:00Z","ph_sig":"FF.W","wfo":"BMX","eventid":25,"phenomena":"FF","significance":"W","nws_color":"#8B0000","event_label":"Flash Flood Warning","status":"NEW","product_id":"202409270738-KBMX-WGUS54-FFWBMX","year":2024,"fcster":"25/Owen"},"geometry":{"type":"MultiPolygon","coordinates":[[[[-85.06,32.03],[-85.05,32.02],[-85.07,31.99],[-85.07,31.97],[-85.09,31.96],[-85.08,31.94],[-85.11,31.91],[-85.11,31.9],[-85.13,31.89],[-85.13,31.88],[-85.14,31.84],[-85.33,32.0],[-85.42,32.14],[-85.41,32.15],[-85.26,32.15],[-85.24,32.12],[-85.23,32.12],[-85.19,32.06],[-85.06,32.06],[-85.06,32.03]]]]}},
{"type":"Feature","properties":{"ugclist":"NCC075, NCC173","locations":"Graham [NC], Swain [NC]","utc_issue":"2024-09-27T07:39:00Z","utc_expire":"2024-09-27T10:45:00Z","utc_polygon_begin":"2024-09-27T07:39:00Z","utc_polygon_end":"2024-09-27T10:40:00Z","ph_sig":"FF.W","wfo":"GSP","eventid":87,"phenomena":"FF","significance":"W","nws_color":"#8B0000","event_label":"Flash Flood Warning","status":"NEW","product_id":"202409270739-KGSP-WGUS52-FFWGSP","year":2024,"fcster":"MPR"},"geometry":{"type":"MultiPolygon","coordinates":[[[[-83.77,35.56],[-83.5,35.56],[-83.45,35.61],[-83.34,35.66],[-83.3,35.66],[-83.25,35.7],[-83.18,35.67],[-83.2,35.64],[-83.16,35.55],[-83.18,35.51],[-83.24,35.52],[-83.35,35.47],[-83.34,35.33],[-83.96,35.22],[-84.0,35.23],[-84.03,35.29],[-84.04,35.35],[-84.01,35.37],[-84.02,35.41],[-83.88,35.52],[-83.77,35.56]]]]}},
{"type":"Feature","properties":{"ugclist":"SCC073, SCC077","locations":"Oconee [SC], Pickens [SC]","utc_issue":"2024-09-27T07:39:00Z","utc_expire":"2024-09-27T11:30:00Z","utc_polygon_begin":"2024-09-27T07:39:00Z","utc_polygon_end":"2024-09-27T11:15:00Z","ph_sig":"FF.W","wfo":"GSP","eventid":88,"phenomena":"FF","significance":"W","nws_color":"#8B0000","event_label":"Flash Flood Warning","status":"NEW","product_id":"202409270739-KGSP-WGUS52-FFWGSP-RRA","year":2024,"fcster":"AR"},"geometry":{"type":"MultiPolygon","coordinates":[[[[-83.07,34.5],[-83.16,34.6],[-83.17,34.6],[-83.23,34.61],[-83.35,34.7],[-83.31,34.82],[-83.27,34.82],[-83.16,34.93],[-83.11,34.94],[-83.1,35.0],[-82.78,35.09],[-82.75,35.05],[-82.57,35.07],[-82.59,35.01],[-82.54,35.02],[-82.55,34.98],[-82.48,34.83],[-82.79,34.67],[-83.0,34.47],[-83.07,34.5]]]]}},
{"type":"Feature","properties":{"ugclist":"SCC019","locations":"Charleston [SC]","utc_issue":"2024-09-27T07:42:00Z","utc_expire":"2024-09-27T08:30:00Z","utc_polygon_begin":"2024-09-27T07:42:00Z","utc_polygon_end":"2024-09-27T08:14:00Z","ph_sig":"TO.W","wfo":"CHS","eventid":48,"phenomena":"TO","significance":"W","nws_color":"#FF0000","event_label":"Tornado Warning","status":"NEW","product_id":"202409270742-KCHS-WFUS52-TORCHS","year":2024,"fcster":"BSH"},"geometry":{"type":"MultiPolygon","coordinates":[[[[-80.26,32.84],[-80.15,32.82],[-80.16,32.84],[-80.18,32.85],[-80.18,32.86],[-80.17,32.87],[-80.16,32.86],[-80.16,32.87],[-80.1,32.89],[-80.1,32.88],[-80.09,32.89],[-80.04,32.91],[-79.94,32.62],[-79.99,32.59],[-80.1,32.57],[-80.26,32.84]]]]}},
{"type":"Feature","properties":{"ugclist":"SCC045, SCC083","locations":"Greenville [SC], Spartanburg [SC]","utc_issue":"2024-09-27T07:45:00Z","utc_expire":"2024-09-27T12:00:00Z","utc_polygon_begin":"2024-09-27T07:45:00Z","utc_polygon_end":"2024-09-27T11:33:00Z","ph_sig":"FF.W","wfo":"GSP","eventid":89,"phenomena":"FF","significance":"W","nws_color":"#8B0000","event_label":"Flash Flood Warning","status":"NEW","product_id":"202409270745-KGSP-WGUS52-FFWGSP","year":2024,"fcster":"AR"},"geometry":{"type":"MultiPolygon","coordinates":[[[[-82.37,35.18],[-82.28,35.2],[-81.87,35.18],[-81.82,35.09],[-82.49,34.87],[-82.55,34.98],[-82.53,34.98],[-82.54,35.02],[-82.59,35.01],[-82.6,35.05],[-82.57,35.07],[-82.74,35.05],[-82.76,35.07],[-82.7,35.1],[-82.68,35.13],[-82.66,35.12],[-82.48,35.18],[-82.44,35.17],[-82.42,35.2],[-82.39,35.21],[-82.37,35.18]]]]}},
{"type":"Feature","properties":{"ugclist":"NCC161","locations":"Rutherford [NC]","utc_issue":"2024-09-27T07:45:00Z","utc_expire":"2024-09-27T13:30:00Z","utc_polygon_begin":"2024-09-27T07:45:00Z","utc_polygon_end":"2024-09-27T13:30:00Z","ph_sig":"FF.W","wfo":"GSP","eventid":90,"phenomena":"FF","significance":"W","nws_color":"#8B0000","event_label":"Flash Flood Warning","status":"NEW","product_id":"202409270745-KGSP-WGUS52-FFWGSP-RRA","year":2024,"fcster":"JMP"},"geometry":{"type":"MultiPolygon","coordinates":[[[[-81.84,35.22],[-81.75,35.24],[-81.76,35.21],[-81.82,35.19],[-81.89,35.19],[-81.97,35.24],[-81.96,35.25],[-81.97,35.26],[-81.99,35.27],[-82.12,35.39],[-82.15,35.41],[-82.19,35.41],[-82.18,35.44],[-82.12,35.44],[-82.01,35.34],[-81.95,35.27],[-81.89,35.23],[-81.84,35.22]]]]}},
{"type":"Feature","properties":{"ugclist":"SCC029","locations":"Colleton [SC]","utc_issue":"2024-09-27T07:48:00Z","utc_expire":"2024-09-27T08:08:00Z","utc_polygon_begin":"2024-09-27T07:48:00Z","utc_polygon_end":"2024-09-27T08:03:00Z","ph_sig":"TO.W","wfo":"CHS","eventid":49,"phenomena":"TO","significance":"W","nws_color":"#FF0000","event_label":"Tornado Warning","status":"NEW","product_id":"202409270748-KCHS-WFUS52-TORCHS","year":2024,"fcster":"NED"},"geometry":{"type":"MultiPolygon","coordinates":[[[[-80.78,33.02],[-80.69,33.12],[-80.67,33.11],[-80.67,33.1],[-80.63,33.08],[-80.63,33.07],[-80.62,33.07],[-80.59,33.06],[-80.54,33.06],[-80.46,32.73],[-80.64,32.69],[-80.78,33.02]]]]}},
{"type":"Feature","properties":{"ugclist":"NCC011, NCC115, NCC121, NCC199","locations":"Avery [NC], Madison [NC], Mitchell [NC], Yancey [NC]","utc_issue":"2024-09-27T07:53:00Z","utc_expire":"2024-09-27T11:00:00Z","utc_polygon_begin":"2024-09-27T07:53:00Z","utc_polygon_end":"2024-09-27T10:46:00Z","ph_sig":"FF.W","wfo":"GSP","eventid":91,"phenomena":"FF","significance":"W","nws_color":"#8B0000","event_label":"Flash Flood Warning","status":"NEW","product_id":"202409270753-KGSP-WGUS52-FFWGSP","year":2024,"fcster":"MPR"},"geometry":{"type":"MultiPolygon","coordinates":[[[[-82.37,36.11],[-82.21,36.16],[-82.08,36.1],[-81.92,36.29],[-81.9,36.21],[-81.74,36.07],[-81.81,35.96],[-81.9,36.0],[-81.99,35.88],[-82.1,35.85],[-82.26,35.7],[-82.38,35.82],[-82.8,35.69],[-82.88,35.68],[-82.96,35.75],[-82.9,35.94],[-82.81,35.93],[-82.78,36.0],[-82.63,36.07],[-82.56,35.95],[-82.37,36.11]]]]}},
{"type":"Feature","properties":{"ugclist":"SCC019","locations":"Charleston [SC]","utc_issue":"2024-09-27T08:00:00Z","utc_expire":"2024-09-27T08:23:00Z","utc_polygon_begin":"2024-09-27T08:00:00Z","utc_polygon_end":"2024-09-27T08:15:00Z","ph_sig":"TO.W","wfo":"CHS","eventid":50,"phenomena":"TO","significance":"W","nws_color":"#FF0000","event_label":"Tornado Warning","status":"NEW","product_id":"202409270800-KCHS-WFUS52-TORCHS","year":2024,"fcster":"BSH"},"geometry":{"type":"MultiPolygon","coordinates":[[[[-80.41,32.81],[-80.39,32.84],[-80.4,32.86],[-80.24,32.84],[-80.09,32.57],[-80.15,32.55],[-80.15,32.53],[-80.16,32.52],[-80.18,32.52],[-80.2,32.53],[-80.22,32.51],[-80.41,32.81]]]]}},
{"type":"Feature","properties":{"ugclist":"NCC003, NCC027","locations":"Alexander [NC], Caldwell [NC]","utc_issue":"2024-09-27T08:01:00Z","utc_expire":"2024-09-27T13:00:00Z","utc_polygon_begin":"2024-09-27T08:01:00Z","utc_polygon_end":"2024-09-27T13:00:00Z","ph_sig":"FF.W","wfo":"GSP","eventid":92,"phenomena":"FF","significance":"W","nws_color":"#8B0000","event_label":"Flash Flood Warning","status":"NEW","product_id":"202409270801-KGSP-WGUS52-FFWGSP","year":2024,"fcster":"MPR"},"geometry":{"type":"MultiPolygon","coordinates":[[[[-81.74,36.07],[-81.81,36.11],[-81.55,36.12],[-81.41,36.07],[-81.4,36.04],[-81.37,36.04],[-81.33,36.0],[-81.2,36.04],[-81.17,36.03],[-81.03,36.05],[-81.01,35.96],[-81.04,35.86],[-81.11,35.78],[-81.15,35.83],[-81.34,35.8],[-81.38,35.76],[-81.45,35.79],[-81.56,35.78],[-81.6,35.82],[-81.81,35.96],[-81.74,36.07]]]]}},
{"type":"Feature","properties":{"ugclist":"GAC137, GAC241","locations":"Habersham [GA], Rabun [GA]","utc_issue":"2024-09-27T08:08:00Z","utc_expire":"2024-09-27T12:00:00Z","utc_polygon_begin":"2024-09-27T08:08:00Z","utc_polygon_end":"2024-09-27T11:24:00Z","ph_sig":"FF.W","wfo":"GSP","eventid":93,"phenomena":"FF","significance":"W","nws_color":"#8B0000","event_label":"Flash Flood Warning","status":"NEW","product_id":"202409270808-KGSP-WGUS52-FFWGSP","year":2024,"fcster":"AR"},"geometry":{"type":"MultiPolygon","coordinates":[[[[-83.6,34.91],[-83.6,34.94],[-83.55,34.95],[-83.55,34.99],[-83.1,35.0],[-83.11,34.94],[-83.16,34.93],[-83.27,34.82],[-83.31,34.82],[-83.35,34.73],[-83.34,34.69],[-83.46,34.48],[-83.54,34.49],[-83.61,34.43],[-83.67,34.5],[-83.62,34.55],[-83.66,34.65],[-83.63,34.76],[-83.68,34.8],[-83.64,34.89],[-83.6,34.91]]]]}},
{"type":"Feature","properties":{"ugclist":"NCC087","locations":"Haywood [NC]","utc_issue":"2024-09-27T08:09:00Z","utc_expire":"2024-09-27T14:15:00Z","utc_polygon_begin":"2024-09-27T08:09:00Z","utc_polygon_end":"2024-09-27T08:15:00Z","ph_sig":"FF.W","wfo":"GSP","eventid":94,"phenomena":"FF","significance":"W","nws_color":"#8B0000","event_label":"Flash Flood Warning","status":"NEW","product_id":"202409270809-KGSP-WGUS52-FFWGSP","year":2024,"fcster":"MPR"},"geometry":{"type":"MultiPolygon","coordinates":[[[[-82.92,35.74],[-82.85,35.62],[-82.81,35.63],[-82.77,35.58],[-82.8,35.47],[-82.75,35.41],[-82.83,35.32],[-82.95,35.31],[-83.08,35.45],[-83.14,35.46],[-83.14,35.49],[-83.19,35.51],[-83.16,35.55],[-83.2,35.64],[-83.18,35.67],[-83.26,35.72],[-83.08,35.79],[-83.0,35.77],[-82.96,35.79],[-82.96,35.75],[-82.92,35.74]]]]}},
{"type":"Feature","properties":{"ugclist":"NCC023, NCC111","locations":"Burke [NC], McDowell [NC]","utc_issue":"2024-09-27T08:14:00Z","utc_expire":"2024-09-27T14:15:00Z","utc_polygon_begin":"2024-09-27T08:14:00Z","utc_polygon_end":"2024-09-27T14:15:00Z","ph_sig":"FF.W","wfo":"GSP","eventid":95,"phenomena":"FF","significance":"W","nws_color":"#8B0000","event_label":"Flash Flood Warning","status":"NEW","product_id":"202409270814-KGSP-WGUS52-FFWGSP","year":2024,"fcster":"MPR"},"geometry":{"type":"MultiPolygon","coordinates":[[[[-82.29,35.59],[-82.26,35.62],[-82.29,35.7],[-82.19,35.74],[-82.1,35.85],[-81.99,35.88],[-81.96,35.94],[-81.9,36.0],[-81.78,35.95],[-81.56,35.78],[-81.36,35.77],[-81.54,35.56],[-81.57,35.56],[-81.67,35.57],[-81.75,35.61],[-81.82,35.58],[-81.84,35.54],[-81.97,35.52],[-82.0,35.55],[-82.15,35.52],[-82.29,35.59]]]]}},
{"type":"Feature","properties":{"ugclist":"SCC017, SCC075","locations":"Calhoun [SC], Orangeburg [SC]","utc_issue":"2024-09-27T08:17:00Z","utc_expire":"2024-09-27T08:45:00Z","utc_polygon_begin":"2024-09-27T08:17:00Z","utc_polygon_end":"2024-09-27T08:30:00Z","ph_sig":"TO.W","wfo":"CAE","eventid":17,"phenomena":"TO","significance":"W","nws_color":"#FF0000","event_label":"Tornado Warning","status":"NEW","product_id":"202409270817-KCAE-WFUS52-TORCAE","year":2024,"fcster":"SL"},"geometry":{"type":"MultiPolygon","coordinates":[[[[-81.01,33.65],[-80.76,33.72],[-80.6,33.28],[-80.71,33.23],[-81.01,33.65]]]]}},
{"type":"Feature","properties":{"ugclist":"TNC065, TNC115, TNC153","locations":"Hamilton [TN], Marion [TN], Sequatchie [TN]","utc_issue":"2024-09-27T08:18:00Z","utc_expire":"2024-09-27T11:30:00Z","utc_polygon_begin":"2024-09-27T08:18:00Z","utc_polygon_end":"2024-09-27T11:23:00Z","ph_sig":"FA.Y","wfo":"MRX","eventid":83,"phenomena":"FA","significance":"Y","nws_color":"#00FF7F","event_label":"Flood Advisory","status":"NEW","product_id":"202409270818-KMRX-WGUS84-FLSMRX","year":2024,"fcster":"SR"},"geometry":{"type":"MultiPolygon","coordinates":[[[[-85.49,35.38],[-85.54,35.49],[-85.61,35.53],[-85.42,35.57],[-85.4,35.49],[-85.23,35.35],[-85.17,35.45],[-85.11,35.46],[-85.02,35.41],[-85.03,35.38],[-84.98,35.36],[-84.94,35.28],[-85.03,35.14],[-84.98,34.99],[-85.86,34.99],[-85.87,35.22],[-85.74,35.22],[-85.69,35.24],[-85.71,35.29],[-85.56,35.32],[-85.49,35.38]]]]}},
{"type":"Feature","properties":{"ugclist":"GAC079, GAC153, GAC193, GAC197, GAC249, GAC263, GAC269","locations":"Crawford [GA], Houston [GA], Macon [GA], Marion [GA], Schley [GA], Talbot [GA], Taylor [GA]","utc_issue":"2024-09-27T08:23:00Z","utc_expire":"2024-09-27T12:31:00Z","utc_polygon_begin":"2024-09-27T08:23:00Z","utc_polygon_end":"2024-09-27T12:31:00Z","ph_sig":"FF.W","wfo":"FFC","eventid":61,"phenomena":"FF","significance":"W","nws_color":"#8B0000","event_label":"Flash Flood Warning","status":"NEW","product_id":"202409270823-KFFC-WGUS52-FFWFFC","year":2024,"fcster":null},"geometry":{"type":"MultiPolygon","coordinates":[[[[-84.69,32.67],[-84.43,32.84],[-84.37,32.78],[-84.34,32.61],[-84.0,32.65],[-84.02,32.51],[-83.83,32.46],[-83.77,32.3],[-83.9,32.29],[-84.03,32.18],[-84.13,32.19],[-84.18,32.23],[-84.18,32.16],[-84.43,32.17],[-84.43,32.13],[-84.53,32.13],[-84.61,32.33],[-84.64,32.53],[-84.67,32.52],[-84.69,32.56],[-84.69,32.67]]]]}},
{"type":"Feature","properties":{"ugclist":"SCC015, SCC019, SCC035","locations":"Berkeley [SC], Charleston [SC], Dorchester [SC]","utc_issue":"2024-09-27T08:30:00Z","utc_expire":"2024-09-27T09:06:00Z","utc_polygon_begin":"2024-09-27T08:30:00Z","utc_polygon_end":"2024-09-27T08:39:00Z","ph_sig":"TO.W","wfo":"CHS","eventid":51,"phenomena":"TO","significance":"W","nws_color":"#FF0000","event_label":"Tornado Warning","status":"NEW","product_id":"202409270830-KCHS-WFUS52-TORCHS","year":2024,"fcster":"BSH"},"geometry":{"type":"MultiPolygon","coordinates":[[[[-80.38,33.26],[-80.36,33.26],[-80.36,33.27],[-80.35,33.28],[-80.31,33.26],[-80.27,33.29],[-80.25,33.3],[-80.25,33.32],[-80.24,33.35],[-80.24,33.36],[-80.16,33.38],[-80.09,32.9],[-80.22,32.87],[-80.38,33.26]]]]}},
{"type":"Feature","properties":{"ugclist":"GAC031, GAC043, GAC165, GAC251","locations":"Bulloch [GA], Candler [GA], Jenkins [GA], Screven [GA]","utc_issue":"2024-09-27T08:32:00Z","utc_expire":"2024-09-27T11:30:00Z","utc_polygon_begin":"2024-09-27T08:32:00Z","utc_polygon_end":"2024-09-27T11:22:00Z","ph_sig":"FA.Y","wfo":"CHS","eventid":82,"phenomena":"FA","significance":"Y","nws_color":"#00FF7F","event_label":"Flood Advisory","status":"NEW","product_id":"202409270832-KCHS-WGUS82-FLSCHS","year":2024,"fcster":"NED"},"geometry":{"type":"MultiPolygon","coordinates":[[[[-82.22,32.4],[-82.15,32.52],[-82.08,32.56],[-82.03,32.54],[-82.0,32.61],[-82.08,32.66],[-82.15,32.82],[-82.12,32.88],[-82.08,32.92],[-81.96,32.92],[-81.86,32.95],[-81.82,32.95],[-81.77,32.91],[-81.61,33.0],[-81.59,32.95],[-81.62,32.71],[-81.75,32.48],[-81.87,32.41],[-82.22,32.4]]]]}},
{"type":"Feature","properties":{"ugclist":"SCC017, SCC027, SCC075, SCC085","locations":"Calhoun [SC], Clarendon [SC], Orangeburg [SC], Sumter [SC]","utc_issue":"2024-09-27T08:35:00Z","utc_expire":"2024-09-27T09:00:00Z","utc_polygon_begin":"2024-09-27T08:35:00Z","utc_polygon_end":"2024-09-27T08:46:00Z","ph_sig":"TO.W","wfo":"CAE","eventid":18,"phenomena":"TO","significance":"W","nws_color":"#FF0000","event_label":"Tornado Warning","status":"NEW","product_id":"202409270835-KCAE-WFUS52-TORCAE","year":2024,"fcster":"SL"},"geometry":{"type":"MultiPolygon","coordinates":[[[[-80.3,33.27],[-80.32,33.26],[-80.35,33.28],[-80.68,33.71],[-80.41,33.8],[-80.27,33.29],[-80.3,33.27]]]]}},
{"type":"Feature","properties":{"ugclist":"NCC097","locations":"Iredell [NC]","utc_issue":"2024-09-27T08:35:00Z","utc_expire":"2024-09-27T12:30:00Z","utc_polygon_begin":"2024-09-27T08:35:00Z","utc_polygon_end":"2024-09-27T10:40:00Z","ph_sig":"FF.W","wfo":"GSP","eventid":96,"phenomena":"FF","significance":"W","nws_color":"#8B0000","event_label":"Flash Flood Warning","status":"NEW","product_id":"202409270835-KGSP-WGUS52-FFWGSP","year":2024,"fcster":"AR"},"geometry":{"type":"MultiPolygon","coordinates":[[[[-80.71,35.85],[-80.77,35.67],[-80.74,35.51],[-80.91,35.51],[-80.95,35.49],[-80.96,35.5],[-80.95,35.53],[-80.96,35.55],[-80.96,35.57],[-80.92,35.62],[-81.0,35.71],[-81.06,35.71],[-81.07,35.74],[-81.11,35.78],[-81.04,35.86],[-81.01,35.96],[-81.03,36.05],[-80.98,36.06],[-80.69,36.05],[-80.71,35.85]]]]}},
{"type":"Feature","properties":{"ugclist":"SCC019","locations":"Charleston [SC]","utc_issue":"2024-09-27T08:36:00Z","utc_expire":"2024-09-27T09:00:00Z","utc_polygon_begin":"2024-09-27T08:36:00Z","utc_polygon_end":"2024-09-27T08:50:00Z","ph_sig":"TO.W","wfo":"CHS","eventid":52,"phenomena":"TO","significance":"W","nws_color":"#FF0000","event_label":"Tornado Warning","status":"NEW","product_id":"202409270836-KCHS-WFUS52-TORCHS","year":2024,"fcster":"NED"},"geometry":{"type":"MultiPolygon","coordinates":[[[[-80.35,32.52],[-80.32,32.5],[-80.34,32.5],[-80.34,32.48],[-80.33,32.48],[-80.25,32.53],[-80.32,32.51],[-80.32,32.52],[-80.34,32.53],[-80.35,32.53],[-80.4,32.86],[-80.2,32.83],[-80.15,32.55],[-80.16,32.52],[-80.2,32.53],[-80.3,32.47],[-80.34,32.47],[-80.35,32.52]]]]}},
{"type":"Feature","properties":{"ugclist":"GAC033, GAC073, GAC189, GAC245","locations":"Burke [GA], Columbia [GA], McDuffie [GA], Richmond [GA]","utc_issue":"2024-09-27T08:38:00Z","utc_expire":"2024-09-27T12:00:00Z","utc_polygon_begin":"2024-09-27T08:38:00Z","utc_polygon_end":"2024-09-27T10:38:00Z","ph_sig":"FF.W","wfo":"CAE","eventid":45,"phenomena":"FF","significance":"W","nws_color":"#8B0000","event_label":"Flash Flood Warning","status":"NEW","product_id":"202409270838-KCAE-WGUS52-FFWCAE","year":2024,"fcster":"PL"},"geometry":{"type":"MultiPolygon","coordinates":[[[[-82.32,33.7],[-82.21,33.68],[-82.18,33.62],[-81.93,33.47],[-81.91,33.41],[-81.94,33.34],[-81.86,33.3],[-81.84,32.95],[-82.08,32.92],[-82.15,32.81],[-82.21,32.8],[-82.31,32.83],[-82.27,32.94],[-82.29,33.06],[-82.23,33.23],[-82.33,33.31],[-82.55,33.35],[-82.64,33.62],[-82.58,33.65],[-82.46,33.64],[-82.32,33.7]]]]}},
{"type":"Feature","properties":{"ugclist":"GAC067","locations":"Cobb [GA]","utc_issue":"2024-09-27T08:38:00Z","utc_expire":"2024-09-27T16:36:00Z","utc_polygon_begin":"2024-09-27T08:38:00Z","utc_polygon_end":"2024-09-27T16:36:00Z","ph_sig":"FL.W","wfo":"FFC","eventid":266,"phenomena":"FL","significance":"W","nws_color":"#00FF00","event_label":"Flood Warning","status":"NEW","product_id":"202409270820-KFFC-WGUS42-FLWFFC","year":2024,"fcster":"TAC"},"geometry":{"type":"MultiPolygon","coordinates":[[[[-84.49,33.95],[-84.42,33.97],[-84.4,33.95],[-84.46,33.91],[-84.49,33.95]]]]}},
{"type":"Feature","properties":{"ugclist":"TNC009, TNC029, TNC155","locations":"Blount [TN], Cocke [TN], Sevier [TN]","utc_issue":"2024-09-27T08:47:00Z","utc_expire":"2024-09-27T13:00:00Z","utc_polygon_begin":"2024-09-27T08:47:00Z","utc_polygon_end":"2024-09-27T12:33:00Z","ph_sig":"FA.W","wfo":"MRX","eventid":9,"phenomena":"FA","significance":"W","nws_color":"#00FF00","event_label":"Flood Warning","status":"NEW","product_id":"202409270847-KMRX-WGUS44-FLWMRX","year":2024,"fcster":"SR"},"geometry":{"type":"MultiPolygon","coordinates":[[[[-83.95,35.46],[-83.96,35.46],[-83.96,35.47],[-83.94,35.49],[-84.01,35.51],[-83.97,35.59],[-83.86,35.65],[-83.62,35.69],[-83.07,35.88],[-82.96,36.0],[-82.9,35.94],[-82.92,35.93],[-82.9,35.88],[-82.96,35.79],[-83.16,35.77],[-83.25,35.72],[-83.3,35.66],[-83.35,35.66],[-83.49,35.57],[-83.77,35.56],[-83.95,35.46]]]]}},
{"type":"Feature","properties":{"ugclist":"GAC067","locations":"Cobb [GA]","utc_issue":"2024-09-27T08:49:00Z","utc_expire":"2024-09-27T17:49:00Z","utc_polygon_begin":"2024-09-27T08:49:00Z","utc_polygon_end":"2024-09-27T17:49:00Z","ph_sig":"FL.W","wfo":"FFC","eventid":267,"phenomena":"FL","significance":"W","nws_color":"#00FF00","event_label":"Flood Warning","status":"NEW","product_id":"202409270849-KFFC-WGUS42-FLWFFC","year":2024,"fcster":"TAC"},"geometry":{"type":"MultiPolygon","coordinates":[[[[-84.67,33.96],[-84.74,33.96],[-84.74,34.05],[-84.68,34.05],[-84.65,33.99],[-84.67,33.96]]]]}},
{"type":"Feature","properties":{"ugclist":"SCC017, SCC027, SCC075","locations":"Calhoun [SC], Clarendon [SC], Orangeburg [SC]","utc_issue":"2024-09-27T08:51:00Z","utc_expire":"2024-09-27T09:15:00Z","utc_polygon_begin":"2024-09-27T08:51:00Z","utc_polygon_end":"2024-09-27T09:09:00Z","ph_sig":"TO.W","wfo":"CAE","eventid":19,"phenomena":"TO","significance":"W","nws_color":"#FF0000","event_label":"Tornado Warning","status":"NEW","product_id":"202409270851-KCAE-WFUS52-TORCAE","year":2024,"fcster":"SL"},"geometry":{"type":"MultiPolygon","coordinates":[[[[-80.22,33.43],[-80.23,33.43],[-80.22,33.4],[-80.24,33.39],[-80.25,33.3],[-80.3,33.27],[-80.35,33.28],[-80.36,33.26],[-80.38,33.26],[-80.57,33.63],[-80.19,33.72],[-80.22,33.43]]]]}},
{"type":"Feature","properties":{"ugclist":"SCC019","locations":"Charleston [SC]","utc_issue":"2024-09-27T08:53:00Z","utc_expire":"2024-09-27T09:16:00Z","utc_polygon_begin":"2024-09-27T08:53:00Z","utc_polygon_end":"2024-09-27T09:09:00Z","ph_sig":"TO.W","wfo":"CHS","eventid":53,"phenomena":"TO","significance":"W","nws_color":"#FF0000","event_label":"Tornado Warning","status":"NEW","product_id":"202409270853-KCHS-WFUS52-TORCHS","year":2024,"fcster":"BSH"},"geometry":{"type":"MultiPolygon","coordinates":[[[[-79.81,32.93],[-79.8,32.93],[-79.78,32.94],[-79.77,32.94],[-79.77,32.96],[-79.76,32.96],[-79.77,32.97],[-79.77,32.99],[-79.73,33.01],[-79.72,33.03],[-79.68,33.07],[-79.63,32.84],[-79.75,32.77],[-79.81,32.93]]]]}},
{"type":"Feature","properties":{"ugclist":"SCC035","locations":"Dorchester [SC]","utc_issue":"2024-09-27T08:54:00Z","utc_expire":"2024-09-27T09:12:00Z","utc_polygon_begin":"2024-09-27T08:54:00Z","utc_polygon_end":"2024-09-27T09:05:00Z","ph_sig":"TO.W","wfo":"CHS","eventid":54,"phenomena":"TO","significance":"W","nws_color":"#FF0000","event_label":"Tornado Warning","status":"NEW","product_id":"202409270854-KCHS-WFUS52-TORCHS","year":2024,"fcster":"NED"},"geometry":{"type":"MultiPolygon","coordinates":[[[[-80.37,33.08],[-80.22,33.07],[-80.2,32.83],[-80.28,32.85],[-80.32,32.85],[-80.36,32.86],[-80.37,33.08]]]]}},
{"type":"Feature","properties":{"ugclist":"GAC141, GAC265, GAC301, GAC317","locations":"Hancock [GA], Taliaferro [GA], Warren [GA], Wilkes [GA]","utc_issue":"2024-09-27T08:54:00Z","utc_expire":"2024-09-27T12:54:00Z","utc_polygon_begin":"2024-09-27T08:54:00Z","utc_polygon_end":"2024-09-27T12:54:00Z","ph_sig":"FF.W","wfo":"FFC","eventid":62,"phenomena":"FF","significance":"W","nws_color":"#8B0000","event_label":"Flash Flood Warning","status":"NEW","product_id":"202409270854-KFFC-WGUS52-FFWFFC","year":2024,"fcster":null},"geometry":{"type":"MultiPolygon","coordinates":[[[[-83.13,33.23],[-83.16,33.36],[-82.98,33.5],[-83.01,33.58],[-82.95,33.66],[-82.99,33.71],[-82.78,33.81],[-82.58,33.79],[-82.48,33.64],[-82.51,33.66],[-82.56,33.64],[-82.58,33.65],[-82.65,33.61],[-82.55,33.42],[-82.55,33.35],[-82.38,33.31],[-82.43,33.28],[-82.56,33.33],[-82.73,33.26],[-82.78,33.3],[-83.13,33.23]]]]}},
{"type":"Feature","properties":{"ugclist":"AMZ350, AMZ352, AMZ370, AMZ372","locations":"Coastal waters from South Santee River to Edisto Beach SC out 20 nm [], Coastal waters from Edisto Beach SC to Savannah GA out 20 nm [], Waters from South Santee River SC to Edisto Beach SC extending from 20 nm to 40 nm [], Waters from Edisto Beach SC to Savannah GA extending from 20 nm to 40 nm []","utc_issue":"2024-09-27T09:03:00Z","utc_expire":"2024-09-27T10:30:00Z","utc_polygon_begin":"2024-09-27T09:03:00Z","utc_polygon_end":"2024-09-27T10:31:00Z","ph_sig":"MA.W","wfo":"CHS","eventid":164,"phenomena":"MA","significance":"W","nws_color":"#FFA500","event_label":"Marine Warning","status":"NEW","product_id":"202409270903-KCHS-WHUS52-SMWCHS","year":2024,"fcster":"NED"},"geometry":{"type":"MultiPolygon","coordinates":[[[[-80.12,32.61],[-80.01,32.64],[-79.86,32.76],[-79.89,32.74],[-79.89,32.75],[-79.35,33.06],[-78.93,32.55],[-79.72,32.01],[-79.88,31.94],[-79.99,31.82],[-80.15,31.71],[-80.45,32.41],[-80.12,32.61]]]]}},
{"type":"Feature","properties":{"ugclist":"GAC067","locations":"Cobb [GA]","utc_issue":"2024-09-27T09:04:00Z","utc_expire":"2024-09-28T12:44:00Z","utc_polygon_begin":"2024-09-27T09:04:00Z","utc_polygon_end":"2024-09-27T20:05:00Z","ph_sig":"FL.W","wfo":"FFC","eventid":268,"phenomena":"FL","significance":"W","nws_color":"#00FF00","event_label":"Flood Warning","status":"NEW","product_id":"202409270904-KFFC-WGUS42-FLWFFC","year":2024,"fcster":"TAC"},"geometry":{"type":"MultiPolygon","coordinates":[[[[-84.55,33.77],[-84.59,33.85],[-84.54,33.89],[-84.48,33.84],[-84.49,33.81],[-84.55,33.77]]]]}},
{"type":"Feature","properties":{"ugclist":"SCC015, SCC035","locations":"Berkeley [SC], Dorchester [SC]","utc_issue":"2024-09-27T09:08:00Z","utc_expire":"2024-09-27T09:26:00Z","utc_polygon_begin":"2024-09-27T09:08:00Z","utc_polygon_end":"2024-09-27T09:15:00Z","ph_sig":"TO.W","wfo":"CHS","eventid":55,"phenomena":"TO","significance":"W","nws_color":"#FF0000","event_label":"Tornado Warning","status":"NEW","product_id":"202409270908-KCHS-WFUS52-TORCHS","year":2024,"fcster":"NED"},"geometry":{"type":"MultiPolygon","coordinates":[[[[-80.46,33.27],[-80.43,33.26],[-80.36,33.26],[-80.36,33.27],[-80.35,33.28],[-80.34,33.28],[-80.32,33.26],[-80.3,33.27],[-80.25,33.3],[-80.25,33.34],[-80.2,33.04],[-80.42,33.05],[-80.46,33.27]]]]}},
{"type":"Feature","properties":{"ugclist":"GAC067","locations":"Cobb [GA]","utc_issue":"2024-09-27T09:10:00Z","utc_expire":"2024-09-27T16:30:00Z","utc_polygon_begin":"2024-09-27T09:10:00Z","utc_polygon_end":"2024-09-27T16:30:00Z","ph_sig":"FL.W","wfo":"FFC","eventid":269,"phenomena":"FL","significance":"W","nws_color":"#00FF00","event_label":"Flood Warning","status":"NEW","product_id":"202409270910-KFFC-WGUS42-FLWFFC","year":2024,"fcster":"TAC"},"geometry":{"type":"MultiPolygon","coordinates":[[[[-84.59,34.05],[-84.5,34.03],[-84.54,33.97],[-84.63,34.0],[-84.59,34.05]]]]}},
{"type":"Feature","properties":{"ugclist":"SCC027, SCC085","locations":"Clarendon [SC], Sumter [SC]","utc_issue":"2024-09-27T09:14:00Z","utc_expire":"2024-09-27T09:45:00Z","utc_polygon_begin":"2024-09-27T09:14:00Z","utc_polygon_end":"2024-09-27T09:29:00Z","ph_sig":"TO.W","wfo":"CAE","eventid":20,"phenomena":"TO","significance":"W","nws_color":"#FF0000","event_label":"Tornado Warning","status":"NEW","product_id":"202409270914-KCAE-WFUS52-TORCAE","year":2024,"fcster":"SL"},"geometry":{"type":"MultiPolygon","coordinates":[[[[-80.45,33.6],[-80.64,33.92],[-80.62,33.93],[-80.63,33.95],[-80.62,33.97],[-80.63,33.97],[-80.65,34.0],[-80.6,34.03],[-80.61,34.05],[-80.49,34.08],[-80.36,33.63],[-80.45,33.6]]]]}},
{"type":"Feature","properties":{"ugclist":"SCC019","locations":"Charleston [SC]","utc_issue":"2024-09-27T09:18:00Z","utc_expire":"2024-09-27T09:37:00Z","utc_polygon_begin":"2024-09-27T09:18:00Z","utc_polygon_end":"2024-09-27T09:29:00Z","ph_sig":"TO.W","wfo":"CHS","eventid":56,"phenomena":"TO","significance":"W","nws_color":"#FF0000","event_label":"Tornado Warning","status":"NEW","product_id":"202409270918-KCHS-WFUS52-TORCHS","year":2024,"fcster":"BSH"},"geometry":{"type":"MultiPolygon","coordinates":[[[[-80.23,32.8],[-80.05,32.82],[-80.06,32.58],[-80.1,32.57],[-80.15,32.55],[-80.15,32.54],[-80.17,32.54],[-80.23,32.8]]]]}},
{"type":"Feature","properties":{"ugclist":"GMZ033","locations":"Gulf waters from East Cape Sable to Chokoloskee 20 to 60 NM out and beyond 5 fathoms []","utc_issue":"2024-09-27T09:20:00Z","utc_expire":"2024-09-27T10:15:00Z","utc_polygon_begin":"2024-09-27T09:20:00Z","utc_polygon_end":"2024-09-27T10:15:00Z","ph_sig":"MA.W","wfo":"KEY","eventid":406,"phenomena":"MA","significance":"W","nws_color":"#FFA500","event_label":"Marine Warning","status":"NEW","product_id":"202409270920-KKEY-WHUS52-SMWKEY","year":2024,"fcster":"CLR"},"geometry":{"type":"MultiPolygon","coordinates":[[[[-81.53,25.37],[-81.53,25.21],[-81.52,25.15],[-81.54,25.1],[-81.88,24.78],[-82.09,24.8],[-81.77,25.24],[-81.58,25.42],[-81.53,25.37]]]]}},
{"type":"Feature","properties":{"ugclist":"PMZ154","locations":"Saipan Coastal Waters []","utc_issue":"2024-09-27T09:20:00Z","utc_expire":"2024-09-27T10:45:00Z","utc_polygon_begin":"2024-09-27T09:20:00Z","utc_polygon_end":"2024-09-27T10:45:00Z","ph_sig":"MA.W","wfo":"GUM","eventid":5,"phenomena":"MA","significance":"W","nws_color":"#FFA500","event_label":"Marine Warning","status":"NEW","product_id":"202409270915-PGUM-WHMY50-SMWGUM","year":2024,"fcster":"IC"},"geometry":{"type":"MultiPolygon","coordinates":[[[[145.99,15.91],[146.15,15.87],[146.4,15.63],[146.48,15.45],[146.49,15.14],[146.4,14.9],[146.35,14.89],[145.91,15.32],[145.99,15.91]]]]}},
{"type":"Feature","properties":{"ugclist":"PMZ154","locations":"Saipan Coastal Waters []","utc_issue":"2024-09-27T09:22:00Z","utc_expire":"2024-09-27T10:45:00Z","utc_polygon_begin":"2024-09-27T09:22:00Z","utc_polygon_end":"2024-09-27T10:45:00Z","ph_sig":"MA.W","wfo":"GUM","eventid":6,"phenomena":"MA","significance":"W","nws_color":"#FFA500","event_label":"Marine Warning","status":"NEW","product_id":"202409270915-PGUM-WHMY50-SMWGUM-CCA","year":2024,"fcster":"IC"},"geometry":{"type":"MultiPolygon","coordinates":[[[[145.99,15.91],[146.15,15.87],[146.4,15.63],[146.48,15.45],[146.49,15.14],[146.4,14.9],[146.35,14.89],[145.91,15.32],[145.99,15.91]]]]}},
{"type":"Feature","properties":{"ugclist":"GAC181, SCC003, SCC037, SCC065, SCC081","locations":"Lincoln [GA], Aiken [SC], Edgefield [SC], McCormick [SC], Saluda [SC]","utc_issue":"2024-09-27T09:27:00Z","utc_expire":"2024-09-27T13:00:00Z","utc_polygon_begin":"2024-09-27T09:27:00Z","utc_polygon_end":"2024-09-27T10:40:00Z","ph_sig":"FF.W","wfo":"CAE","eventid":46,"phenomena":"FF","significance":"W","nws_color":"#8B0000","event_label":"Flash Flood Warning","status":"NEW","product_id":"202409270927-KCAE-WGUS52-FFWCAE","year":2024,"fcster":"PL"},"geometry":{"type":"MultiPolygon","coordinates":[[[[-82.59,34.01],[-82.48,34.08],[-82.33,34.06],[-82.31,33.97],[-82.24,34.02],[-82.17,33.97],[-82.05,33.98],[-82.05,33.97],[-82.05,33.95],[-81.93,34.06],[-81.82,34.05],[-81.64,33.91],[-81.63,33.8],[-81.75,33.59],[-82.01,33.53],[-82.18,33.62],[-82.24,33.69],[-82.48,33.64],[-82.65,33.98],[-82.57,33.96],[-82.59,34.01]]]]}},
{"type":"Feature","properties":{"ugclist":"NCC021","locations":"Buncombe [NC]","utc_issue":"2024-09-27T09:30:00Z","utc_expire":"2024-09-27T17:15:00Z","utc_polygon_begin":"2024-09-27T09:30:00Z","utc_polygon_end":"2024-09-27T17:13:00Z","ph_sig":"FF.W","wfo":"GSP","eventid":97,"phenomena":"FF","significance":"W","nws_color":"#8B0000","event_label":"Flash Flood Warning","status":"NEW","product_id":"202409270930-KGSP-WGUS52-FFWGSP","year":2024,"fcster":"JMP"},"geometry":{"type":"MultiPolygon","coordinates":[[[[-82.36,35.59],[-82.5,35.55],[-82.56,35.55],[-82.59,35.6],[-82.57,35.6],[-82.5,35.62],[-82.41,35.63],[-82.4,35.63],[-82.39,35.64],[-82.38,35.64],[-82.35,35.69],[-82.33,35.68],[-82.29,35.67],[-82.29,35.6],[-82.36,35.59]]]]}},
{"type":"Feature","properties":{"ugclist":"SCC027, SCC075, SCC085","locations":"Clarendon [SC], Orangeburg [SC], Sumter [SC]","utc_issue":"2024-09-27T09:34:00Z","utc_expire":"2024-09-27T10:00:00Z","utc_polygon_begin":"2024-09-27T09:34:00Z","utc_polygon_end":"2024-09-27T09:48:00Z","ph_sig":"TO.W","wfo":"CAE","eventid":21,"phenomena":"TO","significance":"W","nws_color":"#FF0000","event_label":"Tornado Warning","status":"NEW","product_id":"202409270934-KCAE-WFUS52-TORCAE","year":2024,"fcster":"SL"},"geometry":{"type":"MultiPolygon","coordinates":[[[[-80.42,33.38],[-80.51,33.58],[-80.5,33.59],[-80.52,33.6],[-80.6,33.78],[-80.6,33.81],[-80.62,33.82],[-80.62,33.84],[-80.64,33.85],[-80.62,33.88],[-80.63,33.91],[-80.62,33.94],[-80.44,33.98],[-80.33,33.4],[-80.42,33.38]]]]}},
{"type":"Feature","properties":{"ugclist":"GAC015, GAC055, GAC057, GAC067, GAC077, GAC097, GAC113, GAC115, GAC121, GAC129, GAC223, GAC295","locations":"Bartow [GA], Chattooga [GA], Cherokee [GA], Cobb [GA], Coweta [GA], Douglas [GA], Fayette [GA], Floyd [GA], Fulton [GA], Gordon [GA], Paulding [GA], Walker [GA]","utc_issue":"2024-09-27T09:35:00Z","utc_expire":"2024-09-27T15:30:00Z","utc_polygon_begin":"2024-09-27T09:35:00Z","utc_polygon_end":"2024-09-27T15:28:00Z","ph_sig":"FF.W","wfo":"FFC","eventid":63,"phenomena":"FF","significance":"W","nws_color":"#8B0000","event_label":"Flash Flood Warning","status":"NEW","product_id":"202409270935-KFFC-WGUS52-FFWFFC","year":2024,"fcster":null},"geometry":{"type":"MultiPolygon","coordinates":[[[[-85.27,34.72],[-85.06,34.72],[-85.05,34.61],[-84.9,34.62],[-84.65,34.41],[-84.58,34.41],[-84.58,34.38],[-84.26,34.38],[-84.26,34.22],[-84.45,34.19],[-84.58,33.49],[-84.5,33.23],[-84.76,33.23],[-84.81,33.57],[-84.89,33.86],[-84.97,33.98],[-84.92,34.08],[-85.04,34.08],[-85.16,34.29],[-85.27,34.72]]]]}},
{"type":"Feature","properties":{"ugclist":"NCC011, NCC121","locations":"Avery [NC], Mitchell [NC]","utc_issue":"2024-09-27T09:46:00Z","utc_expire":"2024-09-27T18:30:00Z","utc_polygon_begin":"2024-09-27T09:46:00Z","utc_polygon_end":"2024-09-27T14:28:00Z","ph_sig":"FF.W","wfo":"GSP","eventid":98,"phenomena":"FF","significance":"W","nws_color":"#8B0000","event_label":"Flash Flood Warning","status":"NEW","product_id":"202409270946-KGSP-WGUS52-FFWGSP-RRA","year":2024,"fcster":"MPR"},"geometry":{"type":"MultiPolygon","coordinates":[[[[-81.92,36.29],[-81.9,36.21],[-81.74,36.07],[-81.81,35.96],[-81.9,36.0],[-81.99,35.88],[-82.12,35.82],[-82.15,35.84],[-82.15,35.93],[-82.2,35.95],[-82.2,36.01],[-82.25,35.99],[-82.3,36.05],[-82.34,36.03],[-82.35,36.08],[-82.42,36.07],[-82.21,36.16],[-82.15,36.15],[-82.13,36.1],[-82.03,36.12],[-81.92,36.29]]]]}},
{"type":"Feature","properties":{"ugclist":"GAC077, GAC113","locations":"Coweta [GA], Fayette [GA]","utc_issue":"2024-09-27T09:46:00Z","utc_expire":"2024-09-28T01:35:00Z","utc_polygon_begin":"2024-09-27T09:46:00Z","utc_polygon_end":"2024-09-27T21:20:00Z","ph_sig":"FL.W","wfo":"FFC","eventid":270,"phenomena":"FL","significance":"W","nws_color":"#00FF00","event_label":"Flood Warning","status":"NEW","product_id":"202409270946-KFFC-WGUS42-FLWFFC","year":2024,"fcster":"TAC"},"geometry":{"type":"MultiPolygon","coordinates":[[[[-84.62,33.34],[-84.56,33.38],[-84.51,33.35],[-84.56,33.32],[-84.62,33.34]]]]}},
{"type":"Feature","properties":{"ugclist":"SCC015, SCC019","locations":"Berkeley [SC], Charleston [SC]","utc_issue":"2024-09-27T09:47:00Z","utc_expire":"2024-09-27T10:00:00Z","utc_polygon_begin":"2024-09-27T09:47:00Z","utc_polygon_end":"2024-09-27T10:00:00Z","ph_sig":"TO.W","wfo":"CHS","eventid":57,"phenomena":"TO","significance":"W","nws_color":"#FF0000","event_label":"Tornado Warning","status":"NEW","product_id":"202409270947-KCHS-WFUS52-TORCHS","year":2024,"fcster":"NED"},"geometry":{"type":"MultiPolygon","coordinates":[[[[-79.55,33.26],[-79.53,33.25],[-79.49,33.24],[-79.48,33.25],[-79.48,33.24],[-79.47,33.24],[-79.47,33.23],[-79.46,33.24],[-79.46,33.23],[-79.45,33.22],[-79.46,33.22],[-79.43,33.21],[-79.4,33.18],[-79.39,33.18],[-79.38,33.04],[-79.51,33.03],[-79.55,33.26]]]]}},
{"type":"Feature","properties":{"ugclist":"SCC015","locations":"Berkeley [SC]","utc_issue":"2024-09-27T09:50:00Z","utc_expire":"2024-09-27T10:24:00Z","utc_polygon_begin":"2024-09-27T09:50:00Z","utc_polygon_end":"2024-09-27T09:56:00Z","ph_sig":"TO.W","wfo":"CHS","eventid":58,"phenomena":"TO","significance":"W","nws_color":"#FF0000","event_label":"Tornado Warning","status":"NEW","product_id":"202409270950-KCHS-WFUS52-TORCHS","year":2024,"fcster":"NED"},"geometry":{"type":"MultiPolygon","coordinates":[[[[-80.26,33.16],[-80.29,33.28],[-80.25,33.3],[-80.24,33.38],[-80.22,33.39],[-80.22,33.45],[-80.2,33.44],[-80.21,33.45],[-80.16,33.46],[-80.16,33.45],[-80.15,33.45],[-80.15,33.46],[-80.14,33.45],[-80.14,33.46],[-80.13,33.46],[-80.15,33.49],[-80.13,33.5],[-80.1,33.5],[-80.01,33.07],[-80.17,33.05],[-80.26,33.16]]]]}},
{"type":"Feature","properties":{"ugclist":"GAC077","locations":"Coweta [GA]","utc_issue":"2024-09-27T09:53:00Z","utc_expire":"2024-09-27T19:57:00Z","utc_polygon_begin":"2024-09-27T09:53:00Z","utc_polygon_end":"2024-09-27T19:57:00Z","ph_sig":"FL.W","wfo":"FFC","eventid":271,"phenomena":"FL","significance":"W","nws_color":"#00FF00","event_label":"Flood Warning","status":"NEW","product_id":"202409270953-KFFC-WGUS42-FLWFFC","year":2024,"fcster":null},"geometry":{"type":"MultiPolygon","coordinates":[[[[-84.7,33.42],[-84.64,33.45],[-84.6,33.38],[-84.63,33.36],[-84.7,33.42]]]]}},
{"type":"Feature","properties":{"ugclist":"SCC043, SCC089","locations":"Georgetown [SC], Williamsburg [SC]","utc_issue":"2024-09-27T09:54:00Z","utc_expire":"2024-09-27T10:30:00Z","utc_polygon_begin":"2024-09-27T09:54:00Z","utc_polygon_end":"2024-09-27T10:08:00Z","ph_sig":"TO.W","wfo":"ILM","eventid":34,"phenomena":"TO","significance":"W","nws_color":"#FF0000","event_label":"Tornado Warning","status":"NEW","product_id":"202409270954-KILM-WFUS52-TORILM","year":2024,"fcster":"III"},"geometry":{"type":"MultiPolygon","coordinates":[[[[-79.43,33.21],[-79.46,33.22],[-79.45,33.23],[-79.46,33.23],[-79.46,33.24],[-79.47,33.23],[-79.47,33.24],[-79.48,33.24],[-79.48,33.25],[-79.49,33.24],[-79.55,33.25],[-79.55,33.27],[-79.56,33.26],[-79.67,33.58],[-79.4,33.63],[-79.39,33.18],[-79.43,33.21]]]]}},
{"type":"Feature","properties":{"ugclist":"SCC015, SCC019","locations":"Berkeley [SC], Charleston [SC]","utc_issue":"2024-09-27T09:54:00Z","utc_expire":"2024-09-27T15:39:00Z","utc_polygon_begin":"2024-09-27T09:54:00Z","utc_polygon_end":"2024-09-27T11:53:00Z","ph_sig":"FF.W","wfo":"CHS","eventid":17,"phenomena":"FF","significance":"W","nws_color":"#8B0000","event_label":"Flash Flood Warning","status":"NEW","product_id":"202409270954-KCHS-WGUS52-FFWCHS","year":2024,"fcster":"BSH"},"geometry":{"type":"MultiPolygon","coordinates":[[[[-80.06,32.71],[-80.09,32.78],[-80.09,32.84],[-80.07,32.9],[-80.04,32.92],[-79.99,32.93],[-79.94,32.93],[-79.84,32.89],[-79.8,32.85],[-79.74,32.82],[-79.72,32.8],[-79.73,32.78],[-79.82,32.73],[-79.84,32.73],[-79.86,32.68],[-79.87,32.67],[-79.96,32.61],[-79.99,32.63],[-80.06,32.71]]]]}},
{"type":"Feature","properties":{"ugclist":"AMZ254, AMZ256, AMZ274, AMZ276","locations":"Coastal waters from Little River Inlet to Murrells Inlet SC out 20 nm [], Coastal waters from Murrells Inlet to South Santee River SC out 20 nm [], Waters from Little River Inlet to Murrells Inlet SC from 20 to 40 nm [], Waters from Murrells Inlet NC to South Santee River SC from 20 to 40 nm []","utc_issue":"2024-09-27T09:57:00Z","utc_expire":"2024-09-27T12:00:00Z","utc_polygon_begin":"2024-09-27T09:57:00Z","utc_polygon_end":"2024-09-27T12:00:00Z","ph_sig":"MA.W","wfo":"ILM","eventid":109,"phenomena":"MA","significance":"W","nws_color":"#FFA500","event_label":"Marine Warning","status":"NEW","product_id":"202409270957-KILM-WHUS52-SMWILM","year":2024,"fcster":"MORGAN"},"geometry":{"type":"MultiPolygon","coordinates":[[[[-79.27,33.12],[-79.17,33.21],[-79.16,33.32],[-79.08,33.49],[-78.94,33.64],[-78.77,33.77],[-78.36,33.21],[-78.52,33.06],[-78.63,32.8],[-79.27,33.12]]]]}},
{"type":"Feature","properties":{"ugclist":"NCC025, NCC119, NCC179","locations":"Cabarrus [NC], Mecklenburg [NC], Union [NC]","utc_issue":"2024-09-27T09:57:00Z","utc_expire":"2024-09-27T14:00:00Z","utc_polygon_begin":"2024-09-27T09:57:00Z","utc_polygon_end":"2024-09-27T10:22:00Z","ph_sig":"FF.W","wfo":"GSP","eventid":99,"phenomena":"FF","significance":"W","nws_color":"#8B0000","event_label":"Flash Flood Warning","status":"NEW","product_id":"202409270957-KGSP-WGUS52-FFWGSP","year":2024,"fcster":"AR"},"geometry":{"type":"MultiPolygon","coordinates":[[[[-81.04,35.04],[-81.06,35.06],[-81.03,35.11],[-81.05,35.14],[-81.01,35.16],[-81.0,35.3],[-80.97,35.35],[-80.92,35.36],[-80.99,35.38],[-80.96,35.39],[-80.94,35.49],[-80.91,35.51],[-80.3,35.5],[-80.51,35.19],[-80.44,35.16],[-80.28,35.2],[-80.32,34.81],[-80.8,34.82],[-80.78,34.94],[-80.93,35.11],[-81.04,35.04]]]]}},
{"type":"Feature","properties":{"ugclist":"GAC089, GAC247","locations":"DeKalb [GA], Rockdale [GA]","utc_issue":"2024-09-27T09:58:00Z","utc_expire":"2024-09-28T09:11:00Z","utc_polygon_begin":"2024-09-27T09:58:00Z","utc_polygon_end":"2024-09-27T21:27:00Z","ph_sig":"FL.W","wfo":"FFC","eventid":272,"phenomena":"FL","significance":"W","nws_color":"#00FF00","event_label":"Flood Warning","status":"NEW","product_id":"202409270958-KFFC-WGUS42-FLWFFC","year":2024,"fcster":"TAC"},"geometry":{"type":"MultiPolygon","coordinates":[[[[-84.19,33.62],[-84.15,33.67],[-84.1,33.65],[-84.04,33.57],[-84.1,33.53],[-84.16,33.61],[-84.19,33.62]]]]}},
{"type":"Feature","properties":{"ugclist":"GAC135","locations":"Gwinnett [GA]","utc_issue":"2024-09-27T10:03:00Z","utc_expire":"2024-09-27T17:52:00Z","utc_polygon_begin":"2024-09-27T10:03:00Z","utc_polygon_end":"2024-09-27T17:52:00Z","ph_sig":"FL.W","wfo":"FFC","eventid":273,"phenomena":"FL","significance":"W","nws_color":"#00FF00","event_label":"Flood Warning","status":"NEW","product_id":"202409271003-KFFC-WGUS42-FLWFFC","year":2024,"fcster":"TAC"},"geometry":{"type":"MultiPolygon","coordinates":[[[[-84.02,33.87],[-83.95,33.87],[-83.94,33.76],[-83.97,33.73],[-84.01,33.76],[-84.02,33.87]]]]}},
{"type":"Feature","properties":{"ugclist":"NCC035, NCC045, NCC071, NCC109, NCC161","locations":"Catawba [NC], Cleveland [NC], Gaston [NC], Lincoln [NC], Rutherford [NC]","utc_issue":"2024-09-27T10:07:00Z","utc_expire":"2024-09-27T13:15:00Z","utc_polygon_begin":"2024-09-27T10:07:00Z","utc_polygon_end":"2024-09-27T10:35:00Z","ph_sig":"FF.W","wfo":"GSP","eventid":100,"phenomena":"FF","significance":"W","nws_color":"#8B0000","event_label":"Flash Flood Warning","status":"NEW","product_id":"202409271007-KGSP-WGUS52-FFWGSP","year":2024,"fcster":"MPR"},"geometry":{"type":"MultiPolygon","coordinates":[[[[-82.28,35.44],[-82.23,35.52],[-81.86,35.54],[-81.75,35.61],[-81.54,35.56],[-81.34,35.79],[-81.2,35.82],[-81.14,35.83],[-81.06,35.71],[-81.0,35.71],[-80.92,35.62],[-80.95,35.4],[-80.99,35.38],[-80.92,35.36],[-80.98,35.34],[-81.02,35.15],[-81.97,35.19],[-81.97,35.26],[-82.11,35.38],[-82.26,35.39],[-82.28,35.44]]]]}},
{"type":"Feature","properties":{"ugclist":"GAC067, GAC121","locations":"Cobb [GA], Fulton [GA]","utc_issue":"2024-09-27T10:07:00Z","utc_expire":"2024-09-28T01:37:00Z","utc_polygon_begin":"2024-09-27T10:07:00Z","utc_polygon_end":"2024-09-27T21:22:00Z","ph_sig":"FL.W","wfo":"FFC","eventid":274,"phenomena":"FL","significance":"W","nws_color":"#00FF00","event_label":"Flood Warning","status":"NEW","product_id":"202409271007-KFFC-WGUS42-FLWFFC","year":2024,"fcster":"TAC"},"geometry":{"type":"MultiPolygon","coordinates":[[[[-84.41,33.98],[-84.35,33.96],[-84.4,33.91],[-84.47,33.93],[-84.41,33.98]]]]}},
{"type":"Feature","properties":{"ugclist":"SCC015, SCC019","locations":"Berkeley [SC], Charleston [SC]","utc_issue":"2024-09-27T10:16:00Z","utc_expire":"2024-09-27T10:45:00Z","utc_polygon_begin":"2024-09-27T10:16:00Z","utc_polygon_end":"2024-09-27T10:32:00Z","ph_sig":"TO.W","wfo":"CHS","eventid":59,"phenomena":"TO","significance":"W","nws_color":"#FF0000","event_label":"Tornado Warning","status":"NEW","product_id":"202409271016-KCHS-WFUS52-TORCHS","year":2024,"fcster":"BSH"},"geometry":{"type":"MultiPolygon","coordinates":[[[[-79.86,33.01],[-79.7,33.03],[-79.71,32.79],[-79.81,32.73],[-79.84,32.73],[-79.85,32.7],[-79.86,33.01]]]]}},
{"type":"Feature","properties":{"ugclist":"SCC041, SCC089","locations":"Florence [SC], Williamsburg [SC]","utc_issue":"2024-09-27T10:22:00Z","utc_expire":"2024-09-27T10:45:00Z","utc_polygon_begin":"2024-09-27T10:22:00Z","utc_polygon_end":"2024-09-27T10:39:00Z","ph_sig":"TO.W","wfo":"ILM","eventid":35,"phenomena":"TO","significance":"W","nws_color":"#FF0000","event_label":"Tornado Warning","status":"NEW","product_id":"202409271022-KILM-WFUS52-TORILM","year":2024,"fcster":"III"},"geometry":{"type":"MultiPolygon","coordinates":[[[[-79.78,33.92],[-79.48,33.96],[-79.49,33.95],[-79.47,33.93],[-79.46,33.93],[-79.46,33.92],[-79.45,33.93],[-79.45,33.91],[-79.44,33.91],[-79.44,33.6],[-79.62,33.57],[-79.78,33.92]]]]}},
{"type":"Feature","properties":{"ugclist":"TNC037, TNC149, TNC187, TNC189","locations":"Davidson [TN], Rutherford [TN], Williamson [TN], Wilson [TN]","utc_issue":"2024-09-27T10:28:00Z","utc_expire":"2024-09-27T13:30:00Z","utc_polygon_begin":"2024-09-27T10:28:00Z","utc_polygon_end":"2024-09-27T13:30:00Z","ph_sig":"FA.Y","wfo":"OHX","eventid":90,"phenomena":"FA","significance":"Y","nws_color":"#00FF7F","event_label":"Flood Advisory","status":"NEW","product_id":"202409271028-KOHX-WGUS84-FLSOHX","year":2024,"fcster":"21"},"geometry":{"type":"MultiPolygon","coordinates":[[[[-87.0,36.14],[-86.96,36.23],[-86.58,36.2],[-86.43,36.18],[-86.49,36.09],[-86.62,35.89],[-86.73,35.72],[-87.05,35.98],[-87.0,36.13],[-87.0,36.14]]]]}},
{"type":"Feature","properties":{"ugclist":"GAC077, GAC113, GAC255","locations":"Coweta [GA], Fayette [GA], Spalding [GA]","utc_issue":"2024-09-27T10:29:00Z","utc_expire":"2024-09-27T18:00:00Z","utc_polygon_begin":"2024-09-27T10:29:00Z","utc_polygon_end":"2024-09-27T17:28:00Z","ph_sig":"FL.W","wfo":"FFC","eventid":275,"phenomena":"FL","significance":"W","nws_color":"#00FF00","event_label":"Flood Warning","status":"NEW","product_id":"202409271029-KFFC-WGUS42-FLWFFC","year":2024,"fcster":null},"geometry":{"type":"MultiPolygon","coordinates":[[[[-84.56,33.32],[-84.48,33.36],[-84.47,33.26],[-84.55,33.25],[-84.56,33.32]]]]}},
{"type":"Feature","properties":{"ugclist":"NCC089, NCC149, NCC161","locations":"Henderson [NC], Polk [NC], Rutherford [NC]","utc_issue":"2024-09-27T10:29:00Z","utc_expire":"2024-09-27T18:30:00Z","utc_polygon_begin":"2024-09-27T10:29:00Z","utc_polygon_end":"2024-09-27T18:23:00Z","ph_sig":"FF.W","wfo":"GSP","eventid":101,"phenomena":"FF","significance":"W","nws_color":"#8B0000","event_label":"Flash Flood Warning","status":"NEW","product_id":"202409271029-KGSP-WGUS52-FFWGSP","year":2024,"fcster":"MPR"},"geometry":{"type":"MultiPolygon","coordinates":[[[[-82.39,35.22],[-82.44,35.17],[-82.57,35.14],[-82.61,35.29],[-82.74,35.42],[-82.67,35.46],[-82.53,35.42],[-82.54,35.44],[-82.42,35.47],[-82.36,35.46],[-82.33,35.5],[-82.25,35.46],[-82.23,35.52],[-82.0,35.55],[-81.86,35.54],[-81.75,35.61],[-81.69,35.58],[-81.7,35.36],[-81.77,35.18],[-82.37,35.18],[-82.39,35.22]]]]}},
{"type":"Feature","properties":{"ugclist":"AMZ330, AMZ350, AMZ370, AMZ372","locations":"Charleston Harbor [], Coastal waters from South Santee River to Edisto Beach SC out 20 nm [], Waters from South Santee River SC to Edisto Beach SC extending from 20 nm to 40 nm [], Waters from Edisto Beach SC to Savannah GA extending from 20 nm to 40 nm []","utc_issue":"2024-09-27T10:30:00Z","utc_expire":"2024-09-27T12:30:00Z","utc_polygon_begin":"2024-09-27T10:30:00Z","utc_polygon_end":"2024-09-27T12:03:00Z","ph_sig":"MA.W","wfo":"CHS","eventid":165,"phenomena":"MA","significance":"W","nws_color":"#FFA500","event_label":"Marine Warning","status":"NEW","product_id":"202409271030-KCHS-WHUS52-SMWCHS","year":2024,"fcster":"CPM"},"geometry":{"type":"MultiPolygon","coordinates":[[[[-79.93,32.69],[-79.91,32.7],[-79.91,32.71],[-79.92,32.72],[-79.81,32.8],[-79.74,32.83],[-79.72,32.86],[-79.71,32.87],[-79.64,32.91],[-79.64,32.93],[-79.58,32.98],[-79.31,32.29],[-79.45,32.18],[-79.48,32.15],[-79.53,32.12],[-79.81,32.15],[-79.93,32.69]]]]}},
{"type":"Feature","properties":{"ugclist":"SCC043","locations":"Georgetown [SC]","utc_issue":"2024-09-27T10:34:00Z","utc_expire":"2024-09-27T11:00:00Z","utc_polygon_begin":"2024-09-27T10:34:00Z","utc_polygon_end":"2024-09-27T10:53:00Z","ph_sig":"TO.W","wfo":"ILM","eventid":36,"phenomena":"TO","significance":"W","nws_color":"#FF0000","event_label":"Tornado Warning","status":"NEW","product_id":"202409271034-KILM-WFUS52-TORILM","year":2024,"fcster":"III"},"geometry":{"type":"MultiPolygon","coordinates":[[[[-79.27,33.14],[-79.28,33.14],[-79.41,33.62],[-79.13,33.64],[-79.12,33.61],[-79.11,33.6],[-79.11,33.45],[-79.15,33.39],[-79.18,33.24],[-79.17,33.2],[-79.2,33.16],[-79.25,33.12],[-79.27,33.12],[-79.27,33.14]]]]}},
{"type":"Feature","properties":{"ugclist":"GAC057, GAC067","locations":"Cherokee [GA], Cobb [GA]","utc_issue":"2024-09-27T10:36:00Z","utc_expire":"2024-09-27T22:05:00Z","utc_polygon_begin":"2024-09-27T10:36:00Z","utc_polygon_end":"2024-09-27T22:05:00Z","ph_sig":"FL.W","wfo":"FFC","eventid":276,"phenomena":"FL","significance":"W","nws_color":"#00FF00","event_label":"Flood Warning","status":"NEW","product_id":"202409271036-KFFC-WGUS42-FLWFFC","year":2024,"fcster":"TAC"},"geometry":{"type":"MultiPolygon","coordinates":[[[[-84.59,34.05],[-84.57,34.08],[-84.57,34.13],[-84.5,34.12],[-84.5,34.07],[-84.5,34.03],[-84.59,34.05]]]]}},
{"type":"Feature","properties":{"ugclist":"NCC003, NCC023, NCC027, NCC111","locations":"Alexander [NC], Burke [NC], Caldwell [NC], McDowell [NC]","utc_issue":"2024-09-27T10:37:00Z","utc_expire":"2024-09-27T18:30:00Z","utc_polygon_begin":"2024-09-27T10:37:00Z","utc_polygon_end":"2024-09-27T14:38:00Z","ph_sig":"FF.W","wfo":"GSP","eventid":102,"phenomena":"FF","significance":"W","nws_color":"#8B0000","event_label":"Flash Flood Warning","status":"NEW","product_id":"202409271037-KGSP-WGUS52-FFWGSP","year":2024,"fcster":"AR"},"geometry":{"type":"MultiPolygon","coordinates":[[[[-82.29,35.59],[-82.29,35.7],[-82.1,35.85],[-81.99,35.88],[-81.9,36.0],[-81.81,35.96],[-81.74,36.07],[-81.81,36.11],[-81.55,36.12],[-81.33,36.0],[-81.03,36.05],[-81.0,35.99],[-81.08,35.8],[-81.11,35.78],[-81.15,35.83],[-81.34,35.79],[-81.54,35.56],[-81.75,35.61],[-81.84,35.54],[-82.15,35.52],[-82.29,35.59]]]]}},
{"type":"Feature","properties":{"ugclist":"GAC063, GAC067, GAC089, GAC113, GAC121, GAC151, GAC247","locations":"Clayton [GA], Cobb [GA], DeKalb [GA], Fayette [GA], Fulton [GA], Henry [GA], Rockdale [GA]","utc_issue":"2024-09-27T10:43:00Z","utc_expire":"2024-09-27T16:45:00Z","utc_polygon_begin":"2024-09-27T10:43:00Z","utc_polygon_end":"2024-09-27T16:24:00Z","ph_sig":"FF.W","wfo":"FFC","eventid":64,"phenomena":"FF","significance":"W","nws_color":"#8B0000","event_label":"Flash Flood Warning","status":"NEW","product_id":"202409271043-KFFC-WGUS52-FFWFFC","year":2024,"fcster":null},"geometry":{"type":"MultiPolygon","coordinates":[[[[-84.61,33.79],[-84.5,33.93],[-84.26,33.92],[-83.95,33.69],[-83.95,33.63],[-84.05,33.52],[-84.04,33.52],[-84.03,33.49],[-83.97,33.48],[-84.06,33.32],[-84.25,33.34],[-84.25,33.35],[-84.38,33.35],[-84.49,33.44],[-84.58,33.55],[-84.62,33.65],[-84.62,33.71],[-84.58,33.75],[-84.61,33.79]]]]}},
{"type":"Feature","properties":{"ugclist":"TNC041, TNC159, TNC189","locations":"De Kalb [TN], Smith [TN], Wilson [TN]","utc_issue":"2024-09-27T10:48:00Z","utc_expire":"2024-09-27T14:00:00Z","utc_polygon_begin":"2024-09-27T10:48:00Z","utc_polygon_end":"2024-09-27T14:00:00Z","ph_sig":"FA.Y","wfo":"OHX","eventid":91,"phenomena":"FA","significance":"Y","nws_color":"#00FF7F","event_label":"Flood Advisory","status":"NEW","product_id":"202409271048-KOHX-WGUS84-FLSOHX","year":2024,"fcster":"21"},"geometry":{"type":"MultiPolygon","coordinates":[[[[-85.95,36.3],[-85.87,35.95],[-85.99,35.95],[-86.02,35.96],[-86.08,35.97],[-86.09,35.97],[-86.1,35.96],[-86.15,35.96],[-86.17,35.96],[-86.19,35.96],[-86.21,35.96],[-86.21,35.97],[-86.22,35.97],[-86.23,35.96],[-86.24,35.96],[-86.37,36.21],[-85.95,36.3]]]]}},
{"type":"Feature","properties":{"ugclist":"NCC023, NCC111","locations":"Burke [NC], McDowell [NC]","utc_issue":"2024-09-27T10:52:00Z","utc_expire":"2024-09-27T22:45:00Z","utc_polygon_begin":"2024-09-27T10:52:00Z","utc_polygon_end":"2024-09-27T22:41:00Z","ph_sig":"FF.W","wfo":"GSP","eventid":103,"phenomena":"FF","significance":"W","nws_color":"#8B0000","event_label":"Flash Flood Warning","status":"NEW","product_id":"202409271052-KGSP-WGUS52-FFWGSP","year":2024,"fcster":"JMP"},"geometry":{"type":"MultiPolygon","coordinates":[[[[-81.9,35.79],[-81.86,35.81],[-81.78,35.76],[-81.79,35.73],[-81.82,35.72],[-81.91,35.72],[-81.93,35.73],[-82.02,35.68],[-82.06,35.72],[-81.96,35.77],[-81.9,35.77],[-81.9,35.79]]]]}},
{"type":"Feature","properties":{"ugclist":"GAC151","locations":"Henry [GA]","utc_issue":"2024-09-27T10:53:00Z","utc_expire":"2024-09-27T15:42:00Z","utc_polygon_begin":"2024-09-27T10:53:00Z","utc_polygon_end":"2024-09-27T15:42:00Z","ph_sig":"FL.W","wfo":"FFC","eventid":277,"phenomena":"FL","significance":"W","nws_color":"#00FF00","event_label":"Flood Warning","status":"NEW","product_id":"202409271053-KFFC-WGUS42-FLWFFC","year":2024,"fcster":"TAC"},"geometry":{"type":"MultiPolygon","coordinates":[[[[-84.28,33.51],[-84.22,33.52],[-84.16,33.52],[-84.26,33.46],[-84.28,33.51]]]]}},
{"type":"Feature","properties":{"ugclist":"SCC043, SCC051, SCC067, SCC089","locations":"Georgetown [SC], Horry [SC], Marion [SC], Williamsburg [SC]","utc_issue":"2024-09-27T10:58:00Z","utc_expire":"2024-09-27T11:30:00Z","utc_polygon_begin":"2024-09-27T10:58:00Z","utc_polygon_end":"2024-09-27T11:08:00Z","ph_sig":"TO.W","wfo":"ILM","eventid":37,"phenomena":"TO","significance":"W","nws_color":"#FF0000","event_label":"Tornado Warning","status":"NEW","product_id":"202409271058-KILM-WFUS52-TORILM","year":2024,"fcster":"III"},"geometry":{"type":"MultiPolygon","coordinates":[[[[-79.31,33.42],[-79.44,33.78],[-79.44,33.79],[-79.33,33.8],[-79.32,33.8],[-79.28,33.81],[-79.1,33.83],[-79.14,33.4],[-79.31,33.42]]]]}},
{"type":"Feature","properties":{"ugclist":"NCC005, NCC009, NCC189, NCC193","locations":"Alleghany [NC], Ashe [NC], Watauga [NC], Wilkes [NC]","utc_issue":"2024-09-27T11:01:00Z","utc_expire":"2024-09-27T19:00:00Z","utc_polygon_begin":"2024-09-27T11:01:00Z","utc_polygon_end":"2024-09-27T18:47:00Z","ph_sig":"FF.W","wfo":"RNK","eventid":63,"phenomena":"FF","significance":"W","nws_color":"#8B0000","event_label":"Flash Flood Warning","status":"NEW","product_id":"202409271101-KRNK-WGUS51-FFWRNK","year":2024,"fcster":"BMG"},"geometry":{"type":"MultiPolygon","coordinates":[[[[-81.7,36.47],[-81.71,36.54],[-81.68,36.59],[-80.9,36.56],[-80.98,36.45],[-80.97,36.4],[-80.87,36.33],[-80.88,36.06],[-81.2,36.04],[-81.33,36.0],[-81.41,36.07],[-81.55,36.12],[-81.81,36.11],[-81.83,36.17],[-81.91,36.22],[-81.92,36.29],[-81.86,36.34],[-81.79,36.36],[-81.71,36.34],[-81.74,36.41],[-81.7,36.47]]]]}},
{"type":"Feature","properties":{"ugclist":"GAC063, GAC089, GAC121","locations":"Clayton [GA], DeKalb [GA], Fulton [GA]","utc_issue":"2024-09-27T11:07:00Z","utc_expire":"2024-09-27T17:00:00Z","utc_polygon_begin":"2024-09-27T11:07:00Z","utc_polygon_end":"2024-09-27T16:59:00Z","ph_sig":"FF.W","wfo":"FFC","eventid":65,"phenomena":"FF","significance":"W","nws_color":"#8B0000","event_label":"Flash Flood Warning","status":"NEW","product_id":"202409271107-KFFC-WGUS52-FFWFFC","year":2024,"fcster":null},"geometry":{"type":"MultiPolygon","coordinates":[[[[-84.52,33.54],[-84.53,33.55],[-84.54,33.63],[-84.51,33.78],[-84.46,33.82],[-84.37,33.84],[-84.31,33.81],[-84.21,33.71],[-84.2,33.65],[-84.24,33.63],[-84.25,33.65],[-84.28,33.65],[-84.24,33.59],[-84.26,33.58],[-84.26,33.55],[-84.29,33.55],[-84.29,33.45],[-84.39,33.44],[-84.38,33.45],[-84.44,33.55],[-84.52,33.54]]]]}},
{"type":"Feature","properties":{"ugclist":"AMZ350, AMZ370","locations":"Coastal waters from South Santee River to Edisto Beach SC out 20 nm [], Waters from South Santee River SC to Edisto Beach SC extending from 20 nm to 40 nm []","utc_issue":"2024-09-27T11:10:00Z","utc_expire":"2024-09-27T13:15:00Z","utc_polygon_begin":"2024-09-27T11:10:00Z","utc_polygon_end":"2024-09-27T13:14:00Z","ph_sig":"MA.W","wfo":"CHS","eventid":166,"phenomena":"MA","significance":"W","nws_color":"#FFA500","event_label":"Marine Warning","status":"NEW","product_id":"202409271110-KCHS-WHUS52-SMWCHS","year":2024,"fcster":"CPM"},"geometry":{"type":"MultiPolygon","coordinates":[[[[-79.63,32.94],[-79.47,33.03],[-79.4,33.03],[-79.39,33.09],[-79.29,33.14],[-79.27,33.14],[-79.27,33.12],[-78.63,32.8],[-78.95,32.48],[-79.07,32.41],[-79.19,32.36],[-79.33,32.27],[-79.63,32.94]]]]}},
{"type":"Feature","properties":{"ugclist":"GAC057, GAC067, GAC089, GAC117, GAC121, GAC135","locations":"Cherokee [GA], Cobb [GA], DeKalb [GA], Forsyth [GA], Fulton [GA], Gwinnett [GA]","utc_issue":"2024-09-27T11:15:00Z","utc_expire":"2024-09-27T17:15:00Z","utc_polygon_begin":"2024-09-27T11:15:00Z","utc_polygon_end":"2024-09-27T16:26:00Z","ph_sig":"FF.W","wfo":"FFC","eventid":66,"phenomena":"FF","significance":"W","nws_color":"#8B0000","event_label":"Flash Flood Warning","status":"NEW","product_id":"202409271115-KFFC-WGUS52-FFWFFC","year":2024,"fcster":null},"geometry":{"type":"MultiPolygon","coordinates":[[[[-84.5,33.93],[-84.45,34.19],[-84.06,34.25],[-84.01,34.19],[-84.03,34.2],[-84.06,34.18],[-84.06,34.17],[-83.93,34.12],[-83.86,34.03],[-83.87,34.0],[-83.84,33.98],[-83.8,33.93],[-84.03,33.75],[-84.26,33.92],[-84.5,33.93]]]]}},
{"type":"Feature","properties":{"ugclist":"GAC089, GAC135","locations":"DeKalb [GA], Gwinnett [GA]","utc_issue":"2024-09-27T11:17:00Z","utc_expire":"2024-09-27T17:15:00Z","utc_polygon_begin":"2024-09-27T11:17:00Z","utc_polygon_end":"2024-09-27T17:11:00Z","ph_sig":"FF.W","wfo":"FFC","eventid":67,"phenomena":"FF","significance":"W","nws_color":"#8B0000","event_label":"Flash Flood Warning","status":"NEW","product_id":"202409271117-KFFC-WGUS52-FFWFFC","year":2024,"fcster":null},"geometry":{"type":"MultiPolygon","coordinates":[[[[-84.28,33.96],[-84.27,33.96],[-84.26,33.97],[-84.24,33.98],[-84.17,33.99],[-84.11,33.96],[-84.1,33.85],[-84.13,33.75],[-84.21,33.71],[-84.32,33.82],[-84.34,33.86],[-84.32,33.93],[-84.28,33.96]]]]}},
{"type":"Feature","properties":{"ugclist":"SCC041, SCC051, SCC067, SCC089","locations":"Florence [SC], Horry [SC], Marion [SC], Williamsburg [SC]","utc_issue":"2024-09-27T11:18:00Z","utc_expire":"2024-09-27T11:45:00Z","utc_polygon_begin":"2024-09-27T11:18:00Z","utc_polygon_end":"2024-09-27T11:45:00Z","ph_sig":"TO.W","wfo":"ILM","eventid":38,"phenomena":"TO","significance":"W","nws_color":"#FF0000","event_label":"Tornado Warning","status":"NEW","product_id":"202409271118-KILM-WFUS52-TORILM","year":2024,"fcster":"III"},"geometry":{"type":"MultiPolygon","coordinates":[[[[-79.47,34.19],[-79.12,34.21],[-79.19,33.72],[-79.28,33.72],[-79.29,33.73],[-79.29,33.75],[-79.32,33.78],[-79.34,33.77],[-79.36,33.74],[-79.39,33.71],[-79.47,34.19]]]]}},
{"type":"Feature","properties":{"ugclist":"GAC117","locations":"Forsyth [GA]","utc_issue":"2024-09-27T11:22:00Z","utc_expire":"2024-09-27T16:27:00Z","utc_polygon_begin":"2024-09-27T11:22:00Z","utc_polygon_end":"2024-09-27T16:27:00Z","ph_sig":"FL.W","wfo":"FFC","eventid":278,"phenomena":"FL","significance":"W","nws_color":"#00FF00","event_label":"Flood Warning","status":"NEW","product_id":"202409271122-KFFC-WGUS42-FLWFFC","year":2024,"fcster":null},"geometry":{"type":"MultiPolygon","coordinates":[[[[-84.11,34.1],[-84.12,34.05],[-84.19,34.08],[-84.13,34.12],[-84.11,34.1]]]]}},
{"type":"Feature","properties":{"ugclist":"GAC089","locations":"DeKalb [GA]","utc_issue":"2024-09-27T11:22:00Z","utc_expire":"2024-09-27T21:30:00Z","utc_polygon_begin":"2024-09-27T11:22:00Z","utc_polygon_end":"2024-09-27T21:30:00Z","ph_sig":"FL.W","wfo":"FFC","eventid":279,"phenomena":"FL","significance":"W","nws_color":"#00FF00","event_label":"Flood Warning","status":"NEW","product_id":"202409271122-KFFC-WGUS42-FLWFFC","year":2024,"fcster":null},"geometry":{"type":"MultiPolygon","coordinates":[[[[-84.23,33.73],[-84.16,33.73],[-84.17,33.65],[-84.24,33.67],[-84.23,33.73]]]]}},
{"type":"Feature","properties":{"ugclist":"NCC099, NCC175","locations":"Jackson [NC], Transylvania [NC]","utc_issue":"2024-09-27T11:24:00Z","utc_expire":"2024-09-27T19:04:00Z","utc_polygon_begin":"2024-09-27T11:24:00Z","utc_polygon_end":"2024-09-27T19:04:00Z","ph_sig":"FF.W","wfo":"GSP","eventid":104,"phenomena":"FF","significance":"W","nws_color":"#8B0000","event_label":"Flash Flood Warning","status":"NEW","product_id":"202409271124-KGSP-WGUS52-FFWGSP","year":2024,"fcster":"MPR"},"geometry":{"type":"MultiPolygon","coordinates":[[[[-83.32,35.27],[-83.36,35.42],[-83.35,35.47],[-83.32,35.47],[-83.24,35.52],[-83.17,35.51],[-82.92,35.29],[-82.83,35.32],[-82.74,35.42],[-82.61,35.29],[-82.58,35.15],[-82.68,35.13],[-82.76,35.07],[-82.78,35.09],[-83.11,35.0],[-83.17,35.06],[-83.15,35.09],[-83.22,35.16],[-83.22,35.24],[-83.28,35.23],[-83.32,35.27]]]]}},
{"type":"Feature","properties":{"ugclist":"SCC015, SCC019","locations":"Berkeley [SC], Charleston [SC]","utc_issue":"2024-09-27T11:25:00Z","utc_expire":"2024-09-27T11:41:00Z","utc_polygon_begin":"2024-09-27T11:25:00Z","utc_polygon_end":"2024-09-27T11:41:00Z","ph_sig":"TO.W","wfo":"CHS","eventid":60,"phenomena":"TO","significance":"W","nws_color":"#FF0000","event_label":"Tornado Warning","status":"NEW","product_id":"202409271125-KCHS-WFUS52-TORCHS","year":2024,"fcster":"CPM"},"geometry":{"type":"MultiPolygon","coordinates":[[[[-79.64,33.13],[-79.63,33.29],[-79.61,33.29],[-79.61,33.28],[-79.6,33.28],[-79.56,33.27],[-79.56,33.26],[-79.55,33.27],[-79.55,33.25],[-79.52,33.25],[-79.49,33.24],[-79.52,33.09],[-79.64,33.1],[-79.64,33.13]]]]}},
{"type":"Feature","properties":{"ugclist":"GAC055, GAC083, GAC295","locations":"Chattooga [GA], Dade [GA], Walker [GA]","utc_issue":"2024-09-27T11:30:00Z","utc_expire":"2024-09-27T15:30:00Z","utc_polygon_begin":"2024-09-27T11:30:00Z","utc_polygon_end":"2024-09-27T15:30:00Z","ph_sig":"FF.W","wfo":"FFC","eventid":68,"phenomena":"FF","significance":"W","nws_color":"#8B0000","event_label":"Flash Flood Warning","status":"NEW","product_id":"202409271130-KFFC-WGUS52-FFWFFC","year":2024,"fcster":null},"geometry":{"type":"MultiPolygon","coordinates":[[[[-85.54,34.64],[-85.6,34.98],[-85.26,34.98],[-85.26,34.85],[-85.2,34.85],[-85.2,34.78],[-85.17,34.78],[-85.15,34.75],[-85.17,34.72],[-85.14,34.72],[-85.27,34.71],[-85.2,34.43],[-85.3,34.38],[-85.54,34.64]]]]}},
{"type":"Feature","properties":{"ugclist":"SCC043, SCC089","locations":"Georgetown [SC], Williamsburg [SC]","utc_issue":"2024-09-27T11:32:00Z","utc_expire":"2024-09-27T12:00:00Z","utc_polygon_begin":"2024-09-27T11:32:00Z","utc_polygon_end":"2024-09-27T11:49:00Z","ph_sig":"TO.W","wfo":"ILM","eventid":39,"phenomena":"TO","significance":"W","nws_color":"#FF0000","event_label":"Tornado Warning","status":"NEW","product_id":"202409271132-KILM-WFUS52-TORILM","year":2024,"fcster":"III"},"geometry":{"type":"MultiPolygon","coordinates":[[[[-79.53,33.25],[-79.55,33.26],[-79.55,33.27],[-79.56,33.26],[-79.56,33.27],[-79.61,33.28],[-79.63,33.29],[-79.58,33.73],[-79.36,33.7],[-79.48,33.25],[-79.48,33.24],[-79.53,33.25]]]]}},
{"type":"Feature","properties":{"ugclist":"SCC043","locations":"Georgetown [SC]","utc_issue":"2024-09-27T11:37:00Z","utc_expire":"2024-09-27T12:15:00Z","utc_polygon_begin":"2024-09-27T11:37:00Z","utc_polygon_end":"2024-09-27T11:51:00Z","ph_sig":"TO.W","wfo":"ILM","eventid":40,"phenomena":"TO","significance":"W","nws_color":"#FF0000","event_label":"Tornado Warning","status":"NEW","product_id":"202409271137-KILM-WFUS52-TORILM","year":2024,"fcster":"III"},"geometry":{"type":"MultiPolygon","coordinates":[[[[-79.27,33.14],[-79.28,33.14],[-79.32,33.15],[-79.35,33.15],[-79.39,33.18],[-79.36,33.58],[-79.08,33.56],[-79.13,33.41],[-79.15,33.38],[-79.15,33.35],[-79.22,33.15],[-79.25,33.13],[-79.27,33.12],[-79.27,33.14]]]]}},
{"type":"Feature","properties":{"ugclist":"SCC031, SCC033, SCC041, SCC067, SCC069","locations":"Darlington [SC], Dillon [SC], Florence [SC], Marion [SC], Marlboro [SC]","utc_issue":"2024-09-27T11:42:00Z","utc_expire":"2024-09-27T11:51:00Z","utc_polygon_begin":"2024-09-27T11:42:00Z","utc_polygon_end":"2024-09-27T11:51:00Z","ph_sig":"TO.W","wfo":"ILM","eventid":41,"phenomena":"TO","significance":"W","nws_color":"#FF0000","event_label":"Tornado Warning","status":"NEW","product_id":"202409271142-KILM-WFUS52-TORILM","year":2024,"fcster":"MORGAN/LEW"},"geometry":{"type":"MultiPolygon","coordinates":[[[[-79.25,34.06],[-79.44,33.99],[-79.74,34.34],[-79.4,34.5],[-79.25,34.06]]]]}},
{"type":"Feature","properties":{"ugclist":"TNC065, TNC115, TNC153","locations":"Hamilton [TN], Marion [TN], Sequatchie [TN]","utc_issue":"2024-09-27T11:44:00Z","utc_expire":"2024-09-27T15:45:00Z","utc_polygon_begin":"2024-09-27T11:44:00Z","utc_polygon_end":"2024-09-27T14:13:00Z","ph_sig":"FF.W","wfo":"MRX","eventid":44,"phenomena":"FF","significance":"W","nws_color":"#8B0000","event_label":"Flash Flood Warning","status":"NEW","product_id":"202409271144-KMRX-WGUS54-FFWMRX","year":2024,"fcster":"SR"},"geometry":{"type":"MultiPolygon","coordinates":[[[[-85.51,35.36],[-85.49,35.41],[-85.51,35.41],[-85.51,35.42],[-85.54,35.43],[-85.54,35.49],[-85.61,35.53],[-85.46,35.55],[-85.12,35.2],[-85.15,34.99],[-85.86,34.99],[-85.86,35.21],[-85.87,35.22],[-85.82,35.24],[-85.74,35.22],[-85.69,35.24],[-85.71,35.29],[-85.56,35.32],[-85.51,35.36]]]]}},
{"type":"Feature","properties":{"ugclist":"SCC043, SCC089","locations":"Georgetown [SC], Williamsburg [SC]","utc_issue":"2024-09-27T11:47:00Z","utc_expire":"2024-09-27T12:15:00Z","utc_polygon_begin":"2024-09-27T11:47:00Z","utc_polygon_end":"2024-09-27T12:06:00Z","ph_sig":"TO.W","wfo":"ILM","eventid":42,"phenomena":"TO","significance":"W","nws_color":"#FF0000","event_label":"Tornado Warning","status":"NEW","product_id":"202409271147-KILM-WFUS52-TORILM","year":2024,"fcster":"III"},"geometry":{"type":"MultiPolygon","coordinates":[[[[-79.47,33.39],[-79.49,33.39],[-79.53,33.37],[-79.54,33.37],[-79.55,33.4],[-79.56,33.42],[-79.58,33.73],[-79.36,33.7],[-79.43,33.42],[-79.47,33.39]]]]}},
{"type":"Feature","properties":{"ugclist":"SCC045, SCC083","locations":"Greenville [SC], Spartanburg [SC]","utc_issue":"2024-09-27T11:47:00Z","utc_expire":"2024-09-27T19:19:00Z","utc_polygon_begin":"2024-09-27T11:47:00Z","utc_polygon_end":"2024-09-27T19:19:00Z","ph_sig":"FF.W","wfo":"GSP","eventid":105,"phenomena":"FF","significance":"W","nws_color":"#8B0000","event_label":"Flash Flood Warning","status":"NEW","product_id":"202409271147-KGSP-WGUS52-FFWGSP","year":2024,"fcster":"AR"},"geometry":{"type":"MultiPolygon","coordinates":[[[[-82.49,34.89],[-82.55,34.98],[-82.54,35.02],[-82.6,35.01],[-82.6,35.05],[-82.57,35.07],[-82.74,35.05],[-82.76,35.07],[-82.7,35.1],[-82.68,35.13],[-82.48,35.18],[-82.44,35.17],[-82.39,35.22],[-82.37,35.18],[-82.28,35.2],[-81.87,35.18],[-81.75,34.93],[-81.72,34.9],[-81.78,34.84],[-82.46,34.75],[-82.49,34.89]]]]}},
{"type":"Feature","properties":{"ugclist":"TNC031, TNC061, TNC177","locations":"Coffee [TN], Grundy [TN], Warren [TN]","utc_issue":"2024-09-27T11:53:00Z","utc_expire":"2024-09-27T15:00:00Z","utc_polygon_begin":"2024-09-27T11:53:00Z","utc_polygon_end":"2024-09-27T15:00:00Z","ph_sig":"FA.Y","wfo":"OHX","eventid":92,"phenomena":"FA","significance":"Y","nws_color":"#00FF7F","event_label":"Flood Advisory","status":"NEW","product_id":"202409271153-KOHX-WGUS84-FLSOHX","year":2024,"fcster":"21"},"geometry":{"type":"MultiPolygon","coordinates":[[[[-85.89,35.54],[-85.57,35.56],[-85.56,35.53],[-85.61,35.53],[-85.54,35.49],[-85.54,35.43],[-85.51,35.42],[-85.51,35.41],[-85.49,35.41],[-85.49,35.38],[-85.51,35.36],[-85.54,35.34],[-85.56,35.32],[-85.71,35.29],[-85.69,35.24],[-85.74,35.22],[-85.82,35.24],[-85.85,35.24],[-85.87,35.22],[-85.92,35.29],[-85.89,35.54]]]]}},
{"type":"Feature","properties":{"ugclist":"GAC121","locations":"Fulton [GA]","utc_issue":"2024-09-27T11:56:00Z","utc_expire":"2024-09-28T00:00:00Z","utc_polygon_begin":"2024-09-27T11:56:00Z","utc_polygon_end":"2024-09-27T21:44:00Z","ph_sig":"FL.W","wfo":"FFC","eventid":280,"phenomena":"FL","significance":"W","nws_color":"#00FF00","event_label":"Flood Warning","status":"NEW","product_id":"202409271156-KFFC-WGUS42-FLWFFC","year":2024,"fcster":null},"geometry":{"type":"MultiPolygon","coordinates":[[[[-84.26,34.02],[-84.26,33.96],[-84.34,33.97],[-84.35,33.96],[-84.41,33.98],[-84.34,34.04],[-84.26,34.02]]]]}},
{"type":"Feature","properties":{"ugclist":"NCC021","locations":"Buncombe [NC]","utc_issue":"2024-09-27T11:57:00Z","utc_expire":"2024-09-27T17:37:00Z","utc_polygon_begin":"2024-09-27T11:57:00Z","utc_polygon_end":"2024-09-27T17:37:00Z","ph_sig":"FF.W","wfo":"GSP","eventid":106,"phenomena":"FF","significance":"W","nws_color":"#8B0000","event_label":"Flash Flood Warning","status":"NEW","product_id":"202409271157-KGSP-WGUS52-FFWGSP","year":2024,"fcster":"MPR"},"geometry":{"type":"MultiPolygon","coordinates":[[[[-82.33,35.75],[-82.28,35.71],[-82.27,35.61],[-82.29,35.59],[-82.17,35.53],[-82.23,35.52],[-82.25,35.46],[-82.33,35.5],[-82.36,35.46],[-82.54,35.44],[-82.53,35.42],[-82.67,35.46],[-82.74,35.42],[-82.8,35.47],[-82.77,35.58],[-82.89,35.67],[-82.67,35.73],[-82.68,35.73],[-82.51,35.8],[-82.36,35.82],[-82.33,35.75]]]]}},
{"type":"Feature","properties":{"ugclist":"GAC247","locations":"Rockdale [GA]","utc_issue":"2024-09-27T11:57:00Z","utc_expire":"2024-09-27T19:15:00Z","utc_polygon_begin":"2024-09-27T11:57:00Z","utc_polygon_end":"2024-09-27T19:15:00Z","ph_sig":"FL.W","wfo":"FFC","eventid":281,"phenomena":"FL","significance":"W","nws_color":"#00FF00","event_label":"Flood Warning","status":"NEW","product_id":"202409271157-KFFC-WGUS42-FLWFFC","year":2024,"fcster":null},"geometry":{"type":"MultiPolygon","coordinates":[[[[-84.12,33.66],[-84.05,33.67],[-84.03,33.59],[-84.05,33.54],[-84.11,33.57],[-84.09,33.59],[-84.12,33.66]]]]}},
{"type":"Feature","properties":{"ugclist":"AMZ252, AMZ254, AMZ256, AMZ272, AMZ274, AMZ276","locations":"Coastal waters from Cape Fear NC to Little River Inlet SC out 20 nm [], Coastal waters from Little River Inlet to Murrells Inlet SC out 20 nm [], Coastal waters from Murrells Inlet to South Santee River SC out 20 nm [], Waters from Cape Fear NC to Little River Inlet SC from 20 to 40 nm [], Waters from Little River Inlet to Murrells Inlet SC from 20 to 40 nm [], Waters from Murrells Inlet NC to South Santee River SC from 20 to 40 nm []","utc_issue":"2024-09-27T11:59:00Z","utc_expire":"2024-09-27T14:00:00Z","utc_polygon_begin":"2024-09-27T11:59:00Z","utc_polygon_end":"2024-09-27T14:00:00Z","ph_sig":"MA.W","wfo":"ILM","eventid":110,"phenomena":"MA","significance":"W","nws_color":"#FFA500","event_label":"Marine Warning","status":"NEW","product_id":"202409271159-KILM-WHUS52-SMWILM","year":2024,"fcster":"MORGAN"},"geometry":{"type":"MultiPolygon","coordinates":[[[[-79.27,33.12],[-79.17,33.21],[-79.17,33.29],[-79.1,33.47],[-78.91,33.67],[-78.71,33.8],[-78.37,33.9],[-78.16,33.91],[-78.02,33.89],[-77.44,33.42],[-77.63,33.26],[-77.82,33.18],[-78.05,33.17],[-78.26,33.24],[-78.35,33.21],[-78.52,33.06],[-78.63,32.8],[-79.27,33.12]]]]}},
{"type":"Feature","properties":{"ugclist":"GAC089","locations":"DeKalb [GA]","utc_issue":"2024-09-27T12:00:00Z","utc_expire":"2024-09-27T15:17:00Z","utc_polygon_begin":"2024-09-27T12:00:00Z","utc_polygon_end":"2024-09-27T15:17:00Z","ph_sig":"FL.W","wfo":"FFC","eventid":282,"phenomena":"FL","significance":"W","nws_color":"#00FF00","event_label":"Flood Warning","status":"NEW","product_id":"202409271200-KFFC-WGUS42-FLWFFC","year":2024,"fcster":null},"geometry":{"type":"MultiPolygon","coordinates":[[[[-84.29,33.85],[-84.26,33.86],[-84.22,33.84],[-84.24,33.82],[-84.29,33.85]]]]}},
{"type":"Feature","properties":{"ugclist":"VAC035, VAC077, VAC173, VAC197, VAC640","locations":"Carroll [VA], Grayson [VA], Smyth [VA], Wythe [VA], City of Galax [VA]","utc_issue":"2024-09-27T12:02:00Z","utc_expire":"2024-09-27T18:30:00Z","utc_polygon_begin":"2024-09-27T12:02:00Z","utc_polygon_end":"2024-09-27T18:16:00Z","ph_sig":"FF.W","wfo":"RNK","eventid":64,"phenomena":"FF","significance":"W","nws_color":"#8B0000","event_label":"Flash Flood Warning","status":"NEW","product_id":"202409271202-KRNK-WGUS51-FFWRNK","year":2024,"fcster":"EB"},"geometry":{"type":"MultiPolygon","coordinates":[[[[-81.71,36.98],[-81.67,36.94],[-81.48,37.02],[-81.47,37.02],[-81.48,36.99],[-81.44,37.01],[-81.38,36.95],[-81.22,37.05],[-81.11,37.02],[-80.91,37.07],[-80.74,36.88],[-80.64,36.93],[-80.63,36.93],[-80.45,36.7],[-80.49,36.65],[-80.59,36.66],[-80.61,36.56],[-81.68,36.59],[-81.61,36.62],[-81.84,36.93],[-81.71,36.98]]]]}},
{"type":"Feature","properties":{"ugclist":"GAC067, GAC097","locations":"Cobb [GA], Douglas [GA]","utc_issue":"2024-09-27T12:36:00Z","utc_expire":"2024-09-29T09:00:00Z","utc_polygon_begin":"2024-09-27T12:03:00Z","utc_polygon_end":"2024-09-27T12:03:00Z","ph_sig":"FL.W","wfo":"FFC","eventid":264,"phenomena":"FL","significance":"W","nws_color":"#00FF00","event_label":"Flood Warning","status":"NEW","product_id":"202409270634-KFFC-WGUS42-FLWFFC","year":2024,"fcster":"TAC"},"geometry":{"type":"MultiPolygon","coordinates":[[[[-84.64,33.79],[-84.63,33.85],[-84.59,33.8],[-84.59,33.74],[-84.63,33.7],[-84.66,33.76],[-84.64,33.79]]]]}},
{"type":"Feature","properties":{"ugclist":"SCC043, SCC051, SCC067","locations":"Georgetown [SC], Horry [SC], Marion [SC]","utc_issue":"2024-09-27T12:04:00Z","utc_expire":"2024-09-27T12:30:00Z","utc_polygon_begin":"2024-09-27T12:04:00Z","utc_polygon_end":"2024-09-27T12:21:00Z","ph_sig":"TO.W","wfo":"ILM","eventid":43,"phenomena":"TO","significance":"W","nws_color":"#FF0000","event_label":"Tornado Warning","status":"NEW","product_id":"202409271204-KILM-WFUS52-TORILM","year":2024,"fcster":"III"},"geometry":{"type":"MultiPolygon","coordinates":[[[[-79.34,33.5],[-79.31,33.92],[-79.02,33.91],[-79.2,33.49],[-79.34,33.5]]]]}},
{"type":"Feature","properties":{"ugclist":"GAC271","locations":"Telfair [GA]","utc_issue":"2024-09-27T12:06:00Z","utc_expire":"2024-09-28T18:23:00Z","utc_polygon_begin":"2024-09-27T12:06:00Z","utc_polygon_end":"2024-09-27T22:21:00Z","ph_sig":"FL.W","wfo":"FFC","eventid":283,"phenomena":"FL","significance":"W","nws_color":"#00FF00","event_label":"Flood Warning","status":"NEW","product_id":"202409271206-KFFC-WGUS42-FLWFFC","year":2024,"fcster":null},"geometry":{"type":"MultiPolygon","coordinates":[[[[-83.02,32.05],[-82.76,31.99],[-82.76,31.93],[-82.93,31.96],[-83.08,32.01],[-83.02,32.05]]]]}},
{"type":"Feature","properties":{"ugclist":"GAC047, GAC057, GAC085, GAC123, GAC129, GAC213, GAC227, GAC295, GAC313","locations":"Catoosa [GA], Cherokee [GA], Dawson [GA], Gilmer [GA], Gordon [GA], Murray [GA], Pickens [GA], Walker [GA], Whitfield [GA]","utc_issue":"2024-09-27T12:13:00Z","utc_expire":"2024-09-27T15:31:00Z","utc_polygon_begin":"2024-09-27T12:13:00Z","utc_polygon_end":"2024-09-27T15:31:00Z","ph_sig":"FF.W","wfo":"FFC","eventid":69,"phenomena":"FF","significance":"W","nws_color":"#8B0000","event_label":"Flash Flood Warning","status":"NEW","product_id":"202409271213-KFFC-WGUS52-FFWFFC","year":2024,"fcster":null},"geometry":{"type":"MultiPolygon","coordinates":[[[[-85.26,34.98],[-85.01,34.99],[-84.24,34.57],[-84.26,34.36],[-84.6,34.37],[-84.65,34.4],[-84.65,34.41],[-84.68,34.41],[-85.14,34.67],[-85.27,34.83],[-85.28,34.98],[-85.26,34.98]]]]}},
{"type":"Feature","properties":{"ugclist":"SCC043, SCC051","locations":"Georgetown [SC], Horry [SC]","utc_issue":"2024-09-27T12:15:00Z","utc_expire":"2024-09-27T12:32:00Z","utc_polygon_begin":"2024-09-27T12:15:00Z","utc_polygon_end":"2024-09-27T12:32:00Z","ph_sig":"TO.W","wfo":"ILM","eventid":44,"phenomena":"TO","significance":"W","nws_color":"#FF0000","event_label":"Tornado Warning","status":"NEW","product_id":"202409271215-KILM-WFUS52-TORILM","year":2024,"fcster":"III"},"geometry":{"type":"MultiPolygon","coordinates":[[[[-79.2,33.32],[-79.12,33.74],[-78.94,33.75],[-79.03,33.53],[-79.04,33.53],[-79.08,33.49],[-79.12,33.44],[-79.15,33.38],[-79.15,33.35],[-79.17,33.3],[-79.2,33.32]]]]}},
{"type":"Feature","properties":{"ugclist":"NCC007, NCC167","locations":"Anson [NC], Stanly [NC]","utc_issue":"2024-09-27T12:25:00Z","utc_expire":"2024-09-27T15:43:00Z","utc_polygon_begin":"2024-09-27T12:25:00Z","utc_polygon_end":"2024-09-27T15:43:00Z","ph_sig":"FF.W","wfo":"RAH","eventid":64,"phenomena":"FF","significance":"W","nws_color":"#8B0000","event_label":"Flash Flood Warning","status":"NEW","product_id":"202409271225-KRAH-WGUS52-FFWRAH","year":2024,"fcster":"BLS"},"geometry":{"type":"MultiPolygon","coordinates":[[[[-80.3,35.5],[-80.18,35.5],[-80.11,35.46],[-80.09,35.4],[-80.05,35.37],[-80.1,35.26],[-80.05,35.18],[-80.07,35.11],[-80.0,35.09],[-79.92,35.12],[-79.88,35.04],[-79.9,35.0],[-79.87,34.98],[-79.85,34.9],[-79.92,34.81],[-80.32,34.81],[-80.28,35.2],[-80.46,35.16],[-80.48,35.17],[-80.47,35.24],[-80.3,35.5]]]]}},
{"type":"Feature","properties":{"ugclist":"ALC081, ALC113, GAC053, GAC215","locations":"Lee [AL], Russell [AL], Chattahoochee [GA], Muscogee [GA]","utc_issue":"2024-09-27T12:34:00Z","utc_expire":"2024-09-29T14:19:00Z","utc_polygon_begin":"2024-09-27T12:34:00Z","utc_polygon_end":"2024-09-27T14:27:00Z","ph_sig":"FL.W","wfo":"FFC","eventid":246,"phenomena":"FL","significance":"W","nws_color":"#00FF00","event_label":"Flood Warning","status":"NEW","product_id":"202409270216-KFFC-WGUS42-FLWFFC","year":2024,"fcster":null},"geometry":{"type":"MultiPolygon","coordinates":[[[[-85.11,32.59],[-85.05,32.62],[-84.96,32.51],[-84.95,32.38],[-85.02,32.38],[-85.03,32.5],[-85.11,32.59]]]]}},
{"type":"Feature","properties":{"ugclist":"AMZ552, AMZ570, AMZ572","locations":"Volusia-Brevard County Line to Sebastian Inlet 0-20 nm [], Flagler Beach to Volusia-Brevard County Line 20-60 nm [], Volusia-Brevard County Line to Sebastian Inlet 20-60 nm []","utc_issue":"2024-09-27T12:39:00Z","utc_expire":"2024-09-27T13:30:00Z","utc_polygon_begin":"2024-09-27T12:39:00Z","utc_polygon_end":"2024-09-27T13:30:00Z","ph_sig":"MA.W","wfo":"MLB","eventid":244,"phenomena":"MA","significance":"W","nws_color":"#FFA500","event_label":"Marine Warning","status":"NEW","product_id":"202409271239-KMLB-WHUS52-SMWMLB","year":2024,"fcster":"Watson"},"geometry":{"type":"MultiPolygon","coordinates":[[[[-79.76,29.16],[-79.63,28.9],[-80.28,28.44],[-80.43,28.85],[-80.37,28.86],[-80.5,29.04],[-80.65,29.46],[-79.98,29.47],[-79.76,29.16]]]]}},
{"type":"Feature","properties":{"ugclist":"GAC021, GAC153, GAC169, GAC207, GAC289","locations":"Bibb [GA], Houston [GA], Jones [GA], Monroe [GA], Twiggs [GA]","utc_issue":"2024-09-27T15:51:00Z","utc_expire":"2024-10-01T16:56:00Z","utc_polygon_begin":"2024-09-27T12:44:00Z","utc_polygon_end":"2024-09-27T12:44:00Z","ph_sig":"FL.W","wfo":"FFC","eventid":240,"phenomena":"FL","significance":"W","nws_color":"#00FF00","event_label":"Flood Warning","status":"NEW","product_id":"202409270129-KFFC-WGUS42-FLWFFC","year":2024,"fcster":null},"geometry":{"type":"MultiPolygon","coordinates":[[[[-83.72,32.9],[-83.67,32.93],[-83.56,32.82],[-83.53,32.66],[-83.59,32.63],[-83.63,32.74],[-83.72,32.9]]]]}},
{"type":"Feature","properties":{"ugclist":"SCC051","locations":"Horry [SC]","utc_issue":"2024-09-27T12:50:00Z","utc_expire":"2024-09-27T13:15:00Z","utc_polygon_begin":"2024-09-27T12:50:00Z","utc_polygon_end":"2024-09-27T13:10:00Z","ph_sig":"TO.W","wfo":"ILM","eventid":45,"phenomena":"TO","significance":"W","nws_color":"#FF0000","event_label":"Tornado Warning","status":"NEW","product_id":"202409271250-KILM-WFUS52-TORILM","year":2024,"fcster":"III"},"geometry":{"type":"MultiPolygon","coordinates":[[[[-78.96,33.85],[-78.78,33.86],[-78.83,33.73],[-78.91,33.66],[-78.98,33.6],[-78.96,33.85]]]]}},
{"type":"Feature","properties":{"ugclist":"TNC019, TNC059, TNC091, TNC171","locations":"Carter [TN], Greene [TN], Johnson [TN], Unicoi [TN]","utc_issue":"2024-09-27T12:50:00Z","utc_expire":"2024-09-27T16:00:00Z","utc_polygon_begin":"2024-09-27T12:50:00Z","utc_polygon_end":"2024-09-27T16:00:00Z","ph_sig":"FA.W","wfo":"MRX","eventid":10,"phenomena":"FA","significance":"W","nws_color":"#00FF00","event_label":"Flood Warning","status":"NEW","product_id":"202409271250-KMRX-WGUS44-FLWMRX","year":2024,"fcster":"DGS"},"geometry":{"type":"MultiPolygon","coordinates":[[[[-82.78,36.0],[-82.82,35.92],[-82.96,36.01],[-82.44,36.15],[-82.34,36.26],[-82.05,36.37],[-81.95,36.47],[-81.97,36.52],[-81.83,36.61],[-81.65,36.61],[-81.74,36.41],[-81.71,36.34],[-81.86,36.34],[-82.03,36.12],[-82.13,36.1],[-82.21,36.16],[-82.35,36.12],[-82.56,35.95],[-82.61,35.97],[-82.63,36.07],[-82.78,36.0]]]]}},
{"type":"Feature","properties":{"ugclist":"NCC199","locations":"Yancey [NC]","utc_issue":"2024-09-27T12:50:00Z","utc_expire":"2024-09-27T20:35:00Z","utc_polygon_begin":"2024-09-27T12:50:00Z","utc_polygon_end":"2024-09-27T14:23:00Z","ph_sig":"FF.W","wfo":"GSP","eventid":107,"phenomena":"FF","significance":"W","nws_color":"#8B0000","event_label":"Flash Flood Warning","status":"NEW","product_id":"202409271250-KGSP-WGUS52-FFWGSP","year":2024,"fcster":"AR"},"geometry":{"type":"MultiPolygon","coordinates":[[[[-82.26,35.7],[-82.33,35.75],[-82.35,35.81],[-82.41,35.82],[-82.45,35.9],[-82.49,35.91],[-82.48,35.95],[-82.5,35.98],[-82.4,36.08],[-82.35,36.08],[-82.34,36.03],[-82.31,36.03],[-82.3,36.05],[-82.25,35.99],[-82.25,36.01],[-82.2,36.01],[-82.2,35.95],[-82.15,35.93],[-82.13,35.82],[-82.19,35.74],[-82.26,35.7]]]]}},
{"type":"Feature","properties":{"ugclist":"NCC155, SCC033","locations":"Robeson [NC], Dillon [SC]","utc_issue":"2024-09-27T12:56:00Z","utc_expire":"2024-09-27T13:30:00Z","utc_polygon_begin":"2024-09-27T12:56:00Z","utc_polygon_end":"2024-09-27T13:28:00Z","ph_sig":"TO.W","wfo":"ILM","eventid":46,"phenomena":"TO","significance":"W","nws_color":"#FF0000","event_label":"Tornado Warning","status":"NEW","product_id":"202409271256-KILM-WFUS52-TORILM","year":2024,"fcster":"MORGAN"},"geometry":{"type":"MultiPolygon","coordinates":[[[[-79.14,34.34],[-79.33,34.34],[-79.35,34.75],[-78.95,34.78],[-79.14,34.34]]]]}},
{"type":"Feature","properties":{"ugclist":"GAC089","locations":"DeKalb [GA]","utc_issue":"2024-09-27T12:58:00Z","utc_expire":"2024-09-27T15:21:00Z","utc_polygon_begin":"2024-09-27T12:58:00Z","utc_polygon_end":"2024-09-27T15:21:00Z","ph_sig":"FL.W","wfo":"FFC","eventid":284,"phenomena":"FL","significance":"W","nws_color":"#00FF00","event_label":"Flood Warning","status":"NEW","product_id":"202409271258-KFFC-WGUS42-FLWFFC","year":2024,"fcster":null},"geometry":{"type":"MultiPolygon","coordinates":[[[[-84.23,33.85],[-84.21,33.8],[-84.3,33.78],[-84.31,33.83],[-84.23,33.85]]]]}},
{"type":"Feature","properties":{"ugclist":"GAC077, GAC113","locations":"Coweta [GA], Fayette [GA]","utc_issue":"2024-09-27T13:00:00Z","utc_expire":"2024-09-27T21:33:00Z","utc_polygon_begin":"2024-09-27T13:00:00Z","utc_polygon_end":"2024-09-27T21:33:00Z","ph_sig":"FL.W","wfo":"FFC","eventid":285,"phenomena":"FL","significance":"W","nws_color":"#00FF00","event_label":"Flood Warning","status":"NEW","product_id":"202409271300-KFFC-WGUS42-FLWFFC","year":2024,"fcster":null},"geometry":{"type":"MultiPolygon","coordinates":[[[[-84.66,33.48],[-84.59,33.48],[-84.56,33.39],[-84.63,33.37],[-84.66,33.48]]]]}},
{"type":"Feature","properties":{"ugclist":"NCC115","locations":"Madison [NC]","utc_issue":"2024-09-27T13:02:00Z","utc_expire":"2024-09-27T20:45:00Z","utc_polygon_begin":"2024-09-27T13:02:00Z","utc_polygon_end":"2024-09-27T20:45:00Z","ph_sig":"FF.W","wfo":"GSP","eventid":108,"phenomena":"FF","significance":"W","nws_color":"#8B0000","event_label":"Flash Flood Warning","status":"NEW","product_id":"202409271302-KGSP-WGUS52-FFWGSP","year":2024,"fcster":"AR"},"geometry":{"type":"MultiPolygon","coordinates":[[[[-82.61,35.97],[-82.56,35.95],[-82.51,35.98],[-82.48,35.95],[-82.49,35.91],[-82.45,35.9],[-82.41,35.82],[-82.51,35.8],[-82.67,35.73],[-82.88,35.68],[-82.92,35.74],[-82.96,35.75],[-82.96,35.79],[-82.9,35.88],[-82.92,35.93],[-82.87,35.95],[-82.81,35.93],[-82.78,36.0],[-82.63,36.07],[-82.59,36.03],[-82.61,35.97]]]]}},
{"type":"Feature","properties":{"ugclist":"GAC089, GAC135","locations":"DeKalb [GA], Gwinnett [GA]","utc_issue":"2024-09-27T13:02:00Z","utc_expire":"2024-10-18T13:02:00Z","utc_polygon_begin":"2024-09-27T13:02:00Z","utc_polygon_end":"2024-09-27T22:26:00Z","ph_sig":"FL.W","wfo":"FFC","eventid":286,"phenomena":"FL","significance":"W","nws_color":"#00FF00","event_label":"Flood Warning","status":"NEW","product_id":"202409271302-KFFC-WGUS42-FLWFFC","year":2024,"fcster":null},"geometry":{"type":"MultiPolygon","coordinates":[[[[-84.12,33.89],[-84.05,33.89],[-84.02,33.77],[-84.09,33.77],[-84.12,33.89]]]]}},
{"type":"Feature","properties":{"ugclist":"NCC169, NCC171, NCC197, VAC141","locations":"Stokes [NC], Surry [NC], Yadkin [NC], Patrick [VA]","utc_issue":"2024-09-27T13:03:00Z","utc_expire":"2024-09-27T19:53:00Z","utc_polygon_begin":"2024-09-27T13:03:00Z","utc_polygon_end":"2024-09-27T19:53:00Z","ph_sig":"FF.W","wfo":"RNK","eventid":65,"phenomena":"FF","significance":"W","nws_color":"#8B0000","event_label":"Flash Flood Warning","status":"NEW","product_id":"202409271303-KRNK-WGUS51-FFWRNK","year":2024,"fcster":"EB"},"geometry":{"type":"MultiPolygon","coordinates":[[[[-80.98,36.45],[-80.91,36.56],[-80.61,36.56],[-80.6,36.65],[-80.49,36.65],[-80.34,36.83],[-80.24,36.87],[-80.08,36.84],[-80.04,36.79],[-80.09,36.78],[-80.09,36.72],[-80.03,36.54],[-80.04,36.26],[-80.45,36.26],[-80.44,36.14],[-80.51,36.11],[-80.5,36.05],[-80.88,36.06],[-80.87,36.33],[-80.98,36.45]]]]}},
{"type":"Feature","properties":{"ugclist":"GAC121","locations":"Fulton [GA]","utc_issue":"2024-09-27T13:04:00Z","utc_expire":"2024-09-27T17:58:00Z","utc_polygon_begin":"2024-09-27T13:04:00Z","utc_polygon_end":"2024-09-27T17:58:00Z","ph_sig":"FL.W","wfo":"FFC","eventid":287,"phenomena":"FL","significance":"W","nws_color":"#00FF00","event_label":"Flood Warning","status":"NEW","product_id":"202409271304-KFFC-WGUS42-FLWFFC","year":2024,"fcster":null},"geometry":{"type":"MultiPolygon","coordinates":[[[[-84.51,33.79],[-84.47,33.82],[-84.43,33.8],[-84.47,33.76],[-84.51,33.79]]]]}},
{"type":"Feature","properties":{"ugclist":"GAC133, GAC219, GAC221","locations":"Greene [GA], Oconee [GA], Oglethorpe [GA]","utc_issue":"2024-09-28T09:00:00Z","utc_expire":"2024-09-30T00:20:00Z","utc_polygon_begin":"2024-09-27T13:09:00Z","utc_polygon_end":"2024-09-27T13:09:00Z","ph_sig":"FL.W","wfo":"FFC","eventid":238,"phenomena":"FL","significance":"W","nws_color":"#00FF00","event_label":"Flood Warning","status":"NEW","product_id":"202409270101-KFFC-WGUS42-FLWFFC","year":2024,"fcster":null},"geometry":{"type":"MultiPolygon","coordinates":[[[[-83.25,33.64],[-83.33,33.64],[-83.33,33.83],[-83.26,33.84],[-83.25,33.64]]]]}},
{"type":"Feature","properties":{"ugclist":"NCC019","locations":"Brunswick [NC]","utc_issue":"2024-09-27T13:13:00Z","utc_expire":"2024-09-27T13:45:00Z","utc_polygon_begin":"2024-09-27T13:13:00Z","utc_polygon_end":"2024-09-27T13:33:00Z","ph_sig":"TO.W","wfo":"ILM","eventid":47,"phenomena":"TO","significance":"W","nws_color":"#FF0000","event_label":"Tornado Warning","status":"NEW","product_id":"202409271313-KILM-WFUS52-TORILM","year":2024,"fcster":"MORGAN"},"geometry":{"type":"MultiPolygon","coordinates":[[[[-78.02,33.87],[-78.02,33.89],[-78.07,33.9],[-78.14,33.91],[-78.19,33.91],[-78.3,34.18],[-77.99,34.2],[-78.02,33.87]]]]}},
{"type":"Feature","properties":{"ugclist":"TNC019, TNC171","locations":"Carter [TN], Unicoi [TN]","utc_issue":"2024-09-27T13:14:00Z","utc_expire":"2024-09-27T16:00:00Z","utc_polygon_begin":"2024-09-27T13:14:00Z","utc_polygon_end":"2024-09-27T13:20:00Z","ph_sig":"FF.W","wfo":"MRX","eventid":45,"phenomena":"FF","significance":"W","nws_color":"#8B0000","event_label":"Flash Flood Warning","status":"NEW","product_id":"202409271314-KMRX-WGUS54-FFWMRX","year":2024,"fcster":"DGS"},"geometry":{"type":"MultiPolygon","coordinates":[[[[-81.94,36.25],[-82.03,36.12],[-82.05,36.13],[-82.08,36.1],[-82.13,36.1],[-82.15,36.15],[-82.18,36.14],[-82.21,36.16],[-82.24,36.13],[-82.3,36.13],[-82.4,36.09],[-82.46,36.01],[-82.51,35.98],[-82.56,35.95],[-82.61,35.97],[-82.61,36.0],[-82.59,36.03],[-82.6,36.04],[-82.59,36.06],[-82.05,36.36],[-81.94,36.25]]]]}},
{"type":"Feature","properties":{"ugclist":"SCC051","locations":"Horry [SC]","utc_issue":"2024-09-27T13:15:00Z","utc_expire":"2024-09-27T13:45:00Z","utc_polygon_begin":"2024-09-27T13:15:00Z","utc_polygon_end":"2024-09-27T13:29:00Z","ph_sig":"TO.W","wfo":"ILM","eventid":48,"phenomena":"TO","significance":"W","nws_color":"#FF0000","event_label":"Tornado Warning","status":"NEW","product_id":"202409271315-KILM-WFUS52-TORILM","year":2024,"fcster":"III"},"geometry":{"type":"MultiPolygon","coordinates":[[[[-78.96,33.8],[-78.96,33.92],[-78.72,33.94],[-78.76,33.77],[-78.82,33.74],[-78.9,33.67],[-78.96,33.8]]]]}},
{"type":"Feature","properties":{"ugclist":"GAC097","locations":"Douglas [GA]","utc_issue":"2024-09-27T13:16:00Z","utc_expire":"2024-09-28T23:13:00Z","utc_polygon_begin":"2024-09-27T13:16:00Z","utc_polygon_end":"2024-09-27T23:01:00Z","ph_sig":"FL.W","wfo":"FFC","eventid":288,"phenomena":"FL","significance":"W","nws_color":"#00FF00","event_label":"Flood Warning","status":"NEW","product_id":"202409271316-KFFC-WGUS42-FLWFFC","year":2024,"fcster":null},"geometry":{"type":"MultiPolygon","coordinates":[[[[-84.66,33.71],[-84.6,33.75],[-84.59,33.74],[-84.63,33.7],[-84.66,33.71]]]]}},
{"type":"Feature","properties":{"ugclist":"NCC125","locations":"Moore [NC]","utc_issue":"2024-09-27T13:17:00Z","utc_expire":"2024-09-27T13:45:00Z","utc_polygon_begin":"2024-09-27T13:17:00Z","utc_polygon_end":"2024-09-27T13:24:00Z","ph_sig":"TO.W","wfo":"RAH","eventid":42,"phenomena":"TO","significance":"W","nws_color":"#FF0000","event_label":"Tornado Warning","status":"NEW","product_id":"202409271317-KRAH-WFUS52-TORRAH","year":2024,"fcster":"Kren"},"geometry":{"type":"MultiPolygon","coordinates":[[[[-79.6,35.5],[-79.49,35.47],[-79.56,35.21],[-79.62,35.21],[-79.66,35.22],[-79.68,35.25],[-79.71,35.47],[-79.6,35.5]]]]}},
{"type":"Feature","properties":{"ugclist":"GAC063, GAC113, GAC255","locations":"Clayton [GA], Fayette [GA], Spalding [GA]","utc_issue":"2024-09-27T13:17:00Z","utc_expire":"2024-09-29T04:05:00Z","utc_polygon_begin":"2024-09-27T13:17:00Z","utc_polygon_end":"2024-09-27T22:46:00Z","ph_sig":"FL.W","wfo":"FFC","eventid":289,"phenomena":"FL","significance":"W","nws_color":"#00FF00","event_label":"Flood Warning","status":"NEW","product_id":"202409271317-KFFC-WGUS42-FLWFFC","year":2024,"fcster":null},"geometry":{"type":"MultiPolygon","coordinates":[[[[-84.43,33.4],[-84.35,33.4],[-84.37,33.3],[-84.44,33.3],[-84.43,33.4]]]]}},
{"type":"Feature","properties":{"ugclist":"GAC135","locations":"Gwinnett [GA]","utc_issue":"2024-09-27T13:19:00Z","utc_expire":"2024-09-27T15:52:00Z","utc_polygon_begin":"2024-09-27T13:19:00Z","utc_polygon_end":"2024-09-27T15:52:00Z","ph_sig":"FL.W","wfo":"FFC","eventid":290,"phenomena":"FL","significance":"W","nws_color":"#00FF00","event_label":"Flood Warning","status":"NEW","product_id":"202409271319-KFFC-WGUS42-FLWFFC","year":2024,"fcster":null},"geometry":{"type":"MultiPolygon","coordinates":[[[[-84.05,33.84],[-83.99,33.83],[-84.02,33.75],[-84.06,33.77],[-84.05,33.84]]]]}},
{"type":"Feature","properties":{"ugclist":"GAC089, GAC121","locations":"DeKalb [GA], Fulton [GA]","utc_issue":"2024-09-27T13:20:00Z","utc_expire":"2024-09-27T15:54:00Z","utc_polygon_begin":"2024-09-27T13:20:00Z","utc_polygon_end":"2024-09-27T15:54:00Z","ph_sig":"FL.W","wfo":"FFC","eventid":291,"phenomena":"FL","significance":"W","nws_color":"#00FF00","event_label":"Flood Warning","status":"NEW","product_id":"202409271320-KFFC-WGUS42-FLWFFC","year":2024,"fcster":null},"geometry":{"type":"MultiPolygon","coordinates":[[[[-84.38,33.65],[-84.38,33.72],[-84.27,33.71],[-84.27,33.65],[-84.38,33.65]]]]}},
{"type":"Feature","properties":{"ugclist":"GAC057","locations":"Cherokee [GA]","utc_issue":"2024-09-27T13:21:00Z","utc_expire":"2024-09-28T07:09:00Z","utc_polygon_begin":"2024-09-27T13:21:00Z","utc_polygon_end":"2024-09-27T22:43:00Z","ph_sig":"FL.W","wfo":"FFC","eventid":292,"phenomena":"FL","significance":"W","nws_color":"#00FF00","event_label":"Flood Warning","status":"NEW","product_id":"202409271321-KFFC-WGUS42-FLWFFC","year":2024,"fcster":null},"geometry":{"type":"MultiPolygon","coordinates":[[[[-84.38,34.15],[-84.34,34.1],[-84.48,34.07],[-84.61,34.14],[-84.56,34.18],[-84.47,34.14],[-84.38,34.15]]]]}},
{"type":"Feature","properties":{"ugclist":"TNC003, TNC015, TNC021, TNC037, TNC149, TNC165, TNC187, TNC189","locations":"Bedford [TN], Cannon [TN], Cheatham [TN], Davidson [TN], Rutherford [TN], Sumner [TN], Williamson [TN], Wilson [TN]","utc_issue":"2024-09-27T13:34:00Z","utc_expire":"2024-09-27T17:30:00Z","utc_polygon_begin":"2024-09-27T13:34:00Z","utc_polygon_end":"2024-09-27T17:05:00Z","ph_sig":"FA.Y","wfo":"OHX","eventid":93,"phenomena":"FA","significance":"Y","nws_color":"#00FF7F","event_label":"Flood Advisory","status":"NEW","product_id":"202409271334-KOHX-WGUS84-FLSOHX","year":2024,"fcster":"10"},"geometry":{"type":"MultiPolygon","coordinates":[[[[-86.6,36.38],[-86.01,35.86],[-86.53,35.51],[-86.65,35.63],[-86.64,35.69],[-86.72,35.71],[-87.14,36.12],[-86.6,36.38]]]]}},
{"type":"Feature","properties":{"ugclist":"TNC091","locations":"Johnson [TN]","utc_issue":"2024-09-27T13:35:00Z","utc_expire":"2024-09-27T16:00:00Z","utc_polygon_begin":"2024-09-27T13:35:00Z","utc_polygon_end":"2024-09-27T15:56:00Z","ph_sig":"FF.W","wfo":"MRX","eventid":46,"phenomena":"FF","significance":"W","nws_color":"#8B0000","event_label":"Flash Flood Warning","status":"NEW","product_id":"202409271335-KMRX-WGUS54-FFWMRX","year":2024,"fcster":"DGS"},"geometry":{"type":"MultiPolygon","coordinates":[[[[-81.68,36.59],[-81.68,36.57],[-81.71,36.54],[-81.7,36.47],[-81.72,36.46],[-81.72,36.42],[-81.74,36.41],[-81.71,36.34],[-81.76,36.34],[-81.79,36.36],[-81.86,36.34],[-81.95,36.26],[-82.0,36.33],[-82.02,36.33],[-82.06,36.37],[-81.95,36.47],[-81.99,36.5],[-81.97,36.52],[-81.87,36.6],[-81.65,36.61],[-81.68,36.59]]]]}},
{"type":"Feature","properties":{"ugclist":"NCC161","locations":"Rutherford [NC]","utc_issue":"2024-09-27T13:35:00Z","utc_expire":"2024-09-28T01:30:00Z","utc_polygon_begin":"2024-09-27T13:35:00Z","utc_polygon_end":"2024-09-27T15:02:00Z","ph_sig":"FF.W","wfo":"GSP","eventid":109,"phenomena":"FF","significance":"W","nws_color":"#8B0000","event_label":"Flash Flood Warning","status":"NEW","product_id":"202409271335-KGSP-WGUS52-FFWGSP","year":2024,"fcster":"JMP"},"geometry":{"type":"MultiPolygon","coordinates":[[[[-81.89,35.19],[-81.97,35.24],[-81.96,35.25],[-81.97,35.26],[-81.99,35.27],[-82.12,35.39],[-82.15,35.41],[-82.19,35.41],[-82.18,35.44],[-82.12,35.44],[-82.01,35.34],[-81.95,35.27],[-81.89,35.23],[-81.84,35.22],[-81.75,35.24],[-81.76,35.21],[-81.82,35.19],[-81.89,35.19]]]]}},
{"type":"Feature","properties":{"ugclist":"NCC047, SCC051","locations":"Columbus [NC], Horry [SC]","utc_issue":"2024-09-27T13:37:00Z","utc_expire":"2024-09-27T14:00:00Z","utc_polygon_begin":"2024-09-27T13:37:00Z","utc_polygon_end":"2024-09-27T13:49:00Z","ph_sig":"TO.W","wfo":"ILM","eventid":49,"phenomena":"TO","significance":"W","nws_color":"#FF0000","event_label":"Tornado Warning","status":"NEW","product_id":"202409271337-KILM-WFUS52-TORILM","year":2024,"fcster":"III"},"geometry":{"type":"MultiPolygon","coordinates":[[[[-78.79,33.88],[-78.88,33.89],[-78.92,34.24],[-78.67,34.23],[-78.79,33.88]]]]}},
{"type":"Feature","properties":{"ugclist":"NCC005, NCC009, NCC189, NCC193","locations":"Alleghany [NC], Ashe [NC], Watauga [NC], Wilkes [NC]","utc_issue":"2024-09-27T13:38:00Z","utc_expire":"2024-09-27T20:30:00Z","utc_polygon_begin":"2024-09-27T13:38:00Z","utc_polygon_end":"2024-09-27T20:04:00Z","ph_sig":"FF.W","wfo":"RNK","eventid":66,"phenomena":"FF","significance":"W","nws_color":"#8B0000","event_label":"Flash Flood Warning","status":"NEW","product_id":"202409271338-KRNK-WGUS51-FFWRNK","year":2024,"fcster":"EB"},"geometry":{"type":"MultiPolygon","coordinates":[[[[-81.7,36.47],[-81.71,36.54],[-81.68,36.59],[-80.9,36.56],[-80.98,36.45],[-80.97,36.4],[-80.87,36.33],[-80.88,36.06],[-81.2,36.04],[-81.33,36.0],[-81.41,36.07],[-81.55,36.12],[-81.81,36.11],[-81.83,36.17],[-81.91,36.22],[-81.92,36.29],[-81.86,36.34],[-81.79,36.36],[-81.71,36.34],[-81.74,36.41],[-81.7,36.47]]]]}},
{"type":"Feature","properties":{"ugclist":"NCC019","locations":"Brunswick [NC]","utc_issue":"2024-09-27T13:41:00Z","utc_expire":"2024-09-27T14:15:00Z","utc_polygon_begin":"2024-09-27T13:41:00Z","utc_polygon_end":"2024-09-27T14:00:00Z","ph_sig":"TO.W","wfo":"ILM","eventid":50,"phenomena":"TO","significance":"W","nws_color":"#FF0000","event_label":"Tornado Warning","status":"NEW","product_id":"202409271341-KILM-WFUS52-TORILM","year":2024,"fcster":"MORGAN"},"geometry":{"type":"MultiPolygon","coordinates":[[[[-77.96,33.84],[-78.01,33.86],[-78.01,33.87],[-78.0,33.88],[-78.02,33.87],[-78.02,33.89],[-78.07,33.9],[-78.17,34.16],[-77.96,34.21],[-77.96,34.2],[-77.95,34.2],[-77.96,34.17],[-77.95,34.15],[-77.96,33.84]]]]}},
{"type":"Feature","properties":{"ugclist":"GAC055","locations":"Chattooga [GA]","utc_issue":"2024-09-27T19:30:00Z","utc_expire":"2024-09-28T01:31:00Z","utc_polygon_begin":"2024-09-27T13:41:00Z","utc_polygon_end":"2024-09-27T13:41:00Z","ph_sig":"FL.W","wfo":"FFC","eventid":241,"phenomena":"FL","significance":"W","nws_color":"#00FF00","event_label":"Flood Warning","status":"NEW","product_id":"202409270133-KFFC-WGUS42-FLWFFC","year":2024,"fcster":null},"geometry":{"type":"MultiPolygon","coordinates":[[[[-85.39,34.59],[-85.31,34.59],[-85.26,34.53],[-85.38,34.37],[-85.44,34.4],[-85.33,34.53],[-85.39,34.59]]]]}},
{"type":"Feature","properties":{"ugclist":"AMZ552, AMZ572","locations":"Volusia-Brevard County Line to Sebastian Inlet 0-20 nm [], Volusia-Brevard County Line to Sebastian Inlet 20-60 nm []","utc_issue":"2024-09-27T13:42:00Z","utc_expire":"2024-09-27T14:45:00Z","utc_polygon_begin":"2024-09-27T13:42:00Z","utc_polygon_end":"2024-09-27T14:45:00Z","ph_sig":"MA.W","wfo":"MLB","eventid":245,"phenomena":"MA","significance":"W","nws_color":"#FFA500","event_label":"Marine Warning","status":"NEW","product_id":"202409271342-KMLB-WHUS52-SMWMLB","year":2024,"fcster":"Watson"},"geometry":{"type":"MultiPolygon","coordinates":[[[[-80.11,28.79],[-79.9,28.15],[-80.58,27.95],[-80.65,28.08],[-80.82,28.55],[-80.11,28.79]]]]}},
{"type":"Feature","properties":{"ugclist":"GAC161, GAC209, GAC279","locations":"Jeff Davis [GA], Montgomery [GA], Toombs [GA]","utc_issue":"2024-09-29T04:30:00Z","utc_expire":"2024-10-12T12:55:00Z","utc_polygon_begin":"2024-09-27T13:43:00Z","utc_polygon_end":"2024-09-27T13:43:00Z","ph_sig":"FL.W","wfo":"JAX","eventid":52,"phenomena":"FL","significance":"W","nws_color":"#00FF00","event_label":"Flood Warning","status":"NEW","product_id":"202409270326-KJAX-WGUS42-FLWJAX","year":2024,"fcster":"MSW"},"geometry":{"type":"MultiPolygon","coordinates":[[[[-82.54,31.99],[-82.43,32.0],[-82.43,31.94],[-82.55,31.94],[-82.54,31.99]]]]}},
{"type":"Feature","properties":{"ugclist":"NCC037, NCC125, NCC151","locations":"Chatham [NC], Moore [NC], Randolph [NC]","utc_issue":"2024-09-27T13:44:00Z","utc_expire":"2024-09-27T14:15:00Z","utc_polygon_begin":"2024-09-27T13:44:00Z","utc_polygon_end":"2024-09-27T13:51:00Z","ph_sig":"TO.W","wfo":"RAH","eventid":43,"phenomena":"TO","significance":"W","nws_color":"#FF0000","event_label":"Tornado Warning","status":"NEW","product_id":"202409271344-KRAH-WFUS52-TORRAH","year":2024,"fcster":"Kren"},"geometry":{"type":"MultiPolygon","coordinates":[[[[-79.29,35.83],[-79.36,35.46],[-79.55,35.46],[-79.61,35.82],[-79.5,35.85],[-79.43,35.84],[-79.29,35.83]]]]}},
{"type":"Feature","properties":{"ugclist":"GAC001, GAC267, GAC279, GAC305","locations":"Appling [GA], Tattnall [GA], Toombs [GA], Wayne [GA]","utc_issue":"2024-09-29T09:25:00Z","utc_expire":"2024-10-14T07:58:00Z","utc_polygon_begin":"2024-09-27T13:44:00Z","utc_polygon_end":"2024-09-27T13:44:00Z","ph_sig":"FL.W","wfo":"JAX","eventid":53,"phenomena":"FL","significance":"W","nws_color":"#00FF00","event_label":"Flood Warning","status":"NEW","product_id":"202409270326-KJAX-WGUS42-FLWJAX","year":2024,"fcster":"MSW"},"geometry":{"type":"MultiPolygon","coordinates":[[[[-82.43,32.0],[-82.13,31.93],[-81.95,31.83],[-81.99,31.76],[-82.22,31.88],[-82.43,31.94],[-82.43,32.0]]]]}},
{"type":"Feature","properties":{"ugclist":"GAC101","locations":"Echols [GA]","utc_issue":"2024-09-30T00:00:00Z","utc_expire":"2024-09-29T01:43:00Z","utc_polygon_begin":"2024-09-27T13:44:00Z","utc_polygon_end":"2024-09-27T13:44:00Z","ph_sig":"FL.W","wfo":"JAX","eventid":51,"phenomena":"FL","significance":"W","nws_color":"#00FF00","event_label":"Flood Warning","status":"NEW","product_id":"202409270324-KJAX-WGUS42-FLWJAX","year":2024,"fcster":"MSW"},"geometry":{"type":"MultiPolygon","coordinates":[[[[-83.02,30.74],[-83.03,30.71],[-83.03,30.62],[-83.07,30.62],[-83.07,30.69],[-83.06,30.74],[-83.02,30.74]]]]}},
{"type":"Feature","properties":{"ugclist":"NCC001, NCC037, NCC051, NCC085, NCC093, NCC105, NCC125, NCC151, NCC165","locations":"Alamance [NC], Chatham [NC], Cumberland [NC], Harnett [NC], Hoke [NC], Lee [NC], Moore [NC], Randolph [NC], Scotland [NC]","utc_issue":"2024-09-27T13:50:00Z","utc_expire":"2024-09-27T17:00:00Z","utc_polygon_begin":"2024-09-27T13:50:00Z","utc_polygon_end":"2024-09-27T17:00:00Z","ph_sig":"FA.Y","wfo":"RAH","eventid":149,"phenomena":"FA","significance":"Y","nws_color":"#00FF7F","event_label":"Flood Advisory","status":"NEW","product_id":"202409271350-KRAH-WGUS82-FLSRAH","year":2024,"fcster":"BLS"},"geometry":{"type":"MultiPolygon","coordinates":[[[[-79.79,35.89],[-79.2,35.86],[-79.03,35.82],[-78.96,35.71],[-79.0,35.61],[-78.86,35.57],[-78.84,35.53],[-78.63,35.2],[-78.65,35.2],[-78.67,35.09],[-78.65,34.99],[-78.5,34.86],[-78.9,34.83],[-78.94,34.9],[-79.03,34.95],[-79.19,34.83],[-79.35,34.84],[-79.33,34.77],[-79.35,34.75],[-79.63,35.63],[-79.79,35.89]]]]}},
{"type":"Feature","properties":{"ugclist":"VAC077, VAC173","locations":"Grayson [VA], Smyth [VA]","utc_issue":"2024-09-27T13:50:00Z","utc_expire":"2024-09-27T20:45:00Z","utc_polygon_begin":"2024-09-27T13:50:00Z","utc_polygon_end":"2024-09-27T20:05:00Z","ph_sig":"FF.W","wfo":"RNK","eventid":67,"phenomena":"FF","significance":"W","nws_color":"#8B0000","event_label":"Flash Flood Warning","status":"NEW","product_id":"202409271350-KRNK-WGUS51-FFWRNK","year":2024,"fcster":"EB"},"geometry":{"type":"MultiPolygon","coordinates":[[[[-81.71,36.98],[-81.68,36.93],[-81.58,36.99],[-81.48,36.99],[-81.44,37.01],[-81.33,36.9],[-81.26,36.76],[-81.09,36.77],[-81.04,36.81],[-80.94,36.67],[-80.93,36.63],[-80.92,36.65],[-80.91,36.65],[-80.84,36.56],[-81.68,36.59],[-81.61,36.62],[-81.7,36.79],[-81.84,36.93],[-81.71,36.98]]]]}},
{"type":"Feature","properties":{"ugclist":"TNC015, TNC041, TNC141, TNC159, TNC165, TNC169, TNC189","locations":"Cannon [TN], De Kalb [TN], Putnam [TN], Smith [TN], Sumner [TN], Trousdale [TN], Wilson [TN]","utc_issue":"2024-09-27T13:57:00Z","utc_expire":"2024-09-27T17:30:00Z","utc_polygon_begin":"2024-09-27T13:57:00Z","utc_polygon_end":"2024-09-27T17:06:00Z","ph_sig":"FA.Y","wfo":"OHX","eventid":94,"phenomena":"FA","significance":"Y","nws_color":"#00FF7F","event_label":"Flood Advisory","status":"NEW","product_id":"202409271357-KOHX-WGUS84-FLSOHX","year":2024,"fcster":"10"},"geometry":{"type":"MultiPolygon","coordinates":[[[[-86.3,36.52],[-86.19,36.47],[-86.17,36.44],[-86.11,36.44],[-85.86,36.32],[-85.65,35.99],[-85.99,35.83],[-86.61,36.37],[-86.3,36.52]]]]}},
{"type":"Feature","properties":{"ugclist":"GAC163, GAC303","locations":"Jefferson [GA], Washington [GA]","utc_issue":"2024-09-27T13:57:00Z","utc_expire":"2024-09-28T21:57:00Z","utc_polygon_begin":"2024-09-27T13:57:00Z","utc_polygon_end":"2024-09-27T23:16:00Z","ph_sig":"FL.W","wfo":"FFC","eventid":293,"phenomena":"FL","significance":"W","nws_color":"#00FF00","event_label":"Flood Warning","status":"NEW","product_id":"202409271357-KFFC-WGUS42-FLWFFC","year":2024,"fcster":null},"geometry":{"type":"MultiPolygon","coordinates":[[[[-82.75,32.91],[-82.72,33.1],[-82.48,32.94],[-82.53,32.9],[-82.75,32.91]]]]}},
{"type":"Feature","properties":{"ugclist":"GAC317","locations":"Wilkes [GA]","utc_issue":"2024-09-27T13:58:00Z","utc_expire":"2024-09-27T17:44:00Z","utc_polygon_begin":"2024-09-27T13:58:00Z","utc_polygon_end":"2024-09-27T17:44:00Z","ph_sig":"FL.W","wfo":"FFC","eventid":294,"phenomena":"FL","significance":"W","nws_color":"#00FF00","event_label":"Flood Warning","status":"NEW","product_id":"202409271358-KFFC-WGUS42-FLWFFC","year":2024,"fcster":null},"geometry":{"type":"MultiPolygon","coordinates":[[[[-82.95,33.71],[-82.89,33.74],[-82.78,33.66],[-82.85,33.64],[-82.95,33.71]]]]}},
{"type":"Feature","properties":{"ugclist":"GAC163","locations":"Jefferson [GA]","utc_issue":"2024-09-27T13:59:00Z","utc_expire":"2024-09-28T07:13:00Z","utc_polygon_begin":"2024-09-27T13:59:00Z","utc_polygon_end":"2024-09-27T23:23:00Z","ph_sig":"FL.W","wfo":"FFC","eventid":295,"phenomena":"FL","significance":"W","nws_color":"#00FF00","event_label":"Flood Warning","status":"NEW","product_id":"202409271359-KFFC-WGUS42-FLWFFC","year":2024,"fcster":null},"geometry":{"type":"MultiPolygon","coordinates":[[[[-82.38,33.23],[-82.24,33.21],[-82.27,33.15],[-82.4,33.16],[-82.38,33.23]]]]}},
{"type":"Feature","properties":{"ugclist":"GAC035, GAC151, GAC217","locations":"Butts [GA], Henry [GA], Newton [GA]","utc_issue":"2024-09-27T14:00:00Z","utc_expire":"2024-09-29T00:51:00Z","utc_polygon_begin":"2024-09-27T14:00:00Z","utc_polygon_end":"2024-09-27T23:26:00Z","ph_sig":"FL.W","wfo":"FFC","eventid":296,"phenomena":"FL","significance":"W","nws_color":"#00FF00","event_label":"Flood Warning","status":"NEW","product_id":"202409271400-KFFC-WGUS42-FLWFFC","year":2024,"fcster":null},"geometry":{"type":"MultiPolygon","coordinates":[[[[-84.1,33.53],[-84.04,33.57],[-83.92,33.5],[-83.88,33.41],[-83.93,33.39],[-83.98,33.46],[-84.1,33.53]]]]}},
{"type":"Feature","properties":{"ugclist":"GAC067","locations":"Cobb [GA]","utc_issue":"2024-09-27T14:01:00Z","utc_expire":"2024-09-28T02:00:00Z","utc_polygon_begin":"2024-09-27T14:01:00Z","utc_polygon_end":"2024-09-27T22:36:00Z","ph_sig":"FL.W","wfo":"FFC","eventid":297,"phenomena":"FL","significance":"W","nws_color":"#00FF00","event_label":"Flood Warning","status":"NEW","product_id":"202409271401-KFFC-WGUS42-FLWFFC","year":2024,"fcster":null},"geometry":{"type":"MultiPolygon","coordinates":[[[[-84.67,33.81],[-84.69,33.86],[-84.66,33.95],[-84.58,33.94],[-84.62,33.86],[-84.6,33.83],[-84.67,33.81]]]]}},
{"type":"Feature","properties":{"ugclist":"TNC019, TNC171, TNC179","locations":"Carter [TN], Unicoi [TN], Washington [TN]","utc_issue":"2024-09-27T14:02:00Z","utc_expire":"2024-09-27T17:00:00Z","utc_polygon_begin":"2024-09-27T14:02:00Z","utc_polygon_end":"2024-09-27T16:43:00Z","ph_sig":"FF.W","wfo":"MRX","eventid":47,"phenomena":"FF","significance":"W","nws_color":"#8B0000","event_label":"Flash Flood Warning","status":"NEW","product_id":"202409271402-KMRX-WGUS54-FFWMRX","year":2024,"fcster":"DGS"},"geometry":{"type":"MultiPolygon","coordinates":[[[[-82.33,36.4],[-82.29,36.4],[-82.24,36.42],[-82.19,36.4],[-81.99,36.51],[-81.95,36.47],[-82.06,36.37],[-82.05,36.36],[-82.59,36.06],[-82.58,36.08],[-82.65,36.15],[-82.64,36.28],[-82.33,36.4]]]]}},
{"type":"Feature","properties":{"ugclist":"ALC017, ALC081, GAC145, GAC285","locations":"Chambers [AL], Lee [AL], Harris [GA], Troup [GA]","utc_issue":"2024-09-27T17:25:00Z","utc_expire":"2024-09-27T18:01:00Z","utc_polygon_begin":"2024-09-27T14:03:00Z","utc_polygon_end":"2024-09-27T14:03:00Z","ph_sig":"FL.W","wfo":"FFC","eventid":245,"phenomena":"FL","significance":"W","nws_color":"#00FF00","event_label":"Flood Warning","status":"NEW","product_id":"202409270212-KFFC-WGUS42-FLWFFC","year":2024,"fcster":null},"geometry":{"type":"MultiPolygon","coordinates":[[[[-85.22,32.91],[-85.15,32.93],[-85.08,32.74],[-85.15,32.72],[-85.22,32.91]]]]}},
{"type":"Feature","properties":{"ugclist":"GAC105, GAC195, GAC221","locations":"Elbert [GA], Madison [GA], Oglethorpe [GA]","utc_issue":"2024-09-27T23:41:00Z","utc_expire":"2024-09-28T07:00:00Z","utc_polygon_begin":"2024-09-27T14:06:00Z","utc_polygon_end":"2024-09-27T14:06:00Z","ph_sig":"FL.W","wfo":"FFC","eventid":242,"phenomena":"FL","significance":"W","nws_color":"#00FF00","event_label":"Flood Warning","status":"NEW","product_id":"202409270203-KFFC-WGUS42-FLWFFC","year":2024,"fcster":null},"geometry":{"type":"MultiPolygon","coordinates":[[[[-83.08,34.19],[-82.95,34.07],[-82.85,34.01],[-82.86,33.96],[-83.0,34.02],[-83.12,34.14],[-83.08,34.19]]]]}},
{"type":"Feature","properties":{"ugclist":"AMZ252, AMZ254, AMZ256, AMZ272, AMZ274, AMZ276","locations":"Coastal waters from Cape Fear NC to Little River Inlet SC out 20 nm [], Coastal waters from Little River Inlet to Murrells Inlet SC out 20 nm [], Coastal waters from Murrells Inlet to South Santee River SC out 20 nm [], Waters from Cape Fear NC to Little River Inlet SC from 20 to 40 nm [], Waters from Little River Inlet to Murrells Inlet SC from 20 to 40 nm [], Waters from Murrells Inlet NC to South Santee River SC from 20 to 40 nm []","utc_issue":"2024-09-27T14:07:00Z","utc_expire":"2024-09-27T16:00:00Z","utc_polygon_begin":"2024-09-27T14:07:00Z","utc_polygon_end":"2024-09-27T15:59:00Z","ph_sig":"MA.W","wfo":"ILM","eventid":111,"phenomena":"MA","significance":"W","nws_color":"#FFA500","event_label":"Marine Warning","status":"NEW","product_id":"202409271407-KILM-WHUS52-SMWILM","year":2024,"fcster":"MORGAN"},"geometry":{"type":"MultiPolygon","coordinates":[[[[-79.27,33.12],[-79.17,33.21],[-79.11,33.46],[-78.94,33.64],[-78.71,33.8],[-78.37,33.9],[-78.02,33.89],[-77.44,33.42],[-77.63,33.26],[-77.82,33.18],[-78.03,33.17],[-78.26,33.24],[-78.35,33.21],[-78.52,33.06],[-78.63,32.8],[-79.27,33.12]]]]}},
{"type":"Feature","properties":{"ugclist":"VAC063","locations":"Floyd [VA]","utc_issue":"2024-09-27T14:08:00Z","utc_expire":"2024-09-27T21:00:00Z","utc_polygon_begin":"2024-09-27T14:08:00Z","utc_polygon_end":"2024-09-27T20:53:00Z","ph_sig":"FF.W","wfo":"RNK","eventid":68,"phenomena":"FF","significance":"W","nws_color":"#8B0000","event_label":"Flash Flood Warning","status":"NEW","product_id":"202409271408-KRNK-WGUS51-FFWRNK","year":2024,"fcster":"EB"},"geometry":{"type":"MultiPolygon","coordinates":[[[[-80.39,36.79],[-80.4,36.74],[-80.44,36.75],[-80.46,36.71],[-80.63,36.93],[-80.52,37.01],[-80.49,36.98],[-80.45,37.02],[-80.42,37.0],[-80.35,37.02],[-80.28,37.08],[-80.18,37.11],[-80.13,37.12],[-80.11,37.1],[-80.11,37.03],[-80.15,36.95],[-80.18,36.95],[-80.24,36.87],[-80.34,36.83],[-80.39,36.79]]]]}},
{"type":"Feature","properties":{"ugclist":"VAC035, VAC197, VAC640","locations":"Carroll [VA], Wythe [VA], City of Galax [VA]","utc_issue":"2024-09-27T14:11:00Z","utc_expire":"2024-09-27T21:15:00Z","utc_polygon_begin":"2024-09-27T14:11:00Z","utc_polygon_end":"2024-09-27T21:09:00Z","ph_sig":"FF.W","wfo":"RNK","eventid":69,"phenomena":"FF","significance":"W","nws_color":"#8B0000","event_label":"Flash Flood Warning","status":"NEW","product_id":"202409271411-KRNK-WGUS51-FFWRNK","year":2024,"fcster":"EB"},"geometry":{"type":"MultiPolygon","coordinates":[[[[-81.26,36.76],[-81.38,36.95],[-81.22,37.05],[-81.11,37.02],[-80.91,37.07],[-80.74,36.88],[-80.64,36.93],[-80.63,36.93],[-80.45,36.7],[-80.49,36.65],[-80.59,36.66],[-80.63,36.61],[-80.61,36.56],[-80.84,36.56],[-80.91,36.65],[-80.92,36.65],[-80.93,36.63],[-80.94,36.68],[-81.04,36.81],[-81.09,36.77],[-81.26,36.76]]]]}},
{"type":"Feature","properties":{"ugclist":"NCC017, NCC019, NCC047, NCC155","locations":"Bladen [NC], Brunswick [NC], Columbus [NC], Robeson [NC]","utc_issue":"2024-09-27T14:18:00Z","utc_expire":"2024-09-27T15:15:00Z","utc_polygon_begin":"2024-09-27T14:18:00Z","utc_polygon_end":"2024-09-27T14:50:00Z","ph_sig":"SV.W","wfo":"ILM","eventid":100,"phenomena":"SV","significance":"W","nws_color":"#FFA500","event_label":"Severe Thunderstorm Warning","status":"NEW","product_id":"202409271418-KILM-WUUS52-SVRILM","year":2024,"fcster":"ABW"},"geometry":{"type":"MultiPolygon","coordinates":[[[[-78.94,34.9],[-78.9,34.84],[-78.8,34.85],[-78.52,34.85],[-78.54,33.85],[-78.98,34.22],[-79.13,34.88],[-79.03,34.95],[-78.94,34.9]]]]}},
{"type":"Feature","properties":{"ugclist":"NCC157","locations":"Rockingham [NC]","utc_issue":"2024-09-27T14:19:00Z","utc_expire":"2024-09-27T14:45:00Z","utc_polygon_begin":"2024-09-27T14:19:00Z","utc_polygon_end":"2024-09-27T14:37:00Z","ph_sig":"TO.W","wfo":"RNK","eventid":38,"phenomena":"TO","significance":"W","nws_color":"#FF0000","event_label":"Tornado Warning","status":"NEW","product_id":"202409271419-KRNK-WFUS51-TORRNK","year":2024,"fcster":"AB"},"geometry":{"type":"MultiPolygon","coordinates":[[[[-80.03,36.26],[-80.04,36.27],[-80.04,36.29],[-80.03,36.29],[-80.04,36.33],[-80.03,36.5],[-79.93,36.52],[-79.79,36.46],[-79.85,36.25],[-80.03,36.26]]]]}},
{"type":"Feature","properties":{"ugclist":"VAC045, VAC161, VAC770, VAC775","locations":"Craig [VA], Roanoke [VA], City of Roanoke [VA], City of Salem [VA]","utc_issue":"2024-09-27T14:21:00Z","utc_expire":"2024-09-27T21:15:00Z","utc_polygon_begin":"2024-09-27T14:21:00Z","utc_polygon_end":"2024-09-27T21:17:00Z","ph_sig":"FF.W","wfo":"RNK","eventid":70,"phenomena":"FF","significance":"W","nws_color":"#8B0000","event_label":"Flash Flood Warning","status":"NEW","product_id":"202409271421-KRNK-WGUS51-FFWRNK","year":2024,"fcster":"EB"},"geometry":{"type":"MultiPolygon","coordinates":[[[[-80.43,37.31],[-80.48,37.42],[-80.3,37.51],[-80.28,37.53],[-80.33,37.54],[-80.33,37.56],[-80.22,37.63],[-80.14,37.6],[-80.03,37.66],[-79.97,37.54],[-80.07,37.42],[-79.87,37.33],[-79.84,37.3],[-79.84,37.23],[-79.95,37.14],[-80.03,37.17],[-80.17,37.11],[-80.19,37.23],[-80.26,37.34],[-80.33,37.37],[-80.43,37.31]]]]}},
{"type":"Feature","properties":{"ugclist":"NCC051, NCC085","locations":"Cumberland [NC], Harnett [NC]","utc_issue":"2024-09-27T14:31:00Z","utc_expire":"2024-09-27T17:17:00Z","utc_polygon_begin":"2024-09-27T14:31:00Z","utc_polygon_end":"2024-09-27T17:17:00Z","ph_sig":"FF.W","wfo":"RAH","eventid":65,"phenomena":"FF","significance":"W","nws_color":"#8B0000","event_label":"Flash Flood Warning","status":"NEW","product_id":"202409271431-KRAH-WGUS52-FFWRAH","year":2024,"fcster":"BLS"},"geometry":{"type":"MultiPolygon","coordinates":[[[[-78.91,35.58],[-78.69,35.52],[-78.53,35.34],[-78.54,35.32],[-78.58,35.3],[-78.62,35.25],[-78.63,35.2],[-78.65,35.2],[-78.63,35.17],[-78.65,35.12],[-78.64,35.12],[-78.67,35.09],[-78.65,34.99],[-78.5,34.86],[-78.9,34.83],[-78.94,34.9],[-79.03,34.95],[-79.07,35.02],[-79.12,35.37],[-78.91,35.58]]]]}},
{"type":"Feature","properties":{"ugclist":"NCC037, NCC135","locations":"Chatham [NC], Orange [NC]","utc_issue":"2024-09-27T14:34:00Z","utc_expire":"2024-09-27T15:00:00Z","utc_polygon_begin":"2024-09-27T14:34:00Z","utc_polygon_end":"2024-09-27T14:54:00Z","ph_sig":"TO.W","wfo":"RAH","eventid":44,"phenomena":"TO","significance":"W","nws_color":"#FF0000","event_label":"Tornado Warning","status":"NEW","product_id":"202409271434-KRAH-WFUS52-TORRAH","year":2024,"fcster":"Kren"},"geometry":{"type":"MultiPolygon","coordinates":[[[[-79.05,35.72],[-79.22,35.75],[-79.21,36.06],[-79.07,36.1],[-79.0,36.0],[-79.05,35.72]]]]}},
{"type":"Feature","properties":{"ugclist":"TNC029, TNC155","locations":"Cocke [TN], Sevier [TN]","utc_issue":"2024-09-27T14:36:00Z","utc_expire":"2024-09-27T18:00:00Z","utc_polygon_begin":"2024-09-27T14:36:00Z","utc_polygon_end":"2024-09-27T17:38:00Z","ph_sig":"FF.W","wfo":"MRX","eventid":48,"phenomena":"FF","significance":"W","nws_color":"#8B0000","event_label":"Flash Flood Warning","status":"NEW","product_id":"202409271436-KMRX-WGUS54-FFWMRX","year":2024,"fcster":"DGS"},"geometry":{"type":"MultiPolygon","coordinates":[[[[-83.3,35.9],[-83.29,35.94],[-83.01,36.04],[-82.9,35.94],[-82.92,35.93],[-82.9,35.88],[-82.96,35.79],[-83.08,35.79],[-83.16,35.77],[-83.19,35.73],[-83.25,35.72],[-83.3,35.66],[-83.35,35.66],[-83.5,35.56],[-83.66,35.57],[-83.66,35.69],[-83.67,35.69],[-83.7,35.71],[-83.73,35.77],[-83.34,35.92],[-83.3,35.9]]]]}},
{"type":"Feature","properties":{"ugclist":"FLC013, FLC037, FLC045, FLC077","locations":"Calhoun [FL], Franklin [FL], Gulf [FL], Liberty [FL]","utc_issue":"2024-09-27T14:37:00Z","utc_expire":"2024-10-05T03:27:00Z","utc_polygon_begin":"2024-09-27T14:37:00Z","utc_polygon_end":"2024-09-27T16:29:00Z","ph_sig":"FL.W","wfo":"TAE","eventid":93,"phenomena":"FL","significance":"W","nws_color":"#00FF00","event_label":"Flood Warning","status":"NEW","product_id":"202409270413-KTAE-WGUS42-FLWTAE","year":2024,"fcster":"Haner"},"geometry":{"type":"MultiPolygon","coordinates":[[[[-85.02,30.54],[-84.93,30.53],[-85.08,30.09],[-84.91,29.8],[-85.05,29.72],[-85.2,30.07],[-85.02,30.54]]]]}},
{"type":"Feature","properties":{"ugclist":"AMZ572","locations":"Volusia-Brevard County Line to Sebastian Inlet 20-60 nm []","utc_issue":"2024-09-27T14:38:00Z","utc_expire":"2024-09-27T15:45:00Z","utc_polygon_begin":"2024-09-27T14:38:00Z","utc_polygon_end":"2024-09-27T15:45:00Z","ph_sig":"MA.W","wfo":"MLB","eventid":246,"phenomena":"MA","significance":"W","nws_color":"#FFA500","event_label":"Marine Warning","status":"NEW","product_id":"202409271438-KMLB-WHUS52-SMWMLB","year":2024,"fcster":"Watson"},"geometry":{"type":"MultiPolygon","coordinates":[[[[-79.54,28.3],[-79.55,28.3],[-80.24,28.18],[-80.2,28.43],[-80.2,28.52],[-80.27,28.73],[-80.35,28.85],[-79.64,28.93],[-79.54,28.61],[-79.54,28.3]]]]}},
{"type":"Feature","properties":{"ugclist":"NCC037, NCC085, NCC105, NCC183","locations":"Chatham [NC], Harnett [NC], Lee [NC], Wake [NC]","utc_issue":"2024-09-27T14:41:00Z","utc_expire":"2024-09-27T15:05:00Z","utc_polygon_begin":"2024-09-27T14:41:00Z","utc_polygon_end":"2024-09-27T14:47:00Z","ph_sig":"TO.W","wfo":"RAH","eventid":45,"phenomena":"TO","significance":"W","nws_color":"#FF0000","event_label":"Tornado Warning","status":"NEW","product_id":"202409271441-KRAH-WFUS52-TORRAH","year":2024,"fcster":"NTL"},"geometry":{"type":"MultiPolygon","coordinates":[[[[-78.83,35.39],[-79.02,35.37],[-79.14,35.71],[-78.82,35.73],[-78.83,35.39]]]]}},
{"type":"Feature","properties":{"ugclist":"NCC157","locations":"Rockingham [NC]","utc_issue":"2024-09-27T14:45:00Z","utc_expire":"2024-09-27T14:59:00Z","utc_polygon_begin":"2024-09-27T14:45:00Z","utc_polygon_end":"2024-09-27T14:59:00Z","ph_sig":"TO.W","wfo":"RNK","eventid":39,"phenomena":"TO","significance":"W","nws_color":"#FF0000","event_label":"Tornado Warning","status":"NEW","product_id":"202409271445-KRNK-WFUS51-TORRNK","year":2024,"fcster":"AB"},"geometry":{"type":"MultiPolygon","coordinates":[[[[-79.53,36.26],[-79.67,36.26],[-79.72,36.51],[-79.64,36.54],[-79.55,36.54],[-79.53,36.26]]]]}},
{"type":"Feature","properties":{"ugclist":"GAC097, GAC121","locations":"Douglas [GA], Fulton [GA]","utc_issue":"2024-09-27T14:52:00Z","utc_expire":"2024-09-29T04:38:00Z","utc_polygon_begin":"2024-09-27T14:52:00Z","utc_polygon_end":"2024-09-27T23:39:00Z","ph_sig":"FL.W","wfo":"FFC","eventid":298,"phenomena":"FL","significance":"W","nws_color":"#00FF00","event_label":"Flood Warning","status":"NEW","product_id":"202409271452-KFFC-WGUS42-FLWFFC","year":2024,"fcster":null},"geometry":{"type":"MultiPolygon","coordinates":[[[[-84.6,33.76],[-84.55,33.72],[-84.66,33.63],[-84.78,33.55],[-84.84,33.59],[-84.7,33.68],[-84.6,33.76]]]]}},
{"type":"Feature","properties":{"ugclist":"VAC071, WVC055, WVC063, WVC089","locations":"Giles [VA], Mercer [WV], Monroe [WV], Summers [WV]","utc_issue":"2024-09-28T08:28:00Z","utc_expire":"2024-09-30T12:00:00Z","utc_polygon_begin":"2024-09-27T14:54:00Z","utc_polygon_end":"2024-09-27T14:54:00Z","ph_sig":"FL.W","wfo":"RNK","eventid":34,"phenomena":"FL","significance":"W","nws_color":"#00FF00","event_label":"Flood Warning","status":"NEW","product_id":"202409270946-KRNK-WGUS41-FLWRNK","year":2024,"fcster":"16"},"geometry":{"type":"MultiPolygon","coordinates":[[[[-80.65,37.23],[-80.82,37.33],[-80.97,37.46],[-80.78,37.54],[-80.72,37.42],[-80.53,37.27],[-80.65,37.23]]]]}},
{"type":"Feature","properties":{"ugclist":"TNC037, TNC125, TNC147, TNC165","locations":"Davidson [TN], Montgomery [TN], Robertson [TN], Sumner [TN]","utc_issue":"2024-09-27T15:00:00Z","utc_expire":"2024-09-27T18:00:00Z","utc_polygon_begin":"2024-09-27T15:00:00Z","utc_polygon_end":"2024-09-27T17:47:00Z","ph_sig":"FA.Y","wfo":"OHX","eventid":95,"phenomena":"FA","significance":"Y","nws_color":"#00FF7F","event_label":"Flood Advisory","status":"NEW","product_id":"202409271500-KOHX-WGUS84-FLSOHX","year":2024,"fcster":"10"},"geometry":{"type":"MultiPolygon","coordinates":[[[[-86.25,36.64],[-86.29,36.49],[-86.84,36.24],[-86.93,36.32],[-86.91,36.38],[-86.98,36.37],[-87.29,36.64],[-86.25,36.64]]]]}},
{"type":"Feature","properties":{"ugclist":"NCC019, NCC047","locations":"Brunswick [NC], Columbus [NC]","utc_issue":"2024-09-27T15:03:00Z","utc_expire":"2024-09-27T15:30:00Z","utc_polygon_begin":"2024-09-27T15:03:00Z","utc_polygon_end":"2024-09-27T15:20:00Z","ph_sig":"SV.W","wfo":"ILM","eventid":101,"phenomena":"SV","significance":"W","nws_color":"#FFA500","event_label":"Severe Thunderstorm Warning","status":"NEW","product_id":"202409271503-KILM-WUUS52-SVRILM","year":2024,"fcster":"ABW"},"geometry":{"type":"MultiPolygon","coordinates":[[[[-78.29,33.91],[-78.34,33.91],[-78.36,33.9],[-78.39,33.9],[-78.43,33.89],[-78.44,34.3],[-78.15,34.29],[-78.29,33.91]]]]}},
{"type":"Feature","properties":{"ugclist":"GAC245, SCC003","locations":"Richmond [GA], Aiken [SC]","utc_issue":"2024-09-27T23:32:00Z","utc_expire":"2024-10-01T11:09:00Z","utc_polygon_begin":"2024-09-27T15:03:00Z","utc_polygon_end":"2024-09-27T15:03:00Z","ph_sig":"FL.W","wfo":"CAE","eventid":48,"phenomena":"FL","significance":"W","nws_color":"#00FF00","event_label":"Flood Warning","status":"NEW","product_id":"202409271255-KCAE-WGUS42-FLWCAE","year":2024,"fcster":"LV"},"geometry":{"type":"MultiPolygon","coordinates":[[[[-81.91,33.5],[-81.79,33.26],[-81.9,33.15],[-82.05,33.5],[-81.91,33.5]]]]}},
{"type":"Feature","properties":{"ugclist":"NCC063, NCC135","locations":"Durham [NC], Orange [NC]","utc_issue":"2024-09-27T15:04:00Z","utc_expire":"2024-09-27T15:30:00Z","utc_polygon_begin":"2024-09-27T15:04:00Z","utc_polygon_end":"2024-09-27T15:15:00Z","ph_sig":"TO.W","wfo":"RAH","eventid":46,"phenomena":"TO","significance":"W","nws_color":"#FF0000","event_label":"Tornado Warning","status":"NEW","product_id":"202409271504-KRAH-WFUS52-TORRAH","year":2024,"fcster":"Kren"},"geometry":{"type":"MultiPolygon","coordinates":[[[[-78.85,36.09],[-78.91,35.87],[-79.08,35.86],[-79.09,35.86],[-79.13,36.11],[-79.0,36.19],[-78.85,36.09]]]]}},
{"type":"Feature","properties":{"ugclist":"ALC019","locations":"Cherokee [AL]","utc_issue":"2024-09-27T15:06:00Z","utc_expire":"2024-09-28T14:28:00Z","utc_polygon_begin":"2024-09-27T15:06:00Z","utc_polygon_end":"2024-09-28T01:42:00Z","ph_sig":"FA.W","wfo":"BMX","eventid":5,"phenomena":"FA","significance":"W","nws_color":"#00FF00","event_label":"Flood Warning","status":"NEW","product_id":"202409271506-KBMX-WGUS44-FLWBMX","year":2024,"fcster":"88"},"geometry":{"type":"MultiPolygon","coordinates":[[[[-85.6,34.25],[-85.59,34.26],[-85.55,34.29],[-85.53,34.28],[-85.51,34.3],[-85.5,34.32],[-85.47,34.33],[-85.47,34.31],[-85.49,34.3],[-85.51,34.29],[-85.53,34.26],[-85.55,34.26],[-85.56,34.22],[-85.61,34.22],[-85.61,34.21],[-85.64,34.22],[-85.63,34.25],[-85.6,34.25]]]]}},
{"type":"Feature","properties":{"ugclist":"NCC037, NCC085, NCC101, NCC183","locations":"Chatham [NC], Harnett [NC], Johnston [NC], Wake [NC]","utc_issue":"2024-09-27T15:07:00Z","utc_expire":"2024-09-27T15:30:00Z","utc_polygon_begin":"2024-09-27T15:07:00Z","utc_polygon_end":"2024-09-27T15:14:00Z","ph_sig":"TO.W","wfo":"RAH","eventid":47,"phenomena":"TO","significance":"W","nws_color":"#FF0000","event_label":"Tornado Warning","status":"NEW","product_id":"202409271507-KRAH-WFUS52-TORRAH","year":2024,"fcster":"NTL"},"geometry":{"type":"MultiPolygon","coordinates":[[[[-78.86,35.35],[-78.97,35.52],[-78.97,35.53],[-79.05,35.63],[-78.56,35.68],[-78.68,35.34],[-78.86,35.35]]]]}},
{"type":"Feature","properties":{"ugclist":"VAC089, VAC690","locations":"Henry [VA], City of Martinsville [VA]","utc_issue":"2024-09-27T15:08:00Z","utc_expire":"2024-09-27T15:27:00Z","utc_polygon_begin":"2024-09-27T15:08:00Z","utc_polygon_end":"2024-09-27T15:20:00Z","ph_sig":"TO.W","wfo":"RNK","eventid":40,"phenomena":"TO","significance":"W","nws_color":"#FF0000","event_label":"Tornado Warning","status":"NEW","product_id":"202409271508-KRNK-WFUS51-TORRNK","year":2024,"fcster":"AB"},"geometry":{"type":"MultiPolygon","coordinates":[[[[-79.98,36.77],[-79.88,36.81],[-79.8,36.79],[-79.77,36.6],[-79.87,36.59],[-79.98,36.77]]]]}},
{"type":"Feature","properties":{"ugclist":"NCC037, NCC063, NCC135, NCC183","locations":"Chatham [NC], Durham [NC], Orange [NC], Wake [NC]","utc_issue":"2024-09-27T15:09:00Z","utc_expire":"2024-09-27T19:00:00Z","utc_polygon_begin":"2024-09-27T15:09:00Z","utc_polygon_end":"2024-09-27T16:54:00Z","ph_sig":"FF.W","wfo":"RAH","eventid":66,"phenomena":"FF","significance":"W","nws_color":"#8B0000","event_label":"Flash Flood Warning","status":"NEW","product_id":"202409271509-KRAH-WGUS52-FFWRAH","year":2024,"fcster":"BLS"},"geometry":{"type":"MultiPolygon","coordinates":[[[[-79.2,36.24],[-78.8,36.24],[-78.81,36.09],[-78.79,36.07],[-78.68,36.07],[-78.43,35.97],[-78.39,35.94],[-78.35,35.93],[-78.35,35.91],[-78.31,35.9],[-78.26,35.82],[-78.47,35.71],[-78.69,35.53],[-78.74,35.53],[-79.0,35.61],[-79.17,35.9],[-79.2,36.24]]]]}},
{"type":"Feature","properties":{"ugclist":"NCC017","locations":"Bladen [NC]","utc_issue":"2024-09-27T15:10:00Z","utc_expire":"2024-09-27T15:30:00Z","utc_polygon_begin":"2024-09-27T15:10:00Z","utc_polygon_end":"2024-09-27T15:22:00Z","ph_sig":"TO.W","wfo":"ILM","eventid":51,"phenomena":"TO","significance":"W","nws_color":"#FF0000","event_label":"Tornado Warning","status":"NEW","product_id":"202409271510-KILM-WFUS52-TORILM","year":2024,"fcster":"ABW"},"geometry":{"type":"MultiPolygon","coordinates":[[[[-78.49,34.84],[-78.47,34.83],[-78.46,34.81],[-78.45,34.81],[-78.43,34.77],[-78.39,34.75],[-78.39,34.73],[-78.45,34.59],[-78.59,34.61],[-78.55,34.85],[-78.52,34.85],[-78.5,34.86],[-78.49,34.84]]]]}},
{"type":"Feature","properties":{"ugclist":"GAC067, GAC223","locations":"Cobb [GA], Paulding [GA]","utc_issue":"2024-09-27T15:10:00Z","utc_expire":"2024-09-28T14:06:00Z","utc_polygon_begin":"2024-09-27T15:10:00Z","utc_polygon_end":"2024-09-27T23:50:00Z","ph_sig":"FL.W","wfo":"FFC","eventid":299,"phenomena":"FL","significance":"W","nws_color":"#00FF00","event_label":"Flood Warning","status":"NEW","product_id":"202409271510-KFFC-WGUS42-FLWFFC","year":2024,"fcster":null},"geometry":{"type":"MultiPolygon","coordinates":[[[[-84.9,33.75],[-84.9,33.81],[-84.74,33.85],[-84.7,33.85],[-84.69,33.79],[-84.9,33.75]]]]}},
{"type":"Feature","properties":{"ugclist":"NCC163","locations":"Sampson [NC]","utc_issue":"2024-09-27T15:13:00Z","utc_expire":"2024-09-27T16:00:00Z","utc_polygon_begin":"2024-09-27T15:13:00Z","utc_polygon_end":"2024-09-27T15:27:00Z","ph_sig":"TO.W","wfo":"RAH","eventid":48,"phenomena":"TO","significance":"W","nws_color":"#FF0000","event_label":"Tornado Warning","status":"NEW","product_id":"202409271513-KRAH-WFUS52-TORRAH","year":2024,"fcster":"26"},"geometry":{"type":"MultiPolygon","coordinates":[[[[-78.39,34.73],[-78.39,34.75],[-78.43,34.78],[-78.46,34.83],[-78.49,34.84],[-78.49,34.86],[-78.53,34.89],[-78.46,35.15],[-78.32,35.19],[-78.17,35.12],[-78.17,35.09],[-78.39,34.73]]]]}},
{"type":"Feature","properties":{"ugclist":"VAC167, VAC169, VAC191, VAC195, VAC520, VAC720","locations":"Russell [VA], Scott [VA], Washington [VA], Wise [VA], City of Bristol [VA], City of Norton [VA]","utc_issue":"2024-09-27T15:13:00Z","utc_expire":"2024-09-27T19:15:00Z","utc_polygon_begin":"2024-09-27T15:13:00Z","utc_polygon_end":"2024-09-27T16:30:00Z","ph_sig":"FF.W","wfo":"MRX","eventid":49,"phenomena":"FF","significance":"W","nws_color":"#8B0000","event_label":"Flash Flood Warning","status":"NEW","product_id":"202409271513-KMRX-WGUS54-FFWMRX","year":2024,"fcster":"DGS"},"geometry":{"type":"MultiPolygon","coordinates":[[[[-82.72,37.12],[-82.55,37.2],[-82.55,37.13],[-82.48,37.02],[-82.36,36.96],[-82.17,37.04],[-82.04,37.05],[-82.01,37.12],[-81.9,37.14],[-81.78,36.96],[-81.83,36.93],[-81.7,36.79],[-81.61,36.63],[-81.61,36.62],[-81.93,36.59],[-82.61,36.59],[-82.88,36.91],[-82.87,36.98],[-82.72,37.04],[-82.72,37.12]]]]}},
{"type":"Feature","properties":{"ugclist":"NCC033","locations":"Caswell [NC]","utc_issue":"2024-09-27T15:14:00Z","utc_expire":"2024-09-27T15:45:00Z","utc_polygon_begin":"2024-09-27T15:14:00Z","utc_polygon_end":"2024-09-27T15:44:00Z","ph_sig":"TO.W","wfo":"RNK","eventid":41,"phenomena":"TO","significance":"W","nws_color":"#FF0000","event_label":"Tornado Warning","status":"NEW","product_id":"202409271514-KRNK-WFUS51-TORRNK","year":2024,"fcster":"AB"},"geometry":{"type":"MultiPolygon","coordinates":[[[[-79.34,36.25],[-79.36,36.5],[-79.29,36.54],[-79.14,36.54],[-79.17,36.24],[-79.34,36.25]]]]}},
{"type":"Feature","properties":{"ugclist":"ALC019","locations":"Cherokee [AL]","utc_issue":"2024-09-27T15:16:00Z","utc_expire":"2024-09-28T14:30:00Z","utc_polygon_begin":"2024-09-27T15:16:00Z","utc_polygon_end":"2024-09-28T01:43:00Z","ph_sig":"FA.W","wfo":"BMX","eventid":6,"phenomena":"FA","significance":"W","nws_color":"#00FF00","event_label":"Flood Warning","status":"NEW","product_id":"202409271516-KBMX-WGUS44-FLWBMX","year":2024,"fcster":"88"},"geometry":{"type":"MultiPolygon","coordinates":[[[[-85.56,34.22],[-85.55,34.24],[-85.5,34.24],[-85.45,34.22],[-85.44,34.17],[-85.45,34.15],[-85.47,34.14],[-85.51,34.15],[-85.54,34.17],[-85.52,34.13],[-85.54,34.11],[-85.58,34.14],[-85.56,34.1],[-85.59,34.09],[-85.63,34.17],[-85.6,34.22],[-85.56,34.22]]]]}},
{"type":"Feature","properties":{"ugclist":"AMZ570","locations":"Flagler Beach to Volusia-Brevard County Line 20-60 nm []","utc_issue":"2024-09-27T15:18:00Z","utc_expire":"2024-09-27T15:45:00Z","utc_polygon_begin":"2024-09-27T15:18:00Z","utc_polygon_end":"2024-09-27T15:45:00Z","ph_sig":"MA.W","wfo":"MLB","eventid":247,"phenomena":"MA","significance":"W","nws_color":"#FFA500","event_label":"Marine Warning","status":"NEW","product_id":"202409271518-KMLB-WHUS52-SMWMLB","year":2024,"fcster":"Watson"},"geometry":{"type":"MultiPolygon","coordinates":[[[[-79.82,29.23],[-79.75,29.16],[-79.73,29.09],[-79.67,29.01],[-79.64,28.93],[-80.06,28.89],[-80.32,29.3],[-79.93,29.4],[-79.82,29.23]]]]}},
{"type":"Feature","properties":{"ugclist":"VAC021, VAC185","locations":"Bland [VA], Tazewell [VA]","utc_issue":"2024-09-27T15:19:00Z","utc_expire":"2024-09-27T22:15:00Z","utc_polygon_begin":"2024-09-27T15:19:00Z","utc_polygon_end":"2024-09-27T22:13:00Z","ph_sig":"FF.W","wfo":"RNK","eventid":71,"phenomena":"FF","significance":"W","nws_color":"#8B0000","event_label":"Flash Flood Warning","status":"NEW","product_id":"202409271519-KRNK-WGUS51-FFWRNK","year":2024,"fcster":"EB"},"geometry":{"type":"MultiPolygon","coordinates":[[[[-81.68,36.93],[-81.71,36.98],[-81.78,36.96],[-81.9,37.14],[-81.73,37.24],[-81.68,37.2],[-81.55,37.21],[-81.42,37.27],[-81.36,37.34],[-81.23,37.23],[-80.98,37.3],[-81.01,37.28],[-80.87,37.19],[-80.85,37.15],[-80.91,37.07],[-80.97,37.05],[-81.11,37.02],[-81.22,37.05],[-81.38,36.95],[-81.5,37.02],[-81.68,36.93]]]]}},
{"type":"Feature","properties":{"ugclist":"KYC071, KYC119, KYC133, KYC195","locations":"Floyd [KY], Knott [KY], Letcher [KY], Pike [KY]","utc_issue":"2024-09-27T15:27:00Z","utc_expire":"2024-09-27T18:30:00Z","utc_polygon_begin":"2024-09-27T15:27:00Z","utc_polygon_end":"2024-09-27T18:19:00Z","ph_sig":"FA.Y","wfo":"JKL","eventid":110,"phenomena":"FA","significance":"Y","nws_color":"#00FF7F","event_label":"Flood Advisory","status":"NEW","product_id":"202409271527-KJKL-WGUS83-FLSJKL","year":2024,"fcster":"GEOGERIAN"},"geometry":{"type":"MultiPolygon","coordinates":[[[[-82.77,37.59],[-82.39,37.68],[-82.3,37.68],[-82.24,37.66],[-82.21,37.63],[-82.18,37.65],[-82.18,37.62],[-82.13,37.59],[-82.13,37.55],[-82.08,37.56],[-82.05,37.53],[-82.04,37.55],[-81.97,37.54],[-82.35,37.27],[-82.72,37.12],[-82.72,37.04],[-82.84,36.99],[-83.09,37.37],[-82.77,37.59]]]]}},
{"type":"Feature","properties":{"ugclist":"NCC033, VAC143, VAC590","locations":"Caswell [NC], Pittsylvania [VA], City of Danville [VA]","utc_issue":"2024-09-27T15:30:00Z","utc_expire":"2024-09-27T16:00:00Z","utc_polygon_begin":"2024-09-27T15:30:00Z","utc_polygon_end":"2024-09-27T15:47:00Z","ph_sig":"TO.W","wfo":"RNK","eventid":42,"phenomena":"TO","significance":"W","nws_color":"#FF0000","event_label":"Tornado Warning","status":"NEW","product_id":"202409271530-KRNK-WFUS51-TORRNK","year":2024,"fcster":"AB"},"geometry":{"type":"MultiPolygon","coordinates":[[[[-79.33,36.47],[-79.44,36.46],[-79.53,36.73],[-79.41,36.79],[-79.29,36.73],[-79.33,36.47]]]]}},
{"type":"Feature","properties":{"ugclist":"TNC019","locations":"Carter [TN]","utc_issue":"2024-09-27T15:32:00Z","utc_expire":"2024-09-28T00:50:00Z","utc_polygon_begin":"2024-09-27T15:32:00Z","utc_polygon_end":"2024-09-27T16:30:00Z","ph_sig":"FL.W","wfo":"MRX","eventid":14,"phenomena":"FL","significance":"W","nws_color":"#00FF00","event_label":"Flood Warning","status":"NEW","product_id":"202409271526-KMRX-WGUS44-FLWMRX","year":2024,"fcster":"GC"},"geometry":{"type":"MultiPolygon","coordinates":[[[[-82.24,36.35],[-82.19,36.36],[-82.13,36.24],[-82.03,36.17],[-82.14,36.16],[-82.24,36.35]]]]}},
{"type":"Feature","properties":{"ugclist":"NCC101, NCC163, NCC191","locations":"Johnston [NC], Sampson [NC], Wayne [NC]","utc_issue":"2024-09-27T15:41:00Z","utc_expire":"2024-09-27T19:27:00Z","utc_polygon_begin":"2024-09-27T15:41:00Z","utc_polygon_end":"2024-09-27T19:27:00Z","ph_sig":"FF.W","wfo":"RAH","eventid":67,"phenomena":"FF","significance":"W","nws_color":"#8B0000","event_label":"Flash Flood Warning","status":"NEW","product_id":"202409271541-KRAH-WGUS52-FFWRAH","year":2024,"fcster":"BLS"},"geometry":{"type":"MultiPolygon","coordinates":[[[[-78.71,35.52],[-78.47,35.71],[-78.27,35.81],[-78.16,35.71],[-78.13,35.6],[-77.82,35.59],[-77.83,35.43],[-77.8,35.38],[-77.83,35.18],[-77.89,35.16],[-78.02,35.19],[-78.16,35.19],[-78.15,34.9],[-78.2,34.74],[-78.13,34.71],[-78.25,34.56],[-78.39,34.75],[-78.63,34.98],[-78.65,35.2],[-78.53,35.34],[-78.71,35.52]]]]}},
{"type":"Feature","properties":{"ugclist":"NCC017, NCC047","locations":"Bladen [NC], Columbus [NC]","utc_issue":"2024-09-27T15:45:00Z","utc_expire":"2024-09-27T18:45:00Z","utc_polygon_begin":"2024-09-27T15:45:00Z","utc_polygon_end":"2024-09-27T18:45:00Z","ph_sig":"FA.Y","wfo":"ILM","eventid":90,"phenomena":"FA","significance":"Y","nws_color":"#00FF7F","event_label":"Flood Advisory","status":"NEW","product_id":"202409271545-KILM-WGUS82-FLSILM","year":2024,"fcster":"ABW"},"geometry":{"type":"MultiPolygon","coordinates":[[[[-78.5,34.85],[-78.39,34.74],[-78.48,34.19],[-78.81,34.2],[-78.66,34.65],[-78.5,34.85]]]]}},
{"type":"Feature","properties":{"ugclist":"NCC007, NCC167","locations":"Anson [NC], Stanly [NC]","utc_issue":"2024-09-27T15:48:00Z","utc_expire":"2024-09-28T14:26:00Z","utc_polygon_begin":"2024-09-27T15:48:00Z","utc_polygon_end":"2024-09-27T18:43:00Z","ph_sig":"FL.W","wfo":"RAH","eventid":52,"phenomena":"FL","significance":"W","nws_color":"#00FF00","event_label":"Flood Warning","status":"NEW","product_id":"202409271448-KRAH-WGUS42-FLWRAH","year":2024,"fcster":"BLS"},"geometry":{"type":"MultiPolygon","coordinates":[[[[-80.27,35.25],[-80.15,35.21],[-80.04,35.19],[-80.09,35.11],[-80.28,35.15],[-80.27,35.25]]]]}},
{"type":"Feature","properties":{"ugclist":"NCC019, NCC129","locations":"Brunswick [NC], New Hanover [NC]","utc_issue":"2024-09-27T15:52:00Z","utc_expire":"2024-09-27T16:30:00Z","utc_polygon_begin":"2024-09-27T15:52:00Z","utc_polygon_end":"2024-09-27T16:17:00Z","ph_sig":"SV.W","wfo":"ILM","eventid":102,"phenomena":"SV","significance":"W","nws_color":"#FFA500","event_label":"Severe Thunderstorm Warning","status":"NEW","product_id":"202409271552-KILM-WUUS52-SVRILM","year":2024,"fcster":"MORGAN"},"geometry":{"type":"MultiPolygon","coordinates":[[[[-77.83,34.17],[-77.87,34.08],[-77.91,33.97],[-77.95,33.91],[-77.96,33.84],[-78.01,33.86],[-78.0,33.88],[-78.02,33.87],[-78.02,33.89],[-78.06,33.9],[-78.06,34.24],[-77.79,34.21],[-77.83,34.17]]]]}},
{"type":"Feature","properties":{"ugclist":"AMZ250, AMZ252, AMZ254, AMZ270, AMZ272, AMZ274","locations":"Coastal waters from Surf City to Cape Fear NC out 20 nm [], Coastal waters from Cape Fear NC to Little River Inlet SC out 20 nm [], Coastal waters from Little River Inlet to Murrells Inlet SC out 20 nm [], Waters from Surf City to Cape Fear NC from 20 to 40 nm [], Waters from Cape Fear NC to Little River Inlet SC from 20 to 40 nm [], Waters from Little River Inlet to Murrells Inlet SC from 20 to 40 nm []","utc_issue":"2024-09-27T15:54:00Z","utc_expire":"2024-09-27T16:45:00Z","utc_polygon_begin":"2024-09-27T15:54:00Z","utc_polygon_end":"2024-09-27T16:46:00Z","ph_sig":"MA.W","wfo":"ILM","eventid":112,"phenomena":"MA","significance":"W","nws_color":"#FFA500","event_label":"Marine Warning","status":"NEW","product_id":"202409271554-KILM-WHUS52-SMWILM","year":2024,"fcster":"LEW"},"geometry":{"type":"MultiPolygon","coordinates":[[[[-77.26,33.8],[-77.37,33.51],[-77.51,33.34],[-77.66,33.24],[-77.82,33.18],[-78.05,33.17],[-78.26,33.24],[-78.35,33.21],[-79.03,33.53],[-78.82,33.74],[-78.6,33.84],[-78.37,33.9],[-78.16,33.91],[-78.02,33.89],[-77.96,33.84],[-77.83,34.17],[-77.52,34.44],[-76.97,33.97],[-77.26,33.8]]]]}},
{"type":"Feature","properties":{"ugclist":"NCC003, NCC035","locations":"Alexander [NC], Catawba [NC]","utc_issue":"2024-09-27T16:05:00Z","utc_expire":"2024-09-27T17:49:00Z","utc_polygon_begin":"2024-09-27T16:05:00Z","utc_polygon_end":"2024-09-27T17:49:00Z","ph_sig":"FF.W","wfo":"GSP","eventid":110,"phenomena":"FF","significance":"W","nws_color":"#8B0000","event_label":"Flash Flood Warning","status":"NEW","product_id":"202409271605-KGSP-WGUS52-FFWGSP","year":2024,"fcster":"JMP"},"geometry":{"type":"MultiPolygon","coordinates":[[[[-81.14,35.85],[-81.1,35.79],[-81.11,35.78],[-81.1,35.77],[-81.09,35.77],[-81.09,35.76],[-81.07,35.74],[-81.06,35.73],[-81.07,35.72],[-81.09,35.72],[-81.09,35.73],[-81.12,35.76],[-81.16,35.81],[-81.19,35.81],[-81.2,35.84],[-81.14,35.85]]]]}},
{"type":"Feature","properties":{"ugclist":"VAC027, WVC047","locations":"Buchanan [VA], McDowell [WV]","utc_issue":"2024-09-27T16:05:00Z","utc_expire":"2024-09-28T01:36:00Z","utc_polygon_begin":"2024-09-27T16:05:00Z","utc_polygon_end":"2024-09-27T19:54:00Z","ph_sig":"FA.W","wfo":"RLX","eventid":48,"phenomena":"FA","significance":"W","nws_color":"#00FF00","event_label":"Flood Warning","status":"NEW","product_id":"202409271605-KRLX-WGUS41-FLWRLX","year":2024,"fcster":"ARJ"},"geometry":{"type":"MultiPolygon","coordinates":[[[[-82.01,37.12],[-82.02,37.07],[-82.08,37.04],[-82.15,37.04],[-82.25,37.27],[-82.3,37.3],[-81.97,37.53],[-81.92,37.51],[-81.84,37.55],[-81.82,37.51],[-81.73,37.49],[-81.62,37.52],[-81.6,37.49],[-81.31,37.42],[-81.42,37.27],[-81.56,37.21],[-81.68,37.2],[-81.74,37.24],[-81.91,37.13],[-82.01,37.12]]]]}},
{"type":"Feature","properties":{"ugclist":"FLC039, FLC073","locations":"Gadsden [FL], Leon [FL]","utc_issue":"2024-09-28T00:00:00Z","utc_expire":"2024-10-04T05:03:00Z","utc_polygon_begin":"2024-09-27T16:13:00Z","utc_polygon_end":"2024-09-27T16:13:00Z","ph_sig":"FL.W","wfo":"TAE","eventid":92,"phenomena":"FL","significance":"W","nws_color":"#00FF00","event_label":"Flood Warning","status":"NEW","product_id":"202409270146-KTAE-WGUS42-FLWTAE","year":2024,"fcster":"Haner"},"geometry":{"type":"MultiPolygon","coordinates":[[[[-84.36,30.56],[-84.38,30.47],[-84.47,30.43],[-84.48,30.47],[-84.43,30.49],[-84.39,30.58],[-84.36,30.56]]]]}},
{"type":"Feature","properties":{"ugclist":"NCC069, NCC077, NCC181, NCC185","locations":"Franklin [NC], Granville [NC], Vance [NC], Warren [NC]","utc_issue":"2024-09-27T16:15:00Z","utc_expire":"2024-09-27T19:15:00Z","utc_polygon_begin":"2024-09-27T16:15:00Z","utc_polygon_end":"2024-09-27T19:15:00Z","ph_sig":"FA.Y","wfo":"RAH","eventid":150,"phenomena":"FA","significance":"Y","nws_color":"#00FF7F","event_label":"Flood Advisory","status":"NEW","product_id":"202409271615-KRAH-WGUS82-FLSRAH","year":2024,"fcster":"BLS"},"geometry":{"type":"MultiPolygon","coordinates":[[[[-78.78,36.07],[-78.81,36.09],[-78.8,36.54],[-77.9,36.54],[-77.92,36.44],[-77.91,36.38],[-77.94,36.3],[-78.25,35.83],[-78.43,35.97],[-78.68,36.07],[-78.78,36.07]]]]}},
{"type":"Feature","properties":{"ugclist":"MSC033, TNC157","locations":"DeSoto [MS], Shelby [TN]","utc_issue":"2024-09-27T16:21:00Z","utc_expire":"2024-09-27T19:30:00Z","utc_polygon_begin":"2024-09-27T16:21:00Z","utc_polygon_end":"2024-09-27T17:21:00Z","ph_sig":"FA.Y","wfo":"MEG","eventid":107,"phenomena":"FA","significance":"Y","nws_color":"#00FF7F","event_label":"Flood Advisory","status":"NEW","product_id":"202409271621-KMEG-WGUS84-FLSMEG","year":2024,"fcster":"Schlessiger"},"geometry":{"type":"MultiPolygon","coordinates":[[[[-90.29,35.04],[-90.2,35.03],[-90.16,35.13],[-90.1,35.12],[-90.07,35.14],[-90.12,35.19],[-90.08,35.23],[-90.17,35.28],[-90.11,35.31],[-90.07,35.38],[-89.78,35.39],[-89.71,35.41],[-89.63,35.38],[-89.64,35.0],[-89.72,35.0],[-89.72,34.9],[-90.24,34.93],[-90.3,34.98],[-90.31,34.99],[-90.31,35.0],[-90.29,35.04]]]]}},
{"type":"Feature","properties":{"ugclist":"GAC217, GAC247","locations":"Newton [GA], Rockdale [GA]","utc_issue":"2024-09-27T16:25:00Z","utc_expire":"2024-09-27T22:19:00Z","utc_polygon_begin":"2024-09-27T16:25:00Z","utc_polygon_end":"2024-09-27T22:19:00Z","ph_sig":"FL.W","wfo":"FFC","eventid":300,"phenomena":"FL","significance":"W","nws_color":"#00FF00","event_label":"Flood Warning","status":"NEW","product_id":"202409271625-KFFC-WGUS42-FLWFFC","year":2024,"fcster":null},"geometry":{"type":"MultiPolygon","coordinates":[[[[-83.95,33.79],[-83.87,33.79],[-83.9,33.68],[-83.93,33.72],[-83.95,33.79]]]]}},
{"type":"Feature","properties":{"ugclist":"NCC101, NCC191","locations":"Johnston [NC], Wayne [NC]","utc_issue":"2024-09-27T16:27:00Z","utc_expire":"2024-09-27T17:00:00Z","utc_polygon_begin":"2024-09-27T16:27:00Z","utc_polygon_end":"2024-09-27T16:39:00Z","ph_sig":"TO.W","wfo":"RAH","eventid":49,"phenomena":"TO","significance":"W","nws_color":"#FF0000","event_label":"Tornado Warning","status":"NEW","product_id":"202409271627-KRAH-WFUS52-TORRAH","year":2024,"fcster":"26"},"geometry":{"type":"MultiPolygon","coordinates":[[[[-78.09,35.28],[-78.14,35.24],[-78.24,35.29],[-78.24,35.61],[-78.14,35.64],[-78.13,35.61],[-78.12,35.6],[-78.07,35.59],[-78.06,35.6],[-78.05,35.6],[-77.97,35.58],[-78.09,35.28]]]]}},
{"type":"Feature","properties":{"ugclist":"VAC117","locations":"Mecklenburg [VA]","utc_issue":"2024-09-27T16:41:00Z","utc_expire":"2024-09-27T19:24:00Z","utc_polygon_begin":"2024-09-27T16:41:00Z","utc_polygon_end":"2024-09-27T19:24:00Z","ph_sig":"FF.W","wfo":"AKQ","eventid":125,"phenomena":"FF","significance":"W","nws_color":"#8B0000","event_label":"Flash Flood Warning","status":"NEW","product_id":"202409271641-KAKQ-WGUS51-FFWAKQ","year":2024,"fcster":"RMM"},"geometry":{"type":"MultiPolygon","coordinates":[[[[-78.43,36.54],[-78.73,36.54],[-78.74,36.55],[-78.73,36.57],[-78.72,36.58],[-78.72,36.59],[-78.71,36.59],[-78.71,36.64],[-78.7,36.67],[-78.7,36.68],[-78.68,36.69],[-78.65,36.69],[-78.65,36.7],[-78.55,36.82],[-78.44,36.82],[-78.43,36.7],[-78.43,36.54]]]]}},
{"type":"Feature","properties":{"ugclist":"NCC069, NCC077, NCC181, NCC185","locations":"Franklin [NC], Granville [NC], Vance [NC], Warren [NC]","utc_issue":"2024-09-27T16:43:00Z","utc_expire":"2024-09-27T16:55:00Z","utc_polygon_begin":"2024-09-27T16:43:00Z","utc_polygon_end":"2024-09-27T16:49:00Z","ph_sig":"TO.W","wfo":"RAH","eventid":50,"phenomena":"TO","significance":"W","nws_color":"#FF0000","event_label":"Tornado Warning","status":"NEW","product_id":"202409271643-KRAH-WFUS52-TORRAH","year":2024,"fcster":"NTL"},"geometry":{"type":"MultiPolygon","coordinates":[[[[-78.41,36.05],[-78.6,36.08],[-78.55,36.49],[-78.23,36.43],[-78.41,36.05]]]]}},
{"type":"Feature","properties":{"ugclist":"AMZ250, AMZ252, AMZ270, AMZ272","locations":"Coastal waters from Surf City to Cape Fear NC out 20 nm [], Coastal waters from Cape Fear NC to Little River Inlet SC out 20 nm [], Waters from Surf City to Cape Fear NC from 20 to 40 nm [], Waters from Cape Fear NC to Little River Inlet SC from 20 to 40 nm []","utc_issue":"2024-09-27T16:45:00Z","utc_expire":"2024-09-27T17:45:00Z","utc_polygon_begin":"2024-09-27T16:45:00Z","utc_polygon_end":"2024-09-27T17:45:00Z","ph_sig":"MA.W","wfo":"ILM","eventid":113,"phenomena":"MA","significance":"W","nws_color":"#FFA500","event_label":"Marine Warning","status":"NEW","product_id":"202409271645-KILM-WHUS52-SMWILM","year":2024,"fcster":"LEW"},"geometry":{"type":"MultiPolygon","coordinates":[[[[-76.97,33.97],[-77.17,33.87],[-77.26,33.8],[-77.36,33.54],[-77.51,33.34],[-77.66,33.24],[-77.77,33.2],[-78.54,33.85],[-78.37,33.9],[-78.16,33.91],[-78.02,33.89],[-78.01,33.86],[-77.96,33.84],[-77.83,34.17],[-77.52,34.44],[-76.97,33.97]]]]}},
{"type":"Feature","properties":{"ugclist":"VAC005, VAC023, VAC580","locations":"Alleghany [VA], Botetourt [VA], City of Covington [VA]","utc_issue":"2024-09-27T16:47:00Z","utc_expire":"2024-09-27T22:36:00Z","utc_polygon_begin":"2024-09-27T16:47:00Z","utc_polygon_end":"2024-09-27T22:36:00Z","ph_sig":"FF.W","wfo":"RNK","eventid":72,"phenomena":"FF","significance":"W","nws_color":"#8B0000","event_label":"Flash Flood Warning","status":"NEW","product_id":"202409271647-KRNK-WGUS51-FFWRNK","year":2024,"fcster":"EB"},"geometry":{"type":"MultiPolygon","coordinates":[[[[-80.15,37.6],[-80.27,37.65],[-80.3,37.69],[-80.07,37.94],[-79.93,37.95],[-79.89,37.89],[-79.69,37.84],[-79.61,37.86],[-79.69,37.74],[-79.68,37.66],[-79.5,37.53],[-79.59,37.45],[-79.68,37.48],[-79.81,37.41],[-79.81,37.4],[-79.78,37.37],[-79.85,37.31],[-80.07,37.42],[-79.97,37.54],[-80.03,37.66],[-80.15,37.6]]]]}},
{"type":"Feature","properties":{"ugclist":"VAC117","locations":"Mecklenburg [VA]","utc_issue":"2024-09-27T16:56:00Z","utc_expire":"2024-09-27T17:30:00Z","utc_polygon_begin":"2024-09-27T16:56:00Z","utc_polygon_end":"2024-09-27T17:07:00Z","ph_sig":"TO.W","wfo":"AKQ","eventid":34,"phenomena":"TO","significance":"W","nws_color":"#FF0000","event_label":"Tornado Warning","status":"NEW","product_id":"202409271656-KAKQ-WFUS51-TORAKQ","year":2024,"fcster":"Wray"},"geometry":{"type":"MultiPolygon","coordinates":[[[[-78.59,36.64],[-78.56,36.64],[-78.59,36.66],[-78.6,36.76],[-78.49,36.89],[-78.46,36.87],[-78.43,36.87],[-78.42,36.85],[-78.4,36.86],[-78.35,36.85],[-78.35,36.84],[-78.32,36.85],[-78.27,36.82],[-78.43,36.54],[-78.6,36.54],[-78.59,36.64]]]]}},
{"type":"Feature","properties":{"ugclist":"SCC031, SCC041","locations":"Darlington [SC], Florence [SC]","utc_issue":"2024-09-28T12:00:00Z","utc_expire":"2024-10-02T15:00:00Z","utc_polygon_begin":"2024-09-27T16:59:00Z","utc_polygon_end":"2024-09-27T16:59:00Z","ph_sig":"FL.W","wfo":"ILM","eventid":47,"phenomena":"FL","significance":"W","nws_color":"#00FF00","event_label":"Flood Warning","status":"NEW","product_id":"202409271434-KILM-WGUS42-FLWILM","year":2024,"fcster":"LEW"},"geometry":{"type":"MultiPolygon","coordinates":[[[[-79.79,34.32],[-79.73,34.29],[-79.67,34.31],[-79.63,34.23],[-79.75,34.22],[-79.84,34.28],[-79.79,34.32]]]]}},
{"type":"Feature","properties":{"ugclist":"NCC065, NCC127, NCC195","locations":"Edgecombe [NC], Nash [NC], Wilson [NC]","utc_issue":"2024-09-27T17:02:00Z","utc_expire":"2024-09-27T19:23:00Z","utc_polygon_begin":"2024-09-27T17:02:00Z","utc_polygon_end":"2024-09-27T19:23:00Z","ph_sig":"FF.W","wfo":"RAH","eventid":68,"phenomena":"FF","significance":"W","nws_color":"#8B0000","event_label":"Flash Flood Warning","status":"NEW","product_id":"202409271702-KRAH-WGUS52-FFWRAH","year":2024,"fcster":"BLS"},"geometry":{"type":"MultiPolygon","coordinates":[[[[-78.25,35.81],[-78.01,36.2],[-77.98,36.18],[-77.92,36.19],[-77.89,36.14],[-77.75,36.16],[-77.72,36.13],[-77.68,36.15],[-77.54,36.1],[-77.53,36.04],[-77.4,36.01],[-77.34,35.91],[-77.35,35.82],[-77.39,35.83],[-77.47,35.8],[-77.81,35.58],[-78.13,35.6],[-78.16,35.71],[-78.21,35.73],[-78.25,35.79],[-78.25,35.81]]]]}},
{"type":"Feature","properties":{"ugclist":"VAC003, VAC015, VAC079, VAC125, VAC139, VAC165, VAC540","locations":"Albemarle [VA], Augusta [VA], Greene [VA], Nelson [VA], Page [VA], Rockingham [VA], City of Charlottesville [VA]","utc_issue":"2024-09-27T17:05:00Z","utc_expire":"2024-09-27T23:00:00Z","utc_polygon_begin":"2024-09-27T17:05:00Z","utc_polygon_end":"2024-09-27T19:15:00Z","ph_sig":"FA.W","wfo":"LWX","eventid":69,"phenomena":"FA","significance":"W","nws_color":"#00FF00","event_label":"Flood Warning","status":"NEW","product_id":"202409271705-KLWX-WGUS41-FLWLWX","year":2024,"fcster":"EST"},"geometry":{"type":"MultiPolygon","coordinates":[[[[-79.0,37.88],[-78.9,37.95],[-78.88,38.03],[-78.78,38.08],[-78.74,38.22],[-78.55,38.34],[-78.51,38.43],[-78.45,38.47],[-78.43,38.36],[-78.35,38.28],[-78.29,38.27],[-78.37,38.19],[-78.46,37.96],[-78.94,37.63],[-78.99,37.7],[-79.06,37.72],[-79.08,37.78],[-79.17,37.8],[-79.15,37.89],[-79.06,37.92],[-79.0,37.88]]]]}},
{"type":"Feature","properties":{"ugclist":"NCC065, NCC083, NCC127, NCC191, NCC195","locations":"Edgecombe [NC], Halifax [NC], Nash [NC], Wayne [NC], Wilson [NC]","utc_issue":"2024-09-27T17:07:00Z","utc_expire":"2024-09-27T18:15:00Z","utc_polygon_begin":"2024-09-27T17:07:00Z","utc_polygon_end":"2024-09-27T17:27:00Z","ph_sig":"SV.W","wfo":"RAH","eventid":172,"phenomena":"SV","significance":"W","nws_color":"#FFA500","event_label":"Severe Thunderstorm Warning","status":"NEW","product_id":"202409271707-KRAH-WUUS52-SVRRAH","year":2024,"fcster":"Kren"},"geometry":{"type":"MultiPolygon","coordinates":[[[[-77.31,36.09],[-77.41,36.0],[-77.34,35.9],[-77.35,35.82],[-77.39,35.83],[-77.47,35.8],[-77.81,35.58],[-77.82,35.52],[-77.91,35.47],[-77.93,35.65],[-78.06,35.89],[-78.0,36.02],[-77.59,36.43],[-77.54,36.4],[-77.57,36.32],[-77.44,36.32],[-77.38,36.24],[-77.38,36.21],[-77.27,36.16],[-77.23,36.1],[-77.31,36.09]]]]}},
{"type":"Feature","properties":{"ugclist":"NCC023, NCC027","locations":"Burke [NC], Caldwell [NC]","utc_issue":"2024-09-27T17:14:00Z","utc_expire":"2024-09-27T23:29:00Z","utc_polygon_begin":"2024-09-27T17:14:00Z","utc_polygon_end":"2024-09-27T23:29:00Z","ph_sig":"FF.W","wfo":"GSP","eventid":111,"phenomena":"FF","significance":"W","nws_color":"#8B0000","event_label":"Flash Flood Warning","status":"NEW","product_id":"202409271714-KGSP-WGUS52-FFWGSP","year":2024,"fcster":"JMP"},"geometry":{"type":"MultiPolygon","coordinates":[[[[-81.43,35.79],[-81.37,35.77],[-81.37,35.76],[-81.37,35.75],[-81.38,35.75],[-81.38,35.74],[-81.43,35.76],[-81.58,35.76],[-81.63,35.77],[-81.66,35.77],[-81.66,35.8],[-81.48,35.8],[-81.43,35.79]]]]}},
{"type":"Feature","properties":{"ugclist":"NCC065, NCC127, NCC195","locations":"Edgecombe [NC], Nash [NC], Wilson [NC]","utc_issue":"2024-09-27T17:16:00Z","utc_expire":"2024-09-27T17:45:00Z","utc_polygon_begin":"2024-09-27T17:16:00Z","utc_polygon_end":"2024-09-27T17:27:00Z","ph_sig":"TO.W","wfo":"RAH","eventid":51,"phenomena":"TO","significance":"W","nws_color":"#FF0000","event_label":"Tornado Warning","status":"NEW","product_id":"202409271716-KRAH-WFUS52-TORRAH","year":2024,"fcster":"26"},"geometry":{"type":"MultiPolygon","coordinates":[[[[-77.78,35.8],[-77.87,35.8],[-77.94,35.88],[-77.87,36.15],[-77.81,36.14],[-77.81,36.15],[-77.78,36.14],[-77.75,36.16],[-77.72,36.13],[-77.71,36.15],[-77.68,36.15],[-77.67,36.14],[-77.64,36.13],[-77.63,36.11],[-77.58,36.1],[-77.78,35.8]]]]}},
{"type":"Feature","properties":{"ugclist":"NCC061, NCC079, NCC107, NCC147","locations":"Duplin [NC], Greene [NC], Lenoir [NC], Pitt [NC]","utc_issue":"2024-09-27T17:20:00Z","utc_expire":"2024-09-27T18:15:00Z","utc_polygon_begin":"2024-09-27T17:20:00Z","utc_polygon_end":"2024-09-27T17:54:00Z","ph_sig":"SV.W","wfo":"MHX","eventid":101,"phenomena":"SV","significance":"W","nws_color":"#FFA500","event_label":"Severe Thunderstorm Warning","status":"NEW","product_id":"202409271720-KMHX-WUUS52-SVRMHX","year":2024,"fcster":"Martin"},"geometry":{"type":"MultiPolygon","coordinates":[[[[-77.82,35.34],[-77.8,35.38],[-77.83,35.43],[-77.82,35.57],[-77.51,35.76],[-77.3,35.74],[-77.59,35.1],[-77.83,35.18],[-77.82,35.34]]]]}},
{"type":"Feature","properties":{"ugclist":"NCC097","locations":"Iredell [NC]","utc_issue":"2024-09-27T17:24:00Z","utc_expire":"2024-09-27T20:15:00Z","utc_polygon_begin":"2024-09-27T17:24:00Z","utc_polygon_end":"2024-09-27T20:12:00Z","ph_sig":"FA.Y","wfo":"GSP","eventid":174,"phenomena":"FA","significance":"Y","nws_color":"#00FF7F","event_label":"Flood Advisory","status":"NEW","product_id":"202409271724-KGSP-WGUS82-FLSGSP","year":2024,"fcster":"ARK"},"geometry":{"type":"MultiPolygon","coordinates":[[[[-80.95,35.49],[-80.96,35.5],[-80.94,35.53],[-80.96,35.55],[-80.96,35.57],[-80.92,35.62],[-81.0,35.71],[-81.06,35.71],[-81.07,35.74],[-81.11,35.78],[-81.04,35.86],[-81.01,35.96],[-81.0,35.99],[-81.03,36.05],[-80.98,36.06],[-80.69,36.05],[-80.71,35.85],[-80.77,35.67],[-80.74,35.51],[-80.91,35.51],[-80.95,35.49]]]]}},
{"type":"Feature","properties":{"ugclist":"VAC111, VAC117","locations":"Lunenburg [VA], Mecklenburg [VA]","utc_issue":"2024-09-27T17:27:00Z","utc_expire":"2024-09-27T19:24:00Z","utc_polygon_begin":"2024-09-27T17:27:00Z","utc_polygon_end":"2024-09-27T19:24:00Z","ph_sig":"FA.Y","wfo":"AKQ","eventid":115,"phenomena":"FA","significance":"Y","nws_color":"#00FF7F","event_label":"Flood Advisory","status":"NEW","product_id":"202409271727-KAKQ-WGUS81-FLSAKQ","year":2024,"fcster":"RMM"},"geometry":{"type":"MultiPolygon","coordinates":[[[[-78.49,36.9],[-78.48,36.93],[-78.45,36.93],[-78.44,36.82],[-78.5,36.82],[-78.55,36.82],[-78.52,36.85],[-78.49,36.89],[-78.49,36.9]]]]}},
{"type":"Feature","properties":{"ugclist":"PRC003, PRC011, PRC117","locations":"Aguada [PR], Anasco [PR], Rincon [PR]","utc_issue":"2024-09-27T17:30:00Z","utc_expire":"2024-09-27T20:00:00Z","utc_polygon_begin":"2024-09-27T17:30:00Z","utc_polygon_end":"2024-09-27T19:51:00Z","ph_sig":"FA.Y","wfo":"JSJ","eventid":506,"phenomena":"FA","significance":"Y","nws_color":"#00FF7F","event_label":"Flood Advisory","status":"NEW","product_id":"202409271730-TJSJ-WGCA82-FLSSJU","year":2024,"fcster":"ICP"},"geometry":{"type":"MultiPolygon","coordinates":[[[[-67.26,18.37],[-67.17,18.4],[-67.18,18.41],[-67.16,18.42],[-67.15,18.4],[-67.13,18.39],[-67.13,18.32],[-67.05,18.31],[-67.04,18.3],[-67.04,18.27],[-67.06,18.27],[-67.09,18.25],[-67.11,18.25],[-67.12,18.24],[-67.14,18.26],[-67.19,18.27],[-67.2,18.29],[-67.24,18.3],[-67.27,18.36],[-67.26,18.37]]]]}},
{"type":"Feature","properties":{"ugclist":"NCC021","locations":"Buncombe [NC]","utc_issue":"2024-09-27T17:37:00Z","utc_expire":"2024-09-27T22:45:00Z","utc_polygon_begin":"2024-09-27T17:37:00Z","utc_polygon_end":"2024-09-27T22:41:00Z","ph_sig":"FA.W","wfo":"GSP","eventid":24,"phenomena":"FA","significance":"W","nws_color":"#00FF00","event_label":"Flood Warning","status":"NEW","product_id":"202409271737-KGSP-WGUS42-FLWGSP","year":2024,"fcster":"ARK"},"geometry":{"type":"MultiPolygon","coordinates":[[[[-82.17,35.53],[-82.23,35.52],[-82.25,35.46],[-82.33,35.5],[-82.37,35.46],[-82.42,35.47],[-82.54,35.44],[-82.53,35.42],[-82.67,35.46],[-82.74,35.42],[-82.8,35.47],[-82.77,35.58],[-82.89,35.67],[-82.67,35.73],[-82.51,35.8],[-82.36,35.82],[-82.33,35.75],[-82.28,35.71],[-82.29,35.59],[-82.17,35.53]]]]}},
{"type":"Feature","properties":{"ugclist":"GAC263, GAC293","locations":"Talbot [GA], Upson [GA]","utc_issue":"2024-09-27T17:39:00Z","utc_expire":"2024-09-30T06:38:00Z","utc_polygon_begin":"2024-09-27T17:39:00Z","utc_polygon_end":"2024-09-27T23:56:00Z","ph_sig":"FL.W","wfo":"FFC","eventid":301,"phenomena":"FL","significance":"W","nws_color":"#00FF00","event_label":"Flood Warning","status":"NEW","product_id":"202409271739-KFFC-WGUS42-FLWFFC","year":2024,"fcster":null},"geometry":{"type":"MultiPolygon","coordinates":[[[[-84.47,32.91],[-84.3,32.8],[-84.37,32.76],[-84.53,32.87],[-84.47,32.91]]]]}},
{"type":"Feature","properties":{"ugclist":"NCC065, NCC083","locations":"Edgecombe [NC], Halifax [NC]","utc_issue":"2024-09-27T17:44:00Z","utc_expire":"2024-09-27T18:30:00Z","utc_polygon_begin":"2024-09-27T17:44:00Z","utc_polygon_end":"2024-09-27T17:58:00Z","ph_sig":"TO.W","wfo":"RAH","eventid":52,"phenomena":"TO","significance":"W","nws_color":"#FF0000","event_label":"Tornado Warning","status":"NEW","product_id":"202409271744-KRAH-WFUS52-TORRAH","year":2024,"fcster":"26"},"geometry":{"type":"MultiPolygon","coordinates":[[[[-77.59,36.42],[-77.56,36.42],[-77.55,36.4],[-77.55,36.37],[-77.59,36.34],[-77.57,36.31],[-77.54,36.3],[-77.44,36.32],[-77.41,36.29],[-77.41,36.26],[-77.38,36.24],[-77.39,36.21],[-77.56,35.97],[-77.68,35.99],[-77.74,36.07],[-77.71,36.11],[-77.7,36.15],[-77.72,36.13],[-77.73,36.15],[-77.61,36.44],[-77.59,36.42]]]]}},
{"type":"Feature","properties":{"ugclist":"SCC001, SCC047, SCC059","locations":"Abbeville [SC], Greenwood [SC], Laurens [SC]","utc_issue":"2024-09-27T17:46:00Z","utc_expire":"2024-09-27T20:45:00Z","utc_polygon_begin":"2024-09-27T17:46:00Z","utc_polygon_end":"2024-09-27T20:30:00Z","ph_sig":"FA.W","wfo":"GSP","eventid":25,"phenomena":"FA","significance":"W","nws_color":"#00FF00","event_label":"Flood Warning","status":"NEW","product_id":"202409271746-KGSP-WGUS42-FLWGSP","year":2024,"fcster":"ARK"},"geometry":{"type":"MultiPolygon","coordinates":[[[[-82.59,34.02],[-82.74,34.21],[-82.24,34.54],[-82.24,34.59],[-82.15,34.79],[-81.89,34.59],[-81.84,34.6],[-81.65,34.53],[-81.78,34.37],[-81.9,34.3],[-81.94,34.2],[-81.87,34.13],[-82.01,33.96],[-82.05,33.95],[-82.05,33.98],[-82.18,33.97],[-82.24,34.02],[-82.31,33.97],[-82.33,34.06],[-82.48,34.08],[-82.59,34.02]]]]}},
{"type":"Feature","properties":{"ugclist":"NCC003, NCC035, NCC097","locations":"Alexander [NC], Catawba [NC], Iredell [NC]","utc_issue":"2024-09-27T17:47:00Z","utc_expire":"2024-09-29T00:00:00Z","utc_polygon_begin":"2024-09-27T17:47:00Z","utc_polygon_end":"2024-09-28T23:54:00Z","ph_sig":"FF.W","wfo":"GSP","eventid":112,"phenomena":"FF","significance":"W","nws_color":"#8B0000","event_label":"Flash Flood Warning","status":"NEW","product_id":"202409271747-KGSP-WGUS52-FFWGSP","year":2024,"fcster":"JMP"},"geometry":{"type":"MultiPolygon","coordinates":[[[[-81.14,35.85],[-81.1,35.8],[-81.07,35.78],[-81.06,35.77],[-81.05,35.75],[-81.04,35.75],[-81.05,35.73],[-81.06,35.73],[-81.07,35.72],[-81.09,35.72],[-81.09,35.73],[-81.12,35.76],[-81.16,35.81],[-81.19,35.81],[-81.2,35.84],[-81.14,35.85]]]]}},
{"type":"Feature","properties":{"ugclist":"NCC075, NCC173","locations":"Graham [NC], Swain [NC]","utc_issue":"2024-09-27T17:52:00Z","utc_expire":"2024-09-27T23:45:00Z","utc_polygon_begin":"2024-09-27T17:52:00Z","utc_polygon_end":"2024-09-27T23:45:00Z","ph_sig":"FA.W","wfo":"GSP","eventid":26,"phenomena":"FA","significance":"W","nws_color":"#00FF00","event_label":"Flood Warning","status":"NEW","product_id":"202409271752-KGSP-WGUS42-FLWGSP","year":2024,"fcster":"ARK"},"geometry":{"type":"MultiPolygon","coordinates":[[[[-83.77,35.56],[-83.5,35.56],[-83.45,35.61],[-83.3,35.66],[-83.25,35.7],[-83.18,35.67],[-83.2,35.64],[-83.16,35.55],[-83.18,35.51],[-83.24,35.52],[-83.35,35.47],[-83.36,35.43],[-83.34,35.33],[-83.96,35.22],[-84.0,35.23],[-84.03,35.32],[-84.04,35.35],[-84.01,35.37],[-84.02,35.41],[-83.88,35.52],[-83.77,35.56]]]]}},
{"type":"Feature","properties":{"ugclist":"GAC313","locations":"Whitfield [GA]","utc_issue":"2024-09-27T17:54:00Z","utc_expire":"2024-09-28T16:36:00Z","utc_polygon_begin":"2024-09-27T17:54:00Z","utc_polygon_end":"2024-09-27T18:18:00Z","ph_sig":"FL.W","wfo":"FFC","eventid":303,"phenomena":"FL","significance":"W","nws_color":"#00FF00","event_label":"Flood Warning","status":"NEW","product_id":"202409271754-KFFC-WGUS42-FLWFFC","year":2024,"fcster":null},"geometry":{"type":"MultiPolygon","coordinates":[[[[-84.89,34.71],[-84.95,34.8],[-84.95,34.88],[-84.86,34.88],[-84.88,34.8],[-84.86,34.74],[-84.89,34.71]]]]}},
{"type":"Feature","properties":{"ugclist":"VAC161, VAC770, VAC775","locations":"Roanoke [VA], City of Roanoke [VA], City of Salem [VA]","utc_issue":"2024-09-27T17:58:00Z","utc_expire":"2024-09-28T08:41:00Z","utc_polygon_begin":"2024-09-27T17:58:00Z","utc_polygon_end":"2024-09-27T19:29:00Z","ph_sig":"FL.W","wfo":"RNK","eventid":35,"phenomena":"FL","significance":"W","nws_color":"#00FF00","event_label":"Flood Warning","status":"NEW","product_id":"202409271757-KRNK-WGUS41-FLWRNK","year":2024,"fcster":"16"},"geometry":{"type":"MultiPolygon","coordinates":[[[[-80.12,37.2],[-80.16,37.29],[-80.06,37.32],[-79.88,37.31],[-79.88,37.22],[-80.12,37.2]]]]}},
{"type":"Feature","properties":{"ugclist":"KYC019, KYC089, KYC127, OHC053, OHC087, WVC011, WVC099","locations":"Boyd [KY], Greenup [KY], Lawrence [KY], Gallia [OH], Lawrence [OH], Cabell [WV], Wayne [WV]","utc_issue":"2024-09-27T18:00:00Z","utc_expire":"2024-09-27T18:30:00Z","utc_polygon_begin":"2024-09-27T18:00:00Z","utc_polygon_end":"2024-09-27T18:10:00Z","ph_sig":"SV.W","wfo":"RLX","eventid":194,"phenomena":"SV","significance":"W","nws_color":"#FFA500","event_label":"Severe Thunderstorm Warning","status":"NEW","product_id":"202409271800-KRLX-WUUS51-SVRRLX","year":2024,"fcster":"JP"},"geometry":{"type":"MultiPolygon","coordinates":[[[[-82.85,38.49],[-82.32,38.65],[-82.25,38.25],[-82.26,38.24],[-82.56,38.15],[-82.85,38.49]]]]}},
{"type":"Feature","properties":{"ugclist":"GAC057","locations":"Cherokee [GA]","utc_issue":"2024-09-27T18:00:00Z","utc_expire":"2024-09-28T07:41:00Z","utc_polygon_begin":"2024-09-27T18:00:00Z","utc_polygon_end":"2024-09-27T20:16:00Z","ph_sig":"FL.W","wfo":"FFC","eventid":305,"phenomena":"FL","significance":"W","nws_color":"#00FF00","event_label":"Flood Warning","status":"NEW","product_id":"202409271800-KFFC-WGUS42-FLWFFC","year":2024,"fcster":null},"geometry":{"type":"MultiPolygon","coordinates":[[[[-84.3,34.27],[-84.46,34.22],[-84.54,34.18],[-84.59,34.24],[-84.43,34.31],[-84.3,34.27]]]]}},
{"type":"Feature","properties":{"ugclist":"NCC197","locations":"Yadkin [NC]","utc_issue":"2024-09-27T18:08:00Z","utc_expire":"2024-09-28T15:40:00Z","utc_polygon_begin":"2024-09-27T18:08:00Z","utc_polygon_end":"2024-09-28T15:40:00Z","ph_sig":"FA.W","wfo":"RNK","eventid":46,"phenomena":"FA","significance":"W","nws_color":"#00FF00","event_label":"Flood Warning","status":"NEW","product_id":"202409271808-KRNK-WGUS41-FLWRNK","year":2024,"fcster":"16"},"geometry":{"type":"MultiPolygon","coordinates":[[[[-80.49,36.16],[-80.5,36.22],[-80.49,36.26],[-80.47,36.26],[-80.44,36.23],[-80.43,36.22],[-80.45,36.21],[-80.44,36.19],[-80.44,36.18],[-80.44,36.17],[-80.44,36.16],[-80.44,36.14],[-80.46,36.12],[-80.49,36.12],[-80.51,36.11],[-80.52,36.08],[-80.51,36.05],[-80.56,36.05],[-80.57,36.1],[-80.49,36.16]]]]}},
{"type":"Feature","properties":{"ugclist":"NCC013, NCC049, NCC079, NCC103, NCC107, NCC117, NCC147","locations":"Beaufort [NC], Craven [NC], Greene [NC], Jones [NC], Lenoir [NC], Martin [NC], Pitt [NC]","utc_issue":"2024-09-27T18:12:00Z","utc_expire":"2024-09-27T19:15:00Z","utc_polygon_begin":"2024-09-27T18:12:00Z","utc_polygon_end":"2024-09-27T18:40:00Z","ph_sig":"SV.W","wfo":"MHX","eventid":102,"phenomena":"SV","significance":"W","nws_color":"#FFA500","event_label":"Severe Thunderstorm Warning","status":"NEW","product_id":"202409271812-KMHX-WUUS52-SVRMHX","year":2024,"fcster":"Martin"},"geometry":{"type":"MultiPolygon","coordinates":[[[[-77.21,36.01],[-77.19,35.93],[-77.13,35.94],[-77.09,35.93],[-77.05,35.94],[-77.03,35.92],[-77.02,35.89],[-77.05,35.87],[-77.03,35.86],[-77.02,35.86],[-77.11,35.02],[-77.74,35.05],[-77.58,35.73],[-77.47,35.8],[-77.39,35.83],[-77.35,35.82],[-77.34,35.91],[-77.41,36.0],[-77.33,36.07],[-77.21,36.01]]]]}},
{"type":"Feature","properties":{"ugclist":"NCC033, VAC143, VAC590","locations":"Caswell [NC], Pittsylvania [VA], City of Danville [VA]","utc_issue":"2024-09-27T18:13:00Z","utc_expire":"2024-09-27T18:45:00Z","utc_polygon_begin":"2024-09-27T18:13:00Z","utc_polygon_end":"2024-09-27T18:20:00Z","ph_sig":"TO.W","wfo":"RNK","eventid":43,"phenomena":"TO","significance":"W","nws_color":"#FF0000","event_label":"Tornado Warning","status":"NEW","product_id":"202409271813-KRNK-WFUS51-TORRNK","year":2024,"fcster":"AB"},"geometry":{"type":"MultiPolygon","coordinates":[[[[-79.52,36.51],[-79.51,36.54],[-79.52,36.54],[-79.55,36.66],[-79.47,36.71],[-79.4,36.65],[-79.43,36.49],[-79.51,36.49],[-79.52,36.51]]]]}},
{"type":"Feature","properties":{"ugclist":"ILC127, ILC151, ILC153, KYC007, KYC039, KYC083, KYC139, KYC145, KYC157","locations":"Massac [IL], Pope [IL], Pulaski [IL], Ballard [KY], Carlisle [KY], Graves [KY], Livingston [KY], McCracken [KY], Marshall [KY]","utc_issue":"2024-09-27T18:17:00Z","utc_expire":"2024-09-27T22:00:00Z","utc_polygon_begin":"2024-09-27T18:17:00Z","utc_polygon_end":"2024-09-27T21:54:00Z","ph_sig":"FA.Y","wfo":"PAH","eventid":140,"phenomena":"FA","significance":"Y","nws_color":"#00FF7F","event_label":"Flood Advisory","status":"NEW","product_id":"202409271817-KPAH-WGUS83-FLSPAH","year":2024,"fcster":"08"},"geometry":{"type":"MultiPolygon","coordinates":[[[[-89.27,37.22],[-89.2,37.33],[-89.04,37.33],[-89.04,37.29],[-88.93,37.3],[-88.9,37.34],[-88.28,37.33],[-88.2,37.21],[-88.23,37.08],[-88.21,37.0],[-88.24,36.98],[-88.19,36.93],[-88.11,36.75],[-89.16,36.79],[-89.18,36.83],[-89.14,36.85],[-89.1,36.96],[-89.18,37.05],[-89.17,37.07],[-89.22,37.09],[-89.27,37.22]]]]}},
{"type":"Feature","properties":{"ugclist":"NCC015, NCC091, NCC131, VAC081, VAC175, VAC183, VAC595","locations":"Bertie [NC], Hertford [NC], Northampton [NC], Greensville [VA], Southampton [VA], Sussex [VA], City of Emporia [VA]","utc_issue":"2024-09-27T18:21:00Z","utc_expire":"2024-09-27T19:00:00Z","utc_polygon_begin":"2024-09-27T18:21:00Z","utc_polygon_end":"2024-09-27T18:44:00Z","ph_sig":"SV.W","wfo":"AKQ","eventid":201,"phenomena":"SV","significance":"W","nws_color":"#FFA500","event_label":"Severe Thunderstorm Warning","status":"NEW","product_id":"202409271821-KAKQ-WUUS51-SVRAKQ","year":2024,"fcster":"Wray"},"geometry":{"type":"MultiPolygon","coordinates":[[[[-77.04,35.86],[-77.04,35.94],[-77.19,35.93],[-77.21,36.01],[-77.32,36.06],[-77.31,36.09],[-77.23,36.11],[-77.26,36.16],[-77.39,36.21],[-77.38,36.24],[-77.44,36.32],[-77.57,36.31],[-77.55,36.41],[-77.65,36.48],[-77.8,36.5],[-77.32,36.96],[-76.94,36.48],[-76.95,36.41],[-76.89,36.38],[-77.01,35.86],[-77.04,35.86]]]]}},
{"type":"Feature","properties":{"ugclist":"GAC265, GAC317","locations":"Taliaferro [GA], Wilkes [GA]","utc_issue":"2024-09-27T18:21:00Z","utc_expire":"2024-09-29T12:17:00Z","utc_polygon_begin":"2024-09-27T18:21:00Z","utc_polygon_end":"2024-09-28T06:06:00Z","ph_sig":"FL.W","wfo":"FFC","eventid":306,"phenomena":"FL","significance":"W","nws_color":"#00FF00","event_label":"Flood Warning","status":"NEW","product_id":"202409271821-KFFC-WGUS42-FLWFFC","year":2024,"fcster":null},"geometry":{"type":"MultiPolygon","coordinates":[[[[-82.83,33.63],[-82.8,33.68],[-82.7,33.64],[-82.6,33.67],[-82.58,33.61],[-82.72,33.58],[-82.83,33.63]]]]}},
{"type":"Feature","properties":{"ugclist":"KYC019, KYC043, KYC089, OHC087, WVC011, WVC099","locations":"Boyd [KY], Carter [KY], Greenup [KY], Lawrence [OH], Cabell [WV], Wayne [WV]","utc_issue":"2024-09-27T18:22:00Z","utc_expire":"2024-09-27T21:30:00Z","utc_polygon_begin":"2024-09-27T18:22:00Z","utc_polygon_end":"2024-09-27T21:26:00Z","ph_sig":"FF.W","wfo":"RLX","eventid":47,"phenomena":"FF","significance":"W","nws_color":"#8B0000","event_label":"Flash Flood Warning","status":"NEW","product_id":"202409271822-KRLX-WGUS51-FFWRLX","year":2024,"fcster":null},"geometry":{"type":"MultiPolygon","coordinates":[[[[-82.71,38.57],[-82.64,38.51],[-82.56,38.42],[-82.48,38.44],[-82.33,38.49],[-82.23,38.36],[-82.52,38.27],[-82.74,38.25],[-82.88,38.39],[-82.71,38.57]]]]}},
{"type":"Feature","properties":{"ugclist":"AMZ555, AMZ575","locations":"Sebastian Inlet to Jupiter Inlet 0-20 nm [], Sebastian Inlet to Jupiter Inlet 20-60 nm []","utc_issue":"2024-09-27T18:23:00Z","utc_expire":"2024-09-27T19:30:00Z","utc_polygon_begin":"2024-09-27T18:23:00Z","utc_polygon_end":"2024-09-27T19:30:00Z","ph_sig":"MA.W","wfo":"MLB","eventid":248,"phenomena":"MA","significance":"W","nws_color":"#FFA500","event_label":"Marine Warning","status":"NEW","product_id":"202409271823-KMLB-WHUS52-SMWMLB","year":2024,"fcster":"Leahy"},"geometry":{"type":"MultiPolygon","coordinates":[[[[-80.11,26.97],[-80.18,27.11],[-80.22,27.15],[-80.27,27.13],[-80.31,27.17],[-79.8,27.48],[-79.12,26.98],[-80.09,26.97],[-80.11,26.97]]]]}},
{"type":"Feature","properties":{"ugclist":"KYC019, KYC089, OHC053, OHC087, WVC011, WVC099","locations":"Boyd [KY], Greenup [KY], Gallia [OH], Lawrence [OH], Cabell [WV], Wayne [WV]","utc_issue":"2024-09-27T18:24:00Z","utc_expire":"2024-09-27T19:30:00Z","utc_polygon_begin":"2024-09-27T18:24:00Z","utc_polygon_end":"2024-09-27T18:47:00Z","ph_sig":"SV.W","wfo":"RLX","eventid":195,"phenomena":"SV","significance":"W","nws_color":"#FFA500","event_label":"Severe Thunderstorm Warning","status":"NEW","product_id":"202409271824-KRLX-WUUS51-SVRRLX","year":2024,"fcster":"JP"},"geometry":{"type":"MultiPolygon","coordinates":[[[[-82.92,38.71],[-82.87,38.72],[-82.88,38.69],[-82.86,38.67],[-82.71,38.68],[-82.7,38.75],[-82.66,38.75],[-82.65,38.78],[-82.33,38.86],[-82.24,38.37],[-82.64,38.31],[-82.82,38.57],[-82.74,38.6],[-82.77,38.67],[-82.86,38.66],[-82.86,38.62],[-82.92,38.71]]]]}},
{"type":"Feature","properties":{"ugclist":"NCC067","locations":"Forsyth [NC]","utc_issue":"2024-09-27T18:26:00Z","utc_expire":"2024-09-29T00:00:00Z","utc_polygon_begin":"2024-09-27T18:26:00Z","utc_polygon_end":"2024-09-28T16:14:00Z","ph_sig":"FA.W","wfo":"RAH","eventid":11,"phenomena":"FA","significance":"W","nws_color":"#00FF00","event_label":"Flood Warning","status":"NEW","product_id":"202409271826-KRAH-WGUS42-FLWRAH","year":2024,"fcster":"BLS"},"geometry":{"type":"MultiPolygon","coordinates":[[[[-80.46,36.09],[-80.46,36.08],[-80.41,36.05],[-80.45,36.05],[-80.47,36.06],[-80.47,36.05],[-80.49,36.04],[-80.51,36.05],[-80.52,36.09],[-80.5,36.11],[-80.46,36.12],[-80.44,36.14],[-80.44,36.16],[-80.44,36.17],[-80.45,36.21],[-80.43,36.22],[-80.45,36.24],[-80.45,36.26],[-80.4,36.26],[-80.41,36.12],[-80.46,36.09]]]]}},
{"type":"Feature","properties":{"ugclist":"OHC145","locations":"Scioto [OH]","utc_issue":"2024-09-27T18:30:00Z","utc_expire":"2024-09-27T19:15:00Z","utc_polygon_begin":"2024-09-27T18:30:00Z","utc_polygon_end":"2024-09-27T18:56:00Z","ph_sig":"SV.W","wfo":"ILN","eventid":174,"phenomena":"SV","significance":"W","nws_color":"#FFA500","event_label":"Severe Thunderstorm Warning","status":"NEW","product_id":"202409271830-KILN-WUUS51-SVRILN","year":2024,"fcster":"AR"},"geometry":{"type":"MultiPolygon","coordinates":[[[[-82.86,38.62],[-82.86,38.66],[-82.88,38.69],[-82.87,38.74],[-82.89,38.76],[-82.99,38.73],[-83.15,38.85],[-82.86,38.95],[-82.75,38.95],[-82.76,38.86],[-82.65,38.85],[-82.66,38.76],[-82.7,38.75],[-82.71,38.68],[-82.76,38.68],[-82.77,38.64],[-82.74,38.6],[-82.75,38.59],[-82.8,38.58],[-82.86,38.62]]]]}},
{"type":"Feature","properties":{"ugclist":"NCC131","locations":"Northampton [NC]","utc_issue":"2024-09-27T18:33:00Z","utc_expire":"2024-09-27T18:48:00Z","utc_polygon_begin":"2024-09-27T18:33:00Z","utc_polygon_end":"2024-09-27T18:48:00Z","ph_sig":"TO.W","wfo":"AKQ","eventid":35,"phenomena":"TO","significance":"W","nws_color":"#FF0000","event_label":"Tornado Warning","status":"NEW","product_id":"202409271833-KAKQ-WFUS51-TORAKQ","year":2024,"fcster":"Wray"},"geometry":{"type":"MultiPolygon","coordinates":[[[[-77.36,36.32],[-77.45,36.35],[-77.39,36.52],[-77.22,36.48],[-77.36,36.32]]]]}},
{"type":"Feature","properties":{"ugclist":"NCC049, NCC079, NCC107, NCC117, NCC147","locations":"Craven [NC], Greene [NC], Lenoir [NC], Martin [NC], Pitt [NC]","utc_issue":"2024-09-27T18:34:00Z","utc_expire":"2024-09-27T21:45:00Z","utc_polygon_begin":"2024-09-27T18:34:00Z","utc_polygon_end":"2024-09-27T21:45:00Z","ph_sig":"FA.Y","wfo":"MHX","eventid":53,"phenomena":"FA","significance":"Y","nws_color":"#00FF7F","event_label":"Flood Advisory","status":"NEW","product_id":"202409271834-KMHX-WGUS82-FLSMHX","year":2024,"fcster":"42"},"geometry":{"type":"MultiPolygon","coordinates":[[[[-77.47,35.8],[-77.42,35.81],[-77.41,35.83],[-77.39,35.83],[-77.25,35.78],[-77.37,35.39],[-77.43,35.31],[-77.65,35.31],[-77.54,35.75],[-77.47,35.8]]]]}},
{"type":"Feature","properties":{"ugclist":"NCC011, NCC121","locations":"Avery [NC], Mitchell [NC]","utc_issue":"2024-09-27T18:36:00Z","utc_expire":"2024-09-28T00:30:00Z","utc_polygon_begin":"2024-09-27T18:36:00Z","utc_polygon_end":"2024-09-28T00:09:00Z","ph_sig":"FA.W","wfo":"GSP","eventid":27,"phenomena":"FA","significance":"W","nws_color":"#00FF00","event_label":"Flood Warning","status":"NEW","product_id":"202409271836-KGSP-WGUS42-FLWGSP","year":2024,"fcster":"ARK"},"geometry":{"type":"MultiPolygon","coordinates":[[[[-82.15,36.15],[-82.13,36.1],[-82.03,36.12],[-81.92,36.29],[-81.9,36.21],[-81.74,36.07],[-81.81,35.96],[-81.9,36.0],[-81.99,35.88],[-82.12,35.82],[-82.15,35.84],[-82.15,35.93],[-82.2,35.95],[-82.2,36.01],[-82.25,35.99],[-82.3,36.05],[-82.34,36.03],[-82.35,36.08],[-82.41,36.07],[-82.21,36.16],[-82.15,36.15]]]]}},
{"type":"Feature","properties":{"ugclist":"VAC143","locations":"Pittsylvania [VA]","utc_issue":"2024-09-27T18:39:00Z","utc_expire":"2024-09-27T19:15:00Z","utc_polygon_begin":"2024-09-27T18:39:00Z","utc_polygon_end":"2024-09-27T18:49:00Z","ph_sig":"TO.W","wfo":"RNK","eventid":44,"phenomena":"TO","significance":"W","nws_color":"#FF0000","event_label":"Tornado Warning","status":"NEW","product_id":"202409271839-KRNK-WFUS51-TORRNK","year":2024,"fcster":"AB"},"geometry":{"type":"MultiPolygon","coordinates":[[[[-79.42,36.66],[-79.53,36.67],[-79.53,36.9],[-79.43,36.92],[-79.36,36.87],[-79.42,36.66]]]]}},
{"type":"Feature","properties":{"ugclist":"VAC067, VAC089, VAC143","locations":"Franklin [VA], Henry [VA], Pittsylvania [VA]","utc_issue":"2024-09-27T18:39:00Z","utc_expire":"2024-09-27T19:15:00Z","utc_polygon_begin":"2024-09-27T18:39:00Z","utc_polygon_end":"2024-09-27T19:00:00Z","ph_sig":"TO.W","wfo":"RNK","eventid":45,"phenomena":"TO","significance":"W","nws_color":"#FF0000","event_label":"Tornado Warning","status":"NEW","product_id":"202409271839-KRNK-WFUS51-TORRNK-RRA","year":2024,"fcster":"AB"},"geometry":{"type":"MultiPolygon","coordinates":[[[[-79.64,36.73],[-79.71,36.73],[-79.75,36.93],[-79.65,36.96],[-79.59,36.92],[-79.64,36.73]]]]}},
{"type":"Feature","properties":{"ugclist":"NCC015, NCC131","locations":"Bertie [NC], Northampton [NC]","utc_issue":"2024-09-27T18:40:00Z","utc_expire":"2024-09-27T21:45:00Z","utc_polygon_begin":"2024-09-27T18:40:00Z","utc_polygon_end":"2024-09-27T21:37:00Z","ph_sig":"FF.W","wfo":"AKQ","eventid":126,"phenomena":"FF","significance":"W","nws_color":"#8B0000","event_label":"Flash Flood Warning","status":"NEW","product_id":"202409271840-KAKQ-WGUS51-FFWAKQ","year":2024,"fcster":"RMM"},"geometry":{"type":"MultiPolygon","coordinates":[[[[-77.33,36.07],[-77.28,36.1],[-77.27,36.1],[-77.25,36.12],[-77.26,36.16],[-77.3,36.17],[-77.38,36.21],[-77.38,36.25],[-77.41,36.29],[-77.44,36.32],[-77.57,36.31],[-77.59,36.34],[-77.55,36.37],[-77.55,36.41],[-77.65,36.48],[-77.68,36.48],[-77.59,36.54],[-77.22,36.45],[-77.24,36.12],[-77.29,36.04],[-77.33,36.07]]]]}},
{"type":"Feature","properties":{"ugclist":"KYC133","locations":"Letcher [KY]","utc_issue":"2024-09-27T18:41:00Z","utc_expire":"2024-09-27T22:38:00Z","utc_polygon_begin":"2024-09-27T18:41:00Z","utc_polygon_end":"2024-09-27T22:38:00Z","ph_sig":"FL.Y","wfo":"JKL","eventid":12,"phenomena":"FL","significance":"Y","nws_color":"#00FF7F","event_label":"Flood Advisory","status":"NEW","product_id":"202409271841-KJKL-WGUS83-FLSJKL","year":2024,"fcster":"GEOGERIAN"},"geometry":{"type":"MultiPolygon","coordinates":[[[[-83.04,37.19],[-82.82,37.17],[-82.68,37.22],[-82.64,37.15],[-82.83,37.09],[-83.08,37.11],[-83.04,37.19]]]]}},
{"type":"Feature","properties":{"ugclist":"VAC191, VAC520","locations":"Washington [VA], City of Bristol [VA]","utc_issue":"2024-09-27T18:43:00Z","utc_expire":"2024-09-28T00:00:00Z","utc_polygon_begin":"2024-09-27T18:43:00Z","utc_polygon_end":"2024-09-28T00:00:00Z","ph_sig":"FF.W","wfo":"MRX","eventid":50,"phenomena":"FF","significance":"W","nws_color":"#8B0000","event_label":"Flash Flood Warning","status":"NEW","product_id":"202409271843-KMRX-WGUS54-FFWMRX","year":2024,"fcster":"DGS"},"geometry":{"type":"MultiPolygon","coordinates":[[[[-82.33,36.71],[-82.22,36.76],[-82.11,36.8],[-82.11,36.83],[-82.08,36.86],[-81.98,36.88],[-81.95,36.86],[-81.89,36.89],[-81.84,36.93],[-81.7,36.79],[-81.62,36.63],[-81.61,36.64],[-81.61,36.63],[-81.63,36.61],[-81.92,36.62],[-81.93,36.59],[-82.29,36.6],[-82.33,36.71]]]]}},
{"type":"Feature","properties":{"ugclist":"GAC217, GAC247","locations":"Newton [GA], Rockdale [GA]","utc_issue":"2024-09-27T18:43:00Z","utc_expire":"2024-09-29T15:26:00Z","utc_polygon_begin":"2024-09-27T18:43:00Z","utc_polygon_end":"2024-09-28T06:12:00Z","ph_sig":"FL.W","wfo":"FFC","eventid":307,"phenomena":"FL","significance":"W","nws_color":"#00FF00","event_label":"Flood Warning","status":"NEW","product_id":"202409271843-KFFC-WGUS42-FLWFFC","year":2024,"fcster":null},"geometry":{"type":"MultiPolygon","coordinates":[[[[-83.95,33.69],[-83.88,33.69],[-83.9,33.63],[-83.93,33.65],[-83.95,33.67],[-83.95,33.69]]]]}},
{"type":"Feature","properties":{"ugclist":"NCC023, NCC089, NCC149, NCC161","locations":"Burke [NC], Henderson [NC], Polk [NC], Rutherford [NC]","utc_issue":"2024-09-27T18:45:00Z","utc_expire":"2024-09-28T00:45:00Z","utc_polygon_begin":"2024-09-27T18:45:00Z","utc_polygon_end":"2024-09-28T00:34:00Z","ph_sig":"FA.W","wfo":"GSP","eventid":28,"phenomena":"FA","significance":"W","nws_color":"#00FF00","event_label":"Flood Warning","status":"NEW","product_id":"202409271845-KGSP-WGUS42-FLWGSP","year":2024,"fcster":"ARK"},"geometry":{"type":"MultiPolygon","coordinates":[[[[-82.39,35.22],[-82.44,35.17],[-82.57,35.14],[-82.61,35.29],[-82.74,35.42],[-82.67,35.46],[-82.53,35.42],[-82.54,35.44],[-82.42,35.47],[-82.36,35.46],[-82.33,35.5],[-82.25,35.46],[-82.23,35.52],[-82.0,35.55],[-81.96,35.53],[-81.84,35.54],[-81.83,35.6],[-81.68,35.59],[-81.77,35.18],[-82.37,35.18],[-82.39,35.22]]]]}},
{"type":"Feature","properties":{"ugclist":"VAC071, WVC055, WVC063, WVC089","locations":"Giles [VA], Mercer [WV], Monroe [WV], Summers [WV]","utc_issue":"2024-09-27T18:45:00Z","utc_expire":"2024-09-28T00:45:00Z","utc_polygon_begin":"2024-09-27T18:45:00Z","utc_polygon_end":"2024-09-28T00:45:00Z","ph_sig":"FF.W","wfo":"RNK","eventid":73,"phenomena":"FF","significance":"W","nws_color":"#8B0000","event_label":"Flash Flood Warning","status":"NEW","product_id":"202409271845-KRNK-WGUS51-FFWRNK","year":2024,"fcster":"AS"},"geometry":{"type":"MultiPolygon","coordinates":[[[[-80.83,37.5],[-80.77,37.41],[-80.71,37.34],[-80.64,37.25],[-80.81,37.18],[-80.94,37.31],[-81.01,37.51],[-80.88,37.58],[-80.83,37.5]]]]}},
{"type":"Feature","properties":{"ugclist":"NCC155","locations":"Robeson [NC]","utc_issue":"2024-09-27T18:45:00Z","utc_expire":"2024-09-29T00:00:00Z","utc_polygon_begin":"2024-09-27T18:45:00Z","utc_polygon_end":"2024-09-28T00:43:00Z","ph_sig":"FL.W","wfo":"ILM","eventid":48,"phenomena":"FL","significance":"W","nws_color":"#00FF00","event_label":"Flood Warning","status":"NEW","product_id":"202409271845-KILM-WGUS42-FLWILM","year":2024,"fcster":"TRA"},"geometry":{"type":"MultiPolygon","coordinates":[[[[-79.16,34.67],[-79.03,34.68],[-78.91,34.57],[-78.99,34.52],[-79.08,34.59],[-79.15,34.58],[-79.16,34.67]]]]}},
{"type":"Feature","properties":{"ugclist":"OHC053, OHC087","locations":"Gallia [OH], Lawrence [OH]","utc_issue":"2024-09-27T18:48:00Z","utc_expire":"2024-09-27T19:01:00Z","utc_polygon_begin":"2024-09-27T18:48:00Z","utc_polygon_end":"2024-09-27T19:01:00Z","ph_sig":"TO.W","wfo":"RLX","eventid":19,"phenomena":"TO","significance":"W","nws_color":"#FF0000","event_label":"Tornado Warning","status":"NEW","product_id":"202409271848-KRLX-WFUS51-TORRLX","year":2024,"fcster":"JP"},"geometry":{"type":"MultiPolygon","coordinates":[[[[-82.32,38.53],[-82.47,38.49],[-82.68,38.73],[-82.38,38.82],[-82.32,38.53]]]]}},
{"type":"Feature","properties":{"ugclist":"KYC019, KYC089, OHC087","locations":"Boyd [KY], Greenup [KY], Lawrence [OH]","utc_issue":"2024-09-27T18:53:00Z","utc_expire":"2024-09-27T19:30:00Z","utc_polygon_begin":"2024-09-27T18:53:00Z","utc_polygon_end":"2024-09-27T19:04:00Z","ph_sig":"TO.W","wfo":"RLX","eventid":20,"phenomena":"TO","significance":"W","nws_color":"#FF0000","event_label":"Tornado Warning","status":"NEW","product_id":"202409271853-KRLX-WFUS51-TORRLX","year":2024,"fcster":"JP"},"geometry":{"type":"MultiPolygon","coordinates":[[[[-82.74,38.6],[-82.76,38.64],[-82.62,38.68],[-82.54,38.46],[-82.67,38.45],[-82.78,38.58],[-82.74,38.6]]]]}},
{"type":"Feature","properties":{"ugclist":"NCC087","locations":"Haywood [NC]","utc_issue":"2024-09-27T18:54:00Z","utc_expire":"2024-09-28T00:45:00Z","utc_polygon_begin":"2024-09-27T18:54:00Z","utc_polygon_end":"2024-09-28T00:45:00Z","ph_sig":"FA.W","wfo":"GSP","eventid":29,"phenomena":"FA","significance":"W","nws_color":"#00FF00","event_label":"Flood Warning","status":"NEW","product_id":"202409271854-KGSP-WGUS42-FLWGSP","year":2024,"fcster":"ARK"},"geometry":{"type":"MultiPolygon","coordinates":[[[[-82.75,35.41],[-82.83,35.32],[-82.95,35.31],[-83.08,35.45],[-83.14,35.46],[-83.14,35.49],[-83.19,35.51],[-83.16,35.55],[-83.2,35.64],[-83.18,35.67],[-83.25,35.72],[-83.08,35.79],[-83.0,35.77],[-82.96,35.79],[-82.96,35.75],[-82.92,35.74],[-82.85,35.62],[-82.81,35.63],[-82.77,35.58],[-82.8,35.47],[-82.75,35.41]]]]}},
{"type":"Feature","properties":{"ugclist":"NCC157","locations":"Rockingham [NC]","utc_issue":"2024-09-27T18:57:00Z","utc_expire":"2024-09-27T19:30:00Z","utc_polygon_begin":"2024-09-27T18:57:00Z","utc_polygon_end":"2024-09-27T19:14:00Z","ph_sig":"TO.W","wfo":"RNK","eventid":46,"phenomena":"TO","significance":"W","nws_color":"#FF0000","event_label":"Tornado Warning","status":"NEW","product_id":"202409271857-KRNK-WFUS51-TORRNK","year":2024,"fcster":"AB"},"geometry":{"type":"MultiPolygon","coordinates":[[[[-79.9,36.25],[-80.0,36.26],[-80.01,36.26],[-80.0,36.5],[-79.85,36.51],[-79.77,36.42],[-79.88,36.25],[-79.9,36.25]]]]}},
{"type":"Feature","properties":{"ugclist":"TNC067, TNC073, VAC105, VAC169, VAC195","locations":"Hancock [TN], Hawkins [TN], Lee [VA], Scott [VA], Wise [VA]","utc_issue":"2024-09-27T18:58:00Z","utc_expire":"2024-09-27T21:00:00Z","utc_polygon_begin":"2024-09-27T18:58:00Z","utc_polygon_end":"2024-09-27T20:57:00Z","ph_sig":"FF.W","wfo":"MRX","eventid":51,"phenomena":"FF","significance":"W","nws_color":"#8B0000","event_label":"Flash Flood Warning","status":"NEW","product_id":"202409271858-KMRX-WGUS54-FFWMRX","year":2024,"fcster":"DGS"},"geometry":{"type":"MultiPolygon","coordinates":[[[[-83.1,36.81],[-83.1,36.83],[-83.07,36.85],[-83.01,36.85],[-82.91,36.87],[-82.87,36.9],[-82.76,36.79],[-82.73,36.4],[-82.76,36.38],[-82.78,36.39],[-82.81,36.36],[-82.86,36.36],[-82.91,36.33],[-82.94,36.33],[-83.01,36.27],[-83.03,36.28],[-83.08,36.24],[-83.12,36.79],[-83.1,36.81]]]]}},
{"type":"Feature","properties":{"ugclist":"NCC037, NCC063, NCC135, NCC183","locations":"Chatham [NC], Durham [NC], Orange [NC], Wake [NC]","utc_issue":"2024-09-27T18:58:00Z","utc_expire":"2024-09-27T23:00:00Z","utc_polygon_begin":"2024-09-27T18:58:00Z","utc_polygon_end":"2024-09-27T22:52:00Z","ph_sig":"FA.W","wfo":"RAH","eventid":12,"phenomena":"FA","significance":"W","nws_color":"#00FF00","event_label":"Flood Warning","status":"NEW","product_id":"202409271858-KRAH-WGUS42-FLWRAH","year":2024,"fcster":"BLS"},"geometry":{"type":"MultiPolygon","coordinates":[[[[-79.2,36.24],[-78.8,36.24],[-78.81,36.09],[-78.79,36.07],[-78.68,36.07],[-78.43,35.97],[-78.39,35.94],[-78.35,35.93],[-78.35,35.91],[-78.31,35.9],[-78.26,35.82],[-78.47,35.71],[-78.69,35.53],[-78.74,35.53],[-79.0,35.61],[-79.17,35.9],[-79.2,36.24]]]]}},
{"type":"Feature","properties":{"ugclist":"NCC099, NCC175","locations":"Jackson [NC], Transylvania [NC]","utc_issue":"2024-09-27T19:08:00Z","utc_expire":"2024-09-28T00:15:00Z","utc_polygon_begin":"2024-09-27T19:08:00Z","utc_polygon_end":"2024-09-28T00:15:00Z","ph_sig":"FA.W","wfo":"GSP","eventid":30,"phenomena":"FA","significance":"W","nws_color":"#00FF00","event_label":"Flood Warning","status":"NEW","product_id":"202409271908-KGSP-WGUS42-FLWGSP","year":2024,"fcster":"ARK"},"geometry":{"type":"MultiPolygon","coordinates":[[[[-83.24,35.52],[-83.17,35.51],[-82.92,35.29],[-82.83,35.32],[-82.74,35.42],[-82.61,35.29],[-82.58,35.15],[-82.68,35.13],[-82.76,35.07],[-82.78,35.09],[-83.11,35.0],[-83.17,35.06],[-83.15,35.09],[-83.22,35.16],[-83.22,35.24],[-83.28,35.23],[-83.32,35.27],[-83.36,35.42],[-83.35,35.47],[-83.32,35.47],[-83.24,35.52]]]]}},
{"type":"Feature","properties":{"ugclist":"KYC089, OHC053, OHC079, OHC087","locations":"Greenup [KY], Gallia [OH], Jackson [OH], Lawrence [OH]","utc_issue":"2024-09-27T19:11:00Z","utc_expire":"2024-09-27T20:00:00Z","utc_polygon_begin":"2024-09-27T19:11:00Z","utc_polygon_end":"2024-09-27T19:31:00Z","ph_sig":"SV.W","wfo":"RLX","eventid":196,"phenomena":"SV","significance":"W","nws_color":"#FFA500","event_label":"Severe Thunderstorm Warning","status":"NEW","product_id":"202409271911-KRLX-WUUS51-SVRRLX","year":2024,"fcster":"JP"},"geometry":{"type":"MultiPolygon","coordinates":[[[[-82.94,38.75],[-82.87,38.75],[-82.88,38.69],[-82.85,38.59],[-82.82,38.57],[-82.74,38.6],[-82.77,38.68],[-82.71,38.68],[-82.7,38.75],[-82.66,38.75],[-82.65,38.84],[-82.76,38.86],[-82.75,38.94],[-82.8,38.95],[-82.8,38.96],[-82.47,39.06],[-82.31,38.63],[-82.82,38.51],[-82.96,38.73],[-82.94,38.75]]]]}},
{"type":"Feature","properties":{"ugclist":"OHC131, OHC141, OHC145","locations":"Pike [OH], Ross [OH], Scioto [OH]","utc_issue":"2024-09-27T19:13:00Z","utc_expire":"2024-09-27T20:00:00Z","utc_polygon_begin":"2024-09-27T19:13:00Z","utc_polygon_end":"2024-09-27T20:00:00Z","ph_sig":"SV.W","wfo":"ILN","eventid":175,"phenomena":"SV","significance":"W","nws_color":"#FFA500","event_label":"Severe Thunderstorm Warning","status":"NEW","product_id":"202409271913-KILN-WUUS51-SVRILN","year":2024,"fcster":"AR"},"geometry":{"type":"MultiPolygon","coordinates":[[[[-82.85,38.59],[-82.88,38.69],[-82.87,38.75],[-82.9,38.76],[-82.98,38.73],[-83.31,39.07],[-82.77,39.3],[-82.76,39.19],[-82.77,39.17],[-82.79,39.16],[-82.81,38.95],[-82.75,38.94],[-82.76,38.85],[-82.65,38.85],[-82.66,38.76],[-82.7,38.75],[-82.71,38.68],[-82.77,38.67],[-82.75,38.59],[-82.81,38.57],[-82.85,38.59]]]]}},
{"type":"Feature","properties":{"ugclist":"NCC015, NCC091, NCC131, VAC081, VAC175","locations":"Bertie [NC], Hertford [NC], Northampton [NC], Greensville [VA], Southampton [VA]","utc_issue":"2024-09-27T19:14:00Z","utc_expire":"2024-09-27T22:15:00Z","utc_polygon_begin":"2024-09-27T19:14:00Z","utc_polygon_end":"2024-09-27T22:15:00Z","ph_sig":"FF.W","wfo":"AKQ","eventid":127,"phenomena":"FF","significance":"W","nws_color":"#8B0000","event_label":"Flash Flood Warning","status":"NEW","product_id":"202409271914-KAKQ-WGUS51-FFWAKQ","year":2024,"fcster":"RMM"},"geometry":{"type":"MultiPolygon","coordinates":[[[[-77.33,36.76],[-77.08,36.72],[-76.98,36.62],[-77.0,36.38],[-77.05,36.26],[-77.2,35.94],[-77.19,35.99],[-77.21,35.99],[-77.21,36.01],[-77.33,36.07],[-77.31,36.09],[-77.23,36.1],[-77.26,36.14],[-77.24,36.15],[-77.23,36.44],[-77.5,36.51],[-77.45,36.67],[-77.4,36.72],[-77.33,36.76]]]]}},
{"type":"Feature","properties":{"ugclist":"KYC135, OHC001, OHC071, OHC131, OHC141, OHC145","locations":"Lewis [KY], Adams [OH], Highland [OH], Pike [OH], Ross [OH], Scioto [OH]","utc_issue":"2024-09-27T19:18:00Z","utc_expire":"2024-09-27T23:15:00Z","utc_polygon_begin":"2024-09-27T19:18:00Z","utc_polygon_end":"2024-09-27T23:15:00Z","ph_sig":"FA.Y","wfo":"ILN","eventid":103,"phenomena":"FA","significance":"Y","nws_color":"#00FF7F","event_label":"Flood Advisory","status":"NEW","product_id":"202409271918-KILN-WGUS81-FLSILN","year":2024,"fcster":"Clark"},"geometry":{"type":"MultiPolygon","coordinates":[[[[-83.0,39.43],[-82.75,39.37],[-82.81,38.95],[-82.75,38.94],[-82.76,38.85],[-82.65,38.85],[-82.66,38.75],[-82.7,38.75],[-82.71,38.68],[-82.76,38.68],[-82.74,38.6],[-82.82,38.57],[-82.84,38.59],[-82.87,38.74],[-82.89,38.76],[-83.03,38.73],[-83.02,38.68],[-83.08,38.61],[-83.59,38.63],[-83.62,39.34],[-83.0,39.43]]]]}},
{"type":"Feature","properties":{"ugclist":"VAC027, VAC051","locations":"Buchanan [VA], Dickenson [VA]","utc_issue":"2024-09-27T19:19:00Z","utc_expire":"2024-09-28T00:15:00Z","utc_polygon_begin":"2024-09-27T19:19:00Z","utc_polygon_end":"2024-09-28T00:05:00Z","ph_sig":"FA.W","wfo":"RLX","eventid":49,"phenomena":"FA","significance":"W","nws_color":"#00FF00","event_label":"Flood Warning","status":"NEW","product_id":"202409271919-KRLX-WGUS41-FLWRLX","year":2024,"fcster":null},"geometry":{"type":"MultiPolygon","coordinates":[[[[-82.23,37.28],[-82.14,37.04],[-82.17,37.04],[-82.18,37.03],[-82.2,37.03],[-82.26,36.99],[-82.28,37.0],[-82.29,37.0],[-82.35,36.96],[-82.36,36.96],[-82.37,36.97],[-82.48,37.02],[-82.5,37.06],[-82.55,37.13],[-82.55,37.2],[-82.44,37.25],[-82.35,37.27],[-82.34,37.28],[-82.32,37.28],[-82.29,37.31],[-82.23,37.28]]]]}},
{"type":"Feature","properties":{"ugclist":"SCC045, SCC083","locations":"Greenville [SC], Spartanburg [SC]","utc_issue":"2024-09-27T19:19:00Z","utc_expire":"2024-09-28T01:15:00Z","utc_polygon_begin":"2024-09-27T19:19:00Z","utc_polygon_end":"2024-09-27T23:00:00Z","ph_sig":"FA.W","wfo":"GSP","eventid":31,"phenomena":"FA","significance":"W","nws_color":"#00FF00","event_label":"Flood Warning","status":"NEW","product_id":"202409271919-KGSP-WGUS42-FLWGSP","year":2024,"fcster":"ARK"},"geometry":{"type":"MultiPolygon","coordinates":[[[[-82.57,35.07],[-82.74,35.05],[-82.76,35.07],[-82.7,35.1],[-82.68,35.13],[-82.48,35.18],[-82.44,35.17],[-82.39,35.22],[-82.37,35.18],[-82.28,35.2],[-81.87,35.18],[-81.75,34.93],[-81.72,34.9],[-81.78,34.84],[-82.46,34.75],[-82.49,34.89],[-82.55,34.98],[-82.54,35.02],[-82.6,35.01],[-82.6,35.05],[-82.57,35.07]]]]}},
{"type":"Feature","properties":{"ugclist":"NCC065, NCC127, NCC195","locations":"Edgecombe [NC], Nash [NC], Wilson [NC]","utc_issue":"2024-09-27T19:23:00Z","utc_expire":"2024-09-27T23:45:00Z","utc_polygon_begin":"2024-09-27T19:23:00Z","utc_polygon_end":"2024-09-27T22:57:00Z","ph_sig":"FA.W","wfo":"RAH","eventid":13,"phenomena":"FA","significance":"W","nws_color":"#00FF00","event_label":"Flood Warning","status":"NEW","product_id":"202409271923-KRAH-WGUS42-FLWRAH","year":2024,"fcster":"BLS"},"geometry":{"type":"MultiPolygon","coordinates":[[[[-78.25,35.78],[-78.25,35.8],[-78.01,36.2],[-77.98,36.18],[-77.92,36.19],[-77.89,36.14],[-77.75,36.16],[-77.72,36.13],[-77.68,36.15],[-77.54,36.1],[-77.53,36.04],[-77.4,36.01],[-77.34,35.91],[-77.35,35.82],[-77.39,35.83],[-77.47,35.8],[-77.81,35.58],[-78.13,35.6],[-78.16,35.71],[-78.21,35.73],[-78.25,35.78]]]]}},
{"type":"Feature","properties":{"ugclist":"TNC155","locations":"Sevier [TN]","utc_issue":"2024-09-27T19:23:00Z","utc_expire":"2024-09-28T13:00:00Z","utc_polygon_begin":"2024-09-27T19:23:00Z","utc_polygon_end":"2024-09-28T13:00:00Z","ph_sig":"FL.W","wfo":"MRX","eventid":15,"phenomena":"FL","significance":"W","nws_color":"#00FF00","event_label":"Flood Warning","status":"NEW","product_id":"202409271602-KMRX-WGUS44-FLWMRX","year":2024,"fcster":"GC"},"geometry":{"type":"MultiPolygon","coordinates":[[[[-83.65,35.92],[-83.56,35.95],[-83.46,35.7],[-83.56,35.67],[-83.65,35.92]]]]}},
{"type":"Feature","properties":{"ugclist":"VAC003","locations":"Albemarle [VA]","utc_issue":"2024-09-27T19:25:00Z","utc_expire":"2024-09-27T20:00:00Z","utc_polygon_begin":"2024-09-27T19:25:00Z","utc_polygon_end":"2024-09-27T19:33:00Z","ph_sig":"TO.W","wfo":"LWX","eventid":50,"phenomena":"TO","significance":"W","nws_color":"#FF0000","event_label":"Tornado Warning","status":"NEW","product_id":"202409271925-KLWX-WFUS51-TORLWX","year":2024,"fcster":"BJL"},"geometry":{"type":"MultiPolygon","coordinates":[[[[-78.57,37.91],[-78.65,37.92],[-78.78,38.09],[-78.59,38.15],[-78.57,37.91]]]]}},
{"type":"Feature","properties":{"ugclist":"NCC101, NCC163, NCC191","locations":"Johnston [NC], Sampson [NC], Wayne [NC]","utc_issue":"2024-09-27T19:27:00Z","utc_expire":"2024-09-27T22:45:00Z","utc_polygon_begin":"2024-09-27T19:27:00Z","utc_polygon_end":"2024-09-27T22:42:00Z","ph_sig":"FA.W","wfo":"RAH","eventid":14,"phenomena":"FA","significance":"W","nws_color":"#00FF00","event_label":"Flood Warning","status":"NEW","product_id":"202409271927-KRAH-WGUS42-FLWRAH","year":2024,"fcster":"BLS"},"geometry":{"type":"MultiPolygon","coordinates":[[[[-78.71,35.52],[-78.47,35.71],[-78.27,35.81],[-78.16,35.71],[-78.13,35.6],[-77.82,35.59],[-77.83,35.43],[-77.8,35.38],[-77.83,35.18],[-77.89,35.16],[-78.02,35.19],[-78.16,35.19],[-78.15,34.9],[-78.2,34.74],[-78.13,34.71],[-78.25,34.56],[-78.39,34.75],[-78.63,34.98],[-78.65,35.2],[-78.53,35.34],[-78.71,35.52]]]]}},
{"type":"Feature","properties":{"ugclist":"NCC157, VAC089, VAC143, VAC690","locations":"Rockingham [NC], Henry [VA], Pittsylvania [VA], City of Martinsville [VA]","utc_issue":"2024-09-27T19:28:00Z","utc_expire":"2024-09-27T20:00:00Z","utc_polygon_begin":"2024-09-27T19:28:00Z","utc_polygon_end":"2024-09-27T19:44:00Z","ph_sig":"TO.W","wfo":"RNK","eventid":47,"phenomena":"TO","significance":"W","nws_color":"#FF0000","event_label":"Tornado Warning","status":"NEW","product_id":"202409271928-KRNK-WFUS51-TORRNK","year":2024,"fcster":"SH"},"geometry":{"type":"MultiPolygon","coordinates":[[[[-79.8,36.44],[-79.9,36.46],[-79.84,36.77],[-79.58,36.71],[-79.8,36.44]]]]}},
{"type":"Feature","properties":{"ugclist":"TNC029, TNC063, TNC089","locations":"Cocke [TN], Hamblen [TN], Jefferson [TN]","utc_issue":"2024-09-27T19:30:00Z","utc_expire":"2024-09-27T20:34:00Z","utc_polygon_begin":"2024-09-27T19:30:00Z","utc_polygon_end":"2024-09-27T20:34:00Z","ph_sig":"FF.W","wfo":"MRX","eventid":52,"phenomena":"FF","significance":"W","nws_color":"#8B0000","event_label":"Flash Flood Warning","status":"NEW","product_id":"202409271930-KMRX-WGUS54-FFWMRX","year":2024,"fcster":"DGS"},"geometry":{"type":"MultiPolygon","coordinates":[[[[-83.09,35.78],[-83.14,35.77],[-83.16,35.77],[-83.17,35.76],[-83.18,35.75],[-83.23,35.86],[-83.26,36.08],[-83.18,36.12],[-83.12,35.84],[-83.07,35.79],[-83.08,35.79],[-83.09,35.78]]]]}},
{"type":"Feature","properties":{"ugclist":"KYC089, OHC053, OHC079, OHC087","locations":"Greenup [KY], Gallia [OH], Jackson [OH], Lawrence [OH]","utc_issue":"2024-09-27T19:30:00Z","utc_expire":"2024-09-27T22:30:00Z","utc_polygon_begin":"2024-09-27T19:30:00Z","utc_polygon_end":"2024-09-27T21:18:00Z","ph_sig":"FF.W","wfo":"RLX","eventid":48,"phenomena":"FF","significance":"W","nws_color":"#8B0000","event_label":"Flash Flood Warning","status":"NEW","product_id":"202409271930-KRLX-WGUS51-FFWRLX","year":2024,"fcster":null},"geometry":{"type":"MultiPolygon","coordinates":[[[[-82.88,38.44],[-82.98,38.57],[-82.88,38.75],[-82.88,38.69],[-82.84,38.59],[-82.82,38.57],[-82.74,38.6],[-82.76,38.68],[-82.71,38.68],[-82.7,38.75],[-82.66,38.75],[-82.65,38.85],[-82.76,38.85],[-82.76,38.89],[-82.63,38.89],[-82.4,38.65],[-82.39,38.46],[-82.56,38.41],[-82.71,38.56],[-82.83,38.43],[-82.88,38.44]]]]}},
{"type":"Feature","properties":{"ugclist":"OHC131, OHC145","locations":"Pike [OH], Scioto [OH]","utc_issue":"2024-09-27T19:49:00Z","utc_expire":"2024-09-27T20:15:00Z","utc_polygon_begin":"2024-09-27T19:49:00Z","utc_polygon_end":"2024-09-27T20:11:00Z","ph_sig":"TO.W","wfo":"ILN","eventid":77,"phenomena":"TO","significance":"W","nws_color":"#FF0000","event_label":"Tornado Warning","status":"NEW","product_id":"202409271949-KILN-WFUS51-TORILN","year":2024,"fcster":"AR"},"geometry":{"type":"MultiPolygon","coordinates":[[[[-82.66,38.75],[-82.7,38.75],[-82.7,38.72],[-82.74,38.7],[-83.09,38.96],[-82.82,39.13],[-82.79,39.1],[-82.81,38.95],[-82.75,38.94],[-82.76,38.87],[-82.76,38.85],[-82.65,38.85],[-82.66,38.75]]]]}},
{"type":"Feature","properties":{"ugclist":"OHC079, OHC087","locations":"Jackson [OH], Lawrence [OH]","utc_issue":"2024-09-27T19:51:00Z","utc_expire":"2024-09-27T20:15:00Z","utc_polygon_begin":"2024-09-27T19:51:00Z","utc_polygon_end":"2024-09-27T20:07:00Z","ph_sig":"TO.W","wfo":"RLX","eventid":21,"phenomena":"TO","significance":"W","nws_color":"#FF0000","event_label":"Tornado Warning","status":"NEW","product_id":"202409271951-KRLX-WFUS51-TORRLX","year":2024,"fcster":"JP"},"geometry":{"type":"MultiPolygon","coordinates":[[[[-82.79,39.1],[-82.75,39.13],[-82.57,38.81],[-82.58,38.79],[-82.57,38.78],[-82.7,38.72],[-82.7,38.75],[-82.66,38.75],[-82.65,38.85],[-82.75,38.85],[-82.76,38.88],[-82.75,38.94],[-82.81,38.95],[-82.79,39.1]]]]}},
{"type":"Feature","properties":{"ugclist":"VAC003, VAC015, VAC165","locations":"Albemarle [VA], Augusta [VA], Rockingham [VA]","utc_issue":"2024-09-27T19:52:00Z","utc_expire":"2024-09-27T20:15:00Z","utc_polygon_begin":"2024-09-27T19:52:00Z","utc_polygon_end":"2024-09-27T19:57:00Z","ph_sig":"SV.W","wfo":"LWX","eventid":296,"phenomena":"SV","significance":"W","nws_color":"#FFA500","event_label":"Severe Thunderstorm Warning","status":"NEW","product_id":"202409271952-KLWX-WUUS51-SVRLWX","year":2024,"fcster":"BJL"},"geometry":{"type":"MultiPolygon","coordinates":[[[[-78.71,38.07],[-78.86,38.31],[-78.66,38.33],[-78.66,38.27],[-78.64,38.08],[-78.71,38.07]]]]}},
{"type":"Feature","properties":{"ugclist":"VAC093, VAC175, VAC183, VAC620","locations":"Isle of Wight [VA], Southampton [VA], Sussex [VA], City of Franklin [VA]","utc_issue":"2024-09-27T19:52:00Z","utc_expire":"2024-09-27T23:00:00Z","utc_polygon_begin":"2024-09-27T19:52:00Z","utc_polygon_end":"2024-09-27T23:00:00Z","ph_sig":"FF.W","wfo":"AKQ","eventid":128,"phenomena":"FF","significance":"W","nws_color":"#8B0000","event_label":"Flash Flood Warning","status":"NEW","product_id":"202409271952-KAKQ-WGUS51-FFWAKQ","year":2024,"fcster":"RMM"},"geometry":{"type":"MultiPolygon","coordinates":[[[[-77.25,36.93],[-77.16,36.96],[-77.03,36.94],[-76.95,36.88],[-76.89,36.71],[-76.89,36.65],[-76.9,36.64],[-76.89,36.63],[-76.91,36.62],[-76.91,36.61],[-76.91,36.6],[-76.91,36.58],[-76.92,36.57],[-76.93,36.56],[-76.92,36.55],[-76.92,36.54],[-76.99,36.54],[-76.98,36.62],[-77.08,36.72],[-77.29,36.75],[-77.25,36.93]]]]}},
{"type":"Feature","properties":{"ugclist":"NCC171, NCC197, VAC141","locations":"Surry [NC], Yadkin [NC], Patrick [VA]","utc_issue":"2024-09-27T19:53:00Z","utc_expire":"2024-09-28T01:33:00Z","utc_polygon_begin":"2024-09-27T19:53:00Z","utc_polygon_end":"2024-09-28T01:33:00Z","ph_sig":"FA.W","wfo":"RNK","eventid":47,"phenomena":"FA","significance":"W","nws_color":"#00FF00","event_label":"Flood Warning","status":"NEW","product_id":"202409271953-KRNK-WGUS41-FLWRNK","year":2024,"fcster":"16"},"geometry":{"type":"MultiPolygon","coordinates":[[[[-80.98,36.45],[-80.93,36.5],[-80.91,36.56],[-80.61,36.56],[-80.6,36.65],[-80.49,36.65],[-80.34,36.83],[-80.24,36.87],[-80.08,36.84],[-80.04,36.79],[-80.09,36.78],[-80.05,36.6],[-80.05,36.54],[-80.44,36.55],[-80.44,36.14],[-80.51,36.11],[-80.5,36.05],[-80.88,36.06],[-80.87,36.33],[-80.98,36.45]]]]}},
{"type":"Feature","properties":{"ugclist":"GAC137, GAC241","locations":"Habersham [GA], Rabun [GA]","utc_issue":"2024-09-27T19:56:00Z","utc_expire":"2024-09-28T01:00:00Z","utc_polygon_begin":"2024-09-27T19:56:00Z","utc_polygon_end":"2024-09-27T21:55:00Z","ph_sig":"FA.W","wfo":"GSP","eventid":32,"phenomena":"FA","significance":"W","nws_color":"#00FF00","event_label":"Flood Warning","status":"NEW","product_id":"202409271956-KGSP-WGUS42-FLWGSP","year":2024,"fcster":"ARK"},"geometry":{"type":"MultiPolygon","coordinates":[[[[-83.59,34.92],[-83.6,34.94],[-83.55,34.95],[-83.55,34.99],[-83.1,35.0],[-83.11,34.94],[-83.24,34.88],[-83.27,34.82],[-83.31,34.82],[-83.35,34.73],[-83.34,34.69],[-83.46,34.48],[-83.54,34.49],[-83.61,34.43],[-83.67,34.5],[-83.62,34.54],[-83.66,34.65],[-83.63,34.75],[-83.68,34.8],[-83.64,34.89],[-83.59,34.92]]]]}},
{"type":"Feature","properties":{"ugclist":"VAC067, VAC089, VAC143","locations":"Franklin [VA], Henry [VA], Pittsylvania [VA]","utc_issue":"2024-09-27T19:57:00Z","utc_expire":"2024-09-27T20:30:00Z","utc_polygon_begin":"2024-09-27T19:57:00Z","utc_polygon_end":"2024-09-27T20:11:00Z","ph_sig":"TO.W","wfo":"RNK","eventid":48,"phenomena":"TO","significance":"W","nws_color":"#FF0000","event_label":"Tornado Warning","status":"NEW","product_id":"202409271957-KRNK-WFUS51-TORRNK","year":2024,"fcster":"SH"},"geometry":{"type":"MultiPolygon","coordinates":[[[[-79.75,36.65],[-79.83,36.67],[-79.82,36.93],[-79.54,36.85],[-79.75,36.65]]]]}},
{"type":"Feature","properties":{"ugclist":"OHC131, OHC141, OHC145","locations":"Pike [OH], Ross [OH], Scioto [OH]","utc_issue":"2024-09-27T19:57:00Z","utc_expire":"2024-09-27T20:45:00Z","utc_polygon_begin":"2024-09-27T19:57:00Z","utc_polygon_end":"2024-09-27T20:26:00Z","ph_sig":"SV.W","wfo":"ILN","eventid":176,"phenomena":"SV","significance":"W","nws_color":"#FFA500","event_label":"Severe Thunderstorm Warning","status":"NEW","product_id":"202409271957-KILN-WUUS51-SVRILN","year":2024,"fcster":"AR"},"geometry":{"type":"MultiPolygon","coordinates":[[[[-82.66,38.75],[-82.83,38.7],[-83.33,39.33],[-82.89,39.48],[-82.84,39.47],[-82.75,39.27],[-82.77,39.17],[-82.79,39.16],[-82.81,38.95],[-82.75,38.94],[-82.76,38.85],[-82.65,38.85],[-82.66,38.75]]]]}},
{"type":"Feature","properties":{"ugclist":"OHC131, OHC141","locations":"Pike [OH], Ross [OH]","utc_issue":"2024-09-27T20:01:00Z","utc_expire":"2024-09-27T20:30:00Z","utc_polygon_begin":"2024-09-27T20:01:00Z","utc_polygon_end":"2024-09-27T20:30:00Z","ph_sig":"TO.W","wfo":"ILN","eventid":78,"phenomena":"TO","significance":"W","nws_color":"#FF0000","event_label":"Tornado Warning","status":"NEW","product_id":"202409272001-KILN-WFUS51-TORILN","year":2024,"fcster":"AR"},"geometry":{"type":"MultiPolygon","coordinates":[[[[-82.78,39.17],[-82.79,39.16],[-82.79,39.12],[-82.94,39.05],[-83.29,39.33],[-82.99,39.5],[-82.98,39.49],[-83.0,39.48],[-82.98,39.48],[-82.76,39.18],[-82.77,39.17],[-82.78,39.17]]]]}},
{"type":"Feature","properties":{"ugclist":"NCC015, NCC073, NCC091, VAC800","locations":"Bertie [NC], Gates [NC], Hertford [NC], City of Suffolk [VA]","utc_issue":"2024-09-27T20:05:00Z","utc_expire":"2024-09-27T23:15:00Z","utc_polygon_begin":"2024-09-27T20:05:00Z","utc_polygon_end":"2024-09-27T23:15:00Z","ph_sig":"FF.W","wfo":"AKQ","eventid":129,"phenomena":"FF","significance":"W","nws_color":"#8B0000","event_label":"Flash Flood Warning","status":"NEW","product_id":"202409272005-KAKQ-WGUS51-FFWAKQ","year":2024,"fcster":"RMM"},"geometry":{"type":"MultiPolygon","coordinates":[[[[-76.99,36.54],[-76.92,36.54],[-76.92,36.55],[-76.93,36.56],[-76.92,36.58],[-76.91,36.58],[-76.91,36.62],[-76.89,36.63],[-76.9,36.64],[-76.88,36.66],[-76.78,36.66],[-76.76,36.45],[-76.88,36.08],[-77.09,35.96],[-77.16,36.03],[-77.0,36.39],[-76.99,36.54]]]]}},
{"type":"Feature","properties":{"ugclist":"VAC175","locations":"Southampton [VA]","utc_issue":"2024-09-27T20:07:00Z","utc_expire":"2024-09-27T20:45:00Z","utc_polygon_begin":"2024-09-27T20:07:00Z","utc_polygon_end":"2024-09-27T20:19:00Z","ph_sig":"TO.W","wfo":"AKQ","eventid":36,"phenomena":"TO","significance":"W","nws_color":"#FF0000","event_label":"Tornado Warning","status":"NEW","product_id":"202409272007-KAKQ-WFUS51-TORAKQ","year":2024,"fcster":"Wray"},"geometry":{"type":"MultiPolygon","coordinates":[[[[-77.01,36.69],[-77.03,36.88],[-76.87,36.87],[-76.94,36.71],[-76.95,36.71],[-76.97,36.7],[-76.97,36.69],[-77.01,36.69]]]]}},
{"type":"Feature","properties":{"ugclist":"VAC083, VAC143","locations":"Halifax [VA], Pittsylvania [VA]","utc_issue":"2024-09-27T20:09:00Z","utc_expire":"2024-09-27T20:45:00Z","utc_polygon_begin":"2024-09-27T20:09:00Z","utc_polygon_end":"2024-09-27T20:45:00Z","ph_sig":"TO.W","wfo":"RNK","eventid":49,"phenomena":"TO","significance":"W","nws_color":"#FF0000","event_label":"Tornado Warning","status":"NEW","product_id":"202409272009-KRNK-WFUS51-TORRNK","year":2024,"fcster":"SH"},"geometry":{"type":"MultiPolygon","coordinates":[[[[-79.24,36.54],[-79.33,36.54],[-79.33,36.57],[-79.3,36.57],[-79.31,36.58],[-79.33,36.58],[-79.32,36.75],[-79.09,36.68],[-79.24,36.54]]]]}},
{"type":"Feature","properties":{"ugclist":"KYC135, OHC001, OHC131, OHC145","locations":"Lewis [KY], Adams [OH], Pike [OH], Scioto [OH]","utc_issue":"2024-09-27T20:10:00Z","utc_expire":"2024-09-27T23:30:00Z","utc_polygon_begin":"2024-09-27T20:10:00Z","utc_polygon_end":"2024-09-27T21:23:00Z","ph_sig":"FF.W","wfo":"ILN","eventid":23,"phenomena":"FF","significance":"W","nws_color":"#8B0000","event_label":"Flash Flood Warning","status":"NEW","product_id":"202409272010-KILN-WGUS51-FFWILN","year":2024,"fcster":"Clark"},"geometry":{"type":"MultiPolygon","coordinates":[[[[-83.27,39.19],[-82.79,39.17],[-82.81,38.95],[-82.75,38.94],[-82.76,38.85],[-82.65,38.85],[-82.66,38.75],[-82.7,38.75],[-82.71,38.68],[-82.76,38.68],[-82.77,38.64],[-82.74,38.6],[-82.82,38.57],[-82.84,38.59],[-82.89,38.76],[-83.03,38.73],[-83.02,38.68],[-83.07,38.63],[-83.24,38.78],[-83.39,39.03],[-83.27,39.19]]]]}},
{"type":"Feature","properties":{"ugclist":"VAC036, VAC093, VAC095, VAC149, VAC175, VAC181, VAC183, VAC700, VAC800","locations":"Charles City [VA], Isle of Wight [VA], James City [VA], Prince George [VA], Southampton [VA], Surry [VA], Sussex [VA], City of Newport News [VA], City of Suffolk [VA]","utc_issue":"2024-09-27T20:13:00Z","utc_expire":"2024-09-27T23:15:00Z","utc_polygon_begin":"2024-09-27T20:13:00Z","utc_polygon_end":"2024-09-27T23:15:00Z","ph_sig":"FF.W","wfo":"AKQ","eventid":130,"phenomena":"FF","significance":"W","nws_color":"#8B0000","event_label":"Flash Flood Warning","status":"NEW","product_id":"202409272013-KAKQ-WGUS51-FFWAKQ","year":2024,"fcster":"RMM"},"geometry":{"type":"MultiPolygon","coordinates":[[[[-76.85,37.27],[-76.54,37.18],[-76.58,37.06],[-76.59,37.08],[-76.61,37.09],[-76.63,37.1],[-76.64,37.06],[-76.59,37.05],[-76.72,36.66],[-76.89,36.66],[-76.91,36.77],[-76.95,36.88],[-77.06,36.94],[-77.18,36.95],[-77.1,37.2],[-76.85,37.27]]]]}},
{"type":"Feature","properties":{"ugclist":"SCC073, SCC077","locations":"Oconee [SC], Pickens [SC]","utc_issue":"2024-09-27T20:15:00Z","utc_expire":"2024-09-28T02:15:00Z","utc_polygon_begin":"2024-09-27T20:15:00Z","utc_polygon_end":"2024-09-27T22:32:00Z","ph_sig":"FA.W","wfo":"GSP","eventid":33,"phenomena":"FA","significance":"W","nws_color":"#00FF00","event_label":"Flood Warning","status":"NEW","product_id":"202409272015-KGSP-WGUS42-FLWGSP","year":2024,"fcster":"ARK"},"geometry":{"type":"MultiPolygon","coordinates":[[[[-83.31,34.82],[-83.27,34.82],[-83.16,34.93],[-83.11,34.94],[-83.1,35.0],[-82.78,35.09],[-82.75,35.05],[-82.57,35.07],[-82.59,35.06],[-82.59,35.01],[-82.54,35.02],[-82.55,34.98],[-82.48,34.83],[-82.79,34.67],[-83.0,34.47],[-83.07,34.5],[-83.16,34.6],[-83.23,34.61],[-83.35,34.7],[-83.31,34.82]]]]}},
{"type":"Feature","properties":{"ugclist":"OHC079, OHC163","locations":"Jackson [OH], Vinton [OH]","utc_issue":"2024-09-27T20:16:00Z","utc_expire":"2024-09-27T20:34:00Z","utc_polygon_begin":"2024-09-27T20:16:00Z","utc_polygon_end":"2024-09-27T20:34:00Z","ph_sig":"TO.W","wfo":"RLX","eventid":22,"phenomena":"TO","significance":"W","nws_color":"#FF0000","event_label":"Tornado Warning","status":"NEW","product_id":"202409272016-KRLX-WFUS51-TORRLX","year":2024,"fcster":"JP"},"geometry":{"type":"MultiPolygon","coordinates":[[[[-82.79,39.15],[-82.78,39.17],[-82.77,39.17],[-82.76,39.26],[-82.74,39.27],[-82.62,38.95],[-82.76,38.91],[-82.75,38.94],[-82.81,38.95],[-82.79,39.15]]]]}},
{"type":"Feature","properties":{"ugclist":"NCC015, NCC073, NCC091, NCC131, VAC093, VAC175, VAC620, VAC800","locations":"Bertie [NC], Gates [NC], Hertford [NC], Northampton [NC], Isle of Wight [VA], Southampton [VA], City of Franklin [VA], City of Suffolk [VA]","utc_issue":"2024-09-27T20:19:00Z","utc_expire":"2024-09-27T23:23:00Z","utc_polygon_begin":"2024-09-27T20:19:00Z","utc_polygon_end":"2024-09-27T20:56:00Z","ph_sig":"FF.W","wfo":"AKQ","eventid":131,"phenomena":"FF","significance":"W","nws_color":"#8B0000","event_label":"Flash Flood Warning","status":"NEW","product_id":"202409272019-KAKQ-WGUS51-FFWAKQ","year":2024,"fcster":"RMM"},"geometry":{"type":"MultiPolygon","coordinates":[[[[-77.22,36.78],[-77.14,36.85],[-77.12,36.86],[-77.11,36.86],[-77.09,36.87],[-77.07,36.88],[-77.05,36.89],[-77.04,36.9],[-76.86,36.89],[-76.8,36.4],[-76.92,36.12],[-77.02,36.06],[-77.17,36.07],[-77.23,36.15],[-77.2,36.31],[-77.2,36.39],[-77.23,36.55],[-77.22,36.78]]]]}},
{"type":"Feature","properties":{"ugclist":"NCC015, NCC073, NCC091","locations":"Bertie [NC], Gates [NC], Hertford [NC]","utc_issue":"2024-09-27T20:23:00Z","utc_expire":"2024-09-27T21:00:00Z","utc_polygon_begin":"2024-09-27T20:23:00Z","utc_polygon_end":"2024-09-27T20:35:00Z","ph_sig":"TO.W","wfo":"AKQ","eventid":37,"phenomena":"TO","significance":"W","nws_color":"#FF0000","event_label":"Tornado Warning","status":"NEW","product_id":"202409272023-KAKQ-WFUS51-TORAKQ","year":2024,"fcster":"Zimmerman"},"geometry":{"type":"MultiPolygon","coordinates":[[[[-76.9,36.16],[-77.03,36.2],[-76.89,36.55],[-76.6,36.47],[-76.9,36.16]]]]}},
{"type":"Feature","properties":{"ugclist":"VAC005, VAC017, VAC580, WVC025","locations":"Alleghany [VA], Bath [VA], City of Covington [VA], Greenbrier [WV]","utc_issue":"2024-09-27T20:25:00Z","utc_expire":"2024-09-27T21:00:00Z","utc_polygon_begin":"2024-09-27T20:25:00Z","utc_polygon_end":"2024-09-27T20:47:00Z","ph_sig":"SV.W","wfo":"RNK","eventid":187,"phenomena":"SV","significance":"W","nws_color":"#FFA500","event_label":"Severe Thunderstorm Warning","status":"NEW","product_id":"202409272025-KRNK-WUUS51-SVRRNK","year":2024,"fcster":"SH"},"geometry":{"type":"MultiPolygon","coordinates":[[[[-79.89,37.74],[-79.91,37.71],[-79.93,37.7],[-79.94,37.7],[-79.96,37.68],[-79.98,37.68],[-80.26,37.94],[-79.99,38.05],[-79.89,37.74]]]]}},
{"type":"Feature","properties":{"ugclist":"VAC015, VAC820","locations":"Augusta [VA], City of Waynesboro [VA]","utc_issue":"2024-09-27T20:25:00Z","utc_expire":"2024-09-28T02:30:00Z","utc_polygon_begin":"2024-09-27T20:25:00Z","utc_polygon_end":"2024-09-28T02:29:00Z","ph_sig":"FA.W","wfo":"LWX","eventid":70,"phenomena":"FA","significance":"W","nws_color":"#00FF00","event_label":"Flood Warning","status":"NEW","product_id":"202409272025-KLWX-WGUS41-FLWLWX","year":2024,"fcster":"BJL"},"geometry":{"type":"MultiPolygon","coordinates":[[[[-78.75,38.21],[-78.79,38.13],[-78.78,38.08],[-78.88,38.03],[-78.89,38.0],[-78.91,37.99],[-78.91,37.98],[-78.89,37.97],[-78.9,37.95],[-78.94,37.94],[-78.96,37.92],[-79.0,37.88],[-79.02,37.89],[-79.04,37.89],[-79.06,37.92],[-79.15,37.89],[-79.17,37.9],[-79.01,38.12],[-78.84,38.27],[-78.75,38.21]]]]}},
{"type":"Feature","properties":{"ugclist":"OHC131, OHC141","locations":"Pike [OH], Ross [OH]","utc_issue":"2024-09-27T20:26:00Z","utc_expire":"2024-09-27T21:00:00Z","utc_polygon_begin":"2024-09-27T20:26:00Z","utc_polygon_end":"2024-09-27T21:00:00Z","ph_sig":"TO.W","wfo":"ILN","eventid":79,"phenomena":"TO","significance":"W","nws_color":"#FF0000","event_label":"Tornado Warning","status":"NEW","product_id":"202409272026-KILN-WFUS51-TORILN","year":2024,"fcster":"AR"},"geometry":{"type":"MultiPolygon","coordinates":[[[[-82.78,39.17],[-82.79,39.16],[-82.81,38.96],[-82.84,38.95],[-82.96,38.96],[-83.36,39.33],[-82.99,39.5],[-82.98,39.49],[-83.0,39.48],[-82.98,39.48],[-82.76,39.18],[-82.77,39.17],[-82.78,39.17]]]]}},
{"type":"Feature","properties":{"ugclist":"VAC067, VAC161, VAC770","locations":"Franklin [VA], Roanoke [VA], City of Roanoke [VA]","utc_issue":"2024-09-27T20:27:00Z","utc_expire":"2024-09-27T21:00:00Z","utc_polygon_begin":"2024-09-27T20:27:00Z","utc_polygon_end":"2024-09-27T20:37:00Z","ph_sig":"TO.W","wfo":"RNK","eventid":50,"phenomena":"TO","significance":"W","nws_color":"#FF0000","event_label":"Tornado Warning","status":"NEW","product_id":"202409272027-KRNK-WFUS51-TORRNK","year":2024,"fcster":"SH"},"geometry":{"type":"MultiPolygon","coordinates":[[[[-79.79,36.97],[-79.9,36.97],[-80.03,37.23],[-79.85,37.25],[-79.84,37.21],[-79.83,37.23],[-79.82,37.23],[-79.8,37.21],[-79.8,37.23],[-79.78,37.23],[-79.78,37.21],[-79.75,37.19],[-79.79,36.97]]]]}},
{"type":"Feature","properties":{"ugclist":"KYC043, KYC089","locations":"Carter [KY], Greenup [KY]","utc_issue":"2024-09-27T20:29:00Z","utc_expire":"2024-09-27T23:30:00Z","utc_polygon_begin":"2024-09-27T20:29:00Z","utc_polygon_end":"2024-09-27T23:30:00Z","ph_sig":"FF.W","wfo":"RLX","eventid":49,"phenomena":"FF","significance":"W","nws_color":"#8B0000","event_label":"Flash Flood Warning","status":"NEW","product_id":"202409272029-KRLX-WGUS51-FFWRLX","year":2024,"fcster":null},"geometry":{"type":"MultiPolygon","coordinates":[[[[-83.1,38.56],[-83.07,38.6],[-83.07,38.63],[-83.05,38.64],[-83.02,38.68],[-83.04,38.7],[-83.03,38.73],[-82.98,38.73],[-82.89,38.76],[-82.87,38.74],[-82.98,38.57],[-82.88,38.44],[-82.84,38.44],[-82.84,38.43],[-82.87,38.39],[-82.82,38.34],[-82.93,38.29],[-83.02,38.39],[-83.04,38.47],[-83.1,38.56]]]]}},
{"type":"Feature","properties":{"ugclist":"VAC093, VAC175, VAC181, VAC183","locations":"Isle of Wight [VA], Southampton [VA], Surry [VA], Sussex [VA]","utc_issue":"2024-09-27T20:30:00Z","utc_expire":"2024-09-27T21:00:00Z","utc_polygon_begin":"2024-09-27T20:30:00Z","utc_polygon_end":"2024-09-27T20:32:00Z","ph_sig":"TO.W","wfo":"AKQ","eventid":38,"phenomena":"TO","significance":"W","nws_color":"#FF0000","event_label":"Tornado Warning","status":"NEW","product_id":"202409272030-KAKQ-WFUS51-TORAKQ","year":2024,"fcster":"Wray"},"geometry":{"type":"MultiPolygon","coordinates":[[[[-76.9,36.81],[-76.99,36.8],[-77.05,37.02],[-76.8,37.02],[-76.9,36.81]]]]}},
{"type":"Feature","properties":{"ugclist":"NCC033, VAC083, VAC143","locations":"Caswell [NC], Halifax [VA], Pittsylvania [VA]","utc_issue":"2024-09-27T20:32:00Z","utc_expire":"2024-09-27T21:00:00Z","utc_polygon_begin":"2024-09-27T20:32:00Z","utc_polygon_end":"2024-09-27T21:00:00Z","ph_sig":"TO.W","wfo":"RNK","eventid":51,"phenomena":"TO","significance":"W","nws_color":"#FF0000","event_label":"Tornado Warning","status":"NEW","product_id":"202409272032-KRNK-WFUS51-TORRNK","year":2024,"fcster":"SH"},"geometry":{"type":"MultiPolygon","coordinates":[[[[-79.23,36.46],[-79.36,36.49],[-79.35,36.54],[-79.34,36.54],[-79.35,36.56],[-79.33,36.57],[-79.3,36.57],[-79.3,36.58],[-79.33,36.58],[-79.33,36.6],[-79.34,36.6],[-79.29,36.91],[-79.01,36.87],[-79.23,36.46]]]]}},
{"type":"Feature","properties":{"ugclist":"NCC025","locations":"Cabarrus [NC]","utc_issue":"2024-09-27T20:33:00Z","utc_expire":"2024-09-28T13:00:00Z","utc_polygon_begin":"2024-09-27T20:33:00Z","utc_polygon_end":"2024-09-28T12:41:00Z","ph_sig":"FA.W","wfo":"GSP","eventid":34,"phenomena":"FA","significance":"W","nws_color":"#00FF00","event_label":"Flood Warning","status":"NEW","product_id":"202409272033-KGSP-WGUS42-FLWGSP","year":2024,"fcster":"CSH"},"geometry":{"type":"MultiPolygon","coordinates":[[[[-80.43,35.36],[-80.41,35.33],[-80.5,35.2],[-80.52,35.2],[-80.51,35.25],[-80.49,35.3],[-80.5,35.31],[-80.51,35.31],[-80.54,35.31],[-80.59,35.29],[-80.61,35.3],[-80.62,35.33],[-80.6,35.34],[-80.47,35.34],[-80.43,35.36]]]]}},
{"type":"Feature","properties":{"ugclist":"NCC199","locations":"Yancey [NC]","utc_issue":"2024-09-27T20:35:00Z","utc_expire":"2024-09-28T02:30:00Z","utc_polygon_begin":"2024-09-27T20:35:00Z","utc_polygon_end":"2024-09-28T00:23:00Z","ph_sig":"FA.W","wfo":"GSP","eventid":35,"phenomena":"FA","significance":"W","nws_color":"#00FF00","event_label":"Flood Warning","status":"NEW","product_id":"202409272035-KGSP-WGUS42-FLWGSP","year":2024,"fcster":"ARK"},"geometry":{"type":"MultiPolygon","coordinates":[[[[-82.41,35.82],[-82.45,35.9],[-82.49,35.91],[-82.48,35.95],[-82.5,35.98],[-82.4,36.08],[-82.35,36.08],[-82.34,36.03],[-82.31,36.03],[-82.3,36.05],[-82.25,35.99],[-82.25,36.01],[-82.2,36.01],[-82.2,35.95],[-82.15,35.93],[-82.13,35.82],[-82.19,35.74],[-82.26,35.7],[-82.33,35.75],[-82.35,35.81],[-82.41,35.82]]]]}},
{"type":"Feature","properties":{"ugclist":"KYC047, KYC221","locations":"Christian [KY], Trigg [KY]","utc_issue":"2024-09-27T21:15:00Z","utc_expire":"2024-09-28T02:53:00Z","utc_polygon_begin":"2024-09-27T20:36:00Z","utc_polygon_end":"2024-09-27T20:36:00Z","ph_sig":"FL.W","wfo":"PAH","eventid":35,"phenomena":"FL","significance":"W","nws_color":"#00FF00","event_label":"Flood Warning","status":"NEW","product_id":"202409272005-KPAH-WGUS43-FLWPAH","year":2024,"fcster":"DW"},"geometry":{"type":"MultiPolygon","coordinates":[[[[-87.48,36.86],[-87.39,36.85],[-87.39,36.83],[-87.45,36.83],[-87.47,36.81],[-87.51,36.82],[-87.48,36.86]]]]}},
{"type":"Feature","properties":{"ugclist":"OHC131, OHC141, OHC145","locations":"Pike [OH], Ross [OH], Scioto [OH]","utc_issue":"2024-09-27T20:42:00Z","utc_expire":"2024-09-27T21:30:00Z","utc_polygon_begin":"2024-09-27T20:42:00Z","utc_polygon_end":"2024-09-27T21:30:00Z","ph_sig":"SV.W","wfo":"ILN","eventid":177,"phenomena":"SV","significance":"W","nws_color":"#FFA500","event_label":"Severe Thunderstorm Warning","status":"NEW","product_id":"202409272042-KILN-WUUS51-SVRILN","year":2024,"fcster":"AR"},"geometry":{"type":"MultiPolygon","coordinates":[[[[-83.34,39.15],[-83.37,39.38],[-83.26,39.51],[-82.99,39.51],[-82.98,39.49],[-83.0,39.48],[-82.96,39.48],[-82.8,39.36],[-82.79,39.16],[-82.81,38.95],[-82.77,38.95],[-82.76,38.77],[-83.11,38.73],[-83.34,39.15]]]]}},
{"type":"Feature","properties":{"ugclist":"NCC073, NCC091, VAC800","locations":"Gates [NC], Hertford [NC], City of Suffolk [VA]","utc_issue":"2024-09-27T20:43:00Z","utc_expire":"2024-09-27T23:45:00Z","utc_polygon_begin":"2024-09-27T20:43:00Z","utc_polygon_end":"2024-09-27T23:44:00Z","ph_sig":"FF.W","wfo":"AKQ","eventid":132,"phenomena":"FF","significance":"W","nws_color":"#8B0000","event_label":"Flash Flood Warning","status":"NEW","product_id":"202409272043-KAKQ-WGUS51-FFWAKQ","year":2024,"fcster":"RMM"},"geometry":{"type":"MultiPolygon","coordinates":[[[[-76.76,36.45],[-76.78,36.66],[-76.72,36.66],[-76.67,36.81],[-76.5,36.8],[-76.55,36.63],[-76.64,36.38],[-76.79,36.29],[-76.83,36.24],[-76.78,36.41],[-76.76,36.45]]]]}},
{"type":"Feature","properties":{"ugclist":"TNC033, TNC069, TNC075, TNC113","locations":"Crockett [TN], Hardeman [TN], Haywood [TN], Madison [TN]","utc_issue":"2024-09-27T20:44:00Z","utc_expire":"2024-09-27T23:45:00Z","utc_polygon_begin":"2024-09-27T20:44:00Z","utc_polygon_end":"2024-09-27T22:22:00Z","ph_sig":"FA.Y","wfo":"MEG","eventid":108,"phenomena":"FA","significance":"Y","nws_color":"#00FF7F","event_label":"Flood Advisory","status":"NEW","product_id":"202409272044-KMEG-WGUS84-FLSMEG","year":2024,"fcster":"CAD"},"geometry":{"type":"MultiPolygon","coordinates":[[[[-89.43,35.62],[-89.35,35.69],[-89.04,35.71],[-88.86,35.8],[-88.74,35.79],[-88.65,35.77],[-88.62,35.58],[-88.7,35.48],[-88.84,35.43],[-88.84,35.41],[-89.18,35.39],[-89.45,35.42],[-89.43,35.62]]]]}},
{"type":"Feature","properties":{"ugclist":"NCC115","locations":"Madison [NC]","utc_issue":"2024-09-27T20:45:00Z","utc_expire":"2024-09-28T02:45:00Z","utc_polygon_begin":"2024-09-27T20:45:00Z","utc_polygon_end":"2024-09-28T01:21:00Z","ph_sig":"FA.W","wfo":"GSP","eventid":36,"phenomena":"FA","significance":"W","nws_color":"#00FF00","event_label":"Flood Warning","status":"NEW","product_id":"202409272045-KGSP-WGUS42-FLWGSP","year":2024,"fcster":"ARK"},"geometry":{"type":"MultiPolygon","coordinates":[[[[-82.48,35.95],[-82.49,35.91],[-82.45,35.9],[-82.41,35.83],[-82.41,35.82],[-82.88,35.68],[-82.92,35.74],[-82.96,35.75],[-82.96,35.79],[-82.9,35.88],[-82.92,35.93],[-82.87,35.95],[-82.81,35.93],[-82.78,36.0],[-82.63,36.07],[-82.59,36.03],[-82.61,36.0],[-82.61,35.97],[-82.56,35.95],[-82.51,35.98],[-82.48,35.95]]]]}},
{"type":"Feature","properties":{"ugclist":"SCC091","locations":"York [SC]","utc_issue":"2024-09-27T20:45:00Z","utc_expire":"2024-09-28T18:00:00Z","utc_polygon_begin":"2024-09-27T20:45:00Z","utc_polygon_end":"2024-09-28T18:00:00Z","ph_sig":"FA.W","wfo":"GSP","eventid":37,"phenomena":"FA","significance":"W","nws_color":"#00FF00","event_label":"Flood Warning","status":"NEW","product_id":"202409272045-KGSP-WGUS42-FLWGSP-RRA","year":2024,"fcster":"CSH"},"geometry":{"type":"MultiPolygon","coordinates":[[[[-80.88,34.96],[-80.87,34.95],[-80.87,34.92],[-80.88,34.9],[-80.88,34.87],[-80.87,34.85],[-80.87,34.84],[-80.88,34.83],[-80.92,34.82],[-80.94,34.86],[-80.98,34.9],[-81.12,35.0],[-81.01,35.06],[-80.91,35.01],[-80.88,34.97],[-80.88,34.96]]]]}},
{"type":"Feature","properties":{"ugclist":"TNC019, TNC059, TNC091, TNC163, TNC171, TNC179","locations":"Carter [TN], Greene [TN], Johnson [TN], Sullivan [TN], Unicoi [TN], Washington [TN]","utc_issue":"2024-09-27T20:54:00Z","utc_expire":"2024-09-28T00:00:00Z","utc_polygon_begin":"2024-09-27T20:54:00Z","utc_polygon_end":"2024-09-28T00:00:00Z","ph_sig":"FF.W","wfo":"MRX","eventid":53,"phenomena":"FF","significance":"W","nws_color":"#8B0000","event_label":"Flash Flood Warning","status":"NEW","product_id":"202409272054-KMRX-WGUS54-FFWMRX","year":2024,"fcster":"DH"},"geometry":{"type":"MultiPolygon","coordinates":[[[[-82.59,36.08],[-82.66,36.15],[-82.65,36.28],[-82.44,36.37],[-82.43,36.45],[-82.29,36.43],[-81.99,36.51],[-81.94,36.47],[-82.04,36.36],[-82.2,36.27],[-82.36,36.18],[-82.52,36.09],[-82.59,36.05],[-82.6,36.07],[-82.59,36.08]]]]}},
{"type":"Feature","properties":{"ugclist":"VAC113, VAC139, VAC165","locations":"Madison [VA], Page [VA], Rockingham [VA]","utc_issue":"2024-09-27T20:55:00Z","utc_expire":"2024-09-28T02:30:00Z","utc_polygon_begin":"2024-09-27T20:55:00Z","utc_polygon_end":"2024-09-28T02:33:00Z","ph_sig":"FA.W","wfo":"LWX","eventid":71,"phenomena":"FA","significance":"W","nws_color":"#00FF00","event_label":"Flood Warning","status":"NEW","product_id":"202409272055-KLWX-WGUS41-FLWLWX","year":2024,"fcster":"BJL"},"geometry":{"type":"MultiPolygon","coordinates":[[[[-78.38,38.64],[-78.34,38.63],[-78.33,38.62],[-78.36,38.5],[-78.38,38.48],[-78.44,38.44],[-78.45,38.48],[-78.5,38.4],[-78.52,38.39],[-78.53,38.37],[-78.54,38.36],[-78.55,38.34],[-78.64,38.29],[-78.65,38.29],[-78.66,38.25],[-78.7,38.25],[-78.75,38.21],[-78.84,38.27],[-78.59,38.46],[-78.38,38.64]]]]}},
{"type":"Feature","properties":{"ugclist":"VAC019, VAC067","locations":"Bedford [VA], Franklin [VA]","utc_issue":"2024-09-27T20:56:00Z","utc_expire":"2024-09-27T21:30:00Z","utc_polygon_begin":"2024-09-27T20:56:00Z","utc_polygon_end":"2024-09-27T21:10:00Z","ph_sig":"TO.W","wfo":"RNK","eventid":52,"phenomena":"TO","significance":"W","nws_color":"#FF0000","event_label":"Tornado Warning","status":"NEW","product_id":"202409272056-KRNK-WFUS51-TORRNK","year":2024,"fcster":"SH"},"geometry":{"type":"MultiPolygon","coordinates":[[[[-79.7,37.12],[-79.77,37.12],[-79.82,37.32],[-79.6,37.32],[-79.7,37.12]]]]}},
{"type":"Feature","properties":{"ugclist":"NCC033, VAC083, VAC143","locations":"Caswell [NC], Halifax [VA], Pittsylvania [VA]","utc_issue":"2024-09-27T20:59:00Z","utc_expire":"2024-09-27T21:45:00Z","utc_polygon_begin":"2024-09-27T20:59:00Z","utc_polygon_end":"2024-09-27T21:16:00Z","ph_sig":"TO.W","wfo":"RNK","eventid":53,"phenomena":"TO","significance":"W","nws_color":"#FF0000","event_label":"Tornado Warning","status":"NEW","product_id":"202409272059-KRNK-WFUS51-TORRNK","year":2024,"fcster":"SH"},"geometry":{"type":"MultiPolygon","coordinates":[[[[-79.02,36.69],[-79.19,36.46],[-79.3,36.48],[-79.29,36.73],[-79.02,36.69]]]]}},
{"type":"Feature","properties":{"ugclist":"NCC073, VAC800","locations":"Gates [NC], City of Suffolk [VA]","utc_issue":"2024-09-27T21:00:00Z","utc_expire":"2024-09-27T21:30:00Z","utc_polygon_begin":"2024-09-27T21:00:00Z","utc_polygon_end":"2024-09-27T21:17:00Z","ph_sig":"TO.W","wfo":"AKQ","eventid":39,"phenomena":"TO","significance":"W","nws_color":"#FF0000","event_label":"Tornado Warning","status":"NEW","product_id":"202409272100-KAKQ-WFUS51-TORAKQ","year":2024,"fcster":"Zimmerman"},"geometry":{"type":"MultiPolygon","coordinates":[[[[-76.82,36.48],[-76.75,36.74],[-76.47,36.7],[-76.48,36.65],[-76.67,36.44],[-76.82,36.48]]]]}},
{"type":"Feature","properties":{"ugclist":"VAC083, VAC143","locations":"Halifax [VA], Pittsylvania [VA]","utc_issue":"2024-09-27T21:08:00Z","utc_expire":"2024-09-27T21:45:00Z","utc_polygon_begin":"2024-09-27T21:08:00Z","utc_polygon_end":"2024-09-27T21:36:00Z","ph_sig":"TO.W","wfo":"RNK","eventid":54,"phenomena":"TO","significance":"W","nws_color":"#FF0000","event_label":"Tornado Warning","status":"NEW","product_id":"202409272108-KRNK-WFUS51-TORRNK","year":2024,"fcster":"BUTTS"},"geometry":{"type":"MultiPolygon","coordinates":[[[[-79.09,36.61],[-79.31,36.67],[-79.16,37.07],[-79.12,37.09],[-79.11,37.07],[-79.06,37.04],[-79.02,37.04],[-79.01,37.03],[-78.97,37.05],[-78.91,37.03],[-78.89,37.0],[-78.9,36.98],[-78.87,36.98],[-79.09,36.61]]]]}},
{"type":"Feature","properties":{"ugclist":"VAC036, VAC073, VAC093, VAC095, VAC181, VAC199, VAC550, VAC650, VAC700, VAC710, VAC735, VAC740, VAC800, VAC810, VAC830","locations":"Charles City [VA], Gloucester [VA], Isle of Wight [VA], James City [VA], Surry [VA], York [VA], City of Chesapeake [VA], City of Hampton [VA], City of Newport News [VA], City of Norfolk [VA], City of Poquoson [VA], City of Portsmouth [VA], City of Suffolk [VA], City of Virginia Beach [VA], City of Williamsburg [VA]","utc_issue":"2024-09-27T21:13:00Z","utc_expire":"2024-09-27T23:45:00Z","utc_polygon_begin":"2024-09-27T21:13:00Z","utc_polygon_end":"2024-09-27T23:45:00Z","ph_sig":"FF.W","wfo":"AKQ","eventid":133,"phenomena":"FF","significance":"W","nws_color":"#8B0000","event_label":"Flash Flood Warning","status":"NEW","product_id":"202409272113-KAKQ-WGUS51-FFWAKQ","year":2024,"fcster":"RMM"},"geometry":{"type":"MultiPolygon","coordinates":[[[[-77.01,37.23],[-76.99,37.42],[-76.9,37.38],[-76.88,37.44],[-76.65,37.5],[-76.66,37.52],[-76.44,37.51],[-76.28,36.99],[-76.1,36.94],[-76.18,36.83],[-76.68,36.81],[-76.62,37.06],[-76.46,36.93],[-76.36,36.94],[-76.34,36.98],[-76.45,36.95],[-76.63,37.11],[-76.54,37.18],[-77.02,37.2],[-77.02,37.21],[-77.01,37.23]]]]}},
{"type":"Feature","properties":{"ugclist":"OHC047, OHC071, OHC131, OHC141","locations":"Fayette [OH], Highland [OH], Pike [OH], Ross [OH]","utc_issue":"2024-09-27T21:13:00Z","utc_expire":"2024-09-28T00:41:00Z","utc_polygon_begin":"2024-09-27T21:13:00Z","utc_polygon_end":"2024-09-27T21:56:00Z","ph_sig":"FF.W","wfo":"ILN","eventid":24,"phenomena":"FF","significance":"W","nws_color":"#8B0000","event_label":"Flash Flood Warning","status":"NEW","product_id":"202409272113-KILN-WGUS51-FFWILN","year":2024,"fcster":"Hickman"},"geometry":{"type":"MultiPolygon","coordinates":[[[[-83.59,39.4],[-83.58,39.48],[-83.51,39.51],[-83.33,39.49],[-83.13,39.4],[-82.93,39.29],[-82.79,39.17],[-82.79,39.16],[-83.25,39.17],[-83.35,39.05],[-83.37,39.05],[-83.38,39.06],[-83.39,39.06],[-83.39,39.05],[-83.4,39.05],[-83.58,39.38],[-83.59,39.4]]]]}},
{"type":"Feature","properties":{"ugclist":"VAC045, VAC161, VAC770, VAC775","locations":"Craig [VA], Roanoke [VA], City of Roanoke [VA], City of Salem [VA]","utc_issue":"2024-09-27T21:16:00Z","utc_expire":"2024-09-28T03:15:00Z","utc_polygon_begin":"2024-09-27T21:16:00Z","utc_polygon_end":"2024-09-28T03:10:00Z","ph_sig":"FA.W","wfo":"RNK","eventid":48,"phenomena":"FA","significance":"W","nws_color":"#00FF00","event_label":"Flood Warning","status":"NEW","product_id":"202409272116-KRNK-WGUS41-FLWRNK","year":2024,"fcster":"16"},"geometry":{"type":"MultiPolygon","coordinates":[[[[-80.28,37.53],[-80.33,37.54],[-80.33,37.56],[-80.22,37.63],[-80.14,37.6],[-80.03,37.66],[-79.97,37.54],[-80.07,37.42],[-79.87,37.33],[-79.84,37.3],[-79.84,37.23],[-79.95,37.14],[-80.03,37.17],[-80.17,37.11],[-80.19,37.23],[-80.26,37.34],[-80.33,37.37],[-80.43,37.32],[-80.48,37.42],[-80.3,37.51],[-80.28,37.53]]]]}},
{"type":"Feature","properties":{"ugclist":"VAC019, VAC023","locations":"Bedford [VA], Botetourt [VA]","utc_issue":"2024-09-27T21:20:00Z","utc_expire":"2024-09-27T21:45:00Z","utc_polygon_begin":"2024-09-27T21:20:00Z","utc_polygon_end":"2024-09-27T21:33:00Z","ph_sig":"TO.W","wfo":"RNK","eventid":55,"phenomena":"TO","significance":"W","nws_color":"#FF0000","event_label":"Tornado Warning","status":"NEW","product_id":"202409272120-KRNK-WFUS51-TORRNK","year":2024,"fcster":"Butts"},"geometry":{"type":"MultiPolygon","coordinates":[[[[-79.58,37.58],[-79.57,37.57],[-79.63,37.26],[-79.82,37.24],[-79.85,37.29],[-79.84,37.3],[-79.87,37.33],[-79.88,37.33],[-80.0,37.52],[-79.97,37.54],[-79.97,37.56],[-79.57,37.6],[-79.58,37.58]]]]}},
{"type":"Feature","properties":{"ugclist":"PRC021, PRC047, PRC051, PRC135, PRC137, PRC143, PRC145","locations":"Bayamon [PR], Corozal [PR], Dorado [PR], Toa Alta [PR], Toa Baja [PR], Vega Alta [PR], Vega Baja [PR]","utc_issue":"2024-09-27T21:23:00Z","utc_expire":"2024-09-27T23:00:00Z","utc_polygon_begin":"2024-09-27T21:23:00Z","utc_polygon_end":"2024-09-27T22:56:00Z","ph_sig":"FA.Y","wfo":"JSJ","eventid":507,"phenomena":"FA","significance":"Y","nws_color":"#00FF7F","event_label":"Flood Advisory","status":"NEW","product_id":"202409272123-TJSJ-WGCA82-FLSSJU","year":2024,"fcster":"ERG"},"geometry":{"type":"MultiPolygon","coordinates":[[[[-66.38,18.49],[-66.19,18.47],[-66.16,18.45],[-66.17,18.43],[-66.12,18.41],[-66.14,18.28],[-66.19,18.26],[-66.22,18.33],[-66.28,18.33],[-66.3,18.26],[-66.35,18.24],[-66.38,18.28],[-66.36,18.33],[-66.4,18.37],[-66.45,18.37],[-66.44,18.49],[-66.36,18.47],[-66.38,18.49]]]]}},
{"type":"Feature","properties":{"ugclist":"OHC001, OHC131, OHC141, OHC145","locations":"Adams [OH], Pike [OH], Ross [OH], Scioto [OH]","utc_issue":"2024-09-27T21:28:00Z","utc_expire":"2024-09-27T22:30:00Z","utc_polygon_begin":"2024-09-27T21:28:00Z","utc_polygon_end":"2024-09-27T22:21:00Z","ph_sig":"SV.W","wfo":"ILN","eventid":178,"phenomena":"SV","significance":"W","nws_color":"#FFA500","event_label":"Severe Thunderstorm Warning","status":"NEW","product_id":"202409272128-KILN-WUUS51-SVRILN","year":2024,"fcster":"AR"},"geometry":{"type":"MultiPolygon","coordinates":[[[[-83.38,39.36],[-83.27,39.51],[-82.98,39.5],[-83.0,39.48],[-82.96,39.48],[-82.89,39.34],[-82.77,38.71],[-82.88,38.7],[-82.87,38.74],[-82.9,38.76],[-82.98,38.73],[-83.03,38.73],[-83.07,38.68],[-83.23,38.67],[-83.38,39.36]]]]}},
{"type":"Feature","properties":{"ugclist":"VAC550, VAC800","locations":"City of Chesapeake [VA], City of Suffolk [VA]","utc_issue":"2024-09-27T21:29:00Z","utc_expire":"2024-09-27T22:00:00Z","utc_polygon_begin":"2024-09-27T21:29:00Z","utc_polygon_end":"2024-09-27T21:46:00Z","ph_sig":"TO.W","wfo":"AKQ","eventid":40,"phenomena":"TO","significance":"W","nws_color":"#FF0000","event_label":"Tornado Warning","status":"NEW","product_id":"202409272129-KAKQ-WFUS51-TORAKQ","year":2024,"fcster":"Zimmerman"},"geometry":{"type":"MultiPolygon","coordinates":[[[[-76.68,36.61],[-76.53,36.87],[-76.4,36.82],[-76.4,36.81],[-76.38,36.79],[-76.59,36.57],[-76.68,36.61]]]]}},
{"type":"Feature","properties":{"ugclist":"VAC093, VAC800","locations":"Isle of Wight [VA], City of Suffolk [VA]","utc_issue":"2024-09-27T21:32:00Z","utc_expire":"2024-09-27T22:00:00Z","utc_polygon_begin":"2024-09-27T21:32:00Z","utc_polygon_end":"2024-09-27T21:40:00Z","ph_sig":"TO.W","wfo":"AKQ","eventid":41,"phenomena":"TO","significance":"W","nws_color":"#FF0000","event_label":"Tornado Warning","status":"NEW","product_id":"202409272132-KAKQ-WFUS51-TORAKQ","year":2024,"fcster":"Wray"},"geometry":{"type":"MultiPolygon","coordinates":[[[[-76.64,36.72],[-76.68,36.85],[-76.56,37.04],[-76.39,36.92],[-76.5,36.85],[-76.64,36.72]]]]}},
{"type":"Feature","properties":{"ugclist":"ANZ637, ANZ638","locations":"James River from Jamestown to the James River Bridge [], James River from James River Bridge to Hampton Roads Bridge-Tunnel []","utc_issue":"2024-09-27T21:33:00Z","utc_expire":"2024-09-27T22:30:00Z","utc_polygon_begin":"2024-09-27T21:33:00Z","utc_polygon_end":"2024-09-27T22:35:00Z","ph_sig":"MA.W","wfo":"AKQ","eventid":178,"phenomena":"MA","significance":"W","nws_color":"#FFA500","event_label":"Marine Warning","status":"NEW","product_id":"202409272133-KAKQ-WHUS51-SMWAKQ","year":2024,"fcster":"MRD"},"geometry":{"type":"MultiPolygon","coordinates":[[[[-76.79,37.22],[-76.73,37.28],[-76.71,37.28],[-76.62,37.25],[-76.57,37.15],[-76.41,37.02],[-76.35,37.08],[-76.29,37.08],[-76.32,37.01],[-76.3,36.97],[-76.23,36.93],[-76.4,36.86],[-76.52,36.9],[-76.57,36.96],[-76.65,36.95],[-76.68,36.98],[-76.67,37.01],[-76.71,37.04],[-76.7,37.09],[-76.79,37.15],[-76.79,37.22]]]]}},
{"type":"Feature","properties":{"ugclist":"VAC093, VAC095, VAC181, VAC199, VAC700","locations":"Isle of Wight [VA], James City [VA], Surry [VA], York [VA], City of Newport News [VA]","utc_issue":"2024-09-27T21:37:00Z","utc_expire":"2024-09-27T22:00:00Z","utc_polygon_begin":"2024-09-27T21:37:00Z","utc_polygon_end":"2024-09-27T21:50:00Z","ph_sig":"TO.W","wfo":"AKQ","eventid":42,"phenomena":"TO","significance":"W","nws_color":"#FF0000","event_label":"Tornado Warning","status":"NEW","product_id":"202409272137-KAKQ-WFUS51-TORAKQ","year":2024,"fcster":"Wray"},"geometry":{"type":"MultiPolygon","coordinates":[[[[-76.67,36.98],[-76.75,37.01],[-76.66,37.22],[-76.45,37.16],[-76.67,36.98]]]]}},
{"type":"Feature","properties":{"ugclist":"NCC037","locations":"Chatham [NC]","utc_issue":"2024-09-27T22:25:00Z","utc_expire":"2024-09-28T10:13:00Z","utc_polygon_begin":"2024-09-27T21:42:00Z","utc_polygon_end":"2024-09-27T21:42:00Z","ph_sig":"FL.W","wfo":"RAH","eventid":53,"phenomena":"FL","significance":"W","nws_color":"#00FF00","event_label":"Flood Warning","status":"NEW","product_id":"202409272030-KRAH-WGUS42-FLWRAH","year":2024,"fcster":"10"},"geometry":{"type":"MultiPolygon","coordinates":[[[[-79.18,35.9],[-79.11,35.82],[-79.05,35.76],[-79.16,35.69],[-79.3,35.85],[-79.18,35.9]]]]}},
{"type":"Feature","properties":{"ugclist":"KYC089","locations":"Greenup [KY]","utc_issue":"2024-09-27T21:47:00Z","utc_expire":"2024-09-28T00:09:00Z","utc_polygon_begin":"2024-09-27T21:47:00Z","utc_polygon_end":"2024-09-27T22:05:00Z","ph_sig":"FF.W","wfo":"RLX","eventid":50,"phenomena":"FF","significance":"W","nws_color":"#8B0000","event_label":"Flash Flood Warning","status":"NEW","product_id":"202409272147-KRLX-WGUS51-FFWRLX","year":2024,"fcster":null},"geometry":{"type":"MultiPolygon","coordinates":[[[[-82.99,38.55],[-83.01,38.56],[-83.07,38.64],[-83.05,38.64],[-83.05,38.66],[-83.04,38.66],[-83.02,38.68],[-83.03,38.69],[-83.04,38.7],[-83.03,38.73],[-83.01,38.73],[-82.98,38.73],[-82.93,38.75],[-82.89,38.76],[-82.87,38.74],[-82.87,38.72],[-82.88,38.69],[-82.86,38.66],[-82.86,38.63],[-82.9,38.58],[-82.99,38.55]]]]}},
{"type":"Feature","properties":{"ugclist":"VAC031, VAC037, VAC083","locations":"Campbell [VA], Charlotte [VA], Halifax [VA]","utc_issue":"2024-09-27T21:48:00Z","utc_expire":"2024-09-27T22:15:00Z","utc_polygon_begin":"2024-09-27T21:48:00Z","utc_polygon_end":"2024-09-27T22:01:00Z","ph_sig":"TO.W","wfo":"RNK","eventid":56,"phenomena":"TO","significance":"W","nws_color":"#FF0000","event_label":"Tornado Warning","status":"NEW","product_id":"202409272148-KRNK-WFUS51-TORRNK","year":2024,"fcster":"DB"},"geometry":{"type":"MultiPolygon","coordinates":[[[[-79.02,36.62],[-79.16,36.76],[-79.09,37.06],[-79.12,37.09],[-79.15,37.07],[-79.12,37.17],[-78.75,37.03],[-79.02,36.62]]]]}},
{"type":"Feature","properties":{"ugclist":"VAC083, VAC590","locations":"Halifax [VA], City of Danville [VA]","utc_issue":"2024-09-27T21:51:00Z","utc_expire":"2024-09-27T23:35:00Z","utc_polygon_begin":"2024-09-27T21:51:00Z","utc_polygon_end":"2024-09-27T23:35:00Z","ph_sig":"FA.Y","wfo":"RNK","eventid":118,"phenomena":"FA","significance":"Y","nws_color":"#00FF7F","event_label":"Flood Advisory","status":"NEW","product_id":"202409272151-KRNK-WGUS81-FLSRNK","year":2024,"fcster":"AS"},"geometry":{"type":"MultiPolygon","coordinates":[[[[-79.36,36.58],[-79.35,36.6],[-79.33,36.6],[-79.33,36.59],[-79.33,36.58],[-79.31,36.58],[-79.3,36.58],[-79.2,36.6],[-79.08,36.6],[-79.08,36.54],[-79.22,36.55],[-79.3,36.57],[-79.31,36.57],[-79.32,36.57],[-79.33,36.57],[-79.34,36.57],[-79.36,36.57],[-79.36,36.58]]]]}},
{"type":"Feature","properties":{"ugclist":"TNC029, TNC059, TNC089, TNC155","locations":"Cocke [TN], Greene [TN], Jefferson [TN], Sevier [TN]","utc_issue":"2024-09-27T22:01:00Z","utc_expire":"2024-09-28T04:00:00Z","utc_polygon_begin":"2024-09-27T22:01:00Z","utc_polygon_end":"2024-09-28T03:51:00Z","ph_sig":"FA.W","wfo":"MRX","eventid":11,"phenomena":"FA","significance":"W","nws_color":"#00FF00","event_label":"Flood Warning","status":"NEW","product_id":"202409272201-KMRX-WGUS44-FLWMRX","year":2024,"fcster":"DH"},"geometry":{"type":"MultiPolygon","coordinates":[[[[-83.2,36.01],[-82.65,36.17],[-82.58,36.08],[-82.6,36.04],[-82.64,36.07],[-82.78,36.0],[-82.81,35.93],[-82.9,35.94],[-82.92,35.84],[-82.99,35.77],[-83.08,35.79],[-83.16,35.77],[-83.19,35.73],[-83.25,35.72],[-83.3,35.66],[-83.35,35.66],[-83.5,35.56],[-83.66,35.57],[-83.66,35.69],[-83.7,35.71],[-83.2,36.01]]]]}},
{"type":"Feature","properties":{"ugclist":"NCC113, NCC173","locations":"Macon [NC], Swain [NC]","utc_issue":"2024-09-27T22:09:00Z","utc_expire":"2024-09-28T10:00:00Z","utc_polygon_begin":"2024-09-27T22:09:00Z","utc_polygon_end":"2024-09-28T09:59:00Z","ph_sig":"FA.Y","wfo":"GSP","eventid":175,"phenomena":"FA","significance":"Y","nws_color":"#00FF7F","event_label":"Flood Advisory","status":"NEW","product_id":"202409272209-KGSP-WGUS82-FLSGSP","year":2024,"fcster":"CSH"},"geometry":{"type":"MultiPolygon","coordinates":[[[[-83.59,35.38],[-83.57,35.42],[-83.51,35.38],[-83.47,35.32],[-83.36,35.24],[-83.35,35.17],[-83.36,35.07],[-83.33,35.0],[-83.39,35.0],[-83.43,35.11],[-83.48,35.15],[-83.56,35.19],[-83.56,35.22],[-83.51,35.26],[-83.58,35.34],[-83.59,35.38]]]]}},
{"type":"Feature","properties":{"ugclist":"VAC015, VAC820","locations":"Augusta [VA], City of Waynesboro [VA]","utc_issue":"2024-09-28T04:30:00Z","utc_expire":"2024-09-28T14:16:00Z","utc_polygon_begin":"2024-09-27T22:10:00Z","utc_polygon_end":"2024-09-27T22:10:00Z","ph_sig":"FL.W","wfo":"LWX","eventid":39,"phenomena":"FL","significance":"W","nws_color":"#00FF00","event_label":"Flood Warning","status":"NEW","product_id":"202409272018-KLWX-WGUS41-FLWLWX","year":2024,"fcster":"BJL"},"geometry":{"type":"MultiPolygon","coordinates":[[[[-78.98,38.05],[-78.92,38.09],[-78.9,38.17],[-78.85,38.27],[-78.8,38.23],[-78.84,38.07],[-78.92,38.01],[-78.98,38.05]]]]}},
{"type":"Feature","properties":{"ugclist":"VAC021, VAC185","locations":"Bland [VA], Tazewell [VA]","utc_issue":"2024-09-27T22:13:00Z","utc_expire":"2024-09-28T07:15:00Z","utc_polygon_begin":"2024-09-27T22:13:00Z","utc_polygon_end":"2024-09-28T06:43:00Z","ph_sig":"FA.W","wfo":"RNK","eventid":49,"phenomena":"FA","significance":"W","nws_color":"#00FF00","event_label":"Flood Warning","status":"NEW","product_id":"202409272213-KRNK-WGUS41-FLWRNK","year":2024,"fcster":"AS"},"geometry":{"type":"MultiPolygon","coordinates":[[[[-81.73,37.24],[-81.68,37.2],[-81.55,37.21],[-81.42,37.27],[-81.36,37.34],[-81.23,37.23],[-80.98,37.3],[-81.01,37.28],[-80.85,37.15],[-80.93,37.12],[-80.91,37.07],[-80.97,37.05],[-81.11,37.02],[-81.22,37.05],[-81.38,36.95],[-81.5,37.02],[-81.68,36.93],[-81.71,36.98],[-81.78,36.96],[-81.9,37.14],[-81.73,37.24]]]]}},
{"type":"Feature","properties":{"ugclist":"GAC067, GAC097","locations":"Cobb [GA], Douglas [GA]","utc_issue":"2024-09-27T22:14:00Z","utc_expire":"2024-09-29T01:05:00Z","utc_polygon_begin":"2024-09-27T22:14:00Z","utc_polygon_end":"2024-09-28T05:40:00Z","ph_sig":"FL.W","wfo":"FFC","eventid":309,"phenomena":"FL","significance":"W","nws_color":"#00FF00","event_label":"Flood Warning","status":"NEW","product_id":"202409272214-KFFC-WGUS42-FLWFFC","year":2024,"fcster":null},"geometry":{"type":"MultiPolygon","coordinates":[[[[-84.69,33.79],[-84.7,33.85],[-84.63,33.85],[-84.64,33.79],[-84.69,33.79]]]]}},
{"type":"Feature","properties":{"ugclist":"VAC031, VAC037, VAC083","locations":"Campbell [VA], Charlotte [VA], Halifax [VA]","utc_issue":"2024-09-27T22:15:00Z","utc_expire":"2024-09-27T22:45:00Z","utc_polygon_begin":"2024-09-27T22:15:00Z","utc_polygon_end":"2024-09-27T22:29:00Z","ph_sig":"TO.W","wfo":"RNK","eventid":57,"phenomena":"TO","significance":"W","nws_color":"#FF0000","event_label":"Tornado Warning","status":"NEW","product_id":"202409272215-KRNK-WFUS51-TORRNK","year":2024,"fcster":"SH"},"geometry":{"type":"MultiPolygon","coordinates":[[[[-78.96,36.71],[-79.05,36.73],[-79.12,36.96],[-79.09,37.06],[-79.12,37.09],[-79.15,37.08],[-79.15,37.14],[-78.71,37.09],[-78.96,36.71]]]]}},
{"type":"Feature","properties":{"ugclist":"GAC105","locations":"Elbert [GA]","utc_issue":"2024-09-27T22:19:00Z","utc_expire":"2024-09-28T10:00:00Z","utc_polygon_begin":"2024-09-27T22:19:00Z","utc_polygon_end":"2024-09-28T09:55:00Z","ph_sig":"FA.Y","wfo":"GSP","eventid":176,"phenomena":"FA","significance":"Y","nws_color":"#00FF7F","event_label":"Flood Advisory","status":"NEW","product_id":"202409272219-KGSP-WGUS82-FLSGSP","year":2024,"fcster":"CSH"},"geometry":{"type":"MultiPolygon","coordinates":[[[[-82.64,34.05],[-82.8,34.08],[-82.99,34.18],[-82.91,34.21],[-82.71,34.12],[-82.66,34.1],[-82.64,34.05]]]]}},
{"type":"Feature","properties":{"ugclist":"ANZ630, ANZ631","locations":"Chesapeake Bay from Smith Point to Windmill Point VA [], Chesapeake Bay from Windmill Point to New Point Comfort VA []","utc_issue":"2024-09-27T22:24:00Z","utc_expire":"2024-09-27T23:30:00Z","utc_polygon_begin":"2024-09-27T22:24:00Z","utc_polygon_end":"2024-09-27T23:30:00Z","ph_sig":"MA.W","wfo":"AKQ","eventid":179,"phenomena":"MA","significance":"W","nws_color":"#FFA500","event_label":"Marine Warning","status":"NEW","product_id":"202409272224-KAKQ-WHUS51-SMWAKQ","year":2024,"fcster":"Zimmerman"},"geometry":{"type":"MultiPolygon","coordinates":[[[[-76.27,37.91],[-76.24,37.89],[-76.06,37.89],[-76.04,37.93],[-76.04,37.91],[-76.03,37.93],[-76.03,37.9],[-75.91,37.9],[-75.87,37.97],[-75.89,37.97],[-75.85,37.99],[-75.75,38.02],[-75.63,38.0],[-75.59,37.96],[-75.6,37.9],[-75.94,37.42],[-76.3,37.43],[-76.34,37.9],[-76.27,37.91]]]]}},
{"type":"Feature","properties":{"ugclist":"TNC163, VAC191","locations":"Sullivan [TN], Washington [VA]","utc_issue":"2024-09-27T22:25:00Z","utc_expire":"2024-09-28T10:15:00Z","utc_polygon_begin":"2024-09-27T22:25:00Z","utc_polygon_end":"2024-09-28T09:58:00Z","ph_sig":"FA.W","wfo":"MRX","eventid":12,"phenomena":"FA","significance":"W","nws_color":"#00FF00","event_label":"Flood Warning","status":"NEW","product_id":"202409272225-KMRX-WGUS44-FLWMRX","year":2024,"fcster":"DH"},"geometry":{"type":"MultiPolygon","coordinates":[[[[-81.67,36.74],[-81.62,36.63],[-81.61,36.64],[-81.61,36.62],[-81.63,36.61],[-81.83,36.61],[-81.85,36.6],[-81.87,36.6],[-81.88,36.58],[-81.92,36.57],[-81.94,36.58],[-81.96,36.64],[-81.67,36.74]]]]}},
{"type":"Feature","properties":{"ugclist":"TNC033, TNC053, TNC075","locations":"Crockett [TN], Gibson [TN], Haywood [TN]","utc_issue":"2024-09-27T22:26:00Z","utc_expire":"2024-09-28T01:00:00Z","utc_polygon_begin":"2024-09-27T22:26:00Z","utc_polygon_end":"2024-09-28T00:35:00Z","ph_sig":"FA.Y","wfo":"MEG","eventid":109,"phenomena":"FA","significance":"Y","nws_color":"#00FF7F","event_label":"Flood Advisory","status":"NEW","product_id":"202409272226-KMEG-WGUS84-FLSMEG","year":2024,"fcster":"CAD"},"geometry":{"type":"MultiPolygon","coordinates":[[[[-89.34,35.88],[-89.28,35.89],[-89.27,35.91],[-89.24,35.93],[-89.2,35.94],[-89.09,35.92],[-88.86,35.8],[-88.92,35.8],[-88.89,35.78],[-89.05,35.71],[-89.34,35.69],[-89.42,35.62],[-89.39,35.82],[-89.36,35.82],[-89.34,35.88]]]]}},
{"type":"Feature","properties":{"ugclist":"GAC047, TNC065","locations":"Catoosa [GA], Hamilton [TN]","utc_issue":"2024-09-27T22:26:00Z","utc_expire":"2024-09-28T13:26:00Z","utc_polygon_begin":"2024-09-27T22:26:00Z","utc_polygon_end":"2024-09-28T02:44:00Z","ph_sig":"FL.W","wfo":"MRX","eventid":13,"phenomena":"FL","significance":"W","nws_color":"#00FF00","event_label":"Flood Warning","status":"NEW","product_id":"202409271501-KMRX-WGUS44-FLWMRX","year":2024,"fcster":"GC"},"geometry":{"type":"MultiPolygon","coordinates":[[[[-85.28,35.09],[-85.21,35.11],[-85.13,34.97],[-85.22,34.97],[-85.28,35.09]]]]}},
{"type":"Feature","properties":{"ugclist":"VAC115, VAC119","locations":"Mathews [VA], Middlesex [VA]","utc_issue":"2024-09-27T22:28:00Z","utc_expire":"2024-09-28T00:30:00Z","utc_polygon_begin":"2024-09-27T22:28:00Z","utc_polygon_end":"2024-09-28T00:26:00Z","ph_sig":"FA.Y","wfo":"AKQ","eventid":116,"phenomena":"FA","significance":"Y","nws_color":"#00FF7F","event_label":"Flood Advisory","status":"NEW","product_id":"202409272228-KAKQ-WGUS81-FLSAKQ","year":2024,"fcster":"RMM"},"geometry":{"type":"MultiPolygon","coordinates":[[[[-76.28,37.57],[-76.28,37.55],[-76.27,37.53],[-76.26,37.52],[-76.23,37.38],[-76.33,37.31],[-76.35,37.34],[-76.38,37.36],[-76.39,37.35],[-76.4,37.37],[-76.39,37.38],[-76.4,37.39],[-76.41,37.41],[-76.44,37.5],[-76.44,37.51],[-76.29,37.58],[-76.28,37.57]]]]}},
{"type":"Feature","properties":{"ugclist":"OHC131, OHC141","locations":"Pike [OH], Ross [OH]","utc_issue":"2024-09-27T22:30:00Z","utc_expire":"2024-09-27T23:15:00Z","utc_polygon_begin":"2024-09-27T22:30:00Z","utc_polygon_end":"2024-09-27T22:53:00Z","ph_sig":"SV.W","wfo":"ILN","eventid":179,"phenomena":"SV","significance":"W","nws_color":"#FFA500","event_label":"Severe Thunderstorm Warning","status":"NEW","product_id":"202409272230-KILN-WUUS51-SVRILN","year":2024,"fcster":"AR"},"geometry":{"type":"MultiPolygon","coordinates":[[[[-82.8,39.04],[-83.03,39.04],[-83.26,39.48],[-82.75,39.46],[-82.8,39.04]]]]}},
{"type":"Feature","properties":{"ugclist":"NCC077, NCC145","locations":"Granville [NC], Person [NC]","utc_issue":"2024-09-27T22:35:00Z","utc_expire":"2024-09-27T22:56:00Z","utc_polygon_begin":"2024-09-27T22:35:00Z","utc_polygon_end":"2024-09-27T22:56:00Z","ph_sig":"TO.W","wfo":"RAH","eventid":53,"phenomena":"TO","significance":"W","nws_color":"#FF0000","event_label":"Tornado Warning","status":"NEW","product_id":"202409272235-KRAH-WFUS52-TORRAH","year":2024,"fcster":"Green"},"geometry":{"type":"MultiPolygon","coordinates":[[[[-78.87,36.35],[-79.06,36.45],[-79.0,36.54],[-78.67,36.54],[-78.87,36.35]]]]}},
{"type":"Feature","properties":{"ugclist":"VAC005, VAC023, VAC580","locations":"Alleghany [VA], Botetourt [VA], City of Covington [VA]","utc_issue":"2024-09-27T22:36:00Z","utc_expire":"2024-09-28T07:30:00Z","utc_polygon_begin":"2024-09-27T22:36:00Z","utc_polygon_end":"2024-09-28T07:22:00Z","ph_sig":"FA.W","wfo":"RNK","eventid":50,"phenomena":"FA","significance":"W","nws_color":"#00FF00","event_label":"Flood Warning","status":"NEW","product_id":"202409272236-KRNK-WGUS41-FLWRNK","year":2024,"fcster":"AS"},"geometry":{"type":"MultiPolygon","coordinates":[[[[-80.07,37.94],[-79.93,37.95],[-79.89,37.89],[-79.69,37.84],[-79.61,37.86],[-79.69,37.74],[-79.68,37.66],[-79.5,37.53],[-79.56,37.5],[-79.59,37.45],[-79.68,37.48],[-79.81,37.41],[-79.78,37.37],[-79.85,37.31],[-80.07,37.42],[-79.97,37.54],[-80.03,37.66],[-80.15,37.6],[-80.27,37.65],[-80.3,37.69],[-80.07,37.94]]]]}},
{"type":"Feature","properties":{"ugclist":"VAC063","locations":"Floyd [VA]","utc_issue":"2024-09-27T22:40:00Z","utc_expire":"2024-09-28T07:45:00Z","utc_polygon_begin":"2024-09-27T22:40:00Z","utc_polygon_end":"2024-09-28T07:25:00Z","ph_sig":"FA.W","wfo":"RNK","eventid":51,"phenomena":"FA","significance":"W","nws_color":"#00FF00","event_label":"Flood Warning","status":"NEW","product_id":"202409272240-KRNK-WGUS41-FLWRNK","year":2024,"fcster":"AS"},"geometry":{"type":"MultiPolygon","coordinates":[[[[-80.63,36.93],[-80.55,36.97],[-80.52,37.01],[-80.49,36.98],[-80.45,37.02],[-80.42,37.0],[-80.35,37.02],[-80.28,37.08],[-80.13,37.12],[-80.11,37.1],[-80.12,37.06],[-80.11,37.03],[-80.15,36.95],[-80.18,36.95],[-80.24,36.87],[-80.34,36.83],[-80.39,36.79],[-80.4,36.74],[-80.44,36.75],[-80.46,36.71],[-80.63,36.93]]]]}},
{"type":"Feature","properties":{"ugclist":"VAC083","locations":"Halifax [VA]","utc_issue":"2024-09-27T22:43:00Z","utc_expire":"2024-09-27T22:57:00Z","utc_polygon_begin":"2024-09-27T22:43:00Z","utc_polygon_end":"2024-09-27T22:57:00Z","ph_sig":"TO.W","wfo":"RNK","eventid":58,"phenomena":"TO","significance":"W","nws_color":"#FF0000","event_label":"Tornado Warning","status":"NEW","product_id":"202409272243-KRNK-WFUS51-TORRNK","year":2024,"fcster":"SH"},"geometry":{"type":"MultiPolygon","coordinates":[[[[-78.73,36.57],[-78.74,36.55],[-78.73,36.54],[-78.98,36.54],[-78.9,36.69],[-78.72,36.58],[-78.73,36.57]]]]}},
{"type":"Feature","properties":{"ugclist":"GAC273, GAC307","locations":"Terrell [GA], Webster [GA]","utc_issue":"2024-09-27T22:47:00Z","utc_expire":"2024-09-28T15:45:00Z","utc_polygon_begin":"2024-09-27T22:47:00Z","utc_polygon_end":"2024-09-28T01:44:00Z","ph_sig":"FL.W","wfo":"TAE","eventid":98,"phenomena":"FL","significance":"W","nws_color":"#00FF00","event_label":"Flood Warning","status":"NEW","product_id":"202409272247-KTAE-WGUS42-FLWTAE","year":2024,"fcster":"Haner"},"geometry":{"type":"MultiPolygon","coordinates":[[[[-84.57,32.17],[-84.5,32.05],[-84.34,31.92],[-84.34,31.84],[-84.56,32.04],[-84.62,32.17],[-84.57,32.17]]]]}},
{"type":"Feature","properties":{"ugclist":"ANZ534, ANZ537, ANZ543","locations":"Chesapeake Bay from Drum Point MD to Smith Point VA [], Tidal Potomac from Cobb Island MD to Smith Point VA [], Tangier Sound and the inland waters surrounding Bloodsworth Island []","utc_issue":"2024-09-27T22:50:00Z","utc_expire":"2024-09-28T00:15:00Z","utc_polygon_begin":"2024-09-27T22:50:00Z","utc_polygon_end":"2024-09-27T23:45:00Z","ph_sig":"MA.W","wfo":"LWX","eventid":230,"phenomena":"MA","significance":"W","nws_color":"#FFA500","event_label":"Marine Warning","status":"NEW","product_id":"202409272250-KLWX-WHUS51-SMWLWX","year":2024,"fcster":"ADM"},"geometry":{"type":"MultiPolygon","coordinates":[[[[-76.51,38.03],[-76.61,38.14],[-76.53,38.16],[-76.33,38.07],[-76.38,38.19],[-75.86,38.24],[-75.82,38.23],[-75.83,38.22],[-75.96,38.14],[-75.79,38.14],[-75.87,38.06],[-75.83,38.07],[-75.8,38.07],[-75.78,38.08],[-75.87,38.03],[-75.91,37.9],[-76.24,37.89],[-76.51,38.03]]]]}},
{"type":"Feature","properties":{"ugclist":"VAC003, VAC125","locations":"Albemarle [VA], Nelson [VA]","utc_issue":"2024-09-27T23:06:00Z","utc_expire":"2024-09-28T04:00:00Z","utc_polygon_begin":"2024-09-27T23:06:00Z","utc_polygon_end":"2024-09-28T03:47:00Z","ph_sig":"FA.W","wfo":"LWX","eventid":72,"phenomena":"FA","significance":"W","nws_color":"#00FF00","event_label":"Flood Warning","status":"NEW","product_id":"202409272306-KLWX-WGUS41-FLWLWX","year":2024,"fcster":"BJL"},"geometry":{"type":"MultiPolygon","coordinates":[[[[-78.73,38.0],[-78.56,38.18],[-78.53,38.23],[-78.43,38.2],[-78.38,38.15],[-78.39,38.1],[-78.46,38.09],[-78.52,38.06],[-78.62,37.91],[-78.85,37.69],[-78.94,37.64],[-78.95,37.64],[-78.97,37.67],[-78.97,37.68],[-78.98,37.68],[-78.99,37.7],[-79.03,37.7],[-79.07,37.72],[-78.95,37.8],[-78.73,38.0]]]]}},
{"type":"Feature","properties":{"ugclist":"NCC015, NCC073, NCC091, NCC131, VAC093, VAC175, VAC620, VAC800","locations":"Bertie [NC], Gates [NC], Hertford [NC], Northampton [NC], Isle of Wight [VA], Southampton [VA], City of Franklin [VA], City of Suffolk [VA]","utc_issue":"2024-09-27T23:23:00Z","utc_expire":"2024-09-28T01:15:00Z","utc_polygon_begin":"2024-09-27T23:23:00Z","utc_polygon_end":"2024-09-28T01:08:00Z","ph_sig":"FA.W","wfo":"AKQ","eventid":31,"phenomena":"FA","significance":"W","nws_color":"#00FF00","event_label":"Flood Warning","status":"NEW","product_id":"202409272323-KAKQ-WGUS41-FLWAKQ","year":2024,"fcster":"RMM"},"geometry":{"type":"MultiPolygon","coordinates":[[[[-77.22,36.78],[-77.14,36.85],[-77.12,36.86],[-77.11,36.86],[-77.05,36.89],[-77.04,36.9],[-76.86,36.89],[-76.8,36.4],[-76.92,36.12],[-77.02,36.06],[-77.17,36.07],[-77.23,36.15],[-77.2,36.31],[-77.2,36.39],[-77.23,36.55],[-77.22,36.78]]]]}},
{"type":"Feature","properties":{"ugclist":"NCC023, NCC027, NCC111","locations":"Burke [NC], Caldwell [NC], McDowell [NC]","utc_issue":"2024-09-27T23:23:00Z","utc_expire":"2024-09-29T17:37:00Z","utc_polygon_begin":"2024-09-27T23:23:00Z","utc_polygon_end":"2024-09-29T17:37:00Z","ph_sig":"FF.W","wfo":"GSP","eventid":113,"phenomena":"FF","significance":"W","nws_color":"#8B0000","event_label":"Flash Flood Warning","status":"NEW","product_id":"202409272323-KGSP-WGUS52-FFWGSP","year":2024,"fcster":"JMP"},"geometry":{"type":"MultiPolygon","coordinates":[[[[-81.88,35.83],[-81.79,35.77],[-81.64,35.84],[-81.59,35.81],[-81.46,35.81],[-81.35,35.78],[-81.39,35.73],[-81.43,35.74],[-81.59,35.74],[-81.76,35.71],[-81.94,35.72],[-82.02,35.68],[-82.06,35.72],[-81.91,35.8],[-81.88,35.83]]]]}},
{"type":"Feature","properties":{"ugclist":"ANZ630, ANZ631","locations":"Chesapeake Bay from Smith Point to Windmill Point VA [], Chesapeake Bay from Windmill Point to New Point Comfort VA []","utc_issue":"2024-09-27T23:27:00Z","utc_expire":"2024-09-28T00:30:00Z","utc_polygon_begin":"2024-09-27T23:27:00Z","utc_polygon_end":"2024-09-28T00:28:00Z","ph_sig":"MA.W","wfo":"AKQ","eventid":180,"phenomena":"MA","significance":"W","nws_color":"#FFA500","event_label":"Marine Warning","status":"NEW","product_id":"202409272327-KAKQ-WHUS51-SMWAKQ","year":2024,"fcster":"Zimmerman"},"geometry":{"type":"MultiPolygon","coordinates":[[[[-76.37,37.9],[-76.31,37.89],[-76.27,37.91],[-76.24,37.89],[-76.04,37.89],[-76.03,37.91],[-76.03,37.89],[-75.91,37.9],[-75.89,37.92],[-75.89,37.95],[-75.86,37.96],[-75.87,37.97],[-75.89,37.97],[-75.85,37.99],[-75.59,37.96],[-75.61,37.87],[-76.04,37.53],[-76.33,37.54],[-76.32,37.62],[-76.34,37.62],[-76.37,37.9]]]]}},
{"type":"Feature","properties":{"ugclist":"TNC091","locations":"Johnson [TN]","utc_issue":"2024-09-27T23:29:00Z","utc_expire":"2024-09-28T05:30:00Z","utc_polygon_begin":"2024-09-27T23:29:00Z","utc_polygon_end":"2024-09-28T05:30:00Z","ph_sig":"FF.W","wfo":"MRX","eventid":54,"phenomena":"FF","significance":"W","nws_color":"#8B0000","event_label":"Flash Flood Warning","status":"NEW","product_id":"202409272329-KMRX-WGUS54-FFWMRX","year":2024,"fcster":"DH"},"geometry":{"type":"MultiPolygon","coordinates":[[[[-81.68,36.57],[-81.71,36.54],[-81.7,36.47],[-81.74,36.41],[-81.71,36.34],[-81.76,36.34],[-81.79,36.36],[-81.86,36.34],[-81.95,36.26],[-81.98,36.29],[-82.0,36.33],[-82.03,36.33],[-82.06,36.37],[-81.95,36.47],[-81.99,36.5],[-81.97,36.52],[-81.87,36.6],[-81.83,36.61],[-81.65,36.61],[-81.68,36.59],[-81.68,36.57]]]]}},
{"type":"Feature","properties":{"ugclist":"TNC019, TNC091, TNC171, TNC179","locations":"Carter [TN], Johnson [TN], Unicoi [TN], Washington [TN]","utc_issue":"2024-09-27T23:38:00Z","utc_expire":"2024-09-28T05:30:00Z","utc_polygon_begin":"2024-09-27T23:38:00Z","utc_polygon_end":"2024-09-28T05:30:00Z","ph_sig":"FF.W","wfo":"MRX","eventid":55,"phenomena":"FF","significance":"W","nws_color":"#8B0000","event_label":"Flash Flood Warning","status":"NEW","product_id":"202409272338-KMRX-WGUS54-FFWMRX","year":2024,"fcster":"DH"},"geometry":{"type":"MultiPolygon","coordinates":[[[[-82.53,36.16],[-82.45,36.16],[-82.35,36.25],[-82.18,36.28],[-82.04,36.37],[-82.0,36.34],[-81.93,36.26],[-82.03,36.12],[-82.13,36.1],[-82.15,36.15],[-82.21,36.16],[-82.24,36.13],[-82.3,36.13],[-82.4,36.09],[-82.51,35.98],[-82.56,35.95],[-82.61,35.97],[-82.6,36.04],[-82.58,36.08],[-82.6,36.1],[-82.53,36.16]]]]}},
{"type":"Feature","properties":{"ugclist":"KYC035, KYC039, KYC075, KYC083, KYC105","locations":"Calloway [KY], Carlisle [KY], Fulton [KY], Graves [KY], Hickman [KY]","utc_issue":"2024-09-27T23:49:00Z","utc_expire":"2024-09-28T02:49:00Z","utc_polygon_begin":"2024-09-27T23:49:00Z","utc_polygon_end":"2024-09-28T02:49:00Z","ph_sig":"FA.Y","wfo":"PAH","eventid":141,"phenomena":"FA","significance":"Y","nws_color":"#00FF7F","event_label":"Flood Advisory","status":"NEW","product_id":"202409272349-KPAH-WGUS83-FLSPAH","year":2024,"fcster":"DW"},"geometry":{"type":"MultiPolygon","coordinates":[[[[-89.22,36.58],[-89.16,36.67],[-89.2,36.74],[-89.11,36.76],[-89.12,36.79],[-88.11,36.75],[-88.03,36.54],[-88.05,36.5],[-89.42,36.5],[-89.37,36.63],[-89.34,36.63],[-89.26,36.57],[-89.22,36.58]]]]}},
{"type":"Feature","properties":{"ugclist":"KYC089, OHC053, OHC079, OHC087","locations":"Greenup [KY], Gallia [OH], Jackson [OH], Lawrence [OH]","utc_issue":"2024-09-27T23:50:00Z","utc_expire":"2024-09-28T02:00:00Z","utc_polygon_begin":"2024-09-27T23:50:00Z","utc_polygon_end":"2024-09-28T02:00:00Z","ph_sig":"FA.W","wfo":"RLX","eventid":50,"phenomena":"FA","significance":"W","nws_color":"#00FF00","event_label":"Flood Warning","status":"NEW","product_id":"202409272350-KRLX-WGUS41-FLWRLX","year":2024,"fcster":null},"geometry":{"type":"MultiPolygon","coordinates":[[[[-82.82,38.57],[-82.74,38.6],[-82.76,38.68],[-82.71,38.68],[-82.7,38.75],[-82.66,38.75],[-82.65,38.85],[-82.76,38.85],[-82.76,38.89],[-82.63,38.89],[-82.4,38.65],[-82.39,38.46],[-82.56,38.41],[-82.71,38.56],[-82.83,38.43],[-82.88,38.44],[-82.98,38.57],[-82.88,38.75],[-82.88,38.69],[-82.84,38.59],[-82.82,38.57]]]]}},
{"type":"Feature","properties":{"ugclist":"TNC019, TNC163, TNC171, TNC179","locations":"Carter [TN], Sullivan [TN], Unicoi [TN], Washington [TN]","utc_issue":"2024-09-27T23:50:00Z","utc_expire":"2024-09-28T05:45:00Z","utc_polygon_begin":"2024-09-27T23:50:00Z","utc_polygon_end":"2024-09-28T05:45:00Z","ph_sig":"FF.W","wfo":"MRX","eventid":56,"phenomena":"FF","significance":"W","nws_color":"#8B0000","event_label":"Flash Flood Warning","status":"NEW","product_id":"202409272350-KMRX-WGUS54-FFWMRX","year":2024,"fcster":"DH"},"geometry":{"type":"MultiPolygon","coordinates":[[[[-82.41,36.27],[-82.33,36.32],[-82.37,36.37],[-82.44,36.41],[-82.43,36.45],[-82.28,36.44],[-81.99,36.52],[-81.99,36.5],[-81.95,36.47],[-82.06,36.37],[-82.04,36.36],[-82.17,36.28],[-82.34,36.25],[-82.37,36.2],[-82.43,36.15],[-82.53,36.14],[-82.59,36.09],[-82.65,36.15],[-82.64,36.25],[-82.41,36.27]]]]}},
{"type":"Feature","properties":{"ugclist":"KYC089","locations":"Greenup [KY]","utc_issue":"2024-09-28T00:09:00Z","utc_expire":"2024-09-28T02:00:00Z","utc_polygon_begin":"2024-09-28T00:09:00Z","utc_polygon_end":"2024-09-28T02:00:00Z","ph_sig":"FA.W","wfo":"RLX","eventid":51,"phenomena":"FA","significance":"W","nws_color":"#00FF00","event_label":"Flood Warning","status":"NEW","product_id":"202409280009-KRLX-WGUS41-FLWRLX","year":2024,"fcster":null},"geometry":{"type":"MultiPolygon","coordinates":[[[[-83.05,38.66],[-83.04,38.66],[-83.02,38.68],[-83.04,38.7],[-83.03,38.72],[-83.03,38.73],[-83.01,38.73],[-82.98,38.73],[-82.93,38.75],[-82.89,38.76],[-82.87,38.74],[-82.87,38.72],[-82.88,38.69],[-82.86,38.66],[-82.86,38.63],[-82.9,38.58],[-82.99,38.55],[-83.01,38.56],[-83.07,38.64],[-83.05,38.64],[-83.05,38.66]]]]}},
{"type":"Feature","properties":{"ugclist":"NCC023, NCC027, NCC111","locations":"Burke [NC], Caldwell [NC], McDowell [NC]","utc_issue":"2024-09-28T00:11:00Z","utc_expire":"2024-09-28T12:00:00Z","utc_polygon_begin":"2024-09-28T00:11:00Z","utc_polygon_end":"2024-09-28T12:00:00Z","ph_sig":"FF.W","wfo":"GSP","eventid":114,"phenomena":"FF","significance":"W","nws_color":"#8B0000","event_label":"Flash Flood Warning","status":"NEW","product_id":"202409280011-KGSP-WGUS52-FFWGSP","year":2024,"fcster":"ARK"},"geometry":{"type":"MultiPolygon","coordinates":[[[[-82.0,35.55],[-82.15,35.52],[-82.29,35.59],[-82.26,35.62],[-82.29,35.7],[-82.19,35.74],[-82.1,35.85],[-81.99,35.88],[-81.9,36.0],[-81.81,35.96],[-81.74,36.07],[-81.81,36.11],[-81.55,36.12],[-81.41,36.07],[-81.33,36.0],[-81.33,35.8],[-81.54,35.56],[-81.65,35.56],[-81.75,35.61],[-81.84,35.54],[-82.0,35.55]]]]}},
{"type":"Feature","properties":{"ugclist":"GAC115","locations":"Floyd [GA]","utc_issue":"2024-09-28T04:15:00Z","utc_expire":"2024-09-28T01:33:00Z","utc_polygon_begin":"2024-09-28T00:12:00Z","utc_polygon_end":"2024-09-28T00:12:00Z","ph_sig":"FL.W","wfo":"FFC","eventid":304,"phenomena":"FL","significance":"W","nws_color":"#00FF00","event_label":"Flood Warning","status":"NEW","product_id":"202409271757-KFFC-WGUS42-FLWFFC","year":2024,"fcster":null},"geometry":{"type":"MultiPolygon","coordinates":[[[[-85.2,34.31],[-85.14,34.28],[-85.18,34.21],[-85.24,34.25],[-85.2,34.31]]]]}},
{"type":"Feature","properties":{"ugclist":"ANZ534, ANZ537, ANZ543","locations":"Chesapeake Bay from Drum Point MD to Smith Point VA [], Tidal Potomac from Cobb Island MD to Smith Point VA [], Tangier Sound and the inland waters surrounding Bloodsworth Island []","utc_issue":"2024-09-28T00:15:00Z","utc_expire":"2024-09-28T01:15:00Z","utc_polygon_begin":"2024-09-28T00:15:00Z","utc_polygon_end":"2024-09-28T01:06:00Z","ph_sig":"MA.W","wfo":"LWX","eventid":231,"phenomena":"MA","significance":"W","nws_color":"#FFA500","event_label":"Marine Warning","status":"NEW","product_id":"202409280015-KLWX-WHUS51-SMWLWX","year":2024,"fcster":"ADM"},"geometry":{"type":"MultiPolygon","coordinates":[[[[-76.32,37.93],[-76.23,38.4],[-76.15,38.32],[-76.2,38.32],[-76.04,38.22],[-76.01,38.36],[-76.02,38.31],[-75.97,38.23],[-75.86,38.36],[-75.92,38.26],[-75.82,38.23],[-75.96,38.14],[-75.79,38.14],[-75.88,38.08],[-75.78,38.08],[-75.87,38.03],[-75.87,37.96],[-76.0,37.89],[-76.24,37.89],[-76.32,37.93]]]]}},
{"type":"Feature","properties":{"ugclist":"TNC029, TNC059, TNC063","locations":"Cocke [TN], Greene [TN], Hamblen [TN]","utc_issue":"2024-09-28T00:26:00Z","utc_expire":"2024-09-28T12:00:00Z","utc_polygon_begin":"2024-09-28T00:26:00Z","utc_polygon_end":"2024-09-28T11:04:00Z","ph_sig":"FA.W","wfo":"MRX","eventid":13,"phenomena":"FA","significance":"W","nws_color":"#00FF00","event_label":"Flood Warning","status":"NEW","product_id":"202409280026-KMRX-WGUS44-FLWMRX","year":2024,"fcster":"DH"},"geometry":{"type":"MultiPolygon","coordinates":[[[[-83.25,36.11],[-83.26,36.12],[-83.25,36.15],[-83.2,36.19],[-83.16,36.19],[-83.11,36.17],[-83.05,36.16],[-82.96,36.14],[-82.95,36.08],[-83.03,36.05],[-83.04,36.06],[-83.16,36.1],[-83.21,36.09],[-83.24,36.1],[-83.25,36.11]]]]}},
{"type":"Feature","properties":{"ugclist":"OHC131, OHC141","locations":"Pike [OH], Ross [OH]","utc_issue":"2024-09-28T00:41:00Z","utc_expire":"2024-09-28T03:45:00Z","utc_polygon_begin":"2024-09-28T00:41:00Z","utc_polygon_end":"2024-09-28T03:37:00Z","ph_sig":"FA.W","wfo":"ILN","eventid":4,"phenomena":"FA","significance":"W","nws_color":"#00FF00","event_label":"Flood Warning","status":"NEW","product_id":"202409280041-KILN-WGUS41-FLWILN","year":2024,"fcster":"Clark"},"geometry":{"type":"MultiPolygon","coordinates":[[[[-83.38,39.36],[-83.3,39.48],[-83.13,39.4],[-82.93,39.29],[-82.79,39.17],[-82.79,39.16],[-83.25,39.17],[-83.35,39.05],[-83.37,39.05],[-83.38,39.06],[-83.37,39.14],[-83.32,39.27],[-83.38,39.29],[-83.38,39.36]]]]}},
{"type":"Feature","properties":{"ugclist":"SCC051","locations":"Horry [SC]","utc_issue":"2024-09-28T06:00:00Z","utc_expire":"2024-10-11T01:01:00Z","utc_polygon_begin":"2024-09-28T00:43:00Z","utc_polygon_end":"2024-09-28T00:43:00Z","ph_sig":"FL.W","wfo":"ILM","eventid":46,"phenomena":"FL","significance":"W","nws_color":"#00FF00","event_label":"Flood Warning","status":"NEW","product_id":"202409271434-KILM-WGUS42-FLWILM","year":2024,"fcster":"LEW"},"geometry":{"type":"MultiPolygon","coordinates":[[[[-78.9,33.92],[-78.85,33.83],[-79.0,33.79],[-79.0,33.71],[-79.11,33.71],[-79.08,33.85],[-78.9,33.92]]]]}},
{"type":"Feature","properties":{"ugclist":"KYC135, OHC131, OHC145","locations":"Lewis [KY], Pike [OH], Scioto [OH]","utc_issue":"2024-09-28T00:44:00Z","utc_expire":"2024-09-28T03:45:00Z","utc_polygon_begin":"2024-09-28T00:44:00Z","utc_polygon_end":"2024-09-28T03:24:00Z","ph_sig":"FA.W","wfo":"ILN","eventid":5,"phenomena":"FA","significance":"W","nws_color":"#00FF00","event_label":"Flood Warning","status":"NEW","product_id":"202409280044-KILN-WGUS41-FLWILN","year":2024,"fcster":"Clark"},"geometry":{"type":"MultiPolygon","coordinates":[[[[-82.79,39.17],[-82.81,38.95],[-82.75,38.94],[-82.76,38.85],[-82.65,38.85],[-82.66,38.75],[-82.7,38.75],[-82.71,38.68],[-82.76,38.68],[-82.77,38.64],[-82.74,38.6],[-82.82,38.57],[-82.84,38.59],[-82.89,38.76],[-83.03,38.73],[-83.02,38.68],[-83.07,38.63],[-83.24,38.78],[-83.26,38.83],[-83.27,39.19],[-82.79,39.17]]]]}},
{"type":"Feature","properties":{"ugclist":"NCC087","locations":"Haywood [NC]","utc_issue":"2024-09-28T00:58:00Z","utc_expire":"2024-09-28T10:00:00Z","utc_polygon_begin":"2024-09-28T00:58:00Z","utc_polygon_end":"2024-09-28T09:59:00Z","ph_sig":"FA.W","wfo":"GSP","eventid":38,"phenomena":"FA","significance":"W","nws_color":"#00FF00","event_label":"Flood Warning","status":"NEW","product_id":"202409280058-KGSP-WGUS42-FLWGSP","year":2024,"fcster":"CSH"},"geometry":{"type":"MultiPolygon","coordinates":[[[[-82.92,35.74],[-82.85,35.62],[-82.81,35.63],[-82.77,35.58],[-82.8,35.47],[-82.75,35.41],[-82.83,35.32],[-82.95,35.31],[-83.08,35.45],[-83.14,35.46],[-83.14,35.49],[-83.19,35.51],[-83.16,35.55],[-83.2,35.64],[-83.18,35.67],[-83.26,35.72],[-83.08,35.79],[-83.0,35.77],[-82.96,35.79],[-82.96,35.75],[-82.92,35.74]]]]}},
{"type":"Feature","properties":{"ugclist":"NCC057, NCC059","locations":"Davidson [NC], Davie [NC]","utc_issue":"2024-09-28T01:08:00Z","utc_expire":"2024-09-29T20:32:00Z","utc_polygon_begin":"2024-09-28T01:08:00Z","utc_polygon_end":"2024-09-28T01:18:00Z","ph_sig":"FL.W","wfo":"RAH","eventid":51,"phenomena":"FL","significance":"W","nws_color":"#00FF00","event_label":"Flood Warning","status":"NEW","product_id":"202409271343-KRAH-WGUS42-FLWRAH","year":2024,"fcster":"BLS"},"geometry":{"type":"MultiPolygon","coordinates":[[[[-80.31,35.97],[-80.4,35.77],[-80.36,35.74],[-80.46,35.68],[-80.54,35.75],[-80.45,35.98],[-80.31,35.97]]]]}},
{"type":"Feature","properties":{"ugclist":"FLC013, FLC039, FLC063, FLC077","locations":"Calhoun [FL], Gadsden [FL], Jackson [FL], Liberty [FL]","utc_issue":"2024-09-28T02:55:00Z","utc_expire":"2024-09-29T09:11:00Z","utc_polygon_begin":"2024-09-28T01:29:00Z","utc_polygon_end":"2024-09-28T01:29:00Z","ph_sig":"FL.W","wfo":"TAE","eventid":97,"phenomena":"FL","significance":"W","nws_color":"#00FF00","event_label":"Flood Warning","status":"NEW","product_id":"202409272003-KTAE-WGUS42-FLWTAE","year":2024,"fcster":"Godsey"},"geometry":{"type":"MultiPolygon","coordinates":[[[[-84.87,30.7],[-84.86,30.71],[-84.83,30.69],[-84.93,30.53],[-85.02,30.54],[-84.96,30.61],[-84.87,30.7]]]]}},
{"type":"Feature","properties":{"ugclist":"GAC115","locations":"Floyd [GA]","utc_issue":"2024-09-28T01:34:00Z","utc_expire":"2024-09-29T02:03:00Z","utc_polygon_begin":"2024-09-28T01:34:00Z","utc_polygon_end":"2024-09-28T07:28:00Z","ph_sig":"FL.W","wfo":"FFC","eventid":310,"phenomena":"FL","significance":"W","nws_color":"#00FF00","event_label":"Flood Warning","status":"NEW","product_id":"202409280134-KFFC-WGUS42-FLWFFC","year":2024,"fcster":null},"geometry":{"type":"MultiPolygon","coordinates":[[[[-85.24,34.25],[-85.18,34.21],[-85.26,34.17],[-85.39,34.21],[-85.42,34.27],[-85.37,34.28],[-85.26,34.23],[-85.24,34.25]]]]}},
{"type":"Feature","properties":{"ugclist":"ALC067, GAC061","locations":"Henry [AL], Clay [GA]","utc_issue":"2024-09-28T22:00:00Z","utc_expire":"2024-09-29T14:12:00Z","utc_polygon_begin":"2024-09-28T01:37:00Z","utc_polygon_end":"2024-09-28T01:37:00Z","ph_sig":"FL.W","wfo":"TAE","eventid":95,"phenomena":"FL","significance":"W","nws_color":"#00FF00","event_label":"Flood Warning","status":"NEW","product_id":"202409271956-KTAE-WGUS42-FLWTAE","year":2024,"fcster":"Godsey"},"geometry":{"type":"MultiPolygon","coordinates":[[[[-85.04,31.63],[-85.02,31.54],[-85.06,31.31],[-85.13,31.31],[-85.08,31.53],[-85.09,31.61],[-85.04,31.63]]]]}},
{"type":"Feature","properties":{"ugclist":"ALC069, FLC063, GAC099, GAC253","locations":"Houston [AL], Jackson [FL], Early [GA], Seminole [GA]","utc_issue":"2024-09-29T09:06:00Z","utc_expire":"2024-09-29T14:11:00Z","utc_polygon_begin":"2024-09-28T01:37:00Z","utc_polygon_end":"2024-09-28T01:37:00Z","ph_sig":"FL.W","wfo":"TAE","eventid":96,"phenomena":"FL","significance":"W","nws_color":"#00FF00","event_label":"Flood Warning","status":"NEW","product_id":"202409271958-KTAE-WGUS42-FLWTAE","year":2024,"fcster":"Godsey"},"geometry":{"type":"MultiPolygon","coordinates":[[[[-85.06,31.31],[-85.05,31.18],[-84.89,30.83],[-84.97,30.82],[-85.12,31.13],[-85.13,31.31],[-85.06,31.31]]]]}},
{"type":"Feature","properties":{"ugclist":"GAC027, GAC185","locations":"Brooks [GA], Lowndes [GA]","utc_issue":"2024-09-28T02:24:00Z","utc_expire":"2024-10-02T19:30:00Z","utc_polygon_begin":"2024-09-28T02:01:00Z","utc_polygon_end":"2024-09-28T02:01:00Z","ph_sig":"FL.W","wfo":"TAE","eventid":94,"phenomena":"FL","significance":"W","nws_color":"#00FF00","event_label":"Flood Warning","status":"NEW","product_id":"202409271620-KTAE-WGUS42-FLWTAE","year":2024,"fcster":"JCW"},"geometry":{"type":"MultiPolygon","coordinates":[[[[-83.19,31.0],[-83.35,30.79],[-83.46,30.84],[-83.3,31.03],[-83.19,31.0]]]]}},
{"type":"Feature","properties":{"ugclist":"ANZ650, ANZ670","locations":"Coastal waters from Fenwick Island DE to Chincoteague VA out 20 nm [], Waters from Fenwick Island DE to Chintoteague VA from 20 to 40 nm []","utc_issue":"2024-09-28T02:12:00Z","utc_expire":"2024-09-28T03:30:00Z","utc_polygon_begin":"2024-09-28T02:12:00Z","utc_polygon_end":"2024-09-28T03:30:00Z","ph_sig":"MA.W","wfo":"AKQ","eventid":181,"phenomena":"MA","significance":"W","nws_color":"#FFA500","event_label":"Marine Warning","status":"NEW","product_id":"202409280212-KAKQ-WHUS51-SMWAKQ","year":2024,"fcster":"EI"},"geometry":{"type":"MultiPolygon","coordinates":[[[[-74.48,38.27],[-75.0,37.94],[-75.19,38.01],[-75.22,38.03],[-75.03,38.45],[-74.48,38.27]]]]}},
{"type":"Feature","properties":{"ugclist":"VAC079, VAC113, VAC139, VAC165","locations":"Greene [VA], Madison [VA], Page [VA], Rockingham [VA]","utc_issue":"2024-09-28T02:36:00Z","utc_expire":"2024-09-28T08:15:00Z","utc_polygon_begin":"2024-09-28T02:36:00Z","utc_polygon_end":"2024-09-28T08:11:00Z","ph_sig":"FA.W","wfo":"LWX","eventid":73,"phenomena":"FA","significance":"W","nws_color":"#00FF00","event_label":"Flood Warning","status":"NEW","product_id":"202409280236-KLWX-WGUS41-FLWLWX","year":2024,"fcster":"BRO"},"geometry":{"type":"MultiPolygon","coordinates":[[[[-78.56,38.52],[-78.49,38.57],[-78.4,38.59],[-78.36,38.56],[-78.35,38.44],[-78.43,38.41],[-78.45,38.47],[-78.51,38.43],[-78.56,38.33],[-78.65,38.27],[-78.66,38.27],[-78.75,38.21],[-78.84,38.27],[-78.7,38.38],[-78.56,38.52]]]]}},
{"type":"Feature","properties":{"ugclist":"ANZ454, ANZ455, ANZ475","locations":"Coastal waters from Cape May NJ to Cape Henlopen DE out 20 nm [], Coastal waters from Cape Henlopen to Fenwick Island DE out 20 nm [], Waters from Cape May NJ to Fenwick Island DE out 20 to 40 nm []","utc_issue":"2024-09-28T03:09:00Z","utc_expire":"2024-09-28T04:45:00Z","utc_polygon_begin":"2024-09-28T03:09:00Z","utc_polygon_end":"2024-09-28T04:35:00Z","ph_sig":"MA.W","wfo":"PHI","eventid":114,"phenomena":"MA","significance":"W","nws_color":"#FFA500","event_label":"Marine Warning","status":"NEW","product_id":"202409280309-KPHI-WHUS51-SMWPHI","year":2024,"fcster":"Hoeflich"},"geometry":{"type":"MultiPolygon","coordinates":[[[[-75.05,38.46],[-75.06,38.45],[-74.92,38.95],[-74.89,38.94],[-74.92,38.93],[-74.92,38.92],[-74.59,38.82],[-74.66,38.58],[-74.7,38.35],[-75.05,38.46]]]]}}
]
}
